solid ASCII
  facet normal 9.959299e-01 -9.013159e-02 0.000000e+00
    outer loop
      vertex   -2.112121e+01 6.437500e+00 2.787500e+01
      vertex   -2.112121e+01 6.437500e+00 2.750000e+01
      vertex   -2.111020e+01 6.559130e+00 2.787500e+01
    endloop
  endfacet
  facet normal 9.959299e-01 -9.013159e-02 9.435343e-15
    outer loop
      vertex   -2.111020e+01 6.559130e+00 2.787500e+01
      vertex   -2.112121e+01 6.437500e+00 2.750000e+01
      vertex   -2.111020e+01 6.559130e+00 2.750000e+01
    endloop
  endfacet
  facet normal 9.888493e-01 -1.489198e-01 9.368262e-15
    outer loop
      vertex   -2.111020e+01 6.559130e+00 2.787500e+01
      vertex   -2.111020e+01 6.559130e+00 2.750000e+01
      vertex   -2.109201e+01 6.679895e+00 2.787500e+01
    endloop
  endfacet
  facet normal 9.888493e-01 -1.489198e-01 0.000000e+00
    outer loop
      vertex   -2.109201e+01 6.679895e+00 2.787500e+01
      vertex   -2.111020e+01 6.559130e+00 2.750000e+01
      vertex   -2.109201e+01 6.679895e+00 2.750000e+01
    endloop
  endfacet
  facet normal 9.783016e-01 -2.071858e-01 0.000000e+00
    outer loop
      vertex   -2.109201e+01 6.679895e+00 2.787500e+01
      vertex   -2.109201e+01 6.679895e+00 2.750000e+01
      vertex   -2.106671e+01 6.799372e+00 2.787500e+01
    endloop
  endfacet
  facet normal 9.783016e-01 -2.071858e-01 0.000000e+00
    outer loop
      vertex   -2.106671e+01 6.799372e+00 2.787500e+01
      vertex   -2.109201e+01 6.679895e+00 2.750000e+01
      vertex   -2.106671e+01 6.799372e+00 2.750000e+01
    endloop
  endfacet
  facet normal 9.643238e-01 -2.647254e-01 0.000000e+00
    outer loop
      vertex   -2.106671e+01 6.799372e+00 2.787500e+01
      vertex   -2.106671e+01 6.799372e+00 2.750000e+01
      vertex   -2.103438e+01 6.917142e+00 2.787500e+01
    endloop
  endfacet
  facet normal 9.643238e-01 -2.647254e-01 6.269957e-16
    outer loop
      vertex   -2.103438e+01 6.917142e+00 2.787500e+01
      vertex   -2.106671e+01 6.799372e+00 2.750000e+01
      vertex   -2.103438e+01 6.917142e+00 2.750000e+01
    endloop
  endfacet
  facet normal 9.469650e-01 -3.213368e-01 7.610785e-16
    outer loop
      vertex   -2.103438e+01 6.917142e+00 2.787500e+01
      vertex   -2.103438e+01 6.917142e+00 2.750000e+01
      vertex   -2.099514e+01 7.032792e+00 2.787500e+01
    endloop
  endfacet
  facet normal 9.469650e-01 -3.213368e-01 -7.449297e-15
    outer loop
      vertex   -2.099514e+01 7.032792e+00 2.787500e+01
      vertex   -2.103438e+01 6.917142e+00 2.750000e+01
      vertex   -2.099514e+01 7.032792e+00 2.750000e+01
    endloop
  endfacet
  facet normal 9.262859e-01 -3.768216e-01 -6.990557e-15
    outer loop
      vertex   -2.099514e+01 7.032792e+00 2.787500e+01
      vertex   -2.099514e+01 7.032792e+00 2.750000e+01
      vertex   -2.094912e+01 7.145916e+00 2.787500e+01
    endloop
  endfacet
  facet normal 9.262859e-01 -3.768216e-01 8.775543e-15
    outer loop
      vertex   -2.094912e+01 7.145916e+00 2.787500e+01
      vertex   -2.099514e+01 7.032792e+00 2.750000e+01
      vertex   -2.094912e+01 7.145916e+00 2.750000e+01
    endloop
  endfacet
  facet normal 9.023590e-01 -4.309851e-01 8.548862e-15
    outer loop
      vertex   -2.094912e+01 7.145916e+00 2.787500e+01
      vertex   -2.094912e+01 7.145916e+00 2.750000e+01
      vertex   -2.089648e+01 7.256118e+00 2.787500e+01
    endloop
  endfacet
  facet normal 9.023590e-01 -4.309851e-01 1.020778e-15
    outer loop
      vertex   -2.089648e+01 7.256118e+00 2.787500e+01
      vertex   -2.094912e+01 7.145916e+00 2.750000e+01
      vertex   -2.089648e+01 7.256118e+00 2.750000e+01
    endloop
  endfacet
  facet normal 8.752684e-01 -4.836376e-01 1.145484e-15
    outer loop
      vertex   -2.089648e+01 7.256118e+00 2.787500e+01
      vertex   -2.089648e+01 7.256118e+00 2.750000e+01
      vertex   -2.083742e+01 7.363012e+00 2.787500e+01
    endloop
  endfacet
  facet normal 8.752684e-01 -4.836376e-01 1.145484e-15
    outer loop
      vertex   -2.083742e+01 7.363012e+00 2.787500e+01
      vertex   -2.089648e+01 7.256118e+00 2.750000e+01
      vertex   -2.083742e+01 7.363012e+00 2.750000e+01
    endloop
  endfacet
  facet normal 8.451088e-01 -5.345943e-01 1.266174e-15
    outer loop
      vertex   -2.083742e+01 7.363012e+00 2.787500e+01
      vertex   -2.083742e+01 7.363012e+00 2.750000e+01
      vertex   -2.077213e+01 7.466223e+00 2.787500e+01
    endloop
  endfacet
  facet normal 8.451088e-01 -5.345943e-01 0.000000e+00
    outer loop
      vertex   -2.077213e+01 7.466223e+00 2.787500e+01
      vertex   -2.083742e+01 7.363012e+00 2.750000e+01
      vertex   -2.077213e+01 7.466223e+00 2.750000e+01
    endloop
  endfacet
  facet normal 8.119862e-01 -5.836766e-01 0.000000e+00
    outer loop
      vertex   -2.077213e+01 7.466223e+00 2.787500e+01
      vertex   -2.077213e+01 7.466223e+00 2.750000e+01
      vertex   -2.070085e+01 7.565388e+00 2.787500e+01
    endloop
  endfacet
  facet normal 8.119862e-01 -5.836766e-01 0.000000e+00
    outer loop
      vertex   -2.070085e+01 7.565388e+00 2.787500e+01
      vertex   -2.077213e+01 7.466223e+00 2.750000e+01
      vertex   -2.070085e+01 7.565388e+00 2.750000e+01
    endloop
  endfacet
  facet normal 7.760166e-01 -6.307125e-01 0.000000e+00
    outer loop
      vertex   -2.070085e+01 7.565388e+00 2.787500e+01
      vertex   -2.070085e+01 7.565388e+00 2.750000e+01
      vertex   -2.062382e+01 7.660160e+00 2.787500e+01
    endloop
  endfacet
  facet normal 7.760166e-01 -6.307125e-01 7.351906e-15
    outer loop
      vertex   -2.062382e+01 7.660160e+00 2.787500e+01
      vertex   -2.070085e+01 7.565388e+00 2.750000e+01
      vertex   -2.062382e+01 7.660160e+00 2.750000e+01
    endloop
  endfacet
  facet normal 7.373262e-01 -6.755369e-01 6.985357e-15
    outer loop
      vertex   -2.062382e+01 7.660160e+00 2.787500e+01
      vertex   -2.062382e+01 7.660160e+00 2.750000e+01
      vertex   -2.054132e+01 7.750208e+00 2.787500e+01
    endloop
  endfacet
  facet normal 7.373262e-01 -6.755369e-01 6.985357e-15
    outer loop
      vertex   -2.054132e+01 7.750208e+00 2.787500e+01
      vertex   -2.062382e+01 7.660160e+00 2.750000e+01
      vertex   -2.054132e+01 7.750208e+00 2.750000e+01
    endloop
  endfacet
  facet normal 6.960505e-01 -7.179928e-01 6.594315e-15
    outer loop
      vertex   -2.054132e+01 7.750208e+00 2.787500e+01
      vertex   -2.054132e+01 7.750208e+00 2.750000e+01
      vertex   -2.045363e+01 7.835214e+00 2.787500e+01
    endloop
  endfacet
  facet normal 6.960505e-01 -7.179928e-01 0.000000e+00
    outer loop
      vertex   -2.045363e+01 7.835214e+00 2.787500e+01
      vertex   -2.054132e+01 7.750208e+00 2.750000e+01
      vertex   -2.045363e+01 7.835214e+00 2.750000e+01
    endloop
  endfacet
  facet normal 6.523344e-01 -7.579313e-01 0.000000e+00
    outer loop
      vertex   -2.045363e+01 7.835214e+00 2.787500e+01
      vertex   -2.045363e+01 7.835214e+00 2.750000e+01
      vertex   -2.036107e+01 7.914882e+00 2.787500e+01
    endloop
  endfacet
  facet normal 6.523344e-01 -7.579313e-01 1.795142e-15
    outer loop
      vertex   -2.036107e+01 7.914882e+00 2.787500e+01
      vertex   -2.045363e+01 7.835214e+00 2.750000e+01
      vertex   -2.036107e+01 7.914882e+00 2.750000e+01
    endloop
  endfacet
  facet normal 6.063310e-01 -7.952124e-01 1.883441e-15
    outer loop
      vertex   -2.036107e+01 7.914882e+00 2.787500e+01
      vertex   -2.036107e+01 7.914882e+00 2.750000e+01
      vertex   -2.026395e+01 7.988931e+00 2.787500e+01
    endloop
  endfacet
  facet normal 6.063310e-01 -7.952124e-01 0.000000e+00
    outer loop
      vertex   -2.026395e+01 7.988931e+00 2.787500e+01
      vertex   -2.036107e+01 7.914882e+00 2.750000e+01
      vertex   -2.026395e+01 7.988931e+00 2.750000e+01
    endloop
  endfacet
  facet normal 5.582018e-01 -8.297052e-01 0.000000e+00
    outer loop
      vertex   -2.026395e+01 7.988931e+00 2.787500e+01
      vertex   -2.026395e+01 7.988931e+00 2.750000e+01
      vertex   -2.016262e+01 8.057103e+00 2.787500e+01
    endloop
  endfacet
  facet normal 5.582018e-01 -8.297052e-01 0.000000e+00
    outer loop
      vertex   -2.016262e+01 8.057103e+00 2.787500e+01
      vertex   -2.026395e+01 7.988931e+00 2.750000e+01
      vertex   -2.016262e+01 8.057103e+00 2.750000e+01
    endloop
  endfacet
  facet normal 5.081154e-01 -8.612890e-01 0.000000e+00
    outer loop
      vertex   -2.016262e+01 8.057103e+00 2.787500e+01
      vertex   -2.016262e+01 8.057103e+00 2.750000e+01
      vertex   -2.005744e+01 8.119157e+00 2.787500e+01
    endloop
  endfacet
  facet normal 5.081154e-01 -8.612890e-01 -4.079884e-15
    outer loop
      vertex   -2.005744e+01 8.119157e+00 2.787500e+01
      vertex   -2.016262e+01 8.057103e+00 2.750000e+01
      vertex   -2.005744e+01 8.119157e+00 2.750000e+01
    endloop
  endfacet
  facet normal 4.562474e-01 -8.898530e-01 -4.215190e-15
    outer loop
      vertex   -2.005744e+01 8.119157e+00 2.787500e+01
      vertex   -2.005744e+01 8.119157e+00 2.750000e+01
      vertex   -1.994876e+01 8.174877e+00 2.787500e+01
    endloop
  endfacet
  facet normal 4.562474e-01 -8.898530e-01 0.000000e+00
    outer loop
      vertex   -1.994876e+01 8.174877e+00 2.787500e+01
      vertex   -2.005744e+01 8.119157e+00 2.750000e+01
      vertex   -1.994876e+01 8.174877e+00 2.750000e+01
    endloop
  endfacet
  facet normal 4.027798e-01 -9.152969e-01 0.000000e+00
    outer loop
      vertex   -1.994876e+01 8.174877e+00 2.787500e+01
      vertex   -1.994876e+01 8.174877e+00 2.750000e+01
      vertex   -1.983698e+01 8.224067e+00 2.787500e+01
    endloop
  endfacet
  facet normal 4.027798e-01 -9.152969e-01 0.000000e+00
    outer loop
      vertex   -1.983698e+01 8.224067e+00 2.787500e+01
      vertex   -1.994876e+01 8.174877e+00 2.750000e+01
      vertex   -1.983698e+01 8.224067e+00 2.750000e+01
    endloop
  endfacet
  facet normal 3.478999e-01 -9.375317e-01 0.000000e+00
    outer loop
      vertex   -1.983698e+01 8.224067e+00 2.787500e+01
      vertex   -1.983698e+01 8.224067e+00 2.750000e+01
      vertex   -1.972248e+01 8.266555e+00 2.787500e+01
    endloop
  endfacet
  facet normal 3.478999e-01 -9.375317e-01 -4.441042e-15
    outer loop
      vertex   -1.972248e+01 8.266555e+00 2.787500e+01
      vertex   -1.983698e+01 8.224067e+00 2.750000e+01
      vertex   -1.972248e+01 8.266555e+00 2.750000e+01
    endloop
  endfacet
  facet normal 2.918002e-01 -9.564793e-01 -4.530796e-15
    outer loop
      vertex   -1.972248e+01 8.266555e+00 2.787500e+01
      vertex   -1.972248e+01 8.266555e+00 2.750000e+01
      vertex   -1.960567e+01 8.302192e+00 2.787500e+01
    endloop
  endfacet
  facet normal 2.918002e-01 -9.564793e-01 -4.530796e-15
    outer loop
      vertex   -1.960567e+01 8.302192e+00 2.787500e+01
      vertex   -1.972248e+01 8.266555e+00 2.750000e+01
      vertex   -1.960567e+01 8.302192e+00 2.750000e+01
    endloop
  endfacet
  facet normal 2.346775e-01 -9.720733e-01 -4.604664e-15
    outer loop
      vertex   -1.960567e+01 8.302192e+00 2.787500e+01
      vertex   -1.960567e+01 8.302192e+00 2.750000e+01
      vertex   -1.948695e+01 8.330852e+00 2.787500e+01
    endloop
  endfacet
  facet normal 2.346775e-01 -9.720733e-01 0.000000e+00
    outer loop
      vertex   -1.948695e+01 8.330852e+00 2.787500e+01
      vertex   -1.960567e+01 8.302192e+00 2.750000e+01
      vertex   -1.948695e+01 8.330852e+00 2.750000e+01
    endloop
  endfacet
  facet normal 1.767319e-01 -9.842590e-01 0.000000e+00
    outer loop
      vertex   -1.948695e+01 8.330852e+00 2.787500e+01
      vertex   -1.948695e+01 8.330852e+00 2.750000e+01
      vertex   -1.936675e+01 8.352436e+00 2.787500e+01
    endloop
  endfacet
  facet normal 1.767319e-01 -9.842590e-01 0.000000e+00
    outer loop
      vertex   -1.936675e+01 8.352436e+00 2.787500e+01
      vertex   -1.948695e+01 8.330852e+00 2.750000e+01
      vertex   -1.936675e+01 8.352436e+00 2.750000e+01
    endloop
  endfacet
  facet normal 1.181666e-01 -9.929938e-01 0.000000e+00
    outer loop
      vertex   -1.936675e+01 8.352436e+00 2.787500e+01
      vertex   -1.936675e+01 8.352436e+00 2.750000e+01
      vertex   -1.924548e+01 8.366868e+00 2.787500e+01
    endloop
  endfacet
  facet normal 1.181666e-01 -9.929938e-01 0.000000e+00
    outer loop
      vertex   -1.924548e+01 8.366868e+00 2.787500e+01
      vertex   -1.936675e+01 8.352436e+00 2.750000e+01
      vertex   -1.924548e+01 8.366868e+00 2.750000e+01
    endloop
  endfacet
  facet normal 5.918708e-02 -9.982469e-01 0.000000e+00
    outer loop
      vertex   -1.924548e+01 8.366868e+00 2.787500e+01
      vertex   -1.924548e+01 8.366868e+00 2.750000e+01
      vertex   -1.912356e+01 8.374096e+00 2.787500e+01
    endloop
  endfacet
  facet normal 5.918708e-02 -9.982469e-01 5.607327e-16
    outer loop
      vertex   -1.912356e+01 8.374096e+00 2.787500e+01
      vertex   -1.924548e+01 8.366868e+00 2.750000e+01
      vertex   -1.912356e+01 8.374096e+00 2.750000e+01
    endloop
  endfacet
  facet normal 0.000000e+00 -1.000000e+00 0.000000e+00
    outer loop
      vertex   -1.912356e+01 8.374096e+00 2.787500e+01
      vertex   -1.912356e+01 8.374096e+00 2.750000e+01
      vertex   -1.900144e+01 8.374096e+00 2.787500e+01
    endloop
  endfacet
  facet normal 0.000000e+00 -1.000000e+00 -0.000000e+00
    outer loop
      vertex   -1.900144e+01 8.374096e+00 2.787500e+01
      vertex   -1.912356e+01 8.374096e+00 2.750000e+01
      vertex   -1.900144e+01 8.374096e+00 2.750000e+01
    endloop
  endfacet
  facet normal -5.918708e-02 -9.982469e-01 -0.000000e+00
    outer loop
      vertex   -1.900144e+01 8.374096e+00 2.787500e+01
      vertex   -1.900144e+01 8.374096e+00 2.750000e+01
      vertex   -1.887952e+01 8.366868e+00 2.787500e+01
    endloop
  endfacet
  facet normal -5.918708e-02 -9.982469e-01 -0.000000e+00
    outer loop
      vertex   -1.887952e+01 8.366868e+00 2.787500e+01
      vertex   -1.900144e+01 8.374096e+00 2.750000e+01
      vertex   -1.887952e+01 8.366868e+00 2.750000e+01
    endloop
  endfacet
  facet normal -1.181666e-01 -9.929938e-01 -0.000000e+00
    outer loop
      vertex   -1.887952e+01 8.366868e+00 2.787500e+01
      vertex   -1.887952e+01 8.366868e+00 2.750000e+01
      vertex   -1.875825e+01 8.352436e+00 2.787500e+01
    endloop
  endfacet
  facet normal -1.181666e-01 -9.929938e-01 -1.119499e-15
    outer loop
      vertex   -1.875825e+01 8.352436e+00 2.787500e+01
      vertex   -1.887952e+01 8.366868e+00 2.750000e+01
      vertex   -1.875825e+01 8.352436e+00 2.750000e+01
    endloop
  endfacet
  facet normal -1.767319e-01 -9.842590e-01 -1.674341e-15
    outer loop
      vertex   -1.875825e+01 8.352436e+00 2.787500e+01
      vertex   -1.875825e+01 8.352436e+00 2.750000e+01
      vertex   -1.863805e+01 8.330852e+00 2.787500e+01
    endloop
  endfacet
  facet normal -1.767319e-01 -9.842590e-01 -0.000000e+00
    outer loop
      vertex   -1.863805e+01 8.330852e+00 2.787500e+01
      vertex   -1.875825e+01 8.352436e+00 2.750000e+01
      vertex   -1.863805e+01 8.330852e+00 2.750000e+01
    endloop
  endfacet
  facet normal -2.346775e-01 -9.720733e-01 -0.000000e+00
    outer loop
      vertex   -1.863805e+01 8.330852e+00 2.787500e+01
      vertex   -1.863805e+01 8.330852e+00 2.750000e+01
      vertex   -1.851933e+01 8.302192e+00 2.787500e+01
    endloop
  endfacet
  facet normal -2.346775e-01 -9.720733e-01 4.604664e-15
    outer loop
      vertex   -1.851933e+01 8.302192e+00 2.787500e+01
      vertex   -1.863805e+01 8.330852e+00 2.750000e+01
      vertex   -1.851933e+01 8.302192e+00 2.750000e+01
    endloop
  endfacet
  facet normal -2.918002e-01 -9.564793e-01 4.530796e-15
    outer loop
      vertex   -1.851933e+01 8.302192e+00 2.787500e+01
      vertex   -1.851933e+01 8.302192e+00 2.750000e+01
      vertex   -1.840252e+01 8.266555e+00 2.787500e+01
    endloop
  endfacet
  facet normal -2.918002e-01 -9.564793e-01 -0.000000e+00
    outer loop
      vertex   -1.840252e+01 8.266555e+00 2.787500e+01
      vertex   -1.851933e+01 8.302192e+00 2.750000e+01
      vertex   -1.840252e+01 8.266555e+00 2.750000e+01
    endloop
  endfacet
  facet normal -3.478999e-01 -9.375317e-01 -0.000000e+00
    outer loop
      vertex   -1.840252e+01 8.266555e+00 2.787500e+01
      vertex   -1.840252e+01 8.266555e+00 2.750000e+01
      vertex   -1.828802e+01 8.224067e+00 2.787500e+01
    endloop
  endfacet
  facet normal -3.478999e-01 -9.375317e-01 4.441042e-15
    outer loop
      vertex   -1.828802e+01 8.224067e+00 2.787500e+01
      vertex   -1.840252e+01 8.266555e+00 2.750000e+01
      vertex   -1.828802e+01 8.224067e+00 2.750000e+01
    endloop
  endfacet
  facet normal -4.027798e-01 -9.152969e-01 4.335717e-15
    outer loop
      vertex   -1.828802e+01 8.224067e+00 2.787500e+01
      vertex   -1.828802e+01 8.224067e+00 2.750000e+01
      vertex   -1.817624e+01 8.174877e+00 2.787500e+01
    endloop
  endfacet
  facet normal -4.027798e-01 -9.152969e-01 -0.000000e+00
    outer loop
      vertex   -1.817624e+01 8.174877e+00 2.787500e+01
      vertex   -1.828802e+01 8.224067e+00 2.750000e+01
      vertex   -1.817624e+01 8.174877e+00 2.750000e+01
    endloop
  endfacet
  facet normal -4.562474e-01 -8.898530e-01 -0.000000e+00
    outer loop
      vertex   -1.817624e+01 8.174877e+00 2.787500e+01
      vertex   -1.817624e+01 8.174877e+00 2.750000e+01
      vertex   -1.806756e+01 8.119157e+00 2.787500e+01
    endloop
  endfacet
  facet normal -4.562474e-01 -8.898530e-01 4.322444e-15
    outer loop
      vertex   -1.806756e+01 8.119157e+00 2.787500e+01
      vertex   -1.817624e+01 8.174877e+00 2.750000e+01
      vertex   -1.806756e+01 8.119157e+00 2.750000e+01
    endloop
  endfacet
  facet normal -5.081154e-01 -8.612890e-01 4.813836e-15
    outer loop
      vertex   -1.806756e+01 8.119157e+00 2.787500e+01
      vertex   -1.806756e+01 8.119157e+00 2.750000e+01
      vertex   -1.796238e+01 8.057103e+00 2.787500e+01
    endloop
  endfacet
  facet normal -5.081154e-01 -8.612890e-01 -4.079884e-15
    outer loop
      vertex   -1.796238e+01 8.057103e+00 2.787500e+01
      vertex   -1.806756e+01 8.119157e+00 2.750000e+01
      vertex   -1.796238e+01 8.057103e+00 2.750000e+01
    endloop
  endfacet
  facet normal -5.582018e-01 -8.297052e-01 -3.930274e-15
    outer loop
      vertex   -1.796238e+01 8.057103e+00 2.787500e+01
      vertex   -1.796238e+01 8.057103e+00 2.750000e+01
      vertex   -1.786105e+01 7.988931e+00 2.787500e+01
    endloop
  endfacet
  facet normal -5.582018e-01 -8.297052e-01 -1.965137e-15
    outer loop
      vertex   -1.786105e+01 7.988931e+00 2.787500e+01
      vertex   -1.796238e+01 8.057103e+00 2.750000e+01
      vertex   -1.786105e+01 7.988931e+00 2.750000e+01
    endloop
  endfacet
  facet normal -6.063310e-01 -7.952124e-01 -1.883441e-15
    outer loop
      vertex   -1.786105e+01 7.988931e+00 2.787500e+01
      vertex   -1.786105e+01 7.988931e+00 2.750000e+01
      vertex   -1.776393e+01 7.914882e+00 2.787500e+01
    endloop
  endfacet
  facet normal -6.063310e-01 -7.952124e-01 -1.883441e-15
    outer loop
      vertex   -1.776393e+01 7.914882e+00 2.787500e+01
      vertex   -1.786105e+01 7.988931e+00 2.750000e+01
      vertex   -1.776393e+01 7.914882e+00 2.750000e+01
    endloop
  endfacet
  facet normal -6.523344e-01 -7.579313e-01 -1.795142e-15
    outer loop
      vertex   -1.776393e+01 7.914882e+00 2.787500e+01
      vertex   -1.776393e+01 7.914882e+00 2.750000e+01
      vertex   -1.767137e+01 7.835214e+00 2.787500e+01
    endloop
  endfacet
  facet normal -6.523344e-01 -7.579313e-01 -0.000000e+00
    outer loop
      vertex   -1.767137e+01 7.835214e+00 2.787500e+01
      vertex   -1.776393e+01 7.914882e+00 2.750000e+01
      vertex   -1.767137e+01 7.835214e+00 2.750000e+01
    endloop
  endfacet
  facet normal -6.960505e-01 -7.179928e-01 -0.000000e+00
    outer loop
      vertex   -1.767137e+01 7.835214e+00 2.787500e+01
      vertex   -1.767137e+01 7.835214e+00 2.750000e+01
      vertex   -1.758368e+01 7.750208e+00 2.787500e+01
    endloop
  endfacet
  facet normal -6.960505e-01 -7.179928e-01 -0.000000e+00
    outer loop
      vertex   -1.758368e+01 7.750208e+00 2.787500e+01
      vertex   -1.767137e+01 7.835214e+00 2.750000e+01
      vertex   -1.758368e+01 7.750208e+00 2.750000e+01
    endloop
  endfacet
  facet normal -7.373262e-01 -6.755369e-01 -0.000000e+00
    outer loop
      vertex   -1.758368e+01 7.750208e+00 2.787500e+01
      vertex   -1.758368e+01 7.750208e+00 2.750000e+01
      vertex   -1.750118e+01 7.660160e+00 2.787500e+01
    endloop
  endfacet
  facet normal -7.373262e-01 -6.755369e-01 5.385364e-15
    outer loop
      vertex   -1.750118e+01 7.660160e+00 2.787500e+01
      vertex   -1.758368e+01 7.750208e+00 2.750000e+01
      vertex   -1.750118e+01 7.660160e+00 2.750000e+01
    endloop
  endfacet
  facet normal -7.760166e-01 -6.307125e-01 5.858079e-15
    outer loop
      vertex   -1.750118e+01 7.660160e+00 2.787500e+01
      vertex   -1.750118e+01 7.660160e+00 2.750000e+01
      vertex   -1.742415e+01 7.565388e+00 2.787500e+01
    endloop
  endfacet
  facet normal -7.760166e-01 -6.307125e-01 -8.845733e-15
    outer loop
      vertex   -1.742415e+01 7.565388e+00 2.787500e+01
      vertex   -1.750118e+01 7.660160e+00 2.750000e+01
      vertex   -1.742415e+01 7.565388e+00 2.750000e+01
    endloop
  endfacet
  facet normal -8.119862e-01 -5.836766e-01 -9.075103e-15
    outer loop
      vertex   -1.742415e+01 7.565388e+00 2.787500e+01
      vertex   -1.742415e+01 7.565388e+00 2.750000e+01
      vertex   -1.735287e+01 7.466223e+00 2.787500e+01
    endloop
  endfacet
  facet normal -8.119862e-01 -5.836766e-01 -1.382424e-15
    outer loop
      vertex   -1.735287e+01 7.466223e+00 2.787500e+01
      vertex   -1.742415e+01 7.565388e+00 2.750000e+01
      vertex   -1.735287e+01 7.466223e+00 2.750000e+01
    endloop
  endfacet
  facet normal -8.451088e-01 -5.345943e-01 -1.266174e-15
    outer loop
      vertex   -1.735287e+01 7.466223e+00 2.787500e+01
      vertex   -1.735287e+01 7.466223e+00 2.750000e+01
      vertex   -1.728758e+01 7.363012e+00 2.787500e+01
    endloop
  endfacet
  facet normal -8.451088e-01 -5.345943e-01 -1.266174e-15
    outer loop
      vertex   -1.728758e+01 7.363012e+00 2.787500e+01
      vertex   -1.735287e+01 7.466223e+00 2.750000e+01
      vertex   -1.728758e+01 7.363012e+00 2.750000e+01
    endloop
  endfacet
  facet normal -8.752684e-01 -4.836376e-01 -1.145484e-15
    outer loop
      vertex   -1.728758e+01 7.363012e+00 2.787500e+01
      vertex   -1.728758e+01 7.363012e+00 2.750000e+01
      vertex   -1.722852e+01 7.256118e+00 2.787500e+01
    endloop
  endfacet
  facet normal -8.752684e-01 -4.836376e-01 -0.000000e+00
    outer loop
      vertex   -1.722852e+01 7.256118e+00 2.787500e+01
      vertex   -1.728758e+01 7.363012e+00 2.750000e+01
      vertex   -1.722852e+01 7.256118e+00 2.750000e+01
    endloop
  endfacet
  facet normal -9.023590e-01 -4.309851e-01 -0.000000e+00
    outer loop
      vertex   -1.722852e+01 7.256118e+00 2.787500e+01
      vertex   -1.722852e+01 7.256118e+00 2.750000e+01
      vertex   -1.717588e+01 7.145916e+00 2.787500e+01
    endloop
  endfacet
  facet normal -9.023590e-01 -4.309851e-01 -1.059042e-14
    outer loop
      vertex   -1.717588e+01 7.145916e+00 2.787500e+01
      vertex   -1.722852e+01 7.256118e+00 2.750000e+01
      vertex   -1.717588e+01 7.145916e+00 2.750000e+01
    endloop
  endfacet
  facet normal -9.262859e-01 -3.768216e-01 -1.056053e-14
    outer loop
      vertex   -1.717588e+01 7.145916e+00 2.787500e+01
      vertex   -1.717588e+01 7.145916e+00 2.750000e+01
      vertex   -1.712986e+01 7.032792e+00 2.787500e+01
    endloop
  endfacet
  facet normal -9.262859e-01 -3.768216e-01 -8.775543e-15
    outer loop
      vertex   -1.712986e+01 7.032792e+00 2.787500e+01
      vertex   -1.717588e+01 7.145916e+00 2.750000e+01
      vertex   -1.712986e+01 7.032792e+00 2.750000e+01
    endloop
  endfacet
  facet normal -9.469650e-01 -3.213368e-01 -8.971454e-15
    outer loop
      vertex   -1.712986e+01 7.032792e+00 2.787500e+01
      vertex   -1.712986e+01 7.032792e+00 2.750000e+01
      vertex   -1.709062e+01 6.917142e+00 2.787500e+01
    endloop
  endfacet
  facet normal -9.469650e-01 -3.213368e-01 -1.049361e-14
    outer loop
      vertex   -1.709062e+01 6.917142e+00 2.787500e+01
      vertex   -1.712986e+01 7.032792e+00 2.750000e+01
      vertex   -1.709062e+01 6.917142e+00 2.750000e+01
    endloop
  endfacet
  facet normal -9.643238e-01 -2.647254e-01 -1.038990e-14
    outer loop
      vertex   -1.709062e+01 6.917142e+00 2.787500e+01
      vertex   -1.709062e+01 6.917142e+00 2.750000e+01
      vertex   -1.705829e+01 6.799372e+00 2.787500e+01
    endloop
  endfacet
  facet normal -9.643238e-01 -2.647254e-01 -6.269957e-16
    outer loop
      vertex   -1.705829e+01 6.799372e+00 2.787500e+01
      vertex   -1.709062e+01 6.917142e+00 2.750000e+01
      vertex   -1.705829e+01 6.799372e+00 2.750000e+01
    endloop
  endfacet
  facet normal -9.783016e-01 -2.071858e-01 -4.907145e-16
    outer loop
      vertex   -1.705829e+01 6.799372e+00 2.787500e+01
      vertex   -1.705829e+01 6.799372e+00 2.750000e+01
      vertex   -1.703299e+01 6.679895e+00 2.787500e+01
    endloop
  endfacet
  facet normal -9.783016e-01 -2.071858e-01 -9.814290e-16
    outer loop
      vertex   -1.703299e+01 6.679895e+00 2.787500e+01
      vertex   -1.705829e+01 6.799372e+00 2.750000e+01
      vertex   -1.703299e+01 6.679895e+00 2.750000e+01
    endloop
  endfacet
  facet normal -9.888493e-01 -1.489198e-01 -7.054257e-16
    outer loop
      vertex   -1.703299e+01 6.679895e+00 2.787500e+01
      vertex   -1.703299e+01 6.679895e+00 2.750000e+01
      vertex   -1.701480e+01 6.559130e+00 2.787500e+01
    endloop
  endfacet
  facet normal -9.888493e-01 -1.489198e-01 -7.054257e-16
    outer loop
      vertex   -1.701480e+01 6.559130e+00 2.787500e+01
      vertex   -1.703299e+01 6.679895e+00 2.750000e+01
      vertex   -1.701480e+01 6.559130e+00 2.750000e+01
    endloop
  endfacet
  facet normal -9.959299e-01 -9.013159e-02 -4.269490e-16
    outer loop
      vertex   -1.701480e+01 6.559130e+00 2.787500e+01
      vertex   -1.701480e+01 6.559130e+00 2.750000e+01
      vertex   -1.700379e+01 6.437500e+00 2.787500e+01
    endloop
  endfacet
  facet normal -9.959299e-01 -9.013159e-02 -0.000000e+00
    outer loop
      vertex   -1.700379e+01 6.437500e+00 2.787500e+01
      vertex   -1.701480e+01 6.559130e+00 2.750000e+01
      vertex   -1.700379e+01 6.437500e+00 2.750000e+01
    endloop
  endfacet
  facet normal 0.000000e+00 -1.000000e+00 0.000000e+00
    outer loop
      vertex   -2.112121e+01 6.437500e+00 2.750000e+01
      vertex   -2.112121e+01 6.437500e+00 2.787500e+01
      vertex   -2.362500e+01 6.437500e+00 2.750000e+01
    endloop
  endfacet
  facet normal 0.000000e+00 -1.000000e+00 0.000000e+00
    outer loop
      vertex   -2.362500e+01 6.437500e+00 2.750000e+01
      vertex   -2.112121e+01 6.437500e+00 2.787500e+01
      vertex   -2.112375e+01 6.437500e+00 2.796727e+01
    endloop
  endfacet
  facet normal 0.000000e+00 -1.000000e+00 0.000000e+00
    outer loop
      vertex   -2.362500e+01 6.437500e+00 2.750000e+01
      vertex   -2.112375e+01 6.437500e+00 2.796727e+01
      vertex   -2.113121e+01 6.437500e+00 2.806231e+01
    endloop
  endfacet
  facet normal 0.000000e+00 -1.000000e+00 0.000000e+00
    outer loop
      vertex   -2.362500e+01 6.437500e+00 2.750000e+01
      vertex   -2.113121e+01 6.437500e+00 2.806231e+01
      vertex   -2.362500e+01 6.437500e+00 2.862500e+01
    endloop
  endfacet
  facet normal 0.000000e+00 -1.000000e+00 0.000000e+00
    outer loop
      vertex   -2.362500e+01 6.437500e+00 2.862500e+01
      vertex   -2.113121e+01 6.437500e+00 2.806231e+01
      vertex   -2.114339e+01 6.437500e+00 2.815894e+01
    endloop
  endfacet
  facet normal 0.000000e+00 -1.000000e+00 0.000000e+00
    outer loop
      vertex   -2.362500e+01 6.437500e+00 2.862500e+01
      vertex   -2.114339e+01 6.437500e+00 2.815894e+01
      vertex   -2.116007e+01 6.437500e+00 2.825599e+01
    endloop
  endfacet
  facet normal 0.000000e+00 -1.000000e+00 0.000000e+00
    outer loop
      vertex   -2.116007e+01 6.437500e+00 2.825599e+01
      vertex   -2.118102e+01 6.437500e+00 2.835229e+01
      vertex   -2.362500e+01 6.437500e+00 2.862500e+01
    endloop
  endfacet
  facet normal 0.000000e+00 -1.000000e+00 0.000000e+00
    outer loop
      vertex   -2.362500e+01 6.437500e+00 2.862500e+01
      vertex   -2.118102e+01 6.437500e+00 2.835229e+01
      vertex   -2.120604e+01 6.437500e+00 2.844667e+01
    endloop
  endfacet
  facet normal 0.000000e+00 -1.000000e+00 0.000000e+00
    outer loop
      vertex   -2.362500e+01 6.437500e+00 2.862500e+01
      vertex   -2.120604e+01 6.437500e+00 2.844667e+01
      vertex   -2.123491e+01 6.437500e+00 2.853797e+01
    endloop
  endfacet
  facet normal 0.000000e+00 -1.000000e+00 0.000000e+00
    outer loop
      vertex   -2.123491e+01 6.437500e+00 2.853797e+01
      vertex   -2.126741e+01 6.437500e+00 2.862500e+01
      vertex   -2.362500e+01 6.437500e+00 2.862500e+01
    endloop
  endfacet
  facet normal 0.000000e+00 -1.000000e+00 -0.000000e+00
    outer loop
      vertex   -1.462500e+01 6.437500e+00 2.850000e+01
      vertex   -1.699700e+01 6.437500e+00 2.802825e+01
      vertex   -1.462500e+01 6.437500e+00 2.750000e+01
    endloop
  endfacet
  facet normal 0.000000e+00 -1.000000e+00 0.000000e+00
    outer loop
      vertex   -1.462500e+01 6.437500e+00 2.750000e+01
      vertex   -1.699700e+01 6.437500e+00 2.802825e+01
      vertex   -1.700207e+01 6.437500e+00 2.795062e+01
    endloop
  endfacet
  facet normal 0.000000e+00 -1.000000e+00 0.000000e+00
    outer loop
      vertex   -1.462500e+01 6.437500e+00 2.750000e+01
      vertex   -1.700207e+01 6.437500e+00 2.795062e+01
      vertex   -1.700379e+01 6.437500e+00 2.787500e+01
    endloop
  endfacet
  facet normal 0.000000e+00 -1.000000e+00 -0.000000e+00
    outer loop
      vertex   -1.690345e+01 6.437500e+00 2.850000e+01
      vertex   -1.692546e+01 6.437500e+00 2.842376e+01
      vertex   -1.462500e+01 6.437500e+00 2.850000e+01
    endloop
  endfacet
  facet normal 0.000000e+00 -1.000000e+00 0.000000e+00
    outer loop
      vertex   -1.462500e+01 6.437500e+00 2.850000e+01
      vertex   -1.692546e+01 6.437500e+00 2.842376e+01
      vertex   -1.694552e+01 6.437500e+00 2.834584e+01
    endloop
  endfacet
  facet normal 0.000000e+00 -1.000000e+00 0.000000e+00
    outer loop
      vertex   -1.462500e+01 6.437500e+00 2.850000e+01
      vertex   -1.694552e+01 6.437500e+00 2.834584e+01
      vertex   -1.696282e+01 6.437500e+00 2.826669e+01
    endloop
  endfacet
  facet normal 0.000000e+00 -1.000000e+00 -0.000000e+00
    outer loop
      vertex   -1.696282e+01 6.437500e+00 2.826669e+01
      vertex   -1.697725e+01 6.437500e+00 2.818693e+01
      vertex   -1.462500e+01 6.437500e+00 2.850000e+01
    endloop
  endfacet
  facet normal 0.000000e+00 -1.000000e+00 0.000000e+00
    outer loop
      vertex   -1.462500e+01 6.437500e+00 2.850000e+01
      vertex   -1.697725e+01 6.437500e+00 2.818693e+01
      vertex   -1.698868e+01 6.437500e+00 2.810724e+01
    endloop
  endfacet
  facet normal 0.000000e+00 -1.000000e+00 0.000000e+00
    outer loop
      vertex   -1.462500e+01 6.437500e+00 2.850000e+01
      vertex   -1.698868e+01 6.437500e+00 2.810724e+01
      vertex   -1.699700e+01 6.437500e+00 2.802825e+01
    endloop
  endfacet
  facet normal 0.000000e+00 -1.000000e+00 0.000000e+00
    outer loop
      vertex   -1.700379e+01 6.437500e+00 2.787500e+01
      vertex   -1.700379e+01 6.437500e+00 2.750000e+01
      vertex   -1.462500e+01 6.437500e+00 2.750000e+01
    endloop
  endfacet
  facet normal -4.608405e-15 -0.000000e+00 -1.000000e+00
    outer loop
      vertex   -2.362500e+01 1.595000e+01 2.750000e+01
      vertex   -2.054132e+01 7.750208e+00 2.750000e+01
      vertex   -2.362500e+01 6.437500e+00 2.750000e+01
    endloop
  endfacet
  facet normal -7.555021e-15 6.921897e-15 -1.000000e+00
    outer loop
      vertex   -2.362500e+01 6.437500e+00 2.750000e+01
      vertex   -2.054132e+01 7.750208e+00 2.750000e+01
      vertex   -2.062382e+01 7.660160e+00 2.750000e+01
    endloop
  endfacet
  facet normal -7.079038e-15 5.753533e-15 -1.000000e+00
    outer loop
      vertex   -2.362500e+01 6.437500e+00 2.750000e+01
      vertex   -2.062382e+01 7.660160e+00 2.750000e+01
      vertex   -2.070085e+01 7.565388e+00 2.750000e+01
    endloop
  endfacet
  facet normal 0.000000e+00 1.875797e-15 -1.000000e+00
    outer loop
      vertex   -1.462500e+01 1.595000e+01 2.750000e+01
      vertex   -1.912356e+01 8.374096e+00 2.750000e+01
      vertex   -2.362500e+01 1.595000e+01 2.750000e+01
    endloop
  endfacet
  facet normal -1.074331e-16 1.811962e-15 -1.000000e+00
    outer loop
      vertex   -2.362500e+01 1.595000e+01 2.750000e+01
      vertex   -1.912356e+01 8.374096e+00 2.750000e+01
      vertex   -1.924548e+01 8.366868e+00 2.750000e+01
    endloop
  endfacet
  facet normal -2.086667e-16 1.753496e-15 -1.000000e+00
    outer loop
      vertex   -2.362500e+01 1.595000e+01 2.750000e+01
      vertex   -1.924548e+01 8.366868e+00 2.750000e+01
      vertex   -1.936675e+01 8.352436e+00 2.750000e+01
    endloop
  endfacet
  facet normal 4.803103e-15 8.969277e-31 -1.000000e+00
    outer loop
      vertex   -1.462500e+01 6.437500e+00 2.750000e+01
      vertex   -1.758368e+01 7.750208e+00 2.750000e+01
      vertex   -1.462500e+01 1.595000e+01 2.750000e+01
    endloop
  endfacet
  facet normal 1.244714e-15 1.283952e-15 -1.000000e+00
    outer loop
      vertex   -1.462500e+01 1.595000e+01 2.750000e+01
      vertex   -1.758368e+01 7.750208e+00 2.750000e+01
      vertex   -1.767137e+01 7.835214e+00 2.750000e+01
    endloop
  endfacet
  facet normal 1.139171e-15 1.323574e-15 -1.000000e+00
    outer loop
      vertex   -1.462500e+01 1.595000e+01 2.750000e+01
      vertex   -1.767137e+01 7.835214e+00 2.750000e+01
      vertex   -1.776393e+01 7.914882e+00 2.750000e+01
    endloop
  endfacet
  facet normal 7.467476e-15 2.988504e-14 -1.000000e+00
    outer loop
      vertex   -1.700379e+01 6.437500e+00 2.750000e+01
      vertex   -1.701480e+01 6.559130e+00 2.750000e+01
      vertex   -1.462500e+01 6.437500e+00 2.750000e+01
    endloop
  endfacet
  facet normal 5.992395e-15 9.024490e-16 -1.000000e+00
    outer loop
      vertex   -1.462500e+01 6.437500e+00 2.750000e+01
      vertex   -1.701480e+01 6.559130e+00 2.750000e+01
      vertex   -1.703299e+01 6.679895e+00 2.750000e+01
    endloop
  endfacet
  facet normal 6.030105e-15 1.277062e-15 -1.000000e+00
    outer loop
      vertex   -1.462500e+01 6.437500e+00 2.750000e+01
      vertex   -1.703299e+01 6.679895e+00 2.750000e+01
      vertex   -1.705829e+01 6.799372e+00 2.750000e+01
    endloop
  endfacet
  facet normal 6.088762e-15 1.671482e-15 -1.000000e+00
    outer loop
      vertex   -1.705829e+01 6.799372e+00 2.750000e+01
      vertex   -1.709062e+01 6.917142e+00 2.750000e+01
      vertex   -1.462500e+01 6.437500e+00 2.750000e+01
    endloop
  endfacet
  facet normal 6.170958e-15 2.094012e-15 -1.000000e+00
    outer loop
      vertex   -1.462500e+01 6.437500e+00 2.750000e+01
      vertex   -1.709062e+01 6.917142e+00 2.750000e+01
      vertex   -1.712986e+01 7.032792e+00 2.750000e+01
    endloop
  endfacet
  facet normal 6.280506e-15 2.554967e-15 -1.000000e+00
    outer loop
      vertex   -1.462500e+01 6.437500e+00 2.750000e+01
      vertex   -1.712986e+01 7.032792e+00 2.750000e+01
      vertex   -1.717588e+01 7.145916e+00 2.750000e+01
    endloop
  endfacet
  facet normal 6.422901e-15 3.067709e-15 -1.000000e+00
    outer loop
      vertex   -1.717588e+01 7.145916e+00 2.750000e+01
      vertex   -1.722852e+01 7.256118e+00 2.750000e+01
      vertex   -1.462500e+01 6.437500e+00 2.750000e+01
    endloop
  endfacet
  facet normal 6.606066e-15 3.650242e-15 -1.000000e+00
    outer loop
      vertex   -1.462500e+01 6.437500e+00 2.750000e+01
      vertex   -1.722852e+01 7.256118e+00 2.750000e+01
      vertex   -1.728758e+01 7.363012e+00 2.750000e+01
    endloop
  endfacet
  facet normal 6.841590e-15 4.327815e-15 -1.000000e+00
    outer loop
      vertex   -1.462500e+01 6.437500e+00 2.750000e+01
      vertex   -1.728758e+01 7.363012e+00 2.750000e+01
      vertex   -1.735287e+01 7.466223e+00 2.750000e+01
    endloop
  endfacet
  facet normal 7.146883e-15 5.137364e-15 -1.000000e+00
    outer loop
      vertex   -1.735287e+01 7.466223e+00 2.750000e+01
      vertex   -1.742415e+01 7.565388e+00 2.750000e+01
      vertex   -1.462500e+01 6.437500e+00 2.750000e+01
    endloop
  endfacet
  facet normal 7.549104e-15 6.135583e-15 -1.000000e+00
    outer loop
      vertex   -1.462500e+01 6.437500e+00 2.750000e+01
      vertex   -1.742415e+01 7.565388e+00 2.750000e+01
      vertex   -1.750118e+01 7.660160e+00 2.750000e+01
    endloop
  endfacet
  facet normal 8.092827e-15 7.414634e-15 -1.000000e+00
    outer loop
      vertex   -1.462500e+01 6.437500e+00 2.750000e+01
      vertex   -1.750118e+01 7.660160e+00 2.750000e+01
      vertex   -1.758368e+01 7.750208e+00 2.750000e+01
    endloop
  endfacet
  facet normal 1.039025e-15 1.362696e-15 -1.000000e+00
    outer loop
      vertex   -1.776393e+01 7.914882e+00 2.750000e+01
      vertex   -1.786105e+01 7.988931e+00 2.750000e+01
      vertex   -1.462500e+01 1.595000e+01 2.750000e+01
    endloop
  endfacet
  facet normal 9.430336e-16 1.401715e-15 -1.000000e+00
    outer loop
      vertex   -1.462500e+01 1.595000e+01 2.750000e+01
      vertex   -1.786105e+01 7.988931e+00 2.750000e+01
      vertex   -1.796238e+01 8.057103e+00 2.750000e+01
    endloop
  endfacet
  facet normal 8.501166e-16 1.441004e-15 -1.000000e+00
    outer loop
      vertex   -1.462500e+01 1.595000e+01 2.750000e+01
      vertex   -1.796238e+01 8.057103e+00 2.750000e+01
      vertex   -1.806756e+01 8.119157e+00 2.750000e+01
    endloop
  endfacet
  facet normal 7.593039e-16 1.480926e-15 -1.000000e+00
    outer loop
      vertex   -1.806756e+01 8.119157e+00 2.750000e+01
      vertex   -1.817624e+01 8.174877e+00 2.750000e+01
      vertex   -1.462500e+01 1.595000e+01 2.750000e+01
    endloop
  endfacet
  facet normal 6.696973e-16 1.521854e-15 -1.000000e+00
    outer loop
      vertex   -1.462500e+01 1.595000e+01 2.750000e+01
      vertex   -1.817624e+01 8.174877e+00 2.750000e+01
      vertex   -1.828802e+01 8.224067e+00 2.750000e+01
    endloop
  endfacet
  facet normal 5.804350e-16 1.564175e-15 -1.000000e+00
    outer loop
      vertex   -1.462500e+01 1.595000e+01 2.750000e+01
      vertex   -1.828802e+01 8.224067e+00 2.750000e+01
      vertex   -1.840252e+01 8.266555e+00 2.750000e+01
    endloop
  endfacet
  facet normal 4.906598e-16 1.608312e-15 -1.000000e+00
    outer loop
      vertex   -1.840252e+01 8.266555e+00 2.750000e+01
      vertex   -1.851933e+01 8.302192e+00 2.750000e+01
      vertex   -1.462500e+01 1.595000e+01 2.750000e+01
    endloop
  endfacet
  facet normal 3.994862e-16 1.654739e-15 -1.000000e+00
    outer loop
      vertex   -1.462500e+01 1.595000e+01 2.750000e+01
      vertex   -1.851933e+01 8.302192e+00 2.750000e+01
      vertex   -1.863805e+01 8.330852e+00 2.750000e+01
    endloop
  endfacet
  facet normal 3.059666e-16 1.703996e-15 -1.000000e+00
    outer loop
      vertex   -1.462500e+01 1.595000e+01 2.750000e+01
      vertex   -1.863805e+01 8.330852e+00 2.750000e+01
      vertex   -1.875825e+01 8.352436e+00 2.750000e+01
    endloop
  endfacet
  facet normal 2.090504e-16 1.756721e-15 -1.000000e+00
    outer loop
      vertex   -1.875825e+01 8.352436e+00 2.750000e+01
      vertex   -1.887952e+01 8.366868e+00 2.750000e+01
      vertex   -1.462500e+01 1.595000e+01 2.750000e+01
    endloop
  endfacet
  facet normal 1.075347e-16 1.813676e-15 -1.000000e+00
    outer loop
      vertex   -1.462500e+01 1.595000e+01 2.750000e+01
      vertex   -1.887952e+01 8.366868e+00 2.750000e+01
      vertex   -1.900144e+01 8.374096e+00 2.750000e+01
    endloop
  endfacet
  facet normal 0.000000e+00 1.875797e-15 -1.000000e+00
    outer loop
      vertex   -1.462500e+01 1.595000e+01 2.750000e+01
      vertex   -1.900144e+01 8.374096e+00 2.750000e+01
      vertex   -1.912356e+01 8.374096e+00 2.750000e+01
    endloop
  endfacet
  facet normal -3.051454e-16 1.699422e-15 -1.000000e+00
    outer loop
      vertex   -1.936675e+01 8.352436e+00 2.750000e+01
      vertex   -1.948695e+01 8.330852e+00 2.750000e+01
      vertex   -2.362500e+01 1.595000e+01 2.750000e+01
    endloop
  endfacet
  facet normal -3.980874e-16 1.648944e-15 -1.000000e+00
    outer loop
      vertex   -2.362500e+01 1.595000e+01 2.750000e+01
      vertex   -1.948695e+01 8.330852e+00 2.750000e+01
      vertex   -1.960567e+01 8.302192e+00 2.750000e+01
    endloop
  endfacet
  facet normal -4.885512e-16 1.601401e-15 -1.000000e+00
    outer loop
      vertex   -2.362500e+01 1.595000e+01 2.750000e+01
      vertex   -1.960567e+01 8.302192e+00 2.750000e+01
      vertex   -1.972248e+01 8.266555e+00 2.750000e+01
    endloop
  endfacet
  facet normal -5.774866e-16 1.556229e-15 -1.000000e+00
    outer loop
      vertex   -1.972248e+01 8.266555e+00 2.750000e+01
      vertex   -1.983698e+01 8.224067e+00 2.750000e+01
      vertex   -2.362500e+01 1.595000e+01 2.750000e+01
    endloop
  endfacet
  facet normal -6.657754e-16 1.512941e-15 -1.000000e+00
    outer loop
      vertex   -2.362500e+01 1.595000e+01 2.750000e+01
      vertex   -1.983698e+01 8.224067e+00 2.750000e+01
      vertex   -1.994876e+01 8.174877e+00 2.750000e+01
    endloop
  endfacet
  facet normal -7.542662e-16 1.471101e-15 -1.000000e+00
    outer loop
      vertex   -2.362500e+01 1.595000e+01 2.750000e+01
      vertex   -1.994876e+01 8.174877e+00 2.750000e+01
      vertex   -2.005744e+01 8.119157e+00 2.750000e+01
    endloop
  endfacet
  facet normal -8.438069e-16 1.430308e-15 -1.000000e+00
    outer loop
      vertex   -2.005744e+01 8.119157e+00 2.750000e+01
      vertex   -2.016262e+01 8.057103e+00 2.750000e+01
      vertex   -2.362500e+01 1.595000e+01 2.750000e+01
    endloop
  endfacet
  facet normal -9.352755e-16 1.390184e-15 -1.000000e+00
    outer loop
      vertex   -2.362500e+01 1.595000e+01 2.750000e+01
      vertex   -2.016262e+01 8.057103e+00 2.750000e+01
      vertex   -2.026395e+01 7.988931e+00 2.750000e+01
    endloop
  endfacet
  facet normal -1.029615e-15 1.350355e-15 -1.000000e+00
    outer loop
      vertex   -2.362500e+01 1.595000e+01 2.750000e+01
      vertex   -2.026395e+01 7.988931e+00 2.750000e+01
      vertex   -2.036107e+01 7.914882e+00 2.750000e+01
    endloop
  endfacet
  facet normal -1.127869e-15 1.310443e-15 -1.000000e+00
    outer loop
      vertex   -2.036107e+01 7.914882e+00 2.750000e+01
      vertex   -2.045363e+01 7.835214e+00 2.750000e+01
      vertex   -2.362500e+01 1.595000e+01 2.750000e+01
    endloop
  endfacet
  facet normal -1.231234e-15 1.270047e-15 -1.000000e+00
    outer loop
      vertex   -2.362500e+01 1.595000e+01 2.750000e+01
      vertex   -2.045363e+01 7.835214e+00 2.750000e+01
      vertex   -2.054132e+01 7.750208e+00 2.750000e+01
    endloop
  endfacet
  facet normal -6.724170e-15 4.833507e-15 -1.000000e+00
    outer loop
      vertex   -2.070085e+01 7.565388e+00 2.750000e+01
      vertex   -2.077213e+01 7.466223e+00 2.750000e+01
      vertex   -2.362500e+01 6.437500e+00 2.750000e+01
    endloop
  endfacet
  facet normal -6.453239e-15 4.082154e-15 -1.000000e+00
    outer loop
      vertex   -2.362500e+01 6.437500e+00 2.750000e+01
      vertex   -2.077213e+01 7.466223e+00 2.750000e+01
      vertex   -2.083742e+01 7.363012e+00 2.750000e+01
    endloop
  endfacet
  facet normal -6.243284e-15 3.449784e-15 -1.000000e+00
    outer loop
      vertex   -2.362500e+01 6.437500e+00 2.750000e+01
      vertex   -2.083742e+01 7.363012e+00 2.750000e+01
      vertex   -2.089648e+01 7.256118e+00 2.750000e+01
    endloop
  endfacet
  facet normal -6.079435e-15 2.903662e-15 -1.000000e+00
    outer loop
      vertex   -2.089648e+01 7.256118e+00 2.750000e+01
      vertex   -2.094912e+01 7.145916e+00 2.750000e+01
      vertex   -2.362500e+01 6.437500e+00 2.750000e+01
    endloop
  endfacet
  facet normal -5.951710e-15 2.421210e-15 -1.000000e+00
    outer loop
      vertex   -2.362500e+01 6.437500e+00 2.750000e+01
      vertex   -2.094912e+01 7.145916e+00 2.750000e+01
      vertex   -2.099514e+01 7.032792e+00 2.750000e+01
    endloop
  endfacet
  facet normal -5.853242e-15 1.986200e-15 -1.000000e+00
    outer loop
      vertex   -2.362500e+01 6.437500e+00 2.750000e+01
      vertex   -2.099514e+01 7.032792e+00 2.750000e+01
      vertex   -2.103438e+01 6.917142e+00 2.750000e+01
    endloop
  endfacet
  facet normal -5.779241e-15 1.586513e-15 -1.000000e+00
    outer loop
      vertex   -2.103438e+01 6.917142e+00 2.750000e+01
      vertex   -2.106671e+01 6.799372e+00 2.750000e+01
      vertex   -2.362500e+01 6.437500e+00 2.750000e+01
    endloop
  endfacet
  facet normal -5.726370e-15 1.212737e-15 -1.000000e+00
    outer loop
      vertex   -2.362500e+01 6.437500e+00 2.750000e+01
      vertex   -2.106671e+01 6.799372e+00 2.750000e+01
      vertex   -2.109201e+01 6.679895e+00 2.750000e+01
    endloop
  endfacet
  facet normal -5.692353e-15 8.572630e-16 -1.000000e+00
    outer loop
      vertex   -2.362500e+01 6.437500e+00 2.750000e+01
      vertex   -2.109201e+01 6.679895e+00 2.750000e+01
      vertex   -2.111020e+01 6.559130e+00 2.750000e+01
    endloop
  endfacet
  facet normal -7.094668e-15 2.985130e-14 -1.000000e+00
    outer loop
      vertex   -2.111020e+01 6.559130e+00 2.750000e+01
      vertex   -2.112121e+01 6.437500e+00 2.750000e+01
      vertex   -2.362500e+01 6.437500e+00 2.750000e+01
    endloop
  endfacet
  facet normal 1.434784e-02 -2.553587e-02 9.995709e-01
    outer loop
      vertex   -2.097914e+01 9.894454e+00 2.987500e+01
      vertex   -2.112500e+01 9.812500e+00 2.987500e+01
      vertex   -2.101160e+01 9.743767e+00 2.987162e+01
    endloop
  endfacet
  facet normal 1.917863e-02 -1.757011e-02 9.996617e-01
    outer loop
      vertex   -2.101160e+01 9.743767e+00 2.987162e+01
      vertex   -2.112500e+01 9.812500e+00 2.987500e+01
      vertex   -2.112500e+01 9.721696e+00 2.987340e+01
    endloop
  endfacet
  facet normal 2.578877e-02 -5.164181e-02 9.983326e-01
    outer loop
      vertex   -2.101160e+01 9.743767e+00 2.987162e+01
      vertex   -2.112500e+01 9.721696e+00 2.987340e+01
      vertex   -2.112500e+01 9.629484e+00 2.986863e+01
    endloop
  endfacet
  facet normal 4.552484e-02 -8.443387e-02 9.953886e-01
    outer loop
      vertex   -2.112500e+01 9.536151e+00 2.986072e+01
      vertex   -2.106778e+01 9.575958e+00 2.986148e+01
      vertex   -2.112500e+01 9.629484e+00 2.986863e+01
    endloop
  endfacet
  facet normal 4.821254e-02 -8.157562e-02 9.955004e-01
    outer loop
      vertex   -2.112500e+01 9.629484e+00 2.986863e+01
      vertex   -2.106778e+01 9.575958e+00 2.986148e+01
      vertex   -2.095436e+01 9.642994e+00 2.986148e+01
    endloop
  endfacet
  facet normal 4.757862e-02 -7.320760e-02 9.961812e-01
    outer loop
      vertex   -2.112500e+01 9.629484e+00 2.986863e+01
      vertex   -2.095436e+01 9.642994e+00 2.986148e+01
      vertex   -2.101160e+01 9.743767e+00 2.987162e+01
    endloop
  endfacet
  facet normal 4.174405e-02 -7.652312e-02 9.961936e-01
    outer loop
      vertex   -2.101160e+01 9.743767e+00 2.987162e+01
      vertex   -2.095436e+01 9.642994e+00 2.986148e+01
      vertex   -2.089244e+01 9.808771e+00 2.987162e+01
    endloop
  endfacet
  facet normal 1.387454e-02 -2.543412e-02 9.995802e-01
    outer loop
      vertex   -2.101160e+01 9.743767e+00 2.987162e+01
      vertex   -2.089244e+01 9.808771e+00 2.987162e+01
      vertex   -2.097914e+01 9.894454e+00 2.987500e+01
    endloop
  endfacet
  facet normal 1.325945e-02 -2.605624e-02 9.995725e-01
    outer loop
      vertex   -2.097914e+01 9.894454e+00 2.987500e+01
      vertex   -2.089244e+01 9.808771e+00 2.987162e+01
      vertex   -2.083003e+01 9.970334e+00 2.987500e+01
    endloop
  endfacet
  facet normal 1.302683e-02 -2.596650e-02 9.995779e-01
    outer loop
      vertex   -2.083003e+01 9.970334e+00 2.987500e+01
      vertex   -2.089244e+01 9.808771e+00 2.987162e+01
      vertex   -2.077111e+01 9.869639e+00 2.987162e+01
    endloop
  endfacet
  facet normal 1.216023e-02 -2.647352e-02 9.995756e-01
    outer loop
      vertex   -2.083003e+01 9.970334e+00 2.987500e+01
      vertex   -2.077111e+01 9.869639e+00 2.987162e+01
      vertex   -2.064776e+01 9.926297e+00 2.987162e+01
    endloop
  endfacet
  facet normal 3.638478e-02 -7.921175e-02 9.961936e-01
    outer loop
      vertex   -2.064776e+01 9.926297e+00 2.987162e+01
      vertex   -2.077111e+01 9.869639e+00 2.987162e+01
      vertex   -2.072093e+01 9.765169e+00 2.986148e+01
    endloop
  endfacet
  facet normal 3.638478e-02 -7.921175e-02 9.961936e-01
    outer loop
      vertex   -2.064776e+01 9.926297e+00 2.987162e+01
      vertex   -2.072093e+01 9.765169e+00 2.986148e+01
      vertex   -2.060120e+01 9.820164e+00 2.986148e+01
    endloop
  endfacet
  facet normal 6.050437e-02 -1.317215e-01 9.894386e-01
    outer loop
      vertex   -2.060120e+01 9.820164e+00 2.986148e+01
      vertex   -2.072093e+01 9.765169e+00 2.986148e+01
      vertex   -2.067109e+01 9.661408e+00 2.984462e+01
    endloop
  endfacet
  facet normal 6.050437e-02 -1.317215e-01 9.894386e-01
    outer loop
      vertex   -2.060120e+01 9.820164e+00 2.986148e+01
      vertex   -2.067109e+01 9.661408e+00 2.984462e+01
      vertex   -2.055496e+01 9.714750e+00 2.984462e+01
    endloop
  endfacet
  facet normal 8.441905e-02 -1.837851e-01 9.793347e-01
    outer loop
      vertex   -2.055496e+01 9.714750e+00 2.984462e+01
      vertex   -2.067109e+01 9.661408e+00 2.984462e+01
      vertex   -2.062176e+01 9.558706e+00 2.982109e+01
    endloop
  endfacet
  facet normal 8.441905e-02 -1.837851e-01 9.793347e-01
    outer loop
      vertex   -2.055496e+01 9.714750e+00 2.984462e+01
      vertex   -2.062176e+01 9.558706e+00 2.982109e+01
      vertex   -2.050919e+01 9.610412e+00 2.982109e+01
    endloop
  endfacet
  facet normal 1.080479e-01 -2.352264e-01 9.659163e-01
    outer loop
      vertex   -2.050919e+01 9.610412e+00 2.982109e+01
      vertex   -2.062176e+01 9.558706e+00 2.982109e+01
      vertex   -2.057310e+01 9.457410e+00 2.979098e+01
    endloop
  endfacet
  facet normal 1.080479e-01 -2.352264e-01 9.659163e-01
    outer loop
      vertex   -2.050919e+01 9.610412e+00 2.982109e+01
      vertex   -2.057310e+01 9.457410e+00 2.979098e+01
      vertex   -2.046405e+01 9.507503e+00 2.979098e+01
    endloop
  endfacet
  facet normal 1.313108e-01 -2.858711e-01 9.492287e-01
    outer loop
      vertex   -2.046405e+01 9.507503e+00 2.979098e+01
      vertex   -2.057310e+01 9.457410e+00 2.979098e+01
      vertex   -2.052529e+01 9.357865e+00 2.975439e+01
    endloop
  endfacet
  facet normal 1.313108e-01 -2.858711e-01 9.492287e-01
    outer loop
      vertex   -2.046405e+01 9.507503e+00 2.979098e+01
      vertex   -2.052529e+01 9.357865e+00 2.975439e+01
      vertex   -2.041968e+01 9.406372e+00 2.975439e+01
    endloop
  endfacet
  facet normal 1.541290e-01 -3.355477e-01 9.293288e-01
    outer loop
      vertex   -2.041968e+01 9.406372e+00 2.975439e+01
      vertex   -2.052529e+01 9.357865e+00 2.975439e+01
      vertex   -2.047847e+01 9.260405e+00 2.971143e+01
    endloop
  endfacet
  facet normal 1.541290e-01 -3.355477e-01 9.293288e-01
    outer loop
      vertex   -2.041968e+01 9.406372e+00 2.975439e+01
      vertex   -2.047847e+01 9.260405e+00 2.971143e+01
      vertex   -2.037625e+01 9.307360e+00 2.971143e+01
    endloop
  endfacet
  facet normal 1.764254e-01 -3.840881e-01 9.062838e-01
    outer loop
      vertex   -2.037625e+01 9.307360e+00 2.971143e+01
      vertex   -2.047847e+01 9.260405e+00 2.971143e+01
      vertex   -2.043282e+01 9.165362e+00 2.966227e+01
    endloop
  endfacet
  facet normal 1.764254e-01 -3.840881e-01 9.062838e-01
    outer loop
      vertex   -2.037625e+01 9.307360e+00 2.971143e+01
      vertex   -2.043282e+01 9.165362e+00 2.966227e+01
      vertex   -2.033389e+01 9.210803e+00 2.966227e+01
    endloop
  endfacet
  facet normal 1.981243e-01 -4.313281e-01 8.801721e-01
    outer loop
      vertex   -2.033389e+01 9.210803e+00 2.966227e+01
      vertex   -2.043282e+01 9.165362e+00 2.966227e+01
      vertex   -2.038848e+01 9.073057e+00 2.960705e+01
    endloop
  endfacet
  facet normal 1.981243e-01 -4.313281e-01 8.801721e-01
    outer loop
      vertex   -2.033389e+01 9.210803e+00 2.966227e+01
      vertex   -2.038848e+01 9.073057e+00 2.960705e+01
      vertex   -2.029276e+01 9.117027e+00 2.960705e+01
    endloop
  endfacet
  facet normal 2.191525e-01 -4.771076e-01 8.510820e-01
    outer loop
      vertex   -2.029276e+01 9.117027e+00 2.960705e+01
      vertex   -2.038848e+01 9.073057e+00 2.960705e+01
      vertex   -2.034561e+01 8.983801e+00 2.954598e+01
    endloop
  endfacet
  facet normal 2.191525e-01 -4.771076e-01 8.510820e-01
    outer loop
      vertex   -2.029276e+01 9.117027e+00 2.960705e+01
      vertex   -2.034561e+01 8.983801e+00 2.954598e+01
      vertex   -2.025298e+01 9.026350e+00 2.954598e+01
    endloop
  endfacet
  facet normal 2.394387e-01 -5.212718e-01 8.191122e-01
    outer loop
      vertex   -2.025298e+01 9.026350e+00 2.954598e+01
      vertex   -2.034561e+01 8.983801e+00 2.954598e+01
      vertex   -2.030435e+01 8.897898e+00 2.947925e+01
    endloop
  endfacet
  facet normal 2.394387e-01 -5.212718e-01 8.191122e-01
    outer loop
      vertex   -2.025298e+01 9.026350e+00 2.954598e+01
      vertex   -2.030435e+01 8.897898e+00 2.947925e+01
      vertex   -2.021470e+01 8.939079e+00 2.947925e+01
    endloop
  endfacet
  facet normal 2.589143e-01 -5.636714e-01 7.843710e-01
    outer loop
      vertex   -2.021470e+01 8.939079e+00 2.947925e+01
      vertex   -2.030435e+01 8.897898e+00 2.947925e+01
      vertex   -2.026484e+01 8.815637e+00 2.940709e+01
    endloop
  endfacet
  facet normal 2.589143e-01 -5.636714e-01 7.843710e-01
    outer loop
      vertex   -2.021470e+01 8.939079e+00 2.947925e+01
      vertex   -2.026484e+01 8.815637e+00 2.940709e+01
      vertex   -2.017804e+01 8.855508e+00 2.940709e+01
    endloop
  endfacet
  facet normal 2.775135e-01 -6.041629e-01 7.469762e-01
    outer loop
      vertex   -2.017804e+01 8.855508e+00 2.940709e+01
      vertex   -2.026484e+01 8.815637e+00 2.940709e+01
      vertex   -2.022721e+01 8.737298e+00 2.932975e+01
    endloop
  endfacet
  facet normal 2.775135e-01 -6.041629e-01 7.469762e-01
    outer loop
      vertex   -2.017804e+01 8.855508e+00 2.940709e+01
      vertex   -2.022721e+01 8.737298e+00 2.932975e+01
      vertex   -2.014312e+01 8.775921e+00 2.932975e+01
    endloop
  endfacet
  facet normal 2.951733e-01 -6.426093e-01 7.070545e-01
    outer loop
      vertex   -2.014312e+01 8.775921e+00 2.932975e+01
      vertex   -2.022721e+01 8.737298e+00 2.932975e+01
      vertex   -2.019159e+01 8.663145e+00 2.924748e+01
    endloop
  endfacet
  facet normal 2.951733e-01 -6.426093e-01 7.070545e-01
    outer loop
      vertex   -2.014312e+01 8.775921e+00 2.932975e+01
      vertex   -2.019159e+01 8.663145e+00 2.924748e+01
      vertex   -2.011008e+01 8.700586e+00 2.924748e+01
    endloop
  endfacet
  facet normal 3.118341e-01 -6.788807e-01 6.647410e-01
    outer loop
      vertex   -2.011008e+01 8.700586e+00 2.924748e+01
      vertex   -2.019159e+01 8.663145e+00 2.924748e+01
      vertex   -2.015810e+01 8.593428e+00 2.916058e+01
    endloop
  endfacet
  facet normal 3.118341e-01 -6.788807e-01 6.647410e-01
    outer loop
      vertex   -2.011008e+01 8.700586e+00 2.924748e+01
      vertex   -2.015810e+01 8.593428e+00 2.916058e+01
      vertex   -2.007901e+01 8.629759e+00 2.916058e+01
    endloop
  endfacet
  facet normal 3.274394e-01 -7.128544e-01 6.201790e-01
    outer loop
      vertex   -2.007901e+01 8.629759e+00 2.916058e+01
      vertex   -2.015810e+01 8.593428e+00 2.916058e+01
      vertex   -2.012686e+01 8.528385e+00 2.906932e+01
    endloop
  endfacet
  facet normal 3.274394e-01 -7.128544e-01 6.201790e-01
    outer loop
      vertex   -2.007901e+01 8.629759e+00 2.916058e+01
      vertex   -2.012686e+01 8.528385e+00 2.906932e+01
      vertex   -2.005002e+01 8.563680e+00 2.906932e+01
    endloop
  endfacet
  facet normal 3.419366e-01 -7.444157e-01 5.735195e-01
    outer loop
      vertex   -2.005002e+01 8.563680e+00 2.906932e+01
      vertex   -2.012686e+01 8.528385e+00 2.906932e+01
      vertex   -2.009797e+01 8.468235e+00 2.897402e+01
    endloop
  endfacet
  facet normal 3.419366e-01 -7.444157e-01 5.735195e-01
    outer loop
      vertex   -2.005002e+01 8.563680e+00 2.906932e+01
      vertex   -2.009797e+01 8.468235e+00 2.897402e+01
      vertex   -2.002322e+01 8.502572e+00 2.897402e+01
    endloop
  endfacet
  facet normal 3.552767e-01 -7.734579e-01 5.249203e-01
    outer loop
      vertex   -2.002322e+01 8.502572e+00 2.897402e+01
      vertex   -2.009797e+01 8.468235e+00 2.897402e+01
      vertex   -2.007152e+01 8.413181e+00 2.887500e+01
    endloop
  endfacet
  facet normal 3.552767e-01 -7.734579e-01 5.249203e-01
    outer loop
      vertex   -2.002322e+01 8.502572e+00 2.897402e+01
      vertex   -2.007152e+01 8.413181e+00 2.887500e+01
      vertex   -1.999868e+01 8.446642e+00 2.887500e+01
    endloop
  endfacet
  facet normal 3.674147e-01 -7.998829e-01 4.745460e-01
    outer loop
      vertex   -1.999868e+01 8.446642e+00 2.887500e+01
      vertex   -2.007152e+01 8.413181e+00 2.887500e+01
      vertex   -2.004762e+01 8.363411e+00 2.877260e+01
    endloop
  endfacet
  facet normal 3.674147e-01 -7.998829e-01 4.745460e-01
    outer loop
      vertex   -1.999868e+01 8.446642e+00 2.887500e+01
      vertex   -2.004762e+01 8.363411e+00 2.877260e+01
      vertex   -1.997650e+01 8.396078e+00 2.877260e+01
    endloop
  endfacet
  facet normal 3.783094e-01 -8.236014e-01 4.225669e-01
    outer loop
      vertex   -1.997650e+01 8.396078e+00 2.877260e+01
      vertex   -2.004762e+01 8.363411e+00 2.877260e+01
      vertex   -2.002633e+01 8.319091e+00 2.866716e+01
    endloop
  endfacet
  facet normal 3.783094e-01 -8.236014e-01 4.225669e-01
    outer loop
      vertex   -1.997650e+01 8.396078e+00 2.877260e+01
      vertex   -2.002633e+01 8.319091e+00 2.866716e+01
      vertex   -1.995675e+01 8.351053e+00 2.866716e+01
    endloop
  endfacet
  facet normal 3.879242e-01 -8.445333e-01 3.691590e-01
    outer loop
      vertex   -1.995675e+01 8.351053e+00 2.866716e+01
      vertex   -2.002633e+01 8.319091e+00 2.866716e+01
      vertex   -2.000773e+01 8.280373e+00 2.855904e+01
    endloop
  endfacet
  facet normal 3.879242e-01 -8.445333e-01 3.691590e-01
    outer loop
      vertex   -1.995675e+01 8.351053e+00 2.866716e+01
      vertex   -2.000773e+01 8.280373e+00 2.855904e+01
      vertex   -1.993949e+01 8.311718e+00 2.855904e+01
    endloop
  endfacet
  facet normal 3.962265e-01 -8.626080e-01 3.145028e-01
    outer loop
      vertex   -1.993949e+01 8.311718e+00 2.855904e+01
      vertex   -2.000773e+01 8.280373e+00 2.855904e+01
      vertex   -1.999189e+01 8.247387e+00 2.844861e+01
    endloop
  endfacet
  facet normal 3.962265e-01 -8.626080e-01 3.145028e-01
    outer loop
      vertex   -1.993949e+01 8.311718e+00 2.855904e+01
      vertex   -1.999189e+01 8.247387e+00 2.844861e+01
      vertex   -1.992479e+01 8.278207e+00 2.844861e+01
    endloop
  endfacet
  facet normal 4.031884e-01 -8.777644e-01 2.587833e-01
    outer loop
      vertex   -1.992479e+01 8.278207e+00 2.844861e+01
      vertex   -1.999189e+01 8.247387e+00 2.844861e+01
      vertex   -1.997885e+01 8.220245e+00 2.833623e+01
    endloop
  endfacet
  facet normal 4.031884e-01 -8.777644e-01 2.587833e-01
    outer loop
      vertex   -1.992479e+01 8.278207e+00 2.844861e+01
      vertex   -1.997885e+01 8.220245e+00 2.833623e+01
      vertex   -1.991270e+01 8.250632e+00 2.833623e+01
    endloop
  endfacet
  facet normal 4.087863e-01 -8.899513e-01 2.021889e-01
    outer loop
      vertex   -1.991270e+01 8.250632e+00 2.833623e+01
      vertex   -1.997885e+01 8.220245e+00 2.833623e+01
      vertex   -1.996867e+01 8.199039e+00 2.822230e+01
    endloop
  endfacet
  facet normal 4.087863e-01 -8.899513e-01 2.021889e-01
    outer loop
      vertex   -1.991270e+01 8.250632e+00 2.833623e+01
      vertex   -1.996867e+01 8.199039e+00 2.822230e+01
      vertex   -1.990325e+01 8.229088e+00 2.822230e+01
    endloop
  endfacet
  facet normal 4.130014e-01 -8.991277e-01 1.449109e-01
    outer loop
      vertex   -1.990325e+01 8.229088e+00 2.822230e+01
      vertex   -1.996867e+01 8.199039e+00 2.822230e+01
      vertex   -1.996136e+01 8.183840e+00 2.810719e+01
    endloop
  endfacet
  facet normal 4.130014e-01 -8.991277e-01 1.449109e-01
    outer loop
      vertex   -1.990325e+01 8.229088e+00 2.822230e+01
      vertex   -1.996136e+01 8.183840e+00 2.810719e+01
      vertex   -1.989647e+01 8.213647e+00 2.810719e+01
    endloop
  endfacet
  facet normal 4.158193e-01 -9.052626e-01 8.714295e-02
    outer loop
      vertex   -1.989647e+01 8.213647e+00 2.810719e+01
      vertex   -1.996136e+01 8.183840e+00 2.810719e+01
      vertex   -1.995697e+01 8.174700e+00 2.799129e+01
    endloop
  endfacet
  facet normal 4.158193e-01 -9.052626e-01 8.714295e-02
    outer loop
      vertex   -1.989647e+01 8.213647e+00 2.810719e+01
      vertex   -1.995697e+01 8.174700e+00 2.799129e+01
      vertex   -1.989240e+01 8.204362e+00 2.799129e+01
    endloop
  endfacet
  facet normal 4.172425e-01 -9.083609e-01 2.809188e-02
    outer loop
      vertex   -1.989240e+01 8.204362e+00 2.799129e+01
      vertex   -1.995697e+01 8.174700e+00 2.799129e+01
      vertex   -1.994876e+01 8.174877e+00 2.787500e+01
    endloop
  endfacet
  facet normal 4.025064e-01 -9.146758e-01 3.683490e-02
    outer loop
      vertex   -1.989240e+01 8.204362e+00 2.799129e+01
      vertex   -1.994876e+01 8.174877e+00 2.787500e+01
      vertex   -1.983698e+01 8.224067e+00 2.787500e+01
    endloop
  endfacet
  facet normal 7.369949e-02 -1.248199e-01 9.894384e-01
    outer loop
      vertex   -2.106778e+01 9.575958e+00 2.986148e+01
      vertex   -2.112500e+01 9.536151e+00 2.986072e+01
      vertex   -2.100752e+01 9.477883e+00 2.984462e+01
    endloop
  endfacet
  facet normal 7.814622e-02 -1.160547e-01 9.901639e-01
    outer loop
      vertex   -2.100752e+01 9.477883e+00 2.984462e+01
      vertex   -2.112500e+01 9.536151e+00 2.986072e+01
      vertex   -2.112500e+01 9.441985e+00 2.984968e+01
    endloop
  endfacet
  facet normal 8.172319e-02 -1.280098e-01 9.884001e-01
    outer loop
      vertex   -2.100752e+01 9.477883e+00 2.984462e+01
      vertex   -2.112500e+01 9.441985e+00 2.984968e+01
      vertex   -2.111523e+01 9.409117e+00 2.984462e+01
    endloop
  endfacet
  facet normal 1.629832e-02 -1.475364e-01 9.889223e-01
    outer loop
      vertex   -2.111523e+01 9.409117e+00 2.984462e+01
      vertex   -2.112500e+01 9.441985e+00 2.984968e+01
      vertex   -2.112500e+01 9.347271e+00 2.983555e+01
    endloop
  endfacet
  facet normal 1.206663e-01 -1.626100e-01 9.792842e-01
    outer loop
      vertex   -2.111523e+01 9.409117e+00 2.984462e+01
      vertex   -2.112500e+01 9.347271e+00 2.983555e+01
      vertex   -2.105228e+01 9.314152e+00 2.982109e+01
    endloop
  endfacet
  facet normal 1.137740e-01 -1.770127e-01 9.776103e-01
    outer loop
      vertex   -2.105228e+01 9.314152e+00 2.982109e+01
      vertex   -2.112500e+01 9.347271e+00 2.983555e+01
      vertex   -2.112500e+01 9.252299e+00 2.981835e+01
    endloop
  endfacet
  facet normal 1.456481e-01 -2.139704e-01 9.659210e-01
    outer loop
      vertex   -2.105228e+01 9.314152e+00 2.982109e+01
      vertex   -2.112500e+01 9.252299e+00 2.981835e+01
      vertex   -2.099019e+01 9.220488e+00 2.979098e+01
    endloop
  endfacet
  facet normal 1.460880e-01 -2.123557e-01 9.662108e-01
    outer loop
      vertex   -2.099019e+01 9.220488e+00 2.979098e+01
      vertex   -2.112500e+01 9.252299e+00 2.981835e+01
      vertex   -2.108906e+01 9.152469e+00 2.979098e+01
    endloop
  endfacet
  facet normal 1.782999e-01 -2.591793e-01 9.492287e-01
    outer loop
      vertex   -2.099019e+01 9.220488e+00 2.979098e+01
      vertex   -2.108906e+01 9.152469e+00 2.979098e+01
      vertex   -2.102492e+01 9.062576e+00 2.975439e+01
    endloop
  endfacet
  facet normal 1.938971e-01 -2.480184e-01 9.491527e-01
    outer loop
      vertex   -2.102492e+01 9.062576e+00 2.975439e+01
      vertex   -2.108906e+01 9.152469e+00 2.979098e+01
      vertex   -2.112500e+01 9.062725e+00 2.977487e+01
    endloop
  endfacet
  facet normal 1.931874e-01 -2.611103e-01 9.457801e-01
    outer loop
      vertex   -2.102492e+01 9.062576e+00 2.975439e+01
      vertex   -2.112500e+01 9.062725e+00 2.977487e+01
      vertex   -2.111834e+01 8.993457e+00 2.975439e+01
    endloop
  endfacet
  facet normal 1.661948e-01 -2.649089e-01 9.498434e-01
    outer loop
      vertex   -2.111834e+01 8.993457e+00 2.975439e+01
      vertex   -2.112500e+01 9.062725e+00 2.977487e+01
      vertex   -2.112500e+01 8.968695e+00 2.974865e+01
    endloop
  endfacet
  facet normal 2.411082e-01 -2.802730e-01 9.291468e-01
    outer loop
      vertex   -2.111834e+01 8.993457e+00 2.975439e+01
      vertex   -2.112500e+01 8.968695e+00 2.974865e+01
      vertex   -2.105254e+01 8.907659e+00 2.971143e+01
    endloop
  endfacet
  facet normal 2.331382e-01 -2.892893e-01 9.284171e-01
    outer loop
      vertex   -2.105254e+01 8.907659e+00 2.971143e+01
      vertex   -2.112500e+01 8.968695e+00 2.974865e+01
      vertex   -2.112500e+01 8.875514e+00 2.971961e+01
    endloop
  endfacet
  facet normal 2.431961e-01 -3.147392e-01 9.174938e-01
    outer loop
      vertex   -2.105254e+01 8.907659e+00 2.971143e+01
      vertex   -2.112500e+01 8.875514e+00 2.971961e+01
      vertex   -2.112500e+01 8.783406e+00 2.968801e+01
    endloop
  endfacet
  facet normal 1.637064e-01 -2.056368e-01 9.648387e-01
    outer loop
      vertex   -2.112500e+01 9.252299e+00 2.981835e+01
      vertex   -2.112500e+01 9.157354e+00 2.979812e+01
      vertex   -2.108906e+01 9.152469e+00 2.979098e+01
    endloop
  endfacet
  facet normal 1.584499e-01 -2.355651e-01 9.588549e-01
    outer loop
      vertex   -2.108906e+01 9.152469e+00 2.979098e+01
      vertex   -2.112500e+01 9.157354e+00 2.979812e+01
      vertex   -2.112500e+01 9.062725e+00 2.977487e+01
    endloop
  endfacet
  facet normal 2.738015e-01 -3.364784e-01 9.010078e-01
    outer loop
      vertex   -2.112500e+01 8.692597e+00 2.965410e+01
      vertex   -2.107362e+01 8.756267e+00 2.966227e+01
      vertex   -2.112500e+01 8.783406e+00 2.968801e+01
    endloop
  endfacet
  facet normal 2.709614e-01 -3.410419e-01 9.001502e-01
    outer loop
      vertex   -2.112500e+01 8.783406e+00 2.968801e+01
      vertex   -2.107362e+01 8.756267e+00 2.966227e+01
      vertex   -2.098838e+01 8.823989e+00 2.966227e+01
    endloop
  endfacet
  facet normal 2.679496e-01 -3.270497e-01 9.062238e-01
    outer loop
      vertex   -2.112500e+01 8.783406e+00 2.968801e+01
      vertex   -2.098838e+01 8.823989e+00 2.966227e+01
      vertex   -2.105254e+01 8.907659e+00 2.971143e+01
    endloop
  endfacet
  facet normal 2.513932e-01 -3.397809e-01 9.062838e-01
    outer loop
      vertex   -2.105254e+01 8.907659e+00 2.971143e+01
      vertex   -2.098838e+01 8.823989e+00 2.966227e+01
      vertex   -2.096211e+01 8.974566e+00 2.971143e+01
    endloop
  endfacet
  facet normal 2.196226e-01 -2.968399e-01 9.293288e-01
    outer loop
      vertex   -2.105254e+01 8.907659e+00 2.971143e+01
      vertex   -2.096211e+01 8.974566e+00 2.971143e+01
      vertex   -2.102492e+01 9.062576e+00 2.975439e+01
    endloop
  endfacet
  facet normal 2.092836e-01 -3.042177e-01 9.293288e-01
    outer loop
      vertex   -2.102492e+01 9.062576e+00 2.975439e+01
      vertex   -2.096211e+01 8.974566e+00 2.971143e+01
      vertex   -2.092917e+01 9.128441e+00 2.975439e+01
    endloop
  endfacet
  facet normal 1.782999e-01 -2.591793e-01 9.492287e-01
    outer loop
      vertex   -2.102492e+01 9.062576e+00 2.975439e+01
      vertex   -2.092917e+01 9.128441e+00 2.975439e+01
      vertex   -2.099019e+01 9.220488e+00 2.979098e+01
    endloop
  endfacet
  facet normal 1.692806e-01 -2.651582e-01 9.492287e-01
    outer loop
      vertex   -2.099019e+01 9.220488e+00 2.979098e+01
      vertex   -2.092917e+01 9.128441e+00 2.975439e+01
      vertex   -2.088904e+01 9.285065e+00 2.979098e+01
    endloop
  endfacet
  facet normal 1.392910e-01 -2.181830e-01 9.659163e-01
    outer loop
      vertex   -2.099019e+01 9.220488e+00 2.979098e+01
      vertex   -2.088904e+01 9.285065e+00 2.979098e+01
      vertex   -2.094787e+01 9.380809e+00 2.982109e+01
    endloop
  endfacet
  facet normal 1.317048e-01 -2.228444e-01 9.659163e-01
    outer loop
      vertex   -2.094787e+01 9.380809e+00 2.982109e+01
      vertex   -2.088904e+01 9.285065e+00 2.979098e+01
      vertex   -2.084123e+01 9.443836e+00 2.982109e+01
    endloop
  endfacet
  facet normal 1.029025e-01 -1.741110e-01 9.793347e-01
    outer loop
      vertex   -2.094787e+01 9.380809e+00 2.982109e+01
      vertex   -2.084123e+01 9.443836e+00 2.982109e+01
      vertex   -2.089750e+01 9.542904e+00 2.984462e+01
    endloop
  endfacet
  facet normal 9.685350e-02 -1.775470e-01 9.793347e-01
    outer loop
      vertex   -2.089750e+01 9.542904e+00 2.984462e+01
      vertex   -2.084123e+01 9.443836e+00 2.982109e+01
      vertex   -2.078531e+01 9.604103e+00 2.984462e+01
    endloop
  endfacet
  facet normal 6.941632e-02 -1.272506e-01 9.894386e-01
    outer loop
      vertex   -2.089750e+01 9.542904e+00 2.984462e+01
      vertex   -2.078531e+01 9.604103e+00 2.984462e+01
      vertex   -2.083869e+01 9.706089e+00 2.986148e+01
    endloop
  endfacet
  facet normal 6.499879e-02 -1.295627e-01 9.894386e-01
    outer loop
      vertex   -2.083869e+01 9.706089e+00 2.986148e+01
      vertex   -2.078531e+01 9.604103e+00 2.984462e+01
      vertex   -2.072093e+01 9.765169e+00 2.986148e+01
    endloop
  endfacet
  facet normal 3.908754e-02 -7.791353e-02 9.961936e-01
    outer loop
      vertex   -2.083869e+01 9.706089e+00 2.986148e+01
      vertex   -2.072093e+01 9.765169e+00 2.986148e+01
      vertex   -2.077111e+01 9.869639e+00 2.987162e+01
    endloop
  endfacet
  facet normal 3.221663e-01 -3.538532e-01 8.780643e-01
    outer loop
      vertex   -2.112500e+01 8.603313e+00 2.961812e+01
      vertex   -2.108873e+01 8.608870e+00 2.960705e+01
      vertex   -2.112500e+01 8.692597e+00 2.965410e+01
    endloop
  endfacet
  facet normal 3.078600e-01 -3.612430e-01 8.801850e-01
    outer loop
      vertex   -2.112500e+01 8.692597e+00 2.965410e+01
      vertex   -2.108873e+01 8.608870e+00 2.960705e+01
      vertex   -2.100855e+01 8.677198e+00 2.960705e+01
    endloop
  endfacet
  facet normal 3.078496e-01 -3.612829e-01 8.801723e-01
    outer loop
      vertex   -2.112500e+01 8.692597e+00 2.965410e+01
      vertex   -2.100855e+01 8.677198e+00 2.960705e+01
      vertex   -2.107362e+01 8.756267e+00 2.966227e+01
    endloop
  endfacet
  facet normal 2.952688e-01 -3.716362e-01 8.801721e-01
    outer loop
      vertex   -2.107362e+01 8.756267e+00 2.966227e+01
      vertex   -2.100855e+01 8.677198e+00 2.960705e+01
      vertex   -2.098838e+01 8.823989e+00 2.966227e+01
    endloop
  endfacet
  facet normal 3.226633e-01 -3.752647e-01 8.689447e-01
    outer loop
      vertex   -2.112500e+01 8.603313e+00 2.961812e+01
      vertex   -2.112500e+01 8.515779e+00 2.958032e+01
      vertex   -2.108873e+01 8.608870e+00 2.960705e+01
    endloop
  endfacet
  facet normal 3.582162e-01 -3.839728e-01 8.510265e-01
    outer loop
      vertex   -2.108873e+01 8.608870e+00 2.960705e+01
      vertex   -2.112500e+01 8.515779e+00 2.958032e+01
      vertex   -2.102321e+01 8.534623e+00 2.954598e+01
    endloop
  endfacet
  facet normal 3.405524e-01 -3.996042e-01 8.510820e-01
    outer loop
      vertex   -2.108873e+01 8.608870e+00 2.960705e+01
      vertex   -2.102321e+01 8.534623e+00 2.954598e+01
      vertex   -2.100855e+01 8.677198e+00 2.960705e+01
    endloop
  endfacet
  facet normal 3.405524e-01 -3.996042e-01 8.510820e-01
    outer loop
      vertex   -2.100855e+01 8.677198e+00 2.960705e+01
      vertex   -2.102321e+01 8.534623e+00 2.954598e+01
      vertex   -2.094563e+01 8.600742e+00 2.954598e+01
    endloop
  endfacet
  facet normal 3.266076e-01 -4.110803e-01 8.510820e-01
    outer loop
      vertex   -2.100855e+01 8.677198e+00 2.960705e+01
      vertex   -2.094563e+01 8.600742e+00 2.954598e+01
      vertex   -2.092607e+01 8.742729e+00 2.960705e+01
    endloop
  endfacet
  facet normal 3.266076e-01 -4.110803e-01 8.510820e-01
    outer loop
      vertex   -2.092607e+01 8.742729e+00 2.960705e+01
      vertex   -2.094563e+01 8.600742e+00 2.954598e+01
      vertex   -2.086582e+01 8.664154e+00 2.954598e+01
    endloop
  endfacet
  facet normal 3.122763e-01 -4.220699e-01 8.510820e-01
    outer loop
      vertex   -2.092607e+01 8.742729e+00 2.960705e+01
      vertex   -2.086582e+01 8.664154e+00 2.954598e+01
      vertex   -2.084139e+01 8.805384e+00 2.960705e+01
    endloop
  endfacet
  facet normal 3.122763e-01 -4.220699e-01 8.510820e-01
    outer loop
      vertex   -2.084139e+01 8.805384e+00 2.960705e+01
      vertex   -2.086582e+01 8.664154e+00 2.954598e+01
      vertex   -2.078387e+01 8.724783e+00 2.954598e+01
    endloop
  endfacet
  facet normal 2.975756e-01 -4.325601e-01 8.510820e-01
    outer loop
      vertex   -2.084139e+01 8.805384e+00 2.960705e+01
      vertex   -2.078387e+01 8.724783e+00 2.954598e+01
      vertex   -2.075460e+01 8.865089e+00 2.960705e+01
    endloop
  endfacet
  facet normal 2.975756e-01 -4.325601e-01 8.510820e-01
    outer loop
      vertex   -2.075460e+01 8.865089e+00 2.960705e+01
      vertex   -2.078387e+01 8.724783e+00 2.954598e+01
      vertex   -2.069989e+01 8.782558e+00 2.954598e+01
    endloop
  endfacet
  facet normal 2.825227e-01 -4.425386e-01 8.510820e-01
    outer loop
      vertex   -2.075460e+01 8.865089e+00 2.960705e+01
      vertex   -2.069989e+01 8.782558e+00 2.954598e+01
      vertex   -2.066581e+01 8.921774e+00 2.960705e+01
    endloop
  endfacet
  facet normal 2.825227e-01 -4.425386e-01 8.510820e-01
    outer loop
      vertex   -2.066581e+01 8.921774e+00 2.960705e+01
      vertex   -2.069989e+01 8.782558e+00 2.954598e+01
      vertex   -2.061397e+01 8.837410e+00 2.954598e+01
    endloop
  endfacet
  facet normal 2.671356e-01 -4.519934e-01 8.510820e-01
    outer loop
      vertex   -2.066581e+01 8.921774e+00 2.960705e+01
      vertex   -2.061397e+01 8.837410e+00 2.954598e+01
      vertex   -2.057512e+01 8.975372e+00 2.960705e+01
    endloop
  endfacet
  facet normal 2.671356e-01 -4.519934e-01 8.510820e-01
    outer loop
      vertex   -2.057512e+01 8.975372e+00 2.960705e+01
      vertex   -2.061397e+01 8.837410e+00 2.954598e+01
      vertex   -2.052621e+01 8.889275e+00 2.954598e+01
    endloop
  endfacet
  facet normal 2.514324e-01 -4.609135e-01 8.510820e-01
    outer loop
      vertex   -2.057512e+01 8.975372e+00 2.960705e+01
      vertex   -2.052621e+01 8.889275e+00 2.954598e+01
      vertex   -2.048264e+01 9.025820e+00 2.960705e+01
    endloop
  endfacet
  facet normal 2.514324e-01 -4.609135e-01 8.510820e-01
    outer loop
      vertex   -2.048264e+01 9.025820e+00 2.960705e+01
      vertex   -2.052621e+01 8.889275e+00 2.954598e+01
      vertex   -2.043673e+01 8.938092e+00 2.954598e+01
    endloop
  endfacet
  facet normal 2.354317e-01 -4.692882e-01 8.510820e-01
    outer loop
      vertex   -2.048264e+01 9.025820e+00 2.960705e+01
      vertex   -2.043673e+01 8.938092e+00 2.954598e+01
      vertex   -2.038848e+01 9.073057e+00 2.960705e+01
    endloop
  endfacet
  facet normal 2.354317e-01 -4.692882e-01 8.510820e-01
    outer loop
      vertex   -2.038848e+01 9.073057e+00 2.960705e+01
      vertex   -2.043673e+01 8.938092e+00 2.954598e+01
      vertex   -2.034561e+01 8.983801e+00 2.954598e+01
    endloop
  endfacet
  facet normal 3.584444e-01 -3.924178e-01 8.470690e-01
    outer loop
      vertex   -2.102321e+01 8.534623e+00 2.954598e+01
      vertex   -2.112500e+01 8.515779e+00 2.958032e+01
      vertex   -2.109848e+01 8.465875e+00 2.954598e+01
    endloop
  endfacet
  facet normal 3.629922e-01 -3.895719e-01 8.464457e-01
    outer loop
      vertex   -2.109848e+01 8.465875e+00 2.954598e+01
      vertex   -2.112500e+01 8.515779e+00 2.958032e+01
      vertex   -2.112500e+01 8.430220e+00 2.954094e+01
    endloop
  endfacet
  facet normal 3.987596e-01 -4.123213e-01 8.191348e-01
    outer loop
      vertex   -2.109848e+01 8.465875e+00 2.954598e+01
      vertex   -2.112500e+01 8.430220e+00 2.954094e+01
      vertex   -2.103300e+01 8.396627e+00 2.947925e+01
    endloop
  endfacet
  facet normal 4.045505e-01 -4.012961e-01 8.217666e-01
    outer loop
      vertex   -2.103300e+01 8.396627e+00 2.947925e+01
      vertex   -2.112500e+01 8.430220e+00 2.954094e+01
      vertex   -2.112500e+01 8.346863e+00 2.950023e+01
    endloop
  endfacet
  facet normal 4.121374e-01 -4.211504e-01 8.079450e-01
    outer loop
      vertex   -2.103300e+01 8.396627e+00 2.947925e+01
      vertex   -2.112500e+01 8.346863e+00 2.950023e+01
      vertex   -2.110352e+01 8.327623e+00 2.947925e+01
    endloop
  endfacet
  facet normal 4.157779e-01 -4.172552e-01 8.081007e-01
    outer loop
      vertex   -2.110352e+01 8.327623e+00 2.947925e+01
      vertex   -2.112500e+01 8.346863e+00 2.950023e+01
      vertex   -2.112500e+01 8.265932e+00 2.945845e+01
    endloop
  endfacet
  facet normal 4.542066e-01 -4.226067e-01 7.842831e-01
    outer loop
      vertex   -2.110352e+01 8.327623e+00 2.947925e+01
      vertex   -2.112500e+01 8.265932e+00 2.945845e+01
      vertex   -2.103858e+01 8.263507e+00 2.940709e+01
    endloop
  endfacet
  facet normal 4.519705e-01 -4.311400e-01 7.809232e-01
    outer loop
      vertex   -2.103858e+01 8.263507e+00 2.940709e+01
      vertex   -2.112500e+01 8.265932e+00 2.945845e+01
      vertex   -2.110451e+01 8.194391e+00 2.940709e+01
    endloop
  endfacet
  facet normal 4.810757e-01 -4.589037e-01 7.469762e-01
    outer loop
      vertex   -2.103858e+01 8.263507e+00 2.940709e+01
      vertex   -2.110451e+01 8.194391e+00 2.940709e+01
      vertex   -2.104060e+01 8.135494e+00 2.932975e+01
    endloop
  endfacet
  facet normal 5.012302e-01 -4.369329e-01 7.468989e-01
    outer loop
      vertex   -2.104060e+01 8.135494e+00 2.932975e+01
      vertex   -2.110451e+01 8.194391e+00 2.940709e+01
      vertex   -2.112500e+01 8.107027e+00 2.936973e+01
    endloop
  endfacet
  facet normal 5.016399e-01 -4.465970e-01 7.408836e-01
    outer loop
      vertex   -2.104060e+01 8.135494e+00 2.932975e+01
      vertex   -2.112500e+01 8.107027e+00 2.936973e+01
      vertex   -2.110213e+01 8.066384e+00 2.932975e+01
    endloop
  endfacet
  facet normal 5.061716e-01 -4.430871e-01 7.399082e-01
    outer loop
      vertex   -2.110213e+01 8.066384e+00 2.932975e+01
      vertex   -2.112500e+01 8.107027e+00 2.936973e+01
      vertex   -2.112500e+01 8.027649e+00 2.932220e+01
    endloop
  endfacet
  facet normal 5.399209e-01 -4.566205e-01 7.070949e-01
    outer loop
      vertex   -2.110213e+01 8.066384e+00 2.932975e+01
      vertex   -2.112500e+01 8.027649e+00 2.932220e+01
      vertex   -2.103975e+01 8.012748e+00 2.924748e+01
    endloop
  endfacet
  facet normal 5.425865e-01 -4.505746e-01 7.089305e-01
    outer loop
      vertex   -2.103975e+01 8.012748e+00 2.924748e+01
      vertex   -2.112500e+01 8.027649e+00 2.932220e+01
      vertex   -2.109706e+01 7.943740e+00 2.924748e+01
    endloop
  endfacet
  facet normal 5.747407e-01 -4.772761e-01 6.647410e-01
    outer loop
      vertex   -2.103975e+01 8.012748e+00 2.924748e+01
      vertex   -2.109706e+01 7.943740e+00 2.924748e+01
      vertex   -2.103672e+01 7.895360e+00 2.916058e+01
    endloop
  endfacet
  facet normal 5.914792e-01 -4.563820e-01 6.647314e-01
    outer loop
      vertex   -2.103672e+01 7.895360e+00 2.916058e+01
      vertex   -2.109706e+01 7.943740e+00 2.924748e+01
      vertex   -2.112500e+01 7.869333e+00 2.922126e+01
    endloop
  endfacet
  facet normal 5.913409e-01 -4.576338e-01 6.639934e-01
    outer loop
      vertex   -2.103672e+01 7.895360e+00 2.916058e+01
      vertex   -2.112500e+01 7.869333e+00 2.922126e+01
      vertex   -2.108999e+01 7.826526e+00 2.916058e+01
    endloop
  endfacet
  facet normal 5.928117e-01 -4.560836e-01 6.637485e-01
    outer loop
      vertex   -2.108999e+01 7.826526e+00 2.916058e+01
      vertex   -2.112500e+01 7.869333e+00 2.922126e+01
      vertex   -2.112500e+01 7.712005e+00 2.911315e+01
    endloop
  endfacet
  facet normal 6.407530e-01 -4.526678e-01 6.201028e-01
    outer loop
      vertex   -2.108999e+01 7.826526e+00 2.916058e+01
      vertex   -2.112500e+01 7.712005e+00 2.911315e+01
      vertex   -2.103217e+01 7.783351e+00 2.906932e+01
    endloop
  endfacet
  facet normal 6.438445e-01 -4.637586e-01 6.085985e-01
    outer loop
      vertex   -2.103217e+01 7.783351e+00 2.906932e+01
      vertex   -2.112500e+01 7.712005e+00 2.911315e+01
      vertex   -2.108159e+01 7.714740e+00 2.906932e+01
    endloop
  endfacet
  facet normal 6.647091e-01 -4.787873e-01 5.735195e-01
    outer loop
      vertex   -2.103217e+01 7.783351e+00 2.906932e+01
      vertex   -2.108159e+01 7.714740e+00 2.906932e+01
      vertex   -2.102678e+01 7.676676e+00 2.897402e+01
    endloop
  endfacet
  facet normal 6.807825e-01 -4.556431e-01 5.735195e-01
    outer loop
      vertex   -2.102678e+01 7.676676e+00 2.897402e+01
      vertex   -2.108159e+01 7.714740e+00 2.906932e+01
      vertex   -2.107254e+01 7.608312e+00 2.897402e+01
    endloop
  endfacet
  facet normal 7.073421e-01 -4.734193e-01 5.249203e-01
    outer loop
      vertex   -2.102678e+01 7.676676e+00 2.897402e+01
      vertex   -2.107254e+01 7.608312e+00 2.897402e+01
      vertex   -2.102121e+01 7.575220e+00 2.887500e+01
    endloop
  endfacet
  facet normal 7.232057e-01 -4.488120e-01 5.249203e-01
    outer loop
      vertex   -2.102121e+01 7.575220e+00 2.887500e+01
      vertex   -2.107254e+01 7.608312e+00 2.897402e+01
      vertex   -2.106348e+01 7.507108e+00 2.887500e+01
    endloop
  endfacet
  facet normal 7.479138e-01 -4.641455e-01 4.745460e-01
    outer loop
      vertex   -2.102121e+01 7.575220e+00 2.887500e+01
      vertex   -2.106348e+01 7.507108e+00 2.887500e+01
      vertex   -2.101607e+01 7.478804e+00 2.877260e+01
    endloop
  endfacet
  facet normal 7.634344e-01 -4.381484e-01 4.745460e-01
    outer loop
      vertex   -2.101607e+01 7.478804e+00 2.877260e+01
      vertex   -2.106348e+01 7.507108e+00 2.887500e+01
      vertex   -2.105502e+01 7.410927e+00 2.877260e+01
    endloop
  endfacet
  facet normal 7.860721e-01 -4.511405e-01 4.225669e-01
    outer loop
      vertex   -2.101607e+01 7.478804e+00 2.877260e+01
      vertex   -2.105502e+01 7.410927e+00 2.877260e+01
      vertex   -2.101197e+01 7.387190e+00 2.866716e+01
    endloop
  endfacet
  facet normal 8.011229e-01 -4.238387e-01 4.225669e-01
    outer loop
      vertex   -2.101197e+01 7.387190e+00 2.866716e+01
      vertex   -2.105502e+01 7.410927e+00 2.877260e+01
      vertex   -2.104777e+01 7.319507e+00 2.866716e+01
    endloop
  endfacet
  facet normal 8.214836e-01 -4.346106e-01 3.691590e-01
    outer loop
      vertex   -2.101197e+01 7.387190e+00 2.866716e+01
      vertex   -2.104777e+01 7.319507e+00 2.866716e+01
      vertex   -2.100947e+01 7.300077e+00 2.855904e+01
    endloop
  endfacet
  facet normal 8.359449e-01 -4.061007e-01 3.691590e-01
    outer loop
      vertex   -2.100947e+01 7.300077e+00 2.855904e+01
      vertex   -2.104777e+01 7.319507e+00 2.866716e+01
      vertex   -2.104228e+01 7.232531e+00 2.855904e+01
    endloop
  endfacet
  facet normal 8.538358e-01 -4.147921e-01 3.145028e-01
    outer loop
      vertex   -2.100947e+01 7.300077e+00 2.855904e+01
      vertex   -2.104228e+01 7.232531e+00 2.855904e+01
      vertex   -2.100910e+01 7.217110e+00 2.844861e+01
    endloop
  endfacet
  facet normal 8.675963e-01 -3.851812e-01 3.145028e-01
    outer loop
      vertex   -2.100910e+01 7.217110e+00 2.844861e+01
      vertex   -2.104228e+01 7.232531e+00 2.855904e+01
      vertex   -2.103906e+01 7.149626e+00 2.844861e+01
    endloop
  endfacet
  facet normal 8.828404e-01 -3.919490e-01 2.587833e-01
    outer loop
      vertex   -2.100910e+01 7.217110e+00 2.844861e+01
      vertex   -2.103906e+01 7.149626e+00 2.844861e+01
      vertex   -2.101133e+01 7.137883e+00 2.833623e+01
    endloop
  endfacet
  facet normal 8.957982e-01 -3.613541e-01 2.587833e-01
    outer loop
      vertex   -2.101133e+01 7.137883e+00 2.833623e+01
      vertex   -2.103906e+01 7.149626e+00 2.844861e+01
      vertex   -2.103856e+01 7.070370e+00 2.833623e+01
    endloop
  endfacet
  facet normal 9.082355e-01 -3.663712e-01 2.021889e-01
    outer loop
      vertex   -2.101133e+01 7.137883e+00 2.833623e+01
      vertex   -2.103856e+01 7.070370e+00 2.833623e+01
      vertex   -2.101660e+01 7.061946e+00 2.822230e+01
    endloop
  endfacet
  facet normal 9.202986e-01 -3.349180e-01 2.021889e-01
    outer loop
      vertex   -2.101660e+01 7.061946e+00 2.822230e+01
      vertex   -2.103856e+01 7.070370e+00 2.833623e+01
      vertex   -2.104122e+01 6.994296e+00 2.822230e+01
    endloop
  endfacet
  facet normal 9.297880e-01 -3.383714e-01 1.449109e-01
    outer loop
      vertex   -2.101660e+01 7.061946e+00 2.822230e+01
      vertex   -2.104122e+01 6.994296e+00 2.822230e+01
      vertex   -2.102528e+01 6.988803e+00 2.810719e+01
    endloop
  endfacet
  facet normal 9.408641e-01 -3.062278e-01 1.449110e-01
    outer loop
      vertex   -2.102528e+01 6.988803e+00 2.810719e+01
      vertex   -2.104122e+01 6.994296e+00 2.822230e+01
      vertex   -2.104733e+01 6.921043e+00 2.810719e+01
    endloop
  endfacet
  facet normal 9.472842e-01 -3.083174e-01 8.713822e-02
    outer loop
      vertex   -2.102528e+01 6.988803e+00 2.810719e+01
      vertex   -2.104733e+01 6.921043e+00 2.810719e+01
      vertex   -2.103763e+01 6.918102e+00 2.799129e+01
    endloop
  endfacet
  facet normal 9.573246e-01 -2.755629e-01 8.714771e-02
    outer loop
      vertex   -2.103763e+01 6.918102e+00 2.799129e+01
      vertex   -2.104733e+01 6.921043e+00 2.810719e+01
      vertex   -2.105733e+01 6.849638e+00 2.799129e+01
    endloop
  endfacet
  facet normal 9.605742e-01 -2.764983e-01 2.908523e-02
    outer loop
      vertex   -2.103763e+01 6.918102e+00 2.799129e+01
      vertex   -2.105733e+01 6.849638e+00 2.799129e+01
      vertex   -2.103438e+01 6.917142e+00 2.787500e+01
    endloop
  endfacet
  facet normal 9.636765e-01 -2.645477e-01 3.663464e-02
    outer loop
      vertex   -2.103438e+01 6.917142e+00 2.787500e+01
      vertex   -2.105733e+01 6.849638e+00 2.799129e+01
      vertex   -2.106671e+01 6.799372e+00 2.787500e+01
    endloop
  endfacet
  facet normal 9.695839e-01 -2.432698e-01 2.696088e-02
    outer loop
      vertex   -2.106671e+01 6.799372e+00 2.787500e+01
      vertex   -2.105733e+01 6.849638e+00 2.799129e+01
      vertex   -2.107463e+01 6.780713e+00 2.799129e+01
    endloop
  endfacet
  facet normal 9.772044e-01 -2.097425e-01 3.285906e-02
    outer loop
      vertex   -2.106671e+01 6.799372e+00 2.787500e+01
      vertex   -2.107463e+01 6.780713e+00 2.799129e+01
      vertex   -2.108954e+01 6.711234e+00 2.799129e+01
    endloop
  endfacet
  facet normal 9.740129e-01 -2.090575e-01 8.714295e-02
    outer loop
      vertex   -2.108954e+01 6.711234e+00 2.799129e+01
      vertex   -2.107463e+01 6.780713e+00 2.799129e+01
      vertex   -2.108450e+01 6.783011e+00 2.810719e+01
    endloop
  endfacet
  facet normal 9.740129e-01 -2.090575e-01 8.714295e-02
    outer loop
      vertex   -2.108954e+01 6.711234e+00 2.799129e+01
      vertex   -2.108450e+01 6.783011e+00 2.810719e+01
      vertex   -2.109949e+01 6.713191e+00 2.810719e+01
    endloop
  endfacet
  facet normal 9.674121e-01 -2.076407e-01 1.449109e-01
    outer loop
      vertex   -2.109949e+01 6.713191e+00 2.810719e+01
      vertex   -2.108450e+01 6.783011e+00 2.810719e+01
      vertex   -2.110092e+01 6.786832e+00 2.822230e+01
    endloop
  endfacet
  facet normal 9.674121e-01 -2.076407e-01 1.449109e-01
    outer loop
      vertex   -2.109949e+01 6.713191e+00 2.810719e+01
      vertex   -2.110092e+01 6.786832e+00 2.822230e+01
      vertex   -2.111603e+01 6.716446e+00 2.822230e+01
    endloop
  endfacet
  facet normal 9.575388e-01 -2.055216e-01 2.021889e-01
    outer loop
      vertex   -2.111603e+01 6.716446e+00 2.822230e+01
      vertex   -2.110092e+01 6.786832e+00 2.822230e+01
      vertex   -2.112384e+01 6.792164e+00 2.833623e+01
    endloop
  endfacet
  facet normal 9.575388e-01 -2.055216e-01 2.021889e-01
    outer loop
      vertex   -2.111603e+01 6.716446e+00 2.822230e+01
      vertex   -2.112384e+01 6.792164e+00 2.833623e+01
      vertex   -2.113912e+01 6.720986e+00 2.833623e+01
    endloop
  endfacet
  facet normal 9.444263e-01 -2.027071e-01 2.587833e-01
    outer loop
      vertex   -2.113912e+01 6.720986e+00 2.833623e+01
      vertex   -2.112384e+01 6.792164e+00 2.833623e+01
      vertex   -2.115317e+01 6.798989e+00 2.844861e+01
    endloop
  endfacet
  facet normal 9.444263e-01 -2.027071e-01 2.587833e-01
    outer loop
      vertex   -2.113912e+01 6.720986e+00 2.833623e+01
      vertex   -2.115317e+01 6.798989e+00 2.844861e+01
      vertex   -2.116866e+01 6.726798e+00 2.844861e+01
    endloop
  endfacet
  facet normal 9.281188e-01 -1.992070e-01 3.145028e-01
    outer loop
      vertex   -2.116866e+01 6.726798e+00 2.844861e+01
      vertex   -2.115317e+01 6.798989e+00 2.844861e+01
      vertex   -2.118881e+01 6.807282e+00 2.855904e+01
    endloop
  endfacet
  facet normal 9.281188e-01 -1.992070e-01 3.145028e-01
    outer loop
      vertex   -2.116866e+01 6.726798e+00 2.844861e+01
      vertex   -2.118881e+01 6.807282e+00 2.855904e+01
      vertex   -2.120457e+01 6.733861e+00 2.855904e+01
    endloop
  endfacet
  facet normal 9.112165e-01 -1.955792e-01 3.625372e-01
    outer loop
      vertex   -2.120457e+01 6.733861e+00 2.855904e+01
      vertex   -2.118881e+01 6.807282e+00 2.855904e+01
      vertex   -2.122192e+01 6.775272e+00 2.862500e+01
    endloop
  endfacet
  facet normal 9.204975e-01 -1.726088e-01 3.505576e-01
    outer loop
      vertex   -2.120457e+01 6.733861e+00 2.855904e+01
      vertex   -2.122192e+01 6.775272e+00 2.862500e+01
      vertex   -2.124288e+01 6.663513e+00 2.862500e+01
    endloop
  endfacet
  facet normal 4.693868e-01 -4.222495e-01 7.754878e-01
    outer loop
      vertex   -2.112500e+01 8.265932e+00 2.945845e+01
      vertex   -2.112500e+01 8.186472e+00 2.941518e+01
      vertex   -2.110451e+01 8.194391e+00 2.940709e+01
    endloop
  endfacet
  facet normal 4.714802e-01 -4.378978e-01 7.654750e-01
    outer loop
      vertex   -2.110451e+01 8.194391e+00 2.940709e+01
      vertex   -2.112500e+01 8.186472e+00 2.941518e+01
      vertex   -2.112500e+01 8.107027e+00 2.936973e+01
    endloop
  endfacet
  facet normal 5.601756e-01 -4.389849e-01 7.024924e-01
    outer loop
      vertex   -2.112500e+01 8.027649e+00 2.932220e+01
      vertex   -2.112500e+01 7.948397e+00 2.927267e+01
      vertex   -2.109706e+01 7.943740e+00 2.924748e+01
    endloop
  endfacet
  facet normal 5.537106e-01 -4.539557e-01 6.980894e-01
    outer loop
      vertex   -2.109706e+01 7.943740e+00 2.924748e+01
      vertex   -2.112500e+01 7.948397e+00 2.927267e+01
      vertex   -2.112500e+01 7.869333e+00 2.922126e+01
    endloop
  endfacet
  facet normal 6.481896e-01 -4.507883e-01 6.137102e-01
    outer loop
      vertex   -2.112500e+01 7.712005e+00 2.911315e+01
      vertex   -2.112500e+01 7.556144e+00 2.899867e+01
      vertex   -2.108159e+01 7.714740e+00 2.906932e+01
    endloop
  endfacet
  facet normal 7.016738e-01 -4.412453e-01 5.594251e-01
    outer loop
      vertex   -2.108159e+01 7.714740e+00 2.906932e+01
      vertex   -2.112500e+01 7.556144e+00 2.899867e+01
      vertex   -2.107254e+01 7.608312e+00 2.897402e+01
    endloop
  endfacet
  facet normal 6.986095e-01 -4.335479e-01 5.691932e-01
    outer loop
      vertex   -2.107254e+01 7.608312e+00 2.897402e+01
      vertex   -2.112500e+01 7.556144e+00 2.899867e+01
      vertex   -2.111592e+01 7.538416e+00 2.897402e+01
    endloop
  endfacet
  facet normal 6.846439e-01 -4.483349e-01 5.746813e-01
    outer loop
      vertex   -2.111592e+01 7.538416e+00 2.897402e+01
      vertex   -2.112500e+01 7.556144e+00 2.899867e+01
      vertex   -2.112500e+01 7.402231e+00 2.887860e+01
    endloop
  endfacet
  facet normal 7.547255e-01 -4.094802e-01 5.125577e-01
    outer loop
      vertex   -2.111592e+01 7.538416e+00 2.897402e+01
      vertex   -2.112500e+01 7.402231e+00 2.887860e+01
      vertex   -2.110338e+01 7.437583e+00 2.887500e+01
    endloop
  endfacet
  facet normal 7.683651e-01 -4.209179e-01 4.821236e-01
    outer loop
      vertex   -2.110338e+01 7.437583e+00 2.887500e+01
      vertex   -2.112500e+01 7.402231e+00 2.887860e+01
      vertex   -2.109162e+01 7.341749e+00 2.877260e+01
    endloop
  endfacet
  facet normal 7.780518e-01 -4.116328e-01 4.745460e-01
    outer loop
      vertex   -2.110338e+01 7.437583e+00 2.887500e+01
      vertex   -2.109162e+01 7.341749e+00 2.877260e+01
      vertex   -2.105502e+01 7.410927e+00 2.877260e+01
    endloop
  endfacet
  facet normal 8.011229e-01 -4.238387e-01 4.225669e-01
    outer loop
      vertex   -2.105502e+01 7.410927e+00 2.877260e+01
      vertex   -2.109162e+01 7.341749e+00 2.877260e+01
      vertex   -2.104777e+01 7.319507e+00 2.866716e+01
    endloop
  endfacet
  facet normal 7.921337e-01 -3.882313e-01 4.709571e-01
    outer loop
      vertex   -2.112500e+01 7.402231e+00 2.887860e+01
      vertex   -2.112500e+01 7.250746e+00 2.875372e+01
      vertex   -2.109162e+01 7.341749e+00 2.877260e+01
    endloop
  endfacet
  facet normal 8.190893e-01 -3.880634e-01 4.224920e-01
    outer loop
      vertex   -2.109162e+01 7.341749e+00 2.877260e+01
      vertex   -2.112500e+01 7.250746e+00 2.875372e+01
      vertex   -2.104777e+01 7.319507e+00 2.866716e+01
    endloop
  endfacet
  facet normal 8.390054e-01 -3.560888e-01 4.114252e-01
    outer loop
      vertex   -2.112500e+01 7.102023e+00 2.862500e+01
      vertex   -2.111230e+01 7.180649e+00 2.866716e+01
      vertex   -2.112500e+01 7.250746e+00 2.875372e+01
    endloop
  endfacet
  facet normal 8.294991e-01 -3.682674e-01 4.198932e-01
    outer loop
      vertex   -2.112500e+01 7.250746e+00 2.875372e+01
      vertex   -2.111230e+01 7.180649e+00 2.866716e+01
      vertex   -2.108123e+01 7.250633e+00 2.866716e+01
    endloop
  endfacet
  facet normal 8.186019e-01 -3.976755e-01 4.144214e-01
    outer loop
      vertex   -2.112500e+01 7.250746e+00 2.875372e+01
      vertex   -2.108123e+01 7.250633e+00 2.866716e+01
      vertex   -2.104777e+01 7.319507e+00 2.866716e+01
    endloop
  endfacet
  facet normal 8.359449e-01 -4.061007e-01 3.691590e-01
    outer loop
      vertex   -2.104777e+01 7.319507e+00 2.866716e+01
      vertex   -2.108123e+01 7.250633e+00 2.866716e+01
      vertex   -2.104228e+01 7.232531e+00 2.855904e+01
    endloop
  endfacet
  facet normal 8.830457e-01 -3.122108e-01 3.503638e-01
    outer loop
      vertex   -2.116290e+01 6.994819e+00 2.862500e+01
      vertex   -2.112652e+01 7.023691e+00 2.855904e+01
      vertex   -2.112500e+01 7.102023e+00 2.862500e+01
    endloop
  endfacet
  facet normal 8.771320e-01 -3.192087e-01 3.588109e-01
    outer loop
      vertex   -2.112500e+01 7.102023e+00 2.862500e+01
      vertex   -2.112652e+01 7.023691e+00 2.855904e+01
      vertex   -2.110084e+01 7.094257e+00 2.855904e+01
    endloop
  endfacet
  facet normal 8.658460e-01 -3.492718e-01 3.582176e-01
    outer loop
      vertex   -2.112500e+01 7.102023e+00 2.862500e+01
      vertex   -2.110084e+01 7.094257e+00 2.855904e+01
      vertex   -2.107275e+01 7.163898e+00 2.855904e+01
    endloop
  endfacet
  facet normal 8.803304e-01 -3.551146e-01 3.145028e-01
    outer loop
      vertex   -2.107275e+01 7.163898e+00 2.855904e+01
      vertex   -2.110084e+01 7.094257e+00 2.855904e+01
      vertex   -2.106668e+01 7.081153e+00 2.844861e+01
    endloop
  endfacet
  facet normal 8.803304e-01 -3.551146e-01 3.145028e-01
    outer loop
      vertex   -2.107275e+01 7.163898e+00 2.855904e+01
      vertex   -2.106668e+01 7.081153e+00 2.844861e+01
      vertex   -2.103906e+01 7.149626e+00 2.844861e+01
    endloop
  endfacet
  facet normal 8.957982e-01 -3.613541e-01 2.587833e-01
    outer loop
      vertex   -2.103906e+01 7.149626e+00 2.844861e+01
      vertex   -2.106668e+01 7.081153e+00 2.844861e+01
      vertex   -2.103856e+01 7.070370e+00 2.833623e+01
    endloop
  endfacet
  facet normal 8.862216e-01 -2.884120e-01 3.625325e-01
    outer loop
      vertex   -2.112652e+01 7.023691e+00 2.855904e+01
      vertex   -2.116290e+01 6.994819e+00 2.862500e+01
      vertex   -2.114976e+01 6.952303e+00 2.855904e+01
    endloop
  endfacet
  facet normal 8.978560e-01 -2.663198e-01 3.506114e-01
    outer loop
      vertex   -2.114976e+01 6.952303e+00 2.855904e+01
      vertex   -2.116290e+01 6.994819e+00 2.862500e+01
      vertex   -2.119524e+01 6.885805e+00 2.862500e+01
    endloop
  endfacet
  facet normal 8.971809e-01 -2.582123e-01 3.583195e-01
    outer loop
      vertex   -2.114976e+01 6.952303e+00 2.855904e+01
      vertex   -2.119524e+01 6.885805e+00 2.862500e+01
      vertex   -2.117053e+01 6.880118e+00 2.855904e+01
    endloop
  endfacet
  facet normal 9.053844e-01 -2.271620e-01 3.587151e-01
    outer loop
      vertex   -2.117053e+01 6.880118e+00 2.855904e+01
      vertex   -2.119524e+01 6.885805e+00 2.862500e+01
      vertex   -2.118881e+01 6.807282e+00 2.855904e+01
    endloop
  endfacet
  facet normal 9.207185e-01 -2.310094e-01 3.145028e-01
    outer loop
      vertex   -2.117053e+01 6.880118e+00 2.855904e+01
      vertex   -2.118881e+01 6.807282e+00 2.855904e+01
      vertex   -2.115317e+01 6.798989e+00 2.844861e+01
    endloop
  endfacet
  facet normal 9.104466e-01 -2.197714e-01 3.504104e-01
    outer loop
      vertex   -2.119524e+01 6.885805e+00 2.862500e+01
      vertex   -2.122192e+01 6.775272e+00 2.862500e+01
      vertex   -2.118881e+01 6.807282e+00 2.855904e+01
    endloop
  endfacet
  facet normal 9.281985e-01 -1.250065e-01 3.504582e-01
    outer loop
      vertex   -2.125805e+01 6.550822e+00 2.862500e+01
      vertex   -2.122846e+01 6.585609e+00 2.855904e+01
      vertex   -2.124288e+01 6.663513e+00 2.862500e+01
    endloop
  endfacet
  facet normal 9.240519e-01 -1.326073e-01 3.585293e-01
    outer loop
      vertex   -2.124288e+01 6.663513e+00 2.862500e+01
      vertex   -2.122846e+01 6.585609e+00 2.855904e+01
      vertex   -2.121786e+01 6.659528e+00 2.855904e+01
    endloop
  endfacet
  facet normal 9.189519e-01 -1.643106e-01 3.585101e-01
    outer loop
      vertex   -2.124288e+01 6.663513e+00 2.862500e+01
      vertex   -2.121786e+01 6.659528e+00 2.855904e+01
      vertex   -2.120457e+01 6.733861e+00 2.855904e+01
    endloop
  endfacet
  facet normal 9.344401e-01 -1.670799e-01 3.144932e-01
    outer loop
      vertex   -2.120457e+01 6.733861e+00 2.855904e+01
      vertex   -2.121786e+01 6.659528e+00 2.855904e+01
      vertex   -2.118172e+01 6.653778e+00 2.844861e+01
    endloop
  endfacet
  facet normal 9.344344e-01 -1.670943e-01 3.145024e-01
    outer loop
      vertex   -2.120457e+01 6.733861e+00 2.855904e+01
      vertex   -2.118172e+01 6.653778e+00 2.844861e+01
      vertex   -2.116866e+01 6.726798e+00 2.844861e+01
    endloop
  endfacet
  facet normal 9.508553e-01 -1.700306e-01 2.587736e-01
    outer loop
      vertex   -2.116866e+01 6.726798e+00 2.844861e+01
      vertex   -2.118172e+01 6.653778e+00 2.844861e+01
      vertex   -2.115198e+01 6.649058e+00 2.833623e+01
    endloop
  endfacet
  facet normal 9.508501e-01 -1.700454e-01 2.587831e-01
    outer loop
      vertex   -2.116866e+01 6.726798e+00 2.844861e+01
      vertex   -2.115198e+01 6.649058e+00 2.833623e+01
      vertex   -2.113912e+01 6.720986e+00 2.833623e+01
    endloop
  endfacet
  facet normal 9.640537e-01 -1.724066e-01 2.021792e-01
    outer loop
      vertex   -2.113912e+01 6.720986e+00 2.833623e+01
      vertex   -2.115198e+01 6.649058e+00 2.833623e+01
      vertex   -2.112874e+01 6.645383e+00 2.822230e+01
    endloop
  endfacet
  facet normal 9.640490e-01 -1.724217e-01 2.021887e-01
    outer loop
      vertex   -2.113912e+01 6.720986e+00 2.833623e+01
      vertex   -2.112874e+01 6.645383e+00 2.822230e+01
      vertex   -2.111603e+01 6.716446e+00 2.822230e+01
    endloop
  endfacet
  facet normal 9.739908e-01 -1.741998e-01 1.449011e-01
    outer loop
      vertex   -2.111603e+01 6.716446e+00 2.822230e+01
      vertex   -2.112874e+01 6.645383e+00 2.822230e+01
      vertex   -2.111208e+01 6.642766e+00 2.810719e+01
    endloop
  endfacet
  facet normal 9.739866e-01 -1.742151e-01 1.449108e-01
    outer loop
      vertex   -2.111603e+01 6.716446e+00 2.822230e+01
      vertex   -2.111208e+01 6.642766e+00 2.810719e+01
      vertex   -2.109949e+01 6.713191e+00 2.810719e+01
    endloop
  endfacet
  facet normal 9.806331e-01 -1.754040e-01 8.713321e-02
    outer loop
      vertex   -2.109949e+01 6.713191e+00 2.810719e+01
      vertex   -2.111208e+01 6.642766e+00 2.810719e+01
      vertex   -2.110206e+01 6.641218e+00 2.799129e+01
    endloop
  endfacet
  facet normal 9.806295e-01 -1.754195e-01 8.714293e-02
    outer loop
      vertex   -2.109949e+01 6.713191e+00 2.810719e+01
      vertex   -2.110206e+01 6.641218e+00 2.799129e+01
      vertex   -2.108954e+01 6.711234e+00 2.799129e+01
    endloop
  endfacet
  facet normal 9.840287e-01 -1.760275e-01 2.649339e-02
    outer loop
      vertex   -2.108954e+01 6.711234e+00 2.799129e+01
      vertex   -2.110206e+01 6.641218e+00 2.799129e+01
      vertex   -2.109201e+01 6.679895e+00 2.787500e+01
    endloop
  endfacet
  facet normal 9.777025e-01 -2.070589e-01 3.499077e-02
    outer loop
      vertex   -2.108954e+01 6.711234e+00 2.799129e+01
      vertex   -2.109201e+01 6.679895e+00 2.787500e+01
      vertex   -2.106671e+01 6.799372e+00 2.787500e+01
    endloop
  endfacet
  facet normal 9.265157e-01 -1.006700e-01 3.625384e-01
    outer loop
      vertex   -2.122846e+01 6.585609e+00 2.855904e+01
      vertex   -2.125805e+01 6.550822e+00 2.862500e+01
      vertex   -2.123658e+01 6.510955e+00 2.855904e+01
    endloop
  endfacet
  facet normal 9.333840e-01 -7.706440e-02 3.505073e-01
    outer loop
      vertex   -2.123658e+01 6.510955e+00 2.855904e+01
      vertex   -2.125805e+01 6.550822e+00 2.862500e+01
      vertex   -2.126741e+01 6.437500e+00 2.862500e+01
    endloop
  endfacet
  facet normal 9.338998e-01 -7.888172e-02 3.487246e-01
    outer loop
      vertex   -2.123658e+01 6.510955e+00 2.855904e+01
      vertex   -2.126741e+01 6.437500e+00 2.862500e+01
      vertex   -2.123491e+01 6.437500e+00 2.853797e+01
    endloop
  endfacet
  facet normal 9.467644e-01 -6.876986e-02 3.144961e-01
    outer loop
      vertex   -2.123658e+01 6.510955e+00 2.855904e+01
      vertex   -2.123491e+01 6.437500e+00 2.853797e+01
      vertex   -2.120013e+01 6.507629e+00 2.844861e+01
    endloop
  endfacet
  facet normal 9.497421e-01 -8.831310e-02 3.003176e-01
    outer loop
      vertex   -2.120013e+01 6.507629e+00 2.844861e+01
      vertex   -2.123491e+01 6.437500e+00 2.853797e+01
      vertex   -2.120604e+01 6.437500e+00 2.844667e+01
    endloop
  endfacet
  facet normal 9.628475e-01 -8.817434e-02 2.552449e-01
    outer loop
      vertex   -2.120013e+01 6.507629e+00 2.844861e+01
      vertex   -2.120604e+01 6.437500e+00 2.844667e+01
      vertex   -2.118102e+01 6.437500e+00 2.835229e+01
    endloop
  endfacet
  facet normal 9.613936e-01 -9.347356e-02 2.588149e-01
    outer loop
      vertex   -2.120013e+01 6.507629e+00 2.844861e+01
      vertex   -2.118102e+01 6.437500e+00 2.835229e+01
      vertex   -2.117015e+01 6.504891e+00 2.833623e+01
    endloop
  endfacet
  facet normal 9.715840e-01 -1.064097e-01 2.114273e-01
    outer loop
      vertex   -2.117015e+01 6.504891e+00 2.833623e+01
      vertex   -2.118102e+01 6.437500e+00 2.835229e+01
      vertex   -2.116007e+01 6.437500e+00 2.825599e+01
    endloop
  endfacet
  facet normal 9.747258e-01 -9.496943e-02 2.022140e-01
    outer loop
      vertex   -2.117015e+01 6.504891e+00 2.833623e+01
      vertex   -2.116007e+01 6.437500e+00 2.825599e+01
      vertex   -2.114672e+01 6.502753e+00 2.822230e+01
    endloop
  endfacet
  facet normal 9.791971e-01 -1.134192e-01 1.682532e-01
    outer loop
      vertex   -2.114672e+01 6.502753e+00 2.822230e+01
      vertex   -2.116007e+01 6.437500e+00 2.825599e+01
      vertex   -2.114339e+01 6.437500e+00 2.815894e+01
    endloop
  endfacet
  facet normal 9.852974e-01 -9.046411e-02 1.449318e-01
    outer loop
      vertex   -2.114672e+01 6.502753e+00 2.822230e+01
      vertex   -2.114339e+01 6.437500e+00 2.815894e+01
      vertex   -2.112993e+01 6.501220e+00 2.810719e+01
    endloop
  endfacet
  facet normal 9.864080e-01 -1.074328e-01 1.243284e-01
    outer loop
      vertex   -2.112993e+01 6.501220e+00 2.810719e+01
      vertex   -2.114339e+01 6.437500e+00 2.815894e+01
      vertex   -2.113121e+01 6.437500e+00 2.806231e+01
    endloop
  endfacet
  facet normal 9.928653e-01 -8.138142e-02 8.715204e-02
    outer loop
      vertex   -2.112993e+01 6.501220e+00 2.810719e+01
      vertex   -2.113121e+01 6.437500e+00 2.806231e+01
      vertex   -2.111983e+01 6.500298e+00 2.799129e+01
    endloop
  endfacet
  facet normal 9.927262e-01 -9.171855e-02 7.798946e-02
    outer loop
      vertex   -2.111983e+01 6.500298e+00 2.799129e+01
      vertex   -2.113121e+01 6.437500e+00 2.806231e+01
      vertex   -2.112375e+01 6.437500e+00 2.796727e+01
    endloop
  endfacet
  facet normal 9.969815e-01 -7.264088e-02 2.740881e-02
    outer loop
      vertex   -2.111983e+01 6.500298e+00 2.799129e+01
      vertex   -2.112375e+01 6.437500e+00 2.796727e+01
      vertex   -2.112121e+01 6.437500e+00 2.787500e+01
    endloop
  endfacet
  facet normal 9.952537e-01 -9.007040e-02 3.684151e-02
    outer loop
      vertex   -2.112121e+01 6.437500e+00 2.787500e+01
      vertex   -2.111020e+01 6.559130e+00 2.787500e+01
      vertex   -2.111983e+01 6.500298e+00 2.799129e+01
    endloop
  endfacet
  facet normal 9.937685e-01 -1.079774e-01 2.765931e-02
    outer loop
      vertex   -2.111983e+01 6.500298e+00 2.799129e+01
      vertex   -2.111020e+01 6.559130e+00 2.787500e+01
      vertex   -2.111215e+01 6.570944e+00 2.799129e+01
    endloop
  endfacet
  facet normal 9.903669e-01 -1.076078e-01 8.714295e-02
    outer loop
      vertex   -2.111983e+01 6.500298e+00 2.799129e+01
      vertex   -2.111215e+01 6.570944e+00 2.799129e+01
      vertex   -2.112221e+01 6.572212e+00 2.810719e+01
    endloop
  endfacet
  facet normal 9.860847e-01 -1.415737e-01 8.714300e-02
    outer loop
      vertex   -2.112221e+01 6.572212e+00 2.810719e+01
      vertex   -2.111215e+01 6.570944e+00 2.799129e+01
      vertex   -2.111208e+01 6.642766e+00 2.810719e+01
    endloop
  endfacet
  facet normal 9.794007e-01 -1.406141e-01 1.449206e-01
    outer loop
      vertex   -2.112221e+01 6.572212e+00 2.810719e+01
      vertex   -2.111208e+01 6.642766e+00 2.810719e+01
      vertex   -2.112874e+01 6.645383e+00 2.822230e+01
    endloop
  endfacet
  facet normal 9.883517e-01 -1.488448e-01 3.172009e-02
    outer loop
      vertex   -2.111020e+01 6.559130e+00 2.787500e+01
      vertex   -2.109201e+01 6.679895e+00 2.787500e+01
      vertex   -2.111215e+01 6.570944e+00 2.799129e+01
    endloop
  endfacet
  facet normal 9.891239e-01 -1.420262e-01 3.824217e-02
    outer loop
      vertex   -2.111215e+01 6.570944e+00 2.799129e+01
      vertex   -2.109201e+01 6.679895e+00 2.787500e+01
      vertex   -2.110206e+01 6.641218e+00 2.799129e+01
    endloop
  endfacet
  facet normal 9.860816e-01 -1.415893e-01 8.715269e-02
    outer loop
      vertex   -2.111215e+01 6.570944e+00 2.799129e+01
      vertex   -2.110206e+01 6.641218e+00 2.799129e+01
      vertex   -2.111208e+01 6.642766e+00 2.810719e+01
    endloop
  endfacet
  facet normal 9.504967e-01 -3.093713e-01 2.907564e-02
    outer loop
      vertex   -2.103763e+01 6.918102e+00 2.799129e+01
      vertex   -2.103438e+01 6.917142e+00 2.787500e+01
      vertex   -2.101569e+01 6.985500e+00 2.799129e+01
    endloop
  endfacet
  facet normal 9.463287e-01 -3.211209e-01 3.665238e-02
    outer loop
      vertex   -2.101569e+01 6.985500e+00 2.799129e+01
      vertex   -2.103438e+01 6.917142e+00 2.787500e+01
      vertex   -2.099514e+01 7.032792e+00 2.787500e+01
    endloop
  endfacet
  facet normal 9.393645e-01 -3.418565e-01 2.698910e-02
    outer loop
      vertex   -2.101569e+01 6.985500e+00 2.799129e+01
      vertex   -2.099514e+01 7.032792e+00 2.787500e+01
      vertex   -2.099139e+01 7.052277e+00 2.799129e+01
    endloop
  endfacet
  facet normal 9.257737e-01 -3.766132e-01 3.325120e-02
    outer loop
      vertex   -2.099139e+01 7.052277e+00 2.799129e+01
      vertex   -2.099514e+01 7.032792e+00 2.787500e+01
      vertex   -2.094912e+01 7.145916e+00 2.787500e+01
    endloop
  endfacet
  facet normal 9.267935e-01 -3.738572e-01 3.584107e-02
    outer loop
      vertex   -2.099139e+01 7.052277e+00 2.799129e+01
      vertex   -2.094912e+01 7.145916e+00 2.787500e+01
      vertex   -2.096480e+01 7.118179e+00 2.799129e+01
    endloop
  endfacet
  facet normal 9.136538e-01 -4.056290e-01 2.649045e-02
    outer loop
      vertex   -2.096480e+01 7.118179e+00 2.799129e+01
      vertex   -2.094912e+01 7.145916e+00 2.787500e+01
      vertex   -2.093597e+01 7.183127e+00 2.799129e+01
    endloop
  endfacet
  facet normal 9.104977e-01 -4.042278e-01 8.714295e-02
    outer loop
      vertex   -2.096480e+01 7.118179e+00 2.799129e+01
      vertex   -2.093597e+01 7.183127e+00 2.799129e+01
      vertex   -2.094516e+01 7.187400e+00 2.810719e+01
    endloop
  endfacet
  facet normal 8.960566e-01 -4.353029e-01 8.714295e-02
    outer loop
      vertex   -2.094516e+01 7.187400e+00 2.810719e+01
      vertex   -2.093597e+01 7.183127e+00 2.799129e+01
      vertex   -2.091396e+01 7.251632e+00 2.810719e+01
    endloop
  endfacet
  facet normal 8.899842e-01 -4.323529e-01 1.449109e-01
    outer loop
      vertex   -2.094516e+01 7.187400e+00 2.810719e+01
      vertex   -2.091396e+01 7.251632e+00 2.810719e+01
      vertex   -2.092900e+01 7.259259e+00 2.822230e+01
    endloop
  endfacet
  facet normal 8.745880e-01 -4.627058e-01 1.449109e-01
    outer loop
      vertex   -2.092900e+01 7.259259e+00 2.822230e+01
      vertex   -2.091396e+01 7.251632e+00 2.810719e+01
      vertex   -2.089533e+01 7.322892e+00 2.822230e+01
    endloop
  endfacet
  facet normal 8.656620e-01 -4.579835e-01 2.021889e-01
    outer loop
      vertex   -2.092900e+01 7.259259e+00 2.822230e+01
      vertex   -2.089533e+01 7.322892e+00 2.822230e+01
      vertex   -2.091593e+01 7.334250e+00 2.833623e+01
    endloop
  endfacet
  facet normal 8.493988e-01 -4.874848e-01 2.021889e-01
    outer loop
      vertex   -2.091593e+01 7.334250e+00 2.833623e+01
      vertex   -2.089533e+01 7.322892e+00 2.822230e+01
      vertex   -2.087970e+01 7.397390e+00 2.833623e+01
    endloop
  endfacet
  facet normal 8.377671e-01 -4.808092e-01 2.587833e-01
    outer loop
      vertex   -2.091593e+01 7.334250e+00 2.833623e+01
      vertex   -2.087970e+01 7.397390e+00 2.833623e+01
      vertex   -2.090555e+01 7.412825e+00 2.844861e+01
    endloop
  endfacet
  facet normal 8.207353e-01 -5.093376e-01 2.587833e-01
    outer loop
      vertex   -2.090555e+01 7.412825e+00 2.844861e+01
      vertex   -2.087970e+01 7.397390e+00 2.833623e+01
      vertex   -2.086662e+01 7.475561e+00 2.844861e+01
    endloop
  endfacet
  facet normal 8.065636e-01 -5.005428e-01 3.145028e-01
    outer loop
      vertex   -2.090555e+01 7.412825e+00 2.844861e+01
      vertex   -2.086662e+01 7.475561e+00 2.844861e+01
      vertex   -2.089737e+01 7.495389e+00 2.855904e+01
    endloop
  endfacet
  facet normal 7.888716e-01 -5.279864e-01 3.145028e-01
    outer loop
      vertex   -2.089737e+01 7.495389e+00 2.855904e+01
      vertex   -2.086662e+01 7.475561e+00 2.844861e+01
      vertex   -2.085561e+01 7.557795e+00 2.855904e+01
    endloop
  endfacet
  facet normal 7.723419e-01 -5.169232e-01 3.691590e-01
    outer loop
      vertex   -2.089737e+01 7.495389e+00 2.855904e+01
      vertex   -2.085561e+01 7.557795e+00 2.855904e+01
      vertex   -2.089089e+01 7.582296e+00 2.866716e+01
    endloop
  endfacet
  facet normal 7.541068e-01 -5.431801e-01 3.691590e-01
    outer loop
      vertex   -2.089089e+01 7.582296e+00 2.866716e+01
      vertex   -2.085561e+01 7.557795e+00 2.855904e+01
      vertex   -2.084613e+01 7.644427e+00 2.866716e+01
    endloop
  endfacet
  facet normal 7.354161e-01 -5.297173e-01 4.225669e-01
    outer loop
      vertex   -2.089089e+01 7.582296e+00 2.866716e+01
      vertex   -2.084613e+01 7.644427e+00 2.866716e+01
      vertex   -2.088553e+01 7.673845e+00 2.877260e+01
    endloop
  endfacet
  facet normal 7.167628e-01 -5.546966e-01 4.225669e-01
    outer loop
      vertex   -2.088553e+01 7.673845e+00 2.877260e+01
      vertex   -2.084613e+01 7.644427e+00 2.866716e+01
      vertex   -2.083763e+01 7.735738e+00 2.877260e+01
    endloop
  endfacet
  facet normal 6.961210e-01 -5.387222e-01 4.745460e-01
    outer loop
      vertex   -2.088553e+01 7.673845e+00 2.877260e+01
      vertex   -2.083763e+01 7.735738e+00 2.877260e+01
      vertex   -2.088071e+01 7.770277e+00 2.887500e+01
    endloop
  endfacet
  facet normal 6.771813e-01 -5.623448e-01 4.745460e-01
    outer loop
      vertex   -2.088071e+01 7.770277e+00 2.887500e+01
      vertex   -2.083763e+01 7.735738e+00 2.877260e+01
      vertex   -2.082950e+01 7.831947e+00 2.887500e+01
    endloop
  endfacet
  facet normal 6.548099e-01 -5.437671e-01 5.249203e-01
    outer loop
      vertex   -2.088071e+01 7.770277e+00 2.887500e+01
      vertex   -2.082950e+01 7.831947e+00 2.887500e+01
      vertex   -2.087580e+01 7.871768e+00 2.897402e+01
    endloop
  endfacet
  facet normal 6.357210e-01 -5.659659e-01 5.249203e-01
    outer loop
      vertex   -2.087580e+01 7.871768e+00 2.897402e+01
      vertex   -2.082950e+01 7.831947e+00 2.887500e+01
      vertex   -2.082110e+01 7.933210e+00 2.897402e+01
    endloop
  endfacet
  facet normal 6.118506e-01 -5.447148e-01 5.735195e-01
    outer loop
      vertex   -2.087580e+01 7.871768e+00 2.897402e+01
      vertex   -2.082110e+01 7.933210e+00 2.897402e+01
      vertex   -2.087017e+01 7.978431e+00 2.906932e+01
    endloop
  endfacet
  facet normal 5.927546e-01 -5.654355e-01 5.735195e-01
    outer loop
      vertex   -2.087017e+01 7.978431e+00 2.906932e+01
      vertex   -2.082110e+01 7.933210e+00 2.897402e+01
      vertex   -2.081181e+01 8.039616e+00 2.906932e+01
    endloop
  endfacet
  facet normal 5.676234e-01 -5.414625e-01 6.201790e-01
    outer loop
      vertex   -2.087017e+01 7.978431e+00 2.906932e+01
      vertex   -2.081181e+01 8.039616e+00 2.906932e+01
      vertex   -2.086316e+01 8.090312e+00 2.916058e+01
    endloop
  endfacet
  facet normal 5.486653e-01 -5.606642e-01 6.201790e-01
    outer loop
      vertex   -2.086316e+01 8.090312e+00 2.916058e+01
      vertex   -2.081181e+01 8.039616e+00 2.906932e+01
      vertex   -2.080095e+01 8.151189e+00 2.916058e+01
    endloop
  endfacet
  facet normal 5.225166e-01 -5.339436e-01 6.647410e-01
    outer loop
      vertex   -2.086316e+01 8.090312e+00 2.916058e+01
      vertex   -2.080095e+01 8.151189e+00 2.916058e+01
      vertex   -2.085408e+01 8.207389e+00 2.924748e+01
    endloop
  endfacet
  facet normal 5.038439e-01 -5.515983e-01 6.647410e-01
    outer loop
      vertex   -2.085408e+01 8.207389e+00 2.924748e+01
      vertex   -2.080095e+01 8.151189e+00 2.916058e+01
      vertex   -2.078785e+01 8.267885e+00 2.924748e+01
    endloop
  endfacet
  facet normal 4.769244e-01 -5.221274e-01 7.070545e-01
    outer loop
      vertex   -2.085408e+01 8.207389e+00 2.924748e+01
      vertex   -2.078785e+01 8.267885e+00 2.924748e+01
      vertex   -2.084228e+01 8.329569e+00 2.932975e+01
    endloop
  endfacet
  facet normal 4.586851e-01 -5.382211e-01 7.070545e-01
    outer loop
      vertex   -2.084228e+01 8.329569e+00 2.932975e+01
      vertex   -2.078785e+01 8.267885e+00 2.924748e+01
      vertex   -2.077186e+01 8.389587e+00 2.932975e+01
    endloop
  endfacet
  facet normal 4.312426e-01 -5.060201e-01 7.469762e-01
    outer loop
      vertex   -2.084228e+01 8.329569e+00 2.932975e+01
      vertex   -2.077186e+01 8.389587e+00 2.932975e+01
      vertex   -2.082708e+01 8.456692e+00 2.940709e+01
    endloop
  endfacet
  facet normal 4.135842e-01 -5.205522e-01 7.469762e-01
    outer loop
      vertex   -2.082708e+01 8.456692e+00 2.940709e+01
      vertex   -2.077186e+01 8.389587e+00 2.932975e+01
      vertex   -2.075229e+01 8.516112e+00 2.940709e+01
    endloop
  endfacet
  facet normal 3.858655e-01 -4.856644e-01 7.843710e-01
    outer loop
      vertex   -2.082708e+01 8.456692e+00 2.940709e+01
      vertex   -2.075229e+01 8.516112e+00 2.940709e+01
      vertex   -2.080783e+01 8.588529e+00 2.947925e+01
    endloop
  endfacet
  facet normal 3.689340e-01 -4.986480e-01 7.843710e-01
    outer loop
      vertex   -2.080783e+01 8.588529e+00 2.947925e+01
      vertex   -2.075229e+01 8.516112e+00 2.940709e+01
      vertex   -2.072852e+01 8.647209e+00 2.947925e+01
    endloop
  endfacet
  facet normal 3.411827e-01 -4.611395e-01 8.191122e-01
    outer loop
      vertex   -2.080783e+01 8.588529e+00 2.947925e+01
      vertex   -2.072852e+01 8.647209e+00 2.947925e+01
      vertex   -2.078387e+01 8.724783e+00 2.954598e+01
    endloop
  endfacet
  facet normal 3.251211e-01 -4.726008e-01 8.191122e-01
    outer loop
      vertex   -2.078387e+01 8.724783e+00 2.954598e+01
      vertex   -2.072852e+01 8.647209e+00 2.947925e+01
      vertex   -2.069989e+01 8.782558e+00 2.954598e+01
    endloop
  endfacet
  facet normal 9.017787e-01 -4.307080e-01 3.585795e-02
    outer loop
      vertex   -2.094912e+01 7.145916e+00 2.787500e+01
      vertex   -2.089648e+01 7.256118e+00 2.787500e+01
      vertex   -2.093597e+01 7.183127e+00 2.799129e+01
    endloop
  endfacet
  facet normal 8.990424e-01 -4.367534e-01 3.113430e-02
    outer loop
      vertex   -2.093597e+01 7.183127e+00 2.799129e+01
      vertex   -2.089648e+01 7.256118e+00 2.787500e+01
      vertex   -2.090492e+01 7.247045e+00 2.799129e+01
    endloop
  endfacet
  facet normal 8.960566e-01 -4.353029e-01 8.714295e-02
    outer loop
      vertex   -2.093597e+01 7.183127e+00 2.799129e+01
      vertex   -2.090492e+01 7.247045e+00 2.799129e+01
      vertex   -2.091396e+01 7.251632e+00 2.810719e+01
    endloop
  endfacet
  facet normal 8.805554e-01 -4.658629e-01 8.714295e-02
    outer loop
      vertex   -2.091396e+01 7.251632e+00 2.810719e+01
      vertex   -2.090492e+01 7.247045e+00 2.799129e+01
      vertex   -2.088057e+01 7.314752e+00 2.810719e+01
    endloop
  endfacet
  facet normal 8.745880e-01 -4.627058e-01 1.449109e-01
    outer loop
      vertex   -2.091396e+01 7.251632e+00 2.810719e+01
      vertex   -2.088057e+01 7.314752e+00 2.810719e+01
      vertex   -2.089533e+01 7.322892e+00 2.822230e+01
    endloop
  endfacet
  facet normal 8.581570e-01 -4.925113e-01 1.449109e-01
    outer loop
      vertex   -2.089533e+01 7.322892e+00 2.822230e+01
      vertex   -2.088057e+01 7.314752e+00 2.810719e+01
      vertex   -2.085950e+01 7.385330e+00 2.822230e+01
    endloop
  endfacet
  facet normal 8.493988e-01 -4.874848e-01 2.021889e-01
    outer loop
      vertex   -2.089533e+01 7.322892e+00 2.822230e+01
      vertex   -2.085950e+01 7.385330e+00 2.822230e+01
      vertex   -2.087970e+01 7.397390e+00 2.833623e+01
    endloop
  endfacet
  facet normal 8.321305e-01 -5.164093e-01 2.021889e-01
    outer loop
      vertex   -2.087970e+01 7.397390e+00 2.833623e+01
      vertex   -2.085950e+01 7.385330e+00 2.822230e+01
      vertex   -2.084131e+01 7.459246e+00 2.833623e+01
    endloop
  endfacet
  facet normal 8.207353e-01 -5.093376e-01 2.587833e-01
    outer loop
      vertex   -2.087970e+01 7.397390e+00 2.833623e+01
      vertex   -2.084131e+01 7.459246e+00 2.833623e+01
      vertex   -2.086662e+01 7.475561e+00 2.844861e+01
    endloop
  endfacet
  facet normal 8.027324e-01 -5.372633e-01 2.587833e-01
    outer loop
      vertex   -2.086662e+01 7.475561e+00 2.844861e+01
      vertex   -2.084131e+01 7.459246e+00 2.833623e+01
      vertex   -2.082555e+01 7.536921e+00 2.844861e+01
    endloop
  endfacet
  facet normal 7.888716e-01 -5.279864e-01 3.145028e-01
    outer loop
      vertex   -2.086662e+01 7.475561e+00 2.844861e+01
      vertex   -2.082555e+01 7.536921e+00 2.844861e+01
      vertex   -2.085561e+01 7.557795e+00 2.855904e+01
    endloop
  endfacet
  facet normal 7.702461e-01 -5.548052e-01 3.145028e-01
    outer loop
      vertex   -2.085561e+01 7.557795e+00 2.855904e+01
      vertex   -2.082555e+01 7.536921e+00 2.844861e+01
      vertex   -2.081172e+01 7.618727e+00 2.855904e+01
    endloop
  endfacet
  facet normal 7.541068e-01 -5.431801e-01 3.691590e-01
    outer loop
      vertex   -2.085561e+01 7.557795e+00 2.855904e+01
      vertex   -2.081172e+01 7.618727e+00 2.855904e+01
      vertex   -2.084613e+01 7.644427e+00 2.866716e+01
    endloop
  endfacet
  facet normal 7.349794e-01 -5.687943e-01 3.691590e-01
    outer loop
      vertex   -2.084613e+01 7.644427e+00 2.866716e+01
      vertex   -2.081172e+01 7.618727e+00 2.855904e+01
      vertex   -2.079927e+01 7.704983e+00 2.866716e+01
    endloop
  endfacet
  facet normal 7.167628e-01 -5.546966e-01 4.225669e-01
    outer loop
      vertex   -2.084613e+01 7.644427e+00 2.866716e+01
      vertex   -2.079927e+01 7.704983e+00 2.866716e+01
      vertex   -2.083763e+01 7.735738e+00 2.877260e+01
    endloop
  endfacet
  facet normal 6.972614e-01 -5.790197e-01 4.225669e-01
    outer loop
      vertex   -2.083763e+01 7.735738e+00 2.877260e+01
      vertex   -2.079927e+01 7.704983e+00 2.866716e+01
      vertex   -2.078763e+01 7.795947e+00 2.877260e+01
    endloop
  endfacet
  facet normal 6.771813e-01 -5.623448e-01 4.745460e-01
    outer loop
      vertex   -2.083763e+01 7.735738e+00 2.877260e+01
      vertex   -2.078763e+01 7.795947e+00 2.877260e+01
      vertex   -2.082950e+01 7.831947e+00 2.887500e+01
    endloop
  endfacet
  facet normal 6.574402e-01 -5.853020e-01 4.745460e-01
    outer loop
      vertex   -2.082950e+01 7.831947e+00 2.887500e+01
      vertex   -2.078763e+01 7.795947e+00 2.877260e+01
      vertex   -2.077619e+01 7.891820e+00 2.887500e+01
    endloop
  endfacet
  facet normal 6.357210e-01 -5.659659e-01 5.249203e-01
    outer loop
      vertex   -2.082950e+01 7.831947e+00 2.887500e+01
      vertex   -2.077619e+01 7.891820e+00 2.887500e+01
      vertex   -2.082110e+01 7.933210e+00 2.897402e+01
    endloop
  endfacet
  facet normal 6.158800e-01 -5.874951e-01 5.249203e-01
    outer loop
      vertex   -2.082110e+01 7.933210e+00 2.897402e+01
      vertex   -2.077619e+01 7.891820e+00 2.887500e+01
      vertex   -2.076432e+01 7.992733e+00 2.897402e+01
    endloop
  endfacet
  facet normal 5.927546e-01 -5.654355e-01 5.735195e-01
    outer loop
      vertex   -2.082110e+01 7.933210e+00 2.897402e+01
      vertex   -2.076432e+01 7.992733e+00 2.897402e+01
      vertex   -2.081181e+01 8.039616e+00 2.906932e+01
    endloop
  endfacet
  facet normal 5.729572e-01 -5.854873e-01 5.735195e-01
    outer loop
      vertex   -2.081181e+01 8.039616e+00 2.906932e+01
      vertex   -2.076432e+01 7.992733e+00 2.897402e+01
      vertex   -2.075137e+01 8.098757e+00 2.906932e+01
    endloop
  endfacet
  facet normal 5.486653e-01 -5.606642e-01 6.201790e-01
    outer loop
      vertex   -2.081181e+01 8.039616e+00 2.906932e+01
      vertex   -2.075137e+01 8.098757e+00 2.906932e+01
      vertex   -2.080095e+01 8.151189e+00 2.916058e+01
    endloop
  endfacet
  facet normal 5.290582e-01 -5.792024e-01 6.201790e-01
    outer loop
      vertex   -2.080095e+01 8.151189e+00 2.916058e+01
      vertex   -2.075137e+01 8.098757e+00 2.906932e+01
      vertex   -2.073668e+01 8.209891e+00 2.916058e+01
    endloop
  endfacet
  facet normal 5.038439e-01 -5.515983e-01 6.647410e-01
    outer loop
      vertex   -2.080095e+01 8.151189e+00 2.916058e+01
      vertex   -2.073668e+01 8.209891e+00 2.916058e+01
      vertex   -2.078785e+01 8.267885e+00 2.924748e+01
    endloop
  endfacet
  facet normal 4.845750e-01 -5.686004e-01 6.647410e-01
    outer loop
      vertex   -2.078785e+01 8.267885e+00 2.924748e+01
      vertex   -2.073668e+01 8.209891e+00 2.916058e+01
      vertex   -2.071958e+01 8.326067e+00 2.924748e+01
    endloop
  endfacet
  facet normal 4.586851e-01 -5.382211e-01 7.070545e-01
    outer loop
      vertex   -2.078785e+01 8.267885e+00 2.924748e+01
      vertex   -2.071958e+01 8.326067e+00 2.924748e+01
      vertex   -2.077186e+01 8.389587e+00 2.932975e+01
    endloop
  endfacet
  facet normal 4.399030e-01 -5.536780e-01 7.070545e-01
    outer loop
      vertex   -2.077186e+01 8.389587e+00 2.932975e+01
      vertex   -2.071958e+01 8.326067e+00 2.924748e+01
      vertex   -2.069941e+01 8.447147e+00 2.932975e+01
    endloop
  endfacet
  facet normal 4.135842e-01 -5.205522e-01 7.469762e-01
    outer loop
      vertex   -2.077186e+01 8.389587e+00 2.932975e+01
      vertex   -2.069941e+01 8.447147e+00 2.932975e+01
      vertex   -2.075229e+01 8.516112e+00 2.940709e+01
    endloop
  endfacet
  facet normal 3.954365e-01 -5.344684e-01 7.469762e-01
    outer loop
      vertex   -2.075229e+01 8.516112e+00 2.940709e+01
      vertex   -2.069941e+01 8.447147e+00 2.932975e+01
      vertex   -2.067551e+01 8.572925e+00 2.940709e+01
    endloop
  endfacet
  facet normal 3.689340e-01 -4.986480e-01 7.843710e-01
    outer loop
      vertex   -2.075229e+01 8.516112e+00 2.940709e+01
      vertex   -2.067551e+01 8.572925e+00 2.940709e+01
      vertex   -2.072852e+01 8.647209e+00 2.947925e+01
    endloop
  endfacet
  facet normal 3.515660e-01 -5.110415e-01 7.843710e-01
    outer loop
      vertex   -2.072852e+01 8.647209e+00 2.947925e+01
      vertex   -2.067551e+01 8.572925e+00 2.940709e+01
      vertex   -2.064723e+01 8.703126e+00 2.947925e+01
    endloop
  endfacet
  facet normal 3.251211e-01 -4.726008e-01 8.191122e-01
    outer loop
      vertex   -2.072852e+01 8.647209e+00 2.947925e+01
      vertex   -2.064723e+01 8.703126e+00 2.947925e+01
      vertex   -2.069989e+01 8.782558e+00 2.954598e+01
    endloop
  endfacet
  facet normal 3.086749e-01 -4.835029e-01 8.191122e-01
    outer loop
      vertex   -2.069989e+01 8.782558e+00 2.954598e+01
      vertex   -2.064723e+01 8.703126e+00 2.947925e+01
      vertex   -2.061397e+01 8.837410e+00 2.954598e+01
    endloop
  endfacet
  facet normal 8.835809e-01 -4.674636e-01 2.761663e-02
    outer loop
      vertex   -2.090492e+01 7.247045e+00 2.799129e+01
      vertex   -2.089648e+01 7.256118e+00 2.787500e+01
      vertex   -2.087169e+01 7.309857e+00 2.799129e+01
    endloop
  endfacet
  facet normal 8.746743e-01 -4.833093e-01 3.683825e-02
    outer loop
      vertex   -2.087169e+01 7.309857e+00 2.799129e+01
      vertex   -2.089648e+01 7.256118e+00 2.787500e+01
      vertex   -2.083742e+01 7.363012e+00 2.787500e+01
    endloop
  endfacet
  facet normal 8.669705e-01 -4.975695e-01 2.804982e-02
    outer loop
      vertex   -2.087169e+01 7.309857e+00 2.799129e+01
      vertex   -2.083742e+01 7.363012e+00 2.787500e+01
      vertex   -2.083631e+01 7.371489e+00 2.799129e+01
    endloop
  endfacet
  facet normal 8.447042e-01 -5.343383e-01 3.094135e-02
    outer loop
      vertex   -2.083631e+01 7.371489e+00 2.799129e+01
      vertex   -2.083742e+01 7.363012e+00 2.787500e+01
      vertex   -2.077213e+01 7.466223e+00 2.787500e+01
    endloop
  endfacet
  facet normal 8.490198e-01 -5.268906e-01 3.939050e-02
    outer loop
      vertex   -2.083631e+01 7.371489e+00 2.799129e+01
      vertex   -2.077213e+01 7.466223e+00 2.787500e+01
      vertex   -2.079884e+01 7.431869e+00 2.799129e+01
    endloop
  endfacet
  facet normal 8.307477e-01 -5.560138e-01 2.658940e-02
    outer loop
      vertex   -2.079884e+01 7.431869e+00 2.799129e+01
      vertex   -2.077213e+01 7.466223e+00 2.787500e+01
      vertex   -2.075932e+01 7.490923e+00 2.799129e+01
    endloop
  endfacet
  facet normal 8.278801e-01 -5.540945e-01 8.714295e-02
    outer loop
      vertex   -2.079884e+01 7.431869e+00 2.799129e+01
      vertex   -2.075932e+01 7.490923e+00 2.799129e+01
      vertex   -2.076765e+01 7.496707e+00 2.810719e+01
    endloop
  endfacet
  facet normal 8.083336e-01 -5.822395e-01 8.714295e-02
    outer loop
      vertex   -2.076765e+01 7.496707e+00 2.810719e+01
      vertex   -2.075932e+01 7.490923e+00 2.799129e+01
      vertex   -2.072591e+01 7.554651e+00 2.810719e+01
    endloop
  endfacet
  facet normal 8.028557e-01 -5.782937e-01 1.449109e-01
    outer loop
      vertex   -2.076765e+01 7.496707e+00 2.810719e+01
      vertex   -2.072591e+01 7.554651e+00 2.810719e+01
      vertex   -2.073942e+01 7.564739e+00 2.822230e+01
    endloop
  endfacet
  facet normal 7.824918e-01 -6.055638e-01 1.449109e-01
    outer loop
      vertex   -2.073942e+01 7.564739e+00 2.822230e+01
      vertex   -2.072591e+01 7.554651e+00 2.810719e+01
      vertex   -2.069536e+01 7.621672e+00 2.822230e+01
    endloop
  endfacet
  facet normal 7.745057e-01 -5.993834e-01 2.021889e-01
    outer loop
      vertex   -2.073942e+01 7.564739e+00 2.822230e+01
      vertex   -2.069536e+01 7.621672e+00 2.822230e+01
      vertex   -2.071372e+01 7.636388e+00 2.833623e+01
    endloop
  endfacet
  facet normal 7.534333e-01 -6.256660e-01 2.021889e-01
    outer loop
      vertex   -2.071372e+01 7.636388e+00 2.833623e+01
      vertex   -2.069536e+01 7.621672e+00 2.822230e+01
      vertex   -2.066721e+01 7.692394e+00 2.833623e+01
    endloop
  endfacet
  facet normal 7.431158e-01 -6.170981e-01 2.587833e-01
    outer loop
      vertex   -2.071372e+01 7.636388e+00 2.833623e+01
      vertex   -2.066721e+01 7.692394e+00 2.833623e+01
      vertex   -2.069004e+01 7.712026e+00 2.844861e+01
    endloop
  endfacet
  facet normal 7.214527e-01 -6.422906e-01 2.587833e-01
    outer loop
      vertex   -2.069004e+01 7.712026e+00 2.844861e+01
      vertex   -2.066721e+01 7.692394e+00 2.833623e+01
      vertex   -2.064094e+01 7.767173e+00 2.844861e+01
    endloop
  endfacet
  facet normal 7.089953e-01 -6.312001e-01 3.145028e-01
    outer loop
      vertex   -2.069004e+01 7.712026e+00 2.844861e+01
      vertex   -2.064094e+01 7.767173e+00 2.844861e+01
      vertex   -2.066785e+01 7.791973e+00 2.855904e+01
    endloop
  endfacet
  facet normal 6.868674e-01 -6.552108e-01 3.145028e-01
    outer loop
      vertex   -2.066785e+01 7.791973e+00 2.855904e+01
      vertex   -2.064094e+01 7.767173e+00 2.844861e+01
      vertex   -2.061602e+01 7.846309e+00 2.855904e+01
    endloop
  endfacet
  facet normal 6.724751e-01 -6.414818e-01 3.691590e-01
    outer loop
      vertex   -2.066785e+01 7.791973e+00 2.855904e+01
      vertex   -2.061602e+01 7.846309e+00 2.855904e+01
      vertex   -2.064658e+01 7.876487e+00 2.866716e+01
    endloop
  endfacet
  facet normal 6.500151e-01 -6.642304e-01 3.691590e-01
    outer loop
      vertex   -2.064658e+01 7.876487e+00 2.866716e+01
      vertex   -2.061602e+01 7.846309e+00 2.855904e+01
      vertex   -2.059186e+01 7.930042e+00 2.866716e+01
    endloop
  endfacet
  facet normal 6.339044e-01 -6.477673e-01 4.225669e-01
    outer loop
      vertex   -2.064658e+01 7.876487e+00 2.866716e+01
      vertex   -2.059186e+01 7.930042e+00 2.866716e+01
      vertex   -2.062564e+01 7.965769e+00 2.877260e+01
    endloop
  endfacet
  facet normal 6.112511e-01 -6.691856e-01 4.225669e-01
    outer loop
      vertex   -2.062564e+01 7.965769e+00 2.877260e+01
      vertex   -2.059186e+01 7.930042e+00 2.866716e+01
      vertex   -2.056785e+01 8.018551e+00 2.877260e+01
    endloop
  endfacet
  facet normal 5.936479e-01 -6.499140e-01 4.745460e-01
    outer loop
      vertex   -2.062564e+01 7.965769e+00 2.877260e+01
      vertex   -2.056785e+01 8.018551e+00 2.877260e+01
      vertex   -2.060438e+01 8.059953e+00 2.887500e+01
    endloop
  endfacet
  facet normal 5.709446e-01 -6.699465e-01 4.745460e-01
    outer loop
      vertex   -2.060438e+01 8.059953e+00 2.887500e+01
      vertex   -2.056785e+01 8.018551e+00 2.877260e+01
      vertex   -2.054337e+01 8.111948e+00 2.887500e+01
    endloop
  endfacet
  facet normal 5.520829e-01 -6.478141e-01 5.249203e-01
    outer loop
      vertex   -2.060438e+01 8.059953e+00 2.887500e+01
      vertex   -2.054337e+01 8.111948e+00 2.887500e+01
      vertex   -2.058218e+01 8.159107e+00 2.897402e+01
    endloop
  endfacet
  facet normal 5.294764e-01 -6.664184e-01 5.249203e-01
    outer loop
      vertex   -2.058218e+01 8.159107e+00 2.897402e+01
      vertex   -2.054337e+01 8.111948e+00 2.887500e+01
      vertex   -2.051777e+01 8.210280e+00 2.897402e+01
    endloop
  endfacet
  facet normal 5.095953e-01 -6.413953e-01 5.735195e-01
    outer loop
      vertex   -2.058218e+01 8.159107e+00 2.897402e+01
      vertex   -2.051777e+01 8.210280e+00 2.897402e+01
      vertex   -2.055838e+01 8.263233e+00 2.906932e+01
    endloop
  endfacet
  facet normal 4.872347e-01 -6.585421e-01 5.735195e-01
    outer loop
      vertex   -2.055838e+01 8.263233e+00 2.906932e+01
      vertex   -2.051777e+01 8.210280e+00 2.897402e+01
      vertex   -2.049040e+01 8.313525e+00 2.906932e+01
    endloop
  endfacet
  facet normal 4.665772e-01 -6.306216e-01 6.201790e-01
    outer loop
      vertex   -2.055838e+01 8.263233e+00 2.906932e+01
      vertex   -2.049040e+01 8.313525e+00 2.906932e+01
      vertex   -2.053232e+01 8.372262e+00 2.916058e+01
    endloop
  endfacet
  facet normal 4.446126e-01 -6.462953e-01 6.201790e-01
    outer loop
      vertex   -2.053232e+01 8.372262e+00 2.916058e+01
      vertex   -2.049040e+01 8.313525e+00 2.906932e+01
      vertex   -2.046061e+01 8.421594e+00 2.916058e+01
    endloop
  endfacet
  facet normal 4.234229e-01 -6.154937e-01 6.647410e-01
    outer loop
      vertex   -2.053232e+01 8.372262e+00 2.916058e+01
      vertex   -2.046061e+01 8.421594e+00 2.916058e+01
      vertex   -2.050334e+01 8.486058e+00 2.924748e+01
    endloop
  endfacet
  facet normal 4.020041e-01 -6.296921e-01 6.647410e-01
    outer loop
      vertex   -2.050334e+01 8.486058e+00 2.924748e+01
      vertex   -2.046061e+01 8.421594e+00 2.916058e+01
      vertex   -2.042773e+01 8.534326e+00 2.924748e+01
    endloop
  endfacet
  facet normal 3.805257e-01 -5.960488e-01 7.070545e-01
    outer loop
      vertex   -2.050334e+01 8.486058e+00 2.924748e+01
      vertex   -2.042773e+01 8.534326e+00 2.924748e+01
      vertex   -2.047080e+01 8.604416e+00 2.932975e+01
    endloop
  endfacet
  facet normal 3.598011e-01 -6.087833e-01 7.070545e-01
    outer loop
      vertex   -2.047080e+01 8.604416e+00 2.932975e+01
      vertex   -2.042773e+01 8.534326e+00 2.924748e+01
      vertex   -2.039114e+01 8.651495e+00 2.932975e+01
    endloop
  endfacet
  facet normal 3.382747e-01 -5.723607e-01 7.469762e-01
    outer loop
      vertex   -2.047080e+01 8.604416e+00 2.932975e+01
      vertex   -2.039114e+01 8.651495e+00 2.932975e+01
      vertex   -2.043407e+01 8.727062e+00 2.940709e+01
    endloop
  endfacet
  facet normal 3.183897e-01 -5.836562e-01 7.469762e-01
    outer loop
      vertex   -2.043407e+01 8.727062e+00 2.940709e+01
      vertex   -2.039114e+01 8.651495e+00 2.932975e+01
      vertex   -2.035021e+01 8.772805e+00 2.940709e+01
    endloop
  endfacet
  facet normal 2.970509e-01 -5.445391e-01 7.843710e-01
    outer loop
      vertex   -2.043407e+01 8.727062e+00 2.940709e+01
      vertex   -2.035021e+01 8.772805e+00 2.940709e+01
      vertex   -2.039253e+01 8.853658e+00 2.947925e+01
    endloop
  endfacet
  facet normal 2.781472e-01 -5.544333e-01 7.843710e-01
    outer loop
      vertex   -2.039253e+01 8.853658e+00 2.947925e+01
      vertex   -2.035021e+01 8.772805e+00 2.940709e+01
      vertex   -2.030435e+01 8.897898e+00 2.947925e+01
    endloop
  endfacet
  facet normal 2.572249e-01 -5.127286e-01 8.191122e-01
    outer loop
      vertex   -2.039253e+01 8.853658e+00 2.947925e+01
      vertex   -2.030435e+01 8.897898e+00 2.947925e+01
      vertex   -2.034561e+01 8.983801e+00 2.954598e+01
    endloop
  endfacet
  facet normal 8.115025e-01 -5.833289e-01 3.451135e-02
    outer loop
      vertex   -2.077213e+01 7.466223e+00 2.787500e+01
      vertex   -2.070085e+01 7.565388e+00 2.787500e+01
      vertex   -2.075932e+01 7.490923e+00 2.799129e+01
    endloop
  endfacet
  facet normal 8.109589e-01 -5.841304e-01 3.372475e-02
    outer loop
      vertex   -2.075932e+01 7.490923e+00 2.799129e+01
      vertex   -2.070085e+01 7.565388e+00 2.787500e+01
      vertex   -2.071779e+01 7.548584e+00 2.799129e+01
    endloop
  endfacet
  facet normal 8.083336e-01 -5.822395e-01 8.714295e-02
    outer loop
      vertex   -2.075932e+01 7.490923e+00 2.799129e+01
      vertex   -2.071779e+01 7.548584e+00 2.799129e+01
      vertex   -2.072591e+01 7.554651e+00 2.810719e+01
    endloop
  endfacet
  facet normal 7.878308e-01 -6.096956e-01 8.714295e-02
    outer loop
      vertex   -2.072591e+01 7.554651e+00 2.810719e+01
      vertex   -2.071779e+01 7.548584e+00 2.799129e+01
      vertex   -2.068221e+01 7.611125e+00 2.810719e+01
    endloop
  endfacet
  facet normal 7.824918e-01 -6.055638e-01 1.449109e-01
    outer loop
      vertex   -2.072591e+01 7.554651e+00 2.810719e+01
      vertex   -2.068221e+01 7.611125e+00 2.810719e+01
      vertex   -2.069536e+01 7.621672e+00 2.822230e+01
    endloop
  endfacet
  facet normal 7.612020e-01 -6.321173e-01 1.449109e-01
    outer loop
      vertex   -2.069536e+01 7.621672e+00 2.822230e+01
      vertex   -2.068221e+01 7.611125e+00 2.810719e+01
      vertex   -2.064937e+01 7.677056e+00 2.822230e+01
    endloop
  endfacet
  facet normal 7.534333e-01 -6.256660e-01 2.021889e-01
    outer loop
      vertex   -2.069536e+01 7.621672e+00 2.822230e+01
      vertex   -2.064937e+01 7.677056e+00 2.822230e+01
      vertex   -2.066721e+01 7.692394e+00 2.833623e+01
    endloop
  endfacet
  facet normal 7.314694e-01 -6.512082e-01 2.021889e-01
    outer loop
      vertex   -2.066721e+01 7.692394e+00 2.833623e+01
      vertex   -2.064937e+01 7.677056e+00 2.822230e+01
      vertex   -2.061880e+01 7.746768e+00 2.833623e+01
    endloop
  endfacet
  facet normal 7.214527e-01 -6.422906e-01 2.587833e-01
    outer loop
      vertex   -2.066721e+01 7.692394e+00 2.833623e+01
      vertex   -2.061880e+01 7.746768e+00 2.833623e+01
      vertex   -2.064094e+01 7.767173e+00 2.844861e+01
    endloop
  endfacet
  facet normal 6.989359e-01 -6.667231e-01 2.587833e-01
    outer loop
      vertex   -2.064094e+01 7.767173e+00 2.844861e+01
      vertex   -2.061880e+01 7.746768e+00 2.833623e+01
      vertex   -2.058998e+01 7.820599e+00 2.844861e+01
    endloop
  endfacet
  facet normal 6.868674e-01 -6.552108e-01 3.145028e-01
    outer loop
      vertex   -2.064094e+01 7.767173e+00 2.844861e+01
      vertex   -2.058998e+01 7.820599e+00 2.844861e+01
      vertex   -2.061602e+01 7.846309e+00 2.855904e+01
    endloop
  endfacet
  facet normal 6.639267e-01 -6.784462e-01 3.145028e-01
    outer loop
      vertex   -2.061602e+01 7.846309e+00 2.855904e+01
      vertex   -2.058998e+01 7.820599e+00 2.844861e+01
      vertex   -2.056235e+01 7.898831e+00 2.855904e+01
    endloop
  endfacet
  facet normal 6.500151e-01 -6.642304e-01 3.691590e-01
    outer loop
      vertex   -2.061602e+01 7.846309e+00 2.855904e+01
      vertex   -2.056235e+01 7.898831e+00 2.855904e+01
      vertex   -2.059186e+01 7.930042e+00 2.866716e+01
    endloop
  endfacet
  facet normal 6.267861e-01 -6.861930e-01 3.691590e-01
    outer loop
      vertex   -2.059186e+01 7.930042e+00 2.866716e+01
      vertex   -2.056235e+01 7.898831e+00 2.855904e+01
      vertex   -2.053532e+01 7.981684e+00 2.866716e+01
    endloop
  endfacet
  facet normal 6.112511e-01 -6.691856e-01 4.225669e-01
    outer loop
      vertex   -2.059186e+01 7.930042e+00 2.866716e+01
      vertex   -2.053532e+01 7.981684e+00 2.866716e+01
      vertex   -2.056785e+01 8.018551e+00 2.877260e+01
    endloop
  endfacet
  facet normal 5.878745e-01 -6.898121e-01 4.225669e-01
    outer loop
      vertex   -2.056785e+01 8.018551e+00 2.877260e+01
      vertex   -2.053532e+01 7.981684e+00 2.866716e+01
      vertex   -2.050829e+01 8.069314e+00 2.877260e+01
    endloop
  endfacet
  facet normal 5.709446e-01 -6.699465e-01 4.745460e-01
    outer loop
      vertex   -2.056785e+01 8.018551e+00 2.877260e+01
      vertex   -2.050829e+01 8.069314e+00 2.877260e+01
      vertex   -2.054337e+01 8.111948e+00 2.887500e+01
    endloop
  endfacet
  facet normal 5.475658e-01 -6.891864e-01 4.745460e-01
    outer loop
      vertex   -2.054337e+01 8.111948e+00 2.887500e+01
      vertex   -2.050829e+01 8.069314e+00 2.877260e+01
      vertex   -2.048061e+01 8.161814e+00 2.887500e+01
    endloop
  endfacet
  facet normal 5.294764e-01 -6.664184e-01 5.249203e-01
    outer loop
      vertex   -2.054337e+01 8.111948e+00 2.887500e+01
      vertex   -2.048061e+01 8.161814e+00 2.887500e+01
      vertex   -2.051777e+01 8.210280e+00 2.897402e+01
    endloop
  endfacet
  facet normal 5.062434e-01 -6.842341e-01 5.249203e-01
    outer loop
      vertex   -2.051777e+01 8.210280e+00 2.897402e+01
      vertex   -2.048061e+01 8.161814e+00 2.887500e+01
      vertex   -2.045164e+01 8.259208e+00 2.897402e+01
    endloop
  endfacet
  facet normal 4.872347e-01 -6.585421e-01 5.735195e-01
    outer loop
      vertex   -2.051777e+01 8.210280e+00 2.897402e+01
      vertex   -2.045164e+01 8.259208e+00 2.897402e+01
      vertex   -2.049040e+01 8.313525e+00 2.906932e+01
    endloop
  endfacet
  facet normal 4.642976e-01 -6.749097e-01 5.735195e-01
    outer loop
      vertex   -2.049040e+01 8.313525e+00 2.906932e+01
      vertex   -2.045164e+01 8.259208e+00 2.897402e+01
      vertex   -2.042074e+01 8.361451e+00 2.906932e+01
    endloop
  endfacet
  facet normal 4.446126e-01 -6.462953e-01 6.201790e-01
    outer loop
      vertex   -2.049040e+01 8.313525e+00 2.906932e+01
      vertex   -2.042074e+01 8.361451e+00 2.906932e+01
      vertex   -2.046061e+01 8.421594e+00 2.916058e+01
    endloop
  endfacet
  facet normal 4.221219e-01 -6.612043e-01 6.201790e-01
    outer loop
      vertex   -2.046061e+01 8.421594e+00 2.916058e+01
      vertex   -2.042074e+01 8.361451e+00 2.906932e+01
      vertex   -2.038724e+01 8.468430e+00 2.916058e+01
    endloop
  endfacet
  facet normal 4.020041e-01 -6.296921e-01 6.647410e-01
    outer loop
      vertex   -2.046061e+01 8.421594e+00 2.916058e+01
      vertex   -2.038724e+01 8.468430e+00 2.916058e+01
      vertex   -2.042773e+01 8.534326e+00 2.924748e+01
    endloop
  endfacet
  facet normal 3.801096e-01 -6.431455e-01 6.647410e-01
    outer loop
      vertex   -2.042773e+01 8.534326e+00 2.924748e+01
      vertex   -2.038724e+01 8.468430e+00 2.916058e+01
      vertex   -2.035051e+01 8.579965e+00 2.924748e+01
    endloop
  endfacet
  facet normal 3.598011e-01 -6.087833e-01 7.070545e-01
    outer loop
      vertex   -2.042773e+01 8.534326e+00 2.924748e+01
      vertex   -2.035051e+01 8.579965e+00 2.924748e+01
      vertex   -2.039114e+01 8.651495e+00 2.932975e+01
    endloop
  endfacet
  facet normal 3.386507e-01 -6.207976e-01 7.070545e-01
    outer loop
      vertex   -2.039114e+01 8.651495e+00 2.932975e+01
      vertex   -2.035051e+01 8.579965e+00 2.924748e+01
      vertex   -2.030991e+01 8.695806e+00 2.932975e+01
    endloop
  endfacet
  facet normal 3.183897e-01 -5.836562e-01 7.469762e-01
    outer loop
      vertex   -2.039114e+01 8.651495e+00 2.932975e+01
      vertex   -2.030991e+01 8.695806e+00 2.932975e+01
      vertex   -2.035021e+01 8.772805e+00 2.940709e+01
    endloop
  endfacet
  facet normal 2.981280e-01 -5.942611e-01 7.469762e-01
    outer loop
      vertex   -2.035021e+01 8.772805e+00 2.940709e+01
      vertex   -2.030991e+01 8.695806e+00 2.932975e+01
      vertex   -2.026484e+01 8.815637e+00 2.940709e+01
    endloop
  endfacet
  facet normal 2.781472e-01 -5.544333e-01 7.843710e-01
    outer loop
      vertex   -2.035021e+01 8.772805e+00 2.940709e+01
      vertex   -2.026484e+01 8.815637e+00 2.940709e+01
      vertex   -2.030435e+01 8.897898e+00 2.947925e+01
    endloop
  endfacet
  facet normal 7.905562e-01 -6.118048e-01 2.675375e-02
    outer loop
      vertex   -2.071779e+01 7.548584e+00 2.799129e+01
      vertex   -2.070085e+01 7.565388e+00 2.787500e+01
      vertex   -2.067429e+01 7.604782e+00 2.799129e+01
    endloop
  endfacet
  facet normal 7.755008e-01 -6.302932e-01 3.645435e-02
    outer loop
      vertex   -2.067429e+01 7.604782e+00 2.799129e+01
      vertex   -2.070085e+01 7.565388e+00 2.787500e+01
      vertex   -2.062382e+01 7.660160e+00 2.787500e+01
    endloop
  endfacet
  facet normal 7.689836e-01 -6.385792e-01 2.967965e-02
    outer loop
      vertex   -2.067429e+01 7.604782e+00 2.799129e+01
      vertex   -2.062382e+01 7.660160e+00 2.787500e+01
      vertex   -2.062890e+01 7.659451e+00 2.799129e+01
    endloop
  endfacet
  facet normal 7.465911e-01 -6.646707e-01 2.854282e-02
    outer loop
      vertex   -2.062890e+01 7.659451e+00 2.799129e+01
      vertex   -2.062382e+01 7.660160e+00 2.787500e+01
      vertex   -2.058164e+01 7.712526e+00 2.799129e+01
    endloop
  endfacet
  facet normal 7.440540e-01 -6.624120e-01 8.714295e-02
    outer loop
      vertex   -2.062890e+01 7.659451e+00 2.799129e+01
      vertex   -2.058164e+01 7.712526e+00 2.799129e+01
      vertex   -2.058910e+01 7.719398e+00 2.810719e+01
    endloop
  endfacet
  facet normal 7.208319e-01 -6.876100e-01 8.714295e-02
    outer loop
      vertex   -2.058910e+01 7.719398e+00 2.810719e+01
      vertex   -2.058164e+01 7.712526e+00 2.799129e+01
      vertex   -2.053981e+01 7.771069e+00 2.810719e+01
    endloop
  endfacet
  facet normal 7.159469e-01 -6.829501e-01 1.449109e-01
    outer loop
      vertex   -2.058910e+01 7.719398e+00 2.810719e+01
      vertex   -2.053981e+01 7.771069e+00 2.810719e+01
      vertex   -2.055181e+01 7.782915e+00 2.822230e+01
    endloop
  endfacet
  facet normal 6.920351e-01 -7.071692e-01 1.449109e-01
    outer loop
      vertex   -2.055181e+01 7.782915e+00 2.822230e+01
      vertex   -2.053981e+01 7.771069e+00 2.810719e+01
      vertex   -2.050036e+01 7.833267e+00 2.822230e+01
    endloop
  endfacet
  facet normal 6.849722e-01 -6.999519e-01 2.021889e-01
    outer loop
      vertex   -2.055181e+01 7.782915e+00 2.822230e+01
      vertex   -2.050036e+01 7.833267e+00 2.822230e+01
      vertex   -2.051652e+01 7.850361e+00 2.833623e+01
    endloop
  endfacet
  facet normal 6.604940e-01 -7.230957e-01 2.021889e-01
    outer loop
      vertex   -2.051652e+01 7.850361e+00 2.833623e+01
      vertex   -2.050036e+01 7.833267e+00 2.822230e+01
      vertex   -2.046277e+01 7.899459e+00 2.833623e+01
    endloop
  endfacet
  facet normal 6.514492e-01 -7.131936e-01 2.587833e-01
    outer loop
      vertex   -2.051652e+01 7.850361e+00 2.833623e+01
      vertex   -2.046277e+01 7.899459e+00 2.833623e+01
      vertex   -2.048269e+01 7.922037e+00 2.844861e+01
    endloop
  endfacet
  facet normal 6.265353e-01 -7.351766e-01 2.587833e-01
    outer loop
      vertex   -2.048269e+01 7.922037e+00 2.844861e+01
      vertex   -2.046277e+01 7.899459e+00 2.833623e+01
      vertex   -2.042650e+01 7.969928e+00 2.844861e+01
    endloop
  endfacet
  facet normal 6.157169e-01 -7.224823e-01 3.145028e-01
    outer loop
      vertex   -2.048269e+01 7.922037e+00 2.844861e+01
      vertex   -2.042650e+01 7.969928e+00 2.844861e+01
      vertex   -2.044975e+01 7.998184e+00 2.855904e+01
    endloop
  endfacet
  facet normal 5.905047e-01 -7.432309e-01 3.145028e-01
    outer loop
      vertex   -2.044975e+01 7.998184e+00 2.855904e+01
      vertex   -2.042650e+01 7.969928e+00 2.844861e+01
      vertex   -2.039095e+01 8.044898e+00 2.855904e+01
    endloop
  endfacet
  facet normal 5.781316e-01 -7.276576e-01 3.691590e-01
    outer loop
      vertex   -2.044975e+01 7.998184e+00 2.855904e+01
      vertex   -2.039095e+01 8.044898e+00 2.855904e+01
      vertex   -2.041709e+01 8.078983e+00 2.866716e+01
    endloop
  endfacet
  facet normal 5.527636e-01 -7.471104e-01 3.691590e-01
    outer loop
      vertex   -2.041709e+01 8.078983e+00 2.866716e+01
      vertex   -2.039095e+01 8.044898e+00 2.855904e+01
      vertex   -2.035554e+01 8.124526e+00 2.866716e+01
    endloop
  endfacet
  facet normal 5.390633e-01 -7.285932e-01 4.225669e-01
    outer loop
      vertex   -2.041709e+01 8.078983e+00 2.866716e+01
      vertex   -2.035554e+01 8.124526e+00 2.866716e+01
      vertex   -2.038409e+01 8.164548e+00 2.877260e+01
    endloop
  endfacet
  facet normal 5.136863e-01 -7.467018e-01 4.225669e-01
    outer loop
      vertex   -2.038409e+01 8.164548e+00 2.877260e+01
      vertex   -2.035554e+01 8.124526e+00 2.866716e+01
      vertex   -2.031962e+01 8.208905e+00 2.877260e+01
    endloop
  endfacet
  facet normal 4.988929e-01 -7.251979e-01 4.745460e-01
    outer loop
      vertex   -2.038409e+01 8.164548e+00 2.877260e+01
      vertex   -2.031962e+01 8.208905e+00 2.877260e+01
      vertex   -2.035012e+01 8.254926e+00 2.887500e+01
    endloop
  endfacet
  facet normal 4.736564e-01 -7.419270e-01 4.745460e-01
    outer loop
      vertex   -2.035012e+01 8.254926e+00 2.887500e+01
      vertex   -2.031962e+01 8.208905e+00 2.877260e+01
      vertex   -2.028256e+01 8.298061e+00 2.887500e+01
    endloop
  endfacet
  facet normal 4.580087e-01 -7.174167e-01 5.249203e-01
    outer loop
      vertex   -2.035012e+01 8.254926e+00 2.887500e+01
      vertex   -2.028256e+01 8.298061e+00 2.887500e+01
      vertex   -2.031453e+01 8.350098e+00 2.897402e+01
    endloop
  endfacet
  facet normal 4.330640e-01 -7.327443e-01 5.249203e-01
    outer loop
      vertex   -2.031453e+01 8.350098e+00 2.897402e+01
      vertex   -2.028256e+01 8.298061e+00 2.887500e+01
      vertex   -2.024371e+01 8.391953e+00 2.897402e+01
    endloop
  endfacet
  facet normal 4.168031e-01 -7.052308e-01 5.735195e-01
    outer loop
      vertex   -2.031453e+01 8.350098e+00 2.897402e+01
      vertex   -2.024371e+01 8.391953e+00 2.897402e+01
      vertex   -2.027667e+01 8.449975e+00 2.906932e+01
    endloop
  endfacet
  facet normal 3.923019e-01 -7.191485e-01 5.735195e-01
    outer loop
      vertex   -2.027667e+01 8.449975e+00 2.906932e+01
      vertex   -2.024371e+01 8.391953e+00 2.897402e+01
      vertex   -2.020244e+01 8.490468e+00 2.906932e+01
    endloop
  endfacet
  facet normal 3.756694e-01 -6.886585e-01 6.201790e-01
    outer loop
      vertex   -2.027667e+01 8.449975e+00 2.906932e+01
      vertex   -2.020244e+01 8.490468e+00 2.906932e+01
      vertex   -2.023590e+01 8.554399e+00 2.916058e+01
    endloop
  endfacet
  facet normal 3.517625e-01 -7.011712e-01 6.201790e-01
    outer loop
      vertex   -2.023590e+01 8.554399e+00 2.916058e+01
      vertex   -2.020244e+01 8.490468e+00 2.906932e+01
      vertex   -2.015810e+01 8.593428e+00 2.916058e+01
    endloop
  endfacet
  facet normal 3.349979e-01 -6.677543e-01 6.647410e-01
    outer loop
      vertex   -2.023590e+01 8.554399e+00 2.916058e+01
      vertex   -2.015810e+01 8.593428e+00 2.916058e+01
      vertex   -2.019159e+01 8.663145e+00 2.924748e+01
    endloop
  endfacet
  facet normal 7.368275e-01 -6.750801e-01 3.677114e-02
    outer loop
      vertex   -2.062382e+01 7.660160e+00 2.787500e+01
      vertex   -2.054132e+01 7.750208e+00 2.787500e+01
      vertex   -2.058164e+01 7.712526e+00 2.799129e+01
    endloop
  endfacet
  facet normal 7.233157e-01 -6.899793e-01 2.725771e-02
    outer loop
      vertex   -2.058164e+01 7.712526e+00 2.799129e+01
      vertex   -2.054132e+01 7.750208e+00 2.787500e+01
      vertex   -2.053260e+01 7.763945e+00 2.799129e+01
    endloop
  endfacet
  facet normal 7.208319e-01 -6.876100e-01 8.714295e-02
    outer loop
      vertex   -2.058164e+01 7.712526e+00 2.799129e+01
      vertex   -2.053260e+01 7.763945e+00 2.799129e+01
      vertex   -2.053981e+01 7.771069e+00 2.810719e+01
    endloop
  endfacet
  facet normal 6.967569e-01 -7.119943e-01 8.714295e-02
    outer loop
      vertex   -2.053981e+01 7.771069e+00 2.810719e+01
      vertex   -2.053260e+01 7.763945e+00 2.799129e+01
      vertex   -2.048877e+01 7.821015e+00 2.810719e+01
    endloop
  endfacet
  facet normal 6.920351e-01 -7.071692e-01 1.449109e-01
    outer loop
      vertex   -2.053981e+01 7.771069e+00 2.810719e+01
      vertex   -2.048877e+01 7.821015e+00 2.810719e+01
      vertex   -2.050036e+01 7.833267e+00 2.822230e+01
    endloop
  endfacet
  facet normal 6.673044e-01 -7.305516e-01 1.449109e-01
    outer loop
      vertex   -2.050036e+01 7.833267e+00 2.822230e+01
      vertex   -2.048877e+01 7.821015e+00 2.810719e+01
      vertex   -2.044720e+01 7.881818e+00 2.822230e+01
    endloop
  endfacet
  facet normal 6.604940e-01 -7.230957e-01 2.021889e-01
    outer loop
      vertex   -2.050036e+01 7.833267e+00 2.822230e+01
      vertex   -2.044720e+01 7.881818e+00 2.822230e+01
      vertex   -2.046277e+01 7.899459e+00 2.833623e+01
    endloop
  endfacet
  facet normal 6.352342e-01 -7.453839e-01 2.021889e-01
    outer loop
      vertex   -2.046277e+01 7.899459e+00 2.833623e+01
      vertex   -2.044720e+01 7.881818e+00 2.822230e+01
      vertex   -2.040736e+01 7.946679e+00 2.833623e+01
    endloop
  endfacet
  facet normal 6.265353e-01 -7.351766e-01 2.587833e-01
    outer loop
      vertex   -2.046277e+01 7.899459e+00 2.833623e+01
      vertex   -2.040736e+01 7.946679e+00 2.833623e+01
      vertex   -2.042650e+01 7.969928e+00 2.844861e+01
    endloop
  endfacet
  facet normal 6.008801e-01 -7.562898e-01 2.587833e-01
    outer loop
      vertex   -2.042650e+01 7.969928e+00 2.844861e+01
      vertex   -2.040736e+01 7.946679e+00 2.833623e+01
      vertex   -2.036869e+01 8.015859e+00 2.844861e+01
    endloop
  endfacet
  facet normal 5.905047e-01 -7.432309e-01 3.145028e-01
    outer loop
      vertex   -2.042650e+01 7.969928e+00 2.844861e+01
      vertex   -2.036869e+01 8.015859e+00 2.844861e+01
      vertex   -2.039095e+01 8.044898e+00 2.855904e+01
    endloop
  endfacet
  facet normal 5.645939e-01 -7.631001e-01 3.145028e-01
    outer loop
      vertex   -2.039095e+01 8.044898e+00 2.855904e+01
      vertex   -2.036869e+01 8.015859e+00 2.844861e+01
      vertex   -2.033059e+01 8.089562e+00 2.855904e+01
    endloop
  endfacet
  facet normal 5.527636e-01 -7.471104e-01 3.691590e-01
    outer loop
      vertex   -2.039095e+01 8.044898e+00 2.855904e+01
      vertex   -2.033059e+01 8.089562e+00 2.855904e+01
      vertex   -2.035554e+01 8.124526e+00 2.866716e+01
    endloop
  endfacet
  facet normal 5.267417e-01 -7.656793e-01 3.691590e-01
    outer loop
      vertex   -2.035554e+01 8.124526e+00 2.866716e+01
      vertex   -2.033059e+01 8.089562e+00 2.855904e+01
      vertex   -2.029245e+01 8.167924e+00 2.866716e+01
    endloop
  endfacet
  facet normal 5.136863e-01 -7.467018e-01 4.225669e-01
    outer loop
      vertex   -2.035554e+01 8.124526e+00 2.866716e+01
      vertex   -2.029245e+01 8.167924e+00 2.866716e+01
      vertex   -2.031962e+01 8.208905e+00 2.877260e+01
    endloop
  endfacet
  facet normal 4.877015e-01 -7.639270e-01 4.225669e-01
    outer loop
      vertex   -2.031962e+01 8.208905e+00 2.877260e+01
      vertex   -2.029245e+01 8.167924e+00 2.866716e+01
      vertex   -2.025365e+01 8.251018e+00 2.877260e+01
    endloop
  endfacet
  facet normal 4.736564e-01 -7.419270e-01 4.745460e-01
    outer loop
      vertex   -2.031962e+01 8.208905e+00 2.877260e+01
      vertex   -2.025365e+01 8.251018e+00 2.877260e+01
      vertex   -2.028256e+01 8.298061e+00 2.887500e+01
    endloop
  endfacet
  facet normal 4.478595e-01 -7.577783e-01 4.745460e-01
    outer loop
      vertex   -2.028256e+01 8.298061e+00 2.887500e+01
      vertex   -2.025365e+01 8.251018e+00 2.877260e+01
      vertex   -2.021355e+01 8.338847e+00 2.887500e+01
    endloop
  endfacet
  facet normal 4.330640e-01 -7.327443e-01 5.249203e-01
    outer loop
      vertex   -2.028256e+01 8.298061e+00 2.887500e+01
      vertex   -2.021355e+01 8.338847e+00 2.887500e+01
      vertex   -2.024371e+01 8.391953e+00 2.897402e+01
    endloop
  endfacet
  facet normal 4.076070e-01 -7.472049e-01 5.249203e-01
    outer loop
      vertex   -2.024371e+01 8.391953e+00 2.897402e+01
      vertex   -2.021355e+01 8.338847e+00 2.887500e+01
      vertex   -2.017150e+01 8.431347e+00 2.897402e+01
    endloop
  endfacet
  facet normal 3.923019e-01 -7.191485e-01 5.735195e-01
    outer loop
      vertex   -2.024371e+01 8.391953e+00 2.897402e+01
      vertex   -2.017150e+01 8.431347e+00 2.897402e+01
      vertex   -2.020244e+01 8.490468e+00 2.906932e+01
    endloop
  endfacet
  facet normal 3.673366e-01 -7.322153e-01 5.735195e-01
    outer loop
      vertex   -2.020244e+01 8.490468e+00 2.906932e+01
      vertex   -2.017150e+01 8.431347e+00 2.897402e+01
      vertex   -2.012686e+01 8.528385e+00 2.906932e+01
    endloop
  endfacet
  facet normal 3.517625e-01 -7.011712e-01 6.201790e-01
    outer loop
      vertex   -2.020244e+01 8.490468e+00 2.906932e+01
      vertex   -2.012686e+01 8.528385e+00 2.906932e+01
      vertex   -2.015810e+01 8.593428e+00 2.916058e+01
    endloop
  endfacet
  facet normal 6.956807e-01 -7.176113e-01 3.259462e-02
    outer loop
      vertex   -2.054132e+01 7.750208e+00 2.787500e+01
      vertex   -2.045363e+01 7.835214e+00 2.787500e+01
      vertex   -2.053260e+01 7.763945e+00 2.799129e+01
    endloop
  endfacet
  facet normal 6.989417e-01 -7.142269e-01 3.688313e-02
    outer loop
      vertex   -2.053260e+01 7.763945e+00 2.799129e+01
      vertex   -2.045363e+01 7.835214e+00 2.787500e+01
      vertex   -2.048181e+01 7.813647e+00 2.799129e+01
    endloop
  endfacet
  facet normal 6.967569e-01 -7.119943e-01 8.714295e-02
    outer loop
      vertex   -2.053260e+01 7.763945e+00 2.799129e+01
      vertex   -2.048181e+01 7.813647e+00 2.799129e+01
      vertex   -2.048877e+01 7.821015e+00 2.810719e+01
    endloop
  endfacet
  facet normal 6.718575e-01 -7.355363e-01 8.714295e-02
    outer loop
      vertex   -2.048877e+01 7.821015e+00 2.810719e+01
      vertex   -2.048181e+01 7.813647e+00 2.799129e+01
      vertex   -2.043605e+01 7.869175e+00 2.810719e+01
    endloop
  endfacet
  facet normal 6.673044e-01 -7.305516e-01 1.449109e-01
    outer loop
      vertex   -2.048877e+01 7.821015e+00 2.810719e+01
      vertex   -2.043605e+01 7.869175e+00 2.810719e+01
      vertex   -2.044720e+01 7.881818e+00 2.822230e+01
    endloop
  endfacet
  facet normal 6.417842e-01 -7.530697e-01 1.449109e-01
    outer loop
      vertex   -2.044720e+01 7.881818e+00 2.822230e+01
      vertex   -2.043605e+01 7.869175e+00 2.810719e+01
      vertex   -2.039241e+01 7.928513e+00 2.822230e+01
    endloop
  endfacet
  facet normal 6.352342e-01 -7.453839e-01 2.021889e-01
    outer loop
      vertex   -2.044720e+01 7.881818e+00 2.822230e+01
      vertex   -2.039241e+01 7.928513e+00 2.822230e+01
      vertex   -2.040736e+01 7.946679e+00 2.833623e+01
    endloop
  endfacet
  facet normal 6.092228e-01 -7.667902e-01 2.021889e-01
    outer loop
      vertex   -2.040736e+01 7.946679e+00 2.833623e+01
      vertex   -2.039241e+01 7.928513e+00 2.822230e+01
      vertex   -2.035036e+01 7.991965e+00 2.833623e+01
    endloop
  endfacet
  facet normal 6.008801e-01 -7.562898e-01 2.587833e-01
    outer loop
      vertex   -2.040736e+01 7.946679e+00 2.833623e+01
      vertex   -2.035036e+01 7.991965e+00 2.833623e+01
      vertex   -2.036869e+01 8.015859e+00 2.844861e+01
    endloop
  endfacet
  facet normal 5.745140e-01 -7.765081e-01 2.587833e-01
    outer loop
      vertex   -2.036869e+01 8.015859e+00 2.844861e+01
      vertex   -2.035036e+01 7.991965e+00 2.833623e+01
      vertex   -2.030933e+01 8.059774e+00 2.844861e+01
    endloop
  endfacet
  facet normal 5.645939e-01 -7.631001e-01 3.145028e-01
    outer loop
      vertex   -2.036869e+01 8.015859e+00 2.844861e+01
      vertex   -2.030933e+01 8.059774e+00 2.844861e+01
      vertex   -2.033059e+01 8.089562e+00 2.855904e+01
    endloop
  endfacet
  facet normal 5.380150e-01 -7.820664e-01 3.145028e-01
    outer loop
      vertex   -2.033059e+01 8.089562e+00 2.855904e+01
      vertex   -2.030933e+01 8.059774e+00 2.844861e+01
      vertex   -2.026872e+01 8.132123e+00 2.855904e+01
    endloop
  endfacet
  facet normal 5.267417e-01 -7.656793e-01 3.691590e-01
    outer loop
      vertex   -2.033059e+01 8.089562e+00 2.855904e+01
      vertex   -2.026872e+01 8.132123e+00 2.855904e+01
      vertex   -2.029245e+01 8.167924e+00 2.866716e+01
    endloop
  endfacet
  facet normal 5.000965e-01 -7.833423e-01 3.691590e-01
    outer loop
      vertex   -2.029245e+01 8.167924e+00 2.866716e+01
      vertex   -2.026872e+01 8.132123e+00 2.855904e+01
      vertex   -2.022791e+01 8.209128e+00 2.866716e+01
    endloop
  endfacet
  facet normal 4.877015e-01 -7.639270e-01 4.225669e-01
    outer loop
      vertex   -2.029245e+01 8.167924e+00 2.866716e+01
      vertex   -2.022791e+01 8.209128e+00 2.866716e+01
      vertex   -2.025365e+01 8.251018e+00 2.877260e+01
    endloop
  endfacet
  facet normal 4.611397e-01 -7.802483e-01 4.225669e-01
    outer loop
      vertex   -2.025365e+01 8.251018e+00 2.877260e+01
      vertex   -2.022791e+01 8.209128e+00 2.866716e+01
      vertex   -2.018628e+01 8.290838e+00 2.877260e+01
    endloop
  endfacet
  facet normal 4.478595e-01 -7.577783e-01 4.745460e-01
    outer loop
      vertex   -2.025365e+01 8.251018e+00 2.877260e+01
      vertex   -2.018628e+01 8.290838e+00 2.877260e+01
      vertex   -2.021355e+01 8.338847e+00 2.887500e+01
    endloop
  endfacet
  facet normal 4.215328e-01 -7.727330e-01 4.745460e-01
    outer loop
      vertex   -2.021355e+01 8.338847e+00 2.887500e+01
      vertex   -2.018628e+01 8.290838e+00 2.877260e+01
      vertex   -2.014318e+01 8.377236e+00 2.887500e+01
    endloop
  endfacet
  facet normal 4.076070e-01 -7.472049e-01 5.249203e-01
    outer loop
      vertex   -2.021355e+01 8.338847e+00 2.887500e+01
      vertex   -2.014318e+01 8.377236e+00 2.887500e+01
      vertex   -2.017150e+01 8.431347e+00 2.897402e+01
    endloop
  endfacet
  facet normal 3.816676e-01 -7.607815e-01 5.249203e-01
    outer loop
      vertex   -2.017150e+01 8.431347e+00 2.897402e+01
      vertex   -2.014318e+01 8.377236e+00 2.887500e+01
      vertex   -2.009797e+01 8.468235e+00 2.897402e+01
    endloop
  endfacet
  facet normal 3.673366e-01 -7.322153e-01 5.735195e-01
    outer loop
      vertex   -2.017150e+01 8.431347e+00 2.897402e+01
      vertex   -2.009797e+01 8.468235e+00 2.897402e+01
      vertex   -2.012686e+01 8.528385e+00 2.906932e+01
    endloop
  endfacet
  facet normal 6.741870e-01 -7.380866e-01 2.646022e-02
    outer loop
      vertex   -2.048181e+01 7.813647e+00 2.799129e+01
      vertex   -2.045363e+01 7.835214e+00 2.787500e+01
      vertex   -2.042934e+01 7.861572e+00 2.799129e+01
    endloop
  endfacet
  facet normal 6.519232e-01 -7.574536e-01 3.550061e-02
    outer loop
      vertex   -2.042934e+01 7.861572e+00 2.799129e+01
      vertex   -2.045363e+01 7.835214e+00 2.787500e+01
      vertex   -2.036107e+01 7.914882e+00 2.787500e+01
    endloop
  endfacet
  facet normal 6.483010e-01 -7.607165e-01 3.187828e-02
    outer loop
      vertex   -2.042934e+01 7.861572e+00 2.799129e+01
      vertex   -2.036107e+01 7.914882e+00 2.787500e+01
      vertex   -2.037525e+01 7.907665e+00 2.799129e+01
    endloop
  endfacet
  facet normal 6.218391e-01 -7.826695e-01 2.728758e-02
    outer loop
      vertex   -2.037525e+01 7.907665e+00 2.799129e+01
      vertex   -2.036107e+01 7.914882e+00 2.787500e+01
      vertex   -2.031962e+01 7.951870e+00 2.799129e+01
    endloop
  endfacet
  facet normal 6.197043e-01 -7.799825e-01 8.714295e-02
    outer loop
      vertex   -2.037525e+01 7.907665e+00 2.799129e+01
      vertex   -2.031962e+01 7.951870e+00 2.799129e+01
      vertex   -2.032579e+01 7.959916e+00 2.810719e+01
    endloop
  endfacet
  facet normal 5.925122e-01 -8.008342e-01 8.714295e-02
    outer loop
      vertex   -2.032579e+01 7.959916e+00 2.810719e+01
      vertex   -2.031962e+01 7.951870e+00 2.799129e+01
      vertex   -2.026838e+01 8.002389e+00 2.810719e+01
    endloop
  endfacet
  facet normal 5.884968e-01 -7.954071e-01 1.449109e-01
    outer loop
      vertex   -2.032579e+01 7.959916e+00 2.810719e+01
      vertex   -2.026838e+01 8.002389e+00 2.810719e+01
      vertex   -2.027817e+01 8.016114e+00 2.822230e+01
    endloop
  endfacet
  facet normal 5.607927e-01 -8.151763e-01 1.449109e-01
    outer loop
      vertex   -2.027817e+01 8.016114e+00 2.822230e+01
      vertex   -2.026838e+01 8.002389e+00 2.810719e+01
      vertex   -2.021886e+01 8.056916e+00 2.822230e+01
    endloop
  endfacet
  facet normal 5.550693e-01 -8.068567e-01 2.021889e-01
    outer loop
      vertex   -2.027817e+01 8.016114e+00 2.822230e+01
      vertex   -2.021886e+01 8.056916e+00 2.822230e+01
      vertex   -2.023186e+01 8.076525e+00 2.833623e+01
    endloop
  endfacet
  facet normal 5.269911e-01 -8.254696e-01 2.021889e-01
    outer loop
      vertex   -2.023186e+01 8.076525e+00 2.833623e+01
      vertex   -2.021886e+01 8.056916e+00 2.822230e+01
      vertex   -2.017050e+01 8.115698e+00 2.833623e+01
    endloop
  endfacet
  facet normal 5.197745e-01 -8.141656e-01 2.587833e-01
    outer loop
      vertex   -2.023186e+01 8.076525e+00 2.833623e+01
      vertex   -2.017050e+01 8.115698e+00 2.833623e+01
      vertex   -2.018627e+01 8.141353e+00 2.844861e+01
    endloop
  endfacet
  facet normal 4.914659e-01 -8.315603e-01 2.587833e-01
    outer loop
      vertex   -2.018627e+01 8.141353e+00 2.844861e+01
      vertex   -2.017050e+01 8.115698e+00 2.833623e+01
      vertex   -2.012270e+01 8.178920e+00 2.844861e+01
    endloop
  endfacet
  facet normal 4.829797e-01 -8.172017e-01 3.145028e-01
    outer loop
      vertex   -2.018627e+01 8.141353e+00 2.844861e+01
      vertex   -2.012270e+01 8.178920e+00 2.844861e+01
      vertex   -2.014078e+01 8.210739e+00 2.855904e+01
    endloop
  endfacet
  facet normal 4.545885e-01 -8.333290e-01 3.145028e-01
    outer loop
      vertex   -2.014078e+01 8.210739e+00 2.855904e+01
      vertex   -2.012270e+01 8.178920e+00 2.844861e+01
      vertex   -2.007485e+01 8.246700e+00 2.855904e+01
    endloop
  endfacet
  facet normal 4.450632e-01 -8.158679e-01 3.691590e-01
    outer loop
      vertex   -2.014078e+01 8.210739e+00 2.855904e+01
      vertex   -2.007485e+01 8.246700e+00 2.855904e+01
      vertex   -2.009477e+01 8.284756e+00 2.866716e+01
    endloop
  endfacet
  facet normal 4.167403e-01 -8.306920e-01 3.691590e-01
    outer loop
      vertex   -2.009477e+01 8.284756e+00 2.866716e+01
      vertex   -2.007485e+01 8.246700e+00 2.855904e+01
      vertex   -2.002633e+01 8.319091e+00 2.866716e+01
    endloop
  endfacet
  facet normal 4.064113e-01 -8.101031e-01 4.225669e-01
    outer loop
      vertex   -2.009477e+01 8.284756e+00 2.866716e+01
      vertex   -2.002633e+01 8.319091e+00 2.866716e+01
      vertex   -2.004762e+01 8.363411e+00 2.877260e+01
    endloop
  endfacet
  facet normal 6.059208e-01 -7.946743e-01 3.677999e-02
    outer loop
      vertex   -2.036107e+01 7.914882e+00 2.787500e+01
      vertex   -2.026395e+01 7.988931e+00 2.787500e+01
      vertex   -2.031962e+01 7.951870e+00 2.799129e+01
    endloop
  endfacet
  facet normal 5.945333e-01 -8.035659e-01 2.849527e-02
    outer loop
      vertex   -2.031962e+01 7.951870e+00 2.799129e+01
      vertex   -2.026395e+01 7.988931e+00 2.787500e+01
      vertex   -2.026249e+01 7.994135e+00 2.799129e+01
    endloop
  endfacet
  facet normal 5.925122e-01 -8.008342e-01 8.714295e-02
    outer loop
      vertex   -2.031962e+01 7.951870e+00 2.799129e+01
      vertex   -2.026249e+01 7.994135e+00 2.799129e+01
      vertex   -2.026838e+01 8.002389e+00 2.810719e+01
    endloop
  endfacet
  facet normal 5.646190e-01 -8.207384e-01 8.714295e-02
    outer loop
      vertex   -2.026838e+01 8.002389e+00 2.810719e+01
      vertex   -2.026249e+01 7.994135e+00 2.799129e+01
      vertex   -2.020955e+01 8.042862e+00 2.810719e+01
    endloop
  endfacet
  facet normal 5.607927e-01 -8.151763e-01 1.449109e-01
    outer loop
      vertex   -2.026838e+01 8.002389e+00 2.810719e+01
      vertex   -2.020955e+01 8.042862e+00 2.810719e+01
      vertex   -2.021886e+01 8.056916e+00 2.822230e+01
    endloop
  endfacet
  facet normal 5.324250e-01 -8.339811e-01 1.449109e-01
    outer loop
      vertex   -2.021886e+01 8.056916e+00 2.822230e+01
      vertex   -2.020955e+01 8.042862e+00 2.810719e+01
      vertex   -2.015819e+01 8.095654e+00 2.822230e+01
    endloop
  endfacet
  facet normal 5.269911e-01 -8.254696e-01 2.021889e-01
    outer loop
      vertex   -2.021886e+01 8.056916e+00 2.822230e+01
      vertex   -2.015819e+01 8.095654e+00 2.822230e+01
      vertex   -2.017050e+01 8.115698e+00 2.833623e+01
    endloop
  endfacet
  facet normal 4.982895e-01 -8.431057e-01 2.021889e-01
    outer loop
      vertex   -2.017050e+01 8.115698e+00 2.833623e+01
      vertex   -2.015819e+01 8.095654e+00 2.822230e+01
      vertex   -2.010783e+01 8.152739e+00 2.833623e+01
    endloop
  endfacet
  facet normal 4.914659e-01 -8.315603e-01 2.587833e-01
    outer loop
      vertex   -2.017050e+01 8.115698e+00 2.833623e+01
      vertex   -2.010783e+01 8.152739e+00 2.833623e+01
      vertex   -2.012270e+01 8.178920e+00 2.844861e+01
    endloop
  endfacet
  facet normal 4.625758e-01 -8.479710e-01 2.587833e-01
    outer loop
      vertex   -2.012270e+01 8.178920e+00 2.844861e+01
      vertex   -2.010783e+01 8.152739e+00 2.833623e+01
      vertex   -2.005788e+01 8.214279e+00 2.844861e+01
    endloop
  endfacet
  facet normal 4.545885e-01 -8.333290e-01 3.145028e-01
    outer loop
      vertex   -2.012270e+01 8.178920e+00 2.844861e+01
      vertex   -2.005788e+01 8.214279e+00 2.844861e+01
      vertex   -2.007485e+01 8.246700e+00 2.855904e+01
    endloop
  endfacet
  facet normal 4.256593e-01 -8.484705e-01 3.145028e-01
    outer loop
      vertex   -2.007485e+01 8.246700e+00 2.855904e+01
      vertex   -2.005788e+01 8.214279e+00 2.844861e+01
      vertex   -2.000773e+01 8.280373e+00 2.855904e+01
    endloop
  endfacet
  facet normal 4.167403e-01 -8.306920e-01 3.691590e-01
    outer loop
      vertex   -2.007485e+01 8.246700e+00 2.855904e+01
      vertex   -2.000773e+01 8.280373e+00 2.855904e+01
      vertex   -2.002633e+01 8.319091e+00 2.866716e+01
    endloop
  endfacet
  facet normal 5.579487e-01 -8.293291e-01 3.010754e-02
    outer loop
      vertex   -2.026395e+01 7.988931e+00 2.787500e+01
      vertex   -2.016262e+01 8.057103e+00 2.787500e+01
      vertex   -2.026249e+01 7.994135e+00 2.799129e+01
    endloop
  endfacet
  facet normal 5.663076e-01 -8.231929e-01 4.060868e-02
    outer loop
      vertex   -2.026249e+01 7.994135e+00 2.799129e+01
      vertex   -2.016262e+01 8.057103e+00 2.787500e+01
      vertex   -2.020395e+01 8.034411e+00 2.799129e+01
    endloop
  endfacet
  facet normal 5.646190e-01 -8.207384e-01 8.714295e-02
    outer loop
      vertex   -2.026249e+01 7.994135e+00 2.799129e+01
      vertex   -2.020395e+01 8.034411e+00 2.799129e+01
      vertex   -2.020955e+01 8.042862e+00 2.810719e+01
    endloop
  endfacet
  facet normal 5.360578e-01 -8.396714e-01 8.714295e-02
    outer loop
      vertex   -2.020955e+01 8.042862e+00 2.810719e+01
      vertex   -2.020395e+01 8.034411e+00 2.799129e+01
      vertex   -2.014936e+01 8.081288e+00 2.810719e+01
    endloop
  endfacet
  facet normal 5.324250e-01 -8.339811e-01 1.449109e-01
    outer loop
      vertex   -2.020955e+01 8.042862e+00 2.810719e+01
      vertex   -2.014936e+01 8.081288e+00 2.810719e+01
      vertex   -2.015819e+01 8.095654e+00 2.822230e+01
    endloop
  endfacet
  facet normal 5.034274e-01 -8.517991e-01 1.449109e-01
    outer loop
      vertex   -2.015819e+01 8.095654e+00 2.822230e+01
      vertex   -2.014936e+01 8.081288e+00 2.810719e+01
      vertex   -2.009621e+01 8.132283e+00 2.822230e+01
    endloop
  endfacet
  facet normal 4.982895e-01 -8.431057e-01 2.021889e-01
    outer loop
      vertex   -2.015819e+01 8.095654e+00 2.822230e+01
      vertex   -2.009621e+01 8.132283e+00 2.822230e+01
      vertex   -2.010783e+01 8.152739e+00 2.833623e+01
    endloop
  endfacet
  facet normal 4.689982e-01 -8.597443e-01 2.021889e-01
    outer loop
      vertex   -2.010783e+01 8.152739e+00 2.833623e+01
      vertex   -2.009621e+01 8.132283e+00 2.822230e+01
      vertex   -2.004392e+01 8.187601e+00 2.833623e+01
    endloop
  endfacet
  facet normal 4.625758e-01 -8.479710e-01 2.587833e-01
    outer loop
      vertex   -2.010783e+01 8.152739e+00 2.833623e+01
      vertex   -2.004392e+01 8.187601e+00 2.833623e+01
      vertex   -2.005788e+01 8.214279e+00 2.844861e+01
    endloop
  endfacet
  facet normal 4.331383e-01 -8.633785e-01 2.587833e-01
    outer loop
      vertex   -2.005788e+01 8.214279e+00 2.844861e+01
      vertex   -2.004392e+01 8.187601e+00 2.833623e+01
      vertex   -1.999189e+01 8.247387e+00 2.844861e+01
    endloop
  endfacet
  facet normal 4.256593e-01 -8.484705e-01 3.145028e-01
    outer loop
      vertex   -2.005788e+01 8.214279e+00 2.844861e+01
      vertex   -1.999189e+01 8.247387e+00 2.844861e+01
      vertex   -2.000773e+01 8.280373e+00 2.855904e+01
    endloop
  endfacet
  facet normal 5.379125e-01 -8.425766e-01 2.673607e-02
    outer loop
      vertex   -2.020395e+01 8.034411e+00 2.799129e+01
      vertex   -2.016262e+01 8.057103e+00 2.787500e+01
      vertex   -2.014405e+01 8.072649e+00 2.799129e+01
    endloop
  endfacet
  facet normal 5.078220e-01 -8.607917e-01 3.397689e-02
    outer loop
      vertex   -2.014405e+01 8.072649e+00 2.799129e+01
      vertex   -2.016262e+01 8.057103e+00 2.787500e+01
      vertex   -2.005744e+01 8.119157e+00 2.787500e+01
    endloop
  endfacet
  facet normal 5.084925e-01 -8.603692e-01 3.464525e-02
    outer loop
      vertex   -2.014405e+01 8.072649e+00 2.799129e+01
      vertex   -2.005744e+01 8.119157e+00 2.787500e+01
      vertex   -2.008287e+01 8.108805e+00 2.799129e+01
    endloop
  endfacet
  facet normal 4.787195e-01 -8.775648e-01 2.660158e-02
    outer loop
      vertex   -2.008287e+01 8.108805e+00 2.799129e+01
      vertex   -2.005744e+01 8.119157e+00 2.787500e+01
      vertex   -2.002049e+01 8.142836e+00 2.799129e+01
    endloop
  endfacet
  facet normal 4.770672e-01 -8.745359e-01 8.714295e-02
    outer loop
      vertex   -2.008287e+01 8.108805e+00 2.799129e+01
      vertex   -2.002049e+01 8.142836e+00 2.799129e+01
      vertex   -2.002519e+01 8.151819e+00 2.810719e+01
    endloop
  endfacet
  facet normal 4.467075e-01 -8.904260e-01 8.714295e-02
    outer loop
      vertex   -2.002519e+01 8.151819e+00 2.810719e+01
      vertex   -2.002049e+01 8.142836e+00 2.799129e+01
      vertex   -1.996136e+01 8.183840e+00 2.810719e+01
    endloop
  endfacet
  facet normal 4.436802e-01 -8.843917e-01 1.449109e-01
    outer loop
      vertex   -2.002519e+01 8.151819e+00 2.810719e+01
      vertex   -1.996136e+01 8.183840e+00 2.810719e+01
      vertex   -1.996867e+01 8.199039e+00 2.822230e+01
    endloop
  endfacet
  facet normal 4.559481e-01 -8.892691e-01 3.621905e-02
    outer loop
      vertex   -2.005744e+01 8.119157e+00 2.787500e+01
      vertex   -1.994876e+01 8.174877e+00 2.787500e+01
      vertex   -2.002049e+01 8.142836e+00 2.799129e+01
    endloop
  endfacet
  facet normal 4.482074e-01 -8.934158e-01 3.030186e-02
    outer loop
      vertex   -2.002049e+01 8.142836e+00 2.799129e+01
      vertex   -1.994876e+01 8.174877e+00 2.787500e+01
      vertex   -1.995697e+01 8.174700e+00 2.799129e+01
    endloop
  endfacet
  facet normal 4.467075e-01 -8.904260e-01 8.714295e-02
    outer loop
      vertex   -2.002049e+01 8.142836e+00 2.799129e+01
      vertex   -1.995697e+01 8.174700e+00 2.799129e+01
      vertex   -1.996136e+01 8.183840e+00 2.810719e+01
    endloop
  endfacet
  facet normal 3.857604e-01 -9.221866e-01 2.758127e-02
    outer loop
      vertex   -1.989240e+01 8.204362e+00 2.799129e+01
      vertex   -1.983698e+01 8.224067e+00 2.787500e+01
      vertex   -1.982684e+01 8.231785e+00 2.799129e+01
    endloop
  endfacet
  facet normal 3.477230e-01 -9.370551e-01 3.188299e-02
    outer loop
      vertex   -1.982684e+01 8.231785e+00 2.799129e+01
      vertex   -1.983698e+01 8.224067e+00 2.787500e+01
      vertex   -1.972248e+01 8.266555e+00 2.787500e+01
    endloop
  endfacet
  facet normal 3.536952e-01 -9.345893e-01 3.797995e-02
    outer loop
      vertex   -1.982684e+01 8.231785e+00 2.799129e+01
      vertex   -1.972248e+01 8.266555e+00 2.787500e+01
      vertex   -1.976038e+01 8.256937e+00 2.799129e+01
    endloop
  endfacet
  facet normal 3.214624e-01 -9.465519e-01 2.648495e-02
    outer loop
      vertex   -1.976038e+01 8.256937e+00 2.799129e+01
      vertex   -1.972248e+01 8.266555e+00 2.787500e+01
      vertex   -1.969310e+01 8.279789e+00 2.799129e+01
    endloop
  endfacet
  facet normal 3.203519e-01 -9.432819e-01 8.714295e-02
    outer loop
      vertex   -1.976038e+01 8.256937e+00 2.799129e+01
      vertex   -1.969310e+01 8.279789e+00 2.799129e+01
      vertex   -1.969619e+01 8.289444e+00 2.810719e+01
    endloop
  endfacet
  facet normal 2.877206e-01 -9.537416e-01 8.714295e-02
    outer loop
      vertex   -1.969619e+01 8.289444e+00 2.810719e+01
      vertex   -1.969310e+01 8.279789e+00 2.799129e+01
      vertex   -1.962782e+01 8.310069e+00 2.810719e+01
    endloop
  endfacet
  facet normal 2.857708e-01 -9.472782e-01 1.449109e-01
    outer loop
      vertex   -1.969619e+01 8.289444e+00 2.810719e+01
      vertex   -1.962782e+01 8.310069e+00 2.810719e+01
      vertex   -1.963242e+01 8.326293e+00 2.822230e+01
    endloop
  endfacet
  facet normal 2.530225e-01 -9.565461e-01 1.449109e-01
    outer loop
      vertex   -1.963242e+01 8.326293e+00 2.822230e+01
      vertex   -1.962782e+01 8.310069e+00 2.810719e+01
      vertex   -1.956282e+01 8.344702e+00 2.822230e+01
    endloop
  endfacet
  facet normal 2.504402e-01 -9.467837e-01 2.021889e-01
    outer loop
      vertex   -1.963242e+01 8.326293e+00 2.822230e+01
      vertex   -1.956282e+01 8.344702e+00 2.822230e+01
      vertex   -1.956844e+01 8.367546e+00 2.833623e+01
    endloop
  endfacet
  facet normal 2.178489e-01 -9.548096e-01 2.021893e-01
    outer loop
      vertex   -1.956844e+01 8.367546e+00 2.833623e+01
      vertex   -1.956282e+01 8.344702e+00 2.822230e+01
      vertex   -1.949314e+01 8.360600e+00 2.822230e+01
    endloop
  endfacet
  facet normal 2.178441e-01 -9.548113e-01 2.021862e-01
    outer loop
      vertex   -1.956844e+01 8.367546e+00 2.833623e+01
      vertex   -1.949314e+01 8.360600e+00 2.822230e+01
      vertex   -1.949796e+01 8.383627e+00 2.833623e+01
    endloop
  endfacet
  facet normal 1.848817e-01 -9.617366e-01 2.021916e-01
    outer loop
      vertex   -1.949796e+01 8.383627e+00 2.833623e+01
      vertex   -1.949314e+01 8.360600e+00 2.822230e+01
      vertex   -1.942193e+01 8.374289e+00 2.822230e+01
    endloop
  endfacet
  facet normal 1.848768e-01 -9.617382e-01 2.021885e-01
    outer loop
      vertex   -1.949796e+01 8.383627e+00 2.833623e+01
      vertex   -1.942193e+01 8.374289e+00 2.822230e+01
      vertex   -1.942597e+01 8.397465e+00 2.833623e+01
    endloop
  endfacet
  facet normal 1.515753e-01 -9.675456e-01 2.021889e-01
    outer loop
      vertex   -1.942597e+01 8.397465e+00 2.833623e+01
      vertex   -1.942193e+01 8.374289e+00 2.822230e+01
      vertex   -1.935405e+01 8.408732e+00 2.833623e+01
    endloop
  endfacet
  facet normal 1.494997e-01 -9.542961e-01 2.587833e-01
    outer loop
      vertex   -1.942597e+01 8.397465e+00 2.833623e+01
      vertex   -1.935405e+01 8.408732e+00 2.833623e+01
      vertex   -1.935820e+01 8.438556e+00 2.844861e+01
    endloop
  endfacet
  facet normal 1.165907e-01 -9.588732e-01 2.587833e-01
    outer loop
      vertex   -1.935820e+01 8.438556e+00 2.844861e+01
      vertex   -1.935405e+01 8.408732e+00 2.833623e+01
      vertex   -1.928490e+01 8.447468e+00 2.844861e+01
    endloop
  endfacet
  facet normal 1.145775e-01 -9.423163e-01 3.145028e-01
    outer loop
      vertex   -1.935820e+01 8.438556e+00 2.844861e+01
      vertex   -1.928490e+01 8.447468e+00 2.844861e+01
      vertex   -1.928870e+01 8.483865e+00 2.855904e+01
    endloop
  endfacet
  facet normal 8.210116e-02 -9.456994e-01 3.145028e-01
    outer loop
      vertex   -1.928870e+01 8.483865e+00 2.855904e+01
      vertex   -1.928490e+01 8.447468e+00 2.844861e+01
      vertex   -1.921388e+01 8.490360e+00 2.855904e+01
    endloop
  endfacet
  facet normal 8.038085e-02 -9.258837e-01 3.691590e-01
    outer loop
      vertex   -1.928870e+01 8.483865e+00 2.855904e+01
      vertex   -1.921388e+01 8.490360e+00 2.855904e+01
      vertex   -1.921686e+01 8.533209e+00 2.866716e+01
    endloop
  endfacet
  facet normal 4.848991e-02 -9.281004e-01 3.691590e-01
    outer loop
      vertex   -1.921686e+01 8.533209e+00 2.866716e+01
      vertex   -1.921388e+01 8.490360e+00 2.855904e+01
      vertex   -1.914039e+01 8.537205e+00 2.866716e+01
    endloop
  endfacet
  facet normal 4.728808e-02 -9.050973e-01 4.225669e-01
    outer loop
      vertex   -1.921686e+01 8.533209e+00 2.866716e+01
      vertex   -1.914039e+01 8.537205e+00 2.866716e+01
      vertex   -1.914212e+01 8.586341e+00 2.877260e+01
    endloop
  endfacet
  facet normal 1.613161e-02 -9.061882e-01 4.225669e-01
    outer loop
      vertex   -1.914212e+01 8.586341e+00 2.877260e+01
      vertex   -1.914039e+01 8.537205e+00 2.866716e+01
      vertex   -1.906387e+01 8.587734e+00 2.877260e+01
    endloop
  endfacet
  facet normal 1.566705e-02 -8.800913e-01 4.745460e-01
    outer loop
      vertex   -1.914212e+01 8.586341e+00 2.877260e+01
      vertex   -1.906387e+01 8.587734e+00 2.877260e+01
      vertex   -1.906390e+01 8.642949e+00 2.887500e+01
    endloop
  endfacet
  facet normal -1.461069e-02 -8.801094e-01 4.745460e-01
    outer loop
      vertex   -1.906390e+01 8.642949e+00 2.887500e+01
      vertex   -1.906387e+01 8.587734e+00 2.877260e+01
      vertex   -1.898375e+01 8.641618e+00 2.887500e+01
    endloop
  endfacet
  facet normal -1.412801e-02 -8.510341e-01 5.249203e-01
    outer loop
      vertex   -1.906390e+01 8.642949e+00 2.887500e+01
      vertex   -1.898375e+01 8.641618e+00 2.887500e+01
      vertex   -1.898168e+01 8.702658e+00 2.897402e+01
    endloop
  endfacet
  facet normal -4.338878e-02 -8.500447e-01 5.249203e-01
    outer loop
      vertex   -1.898168e+01 8.702658e+00 2.897402e+01
      vertex   -1.898375e+01 8.641618e+00 2.887500e+01
      vertex   -1.889953e+01 8.698465e+00 2.897402e+01
    endloop
  endfacet
  facet normal -4.175960e-02 -8.181268e-01 5.735195e-01
    outer loop
      vertex   -1.898168e+01 8.702658e+00 2.897402e+01
      vertex   -1.889953e+01 8.698465e+00 2.897402e+01
      vertex   -1.889498e+01 8.765039e+00 2.906932e+01
    endloop
  endfacet
  facet normal -6.987226e-02 -8.162066e-01 5.735195e-01
    outer loop
      vertex   -1.889498e+01 8.765039e+00 2.906932e+01
      vertex   -1.889953e+01 8.698465e+00 2.897402e+01
      vertex   -1.881073e+01 8.757827e+00 2.906932e+01
    endloop
  endfacet
  facet normal -6.690986e-02 -7.816016e-01 6.201790e-01
    outer loop
      vertex   -1.889498e+01 8.765039e+00 2.906932e+01
      vertex   -1.881073e+01 8.757827e+00 2.906932e+01
      vertex   -1.880334e+01 8.829605e+00 2.916058e+01
    endloop
  endfacet
  facet normal -9.375145e-02 -7.788380e-01 6.201790e-01
    outer loop
      vertex   -1.880334e+01 8.829605e+00 2.916058e+01
      vertex   -1.881073e+01 8.757827e+00 2.906932e+01
      vertex   -1.871693e+01 8.819203e+00 2.916058e+01
    endloop
  endfacet
  facet normal -8.928337e-02 -7.417196e-01 6.647410e-01
    outer loop
      vertex   -1.880334e+01 8.829605e+00 2.916058e+01
      vertex   -1.871693e+01 8.819203e+00 2.916058e+01
      vertex   -1.870636e+01 8.895820e+00 2.924748e+01
    endloop
  endfacet
  facet normal -1.147401e-01 -7.382101e-01 6.647410e-01
    outer loop
      vertex   -1.870636e+01 8.895820e+00 2.924748e+01
      vertex   -1.871693e+01 8.819203e+00 2.916058e+01
      vertex   -1.861773e+01 8.882043e+00 2.924748e+01
    endloop
  endfacet
  facet normal -1.086097e-01 -6.987688e-01 7.070545e-01
    outer loop
      vertex   -1.870636e+01 8.895820e+00 2.924748e+01
      vertex   -1.861773e+01 8.882043e+00 2.924748e+01
      vertex   -1.860370e+01 8.963102e+00 2.932975e+01
    endloop
  endfacet
  facet normal -1.325778e-01 -6.946201e-01 7.070545e-01
    outer loop
      vertex   -1.860370e+01 8.963102e+00 2.932975e+01
      vertex   -1.861773e+01 8.882043e+00 2.924748e+01
      vertex   -1.851281e+01 8.945754e+00 2.932975e+01
    endloop
  endfacet
  facet normal -1.246459e-01 -6.530620e-01 7.469762e-01
    outer loop
      vertex   -1.860370e+01 8.963102e+00 2.932975e+01
      vertex   -1.851281e+01 8.945754e+00 2.932975e+01
      vertex   -1.849505e+01 9.030828e+00 2.940709e+01
    endloop
  endfacet
  facet normal -1.470325e-01 -6.483887e-01 7.469762e-01
    outer loop
      vertex   -1.849505e+01 9.030828e+00 2.940709e+01
      vertex   -1.851281e+01 8.945754e+00 2.932975e+01
      vertex   -1.840189e+01 9.009704e+00 2.940709e+01
    endloop
  endfacet
  facet normal -1.371783e-01 -6.049332e-01 7.843710e-01
    outer loop
      vertex   -1.849505e+01 9.030828e+00 2.940709e+01
      vertex   -1.840189e+01 9.009704e+00 2.940709e+01
      vertex   -1.838018e+01 9.098342e+00 2.947925e+01
    endloop
  endfacet
  facet normal -1.579023e-01 -5.998575e-01 7.843710e-01
    outer loop
      vertex   -1.838018e+01 9.098342e+00 2.947925e+01
      vertex   -1.840189e+01 9.009704e+00 2.940709e+01
      vertex   -1.828478e+01 9.073228e+00 2.947925e+01
    endloop
  endfacet
  facet normal -1.460248e-01 -5.547360e-01 8.191122e-01
    outer loop
      vertex   -1.838018e+01 9.098342e+00 2.947925e+01
      vertex   -1.828478e+01 9.073228e+00 2.947925e+01
      vertex   -1.825893e+01 9.164957e+00 2.954598e+01
    endloop
  endfacet
  facet normal -1.650171e-01 -5.493856e-01 8.191122e-01
    outer loop
      vertex   -1.825893e+01 9.164957e+00 2.954598e+01
      vertex   -1.828478e+01 9.073228e+00 2.947925e+01
      vertex   -1.816131e+01 9.135633e+00 2.954598e+01
    endloop
  endfacet
  facet normal -1.510362e-01 -5.028395e-01 8.510820e-01
    outer loop
      vertex   -1.825893e+01 9.164957e+00 2.954598e+01
      vertex   -1.816131e+01 9.135633e+00 2.954598e+01
      vertex   -1.813120e+01 9.229961e+00 2.960705e+01
    endloop
  endfacet
  facet normal -1.682407e-01 -4.973475e-01 8.510820e-01
    outer loop
      vertex   -1.813120e+01 9.229961e+00 2.960705e+01
      vertex   -1.816131e+01 9.135633e+00 2.954598e+01
      vertex   -1.803141e+01 9.196205e+00 2.960705e+01
    endloop
  endfacet
  facet normal -1.520977e-01 -4.496259e-01 8.801721e-01
    outer loop
      vertex   -1.813120e+01 9.229961e+00 2.960705e+01
      vertex   -1.803141e+01 9.196205e+00 2.960705e+01
      vertex   -1.799693e+01 9.292629e+00 2.966227e+01
    endloop
  endfacet
  facet normal -1.674714e-01 -4.441289e-01 8.801721e-01
    outer loop
      vertex   -1.799693e+01 9.292629e+00 2.966227e+01
      vertex   -1.803141e+01 9.196205e+00 2.960705e+01
      vertex   -1.789507e+01 9.254218e+00 2.966227e+01
    endloop
  endfacet
  facet normal -1.491296e-01 -3.954870e-01 9.062838e-01
    outer loop
      vertex   -1.799693e+01 9.292629e+00 2.966227e+01
      vertex   -1.789507e+01 9.254218e+00 2.966227e+01
      vertex   -1.785618e+01 9.352222e+00 2.971143e+01
    endloop
  endfacet
  facet normal -1.626431e-01 -3.901241e-01 9.062838e-01
    outer loop
      vertex   -1.785618e+01 9.352222e+00 2.971143e+01
      vertex   -1.789507e+01 9.254218e+00 2.966227e+01
      vertex   -1.775235e+01 9.308935e+00 2.971143e+01
    endloop
  endfacet
  facet normal -1.420886e-01 -3.408209e-01 9.293288e-01
    outer loop
      vertex   -1.785618e+01 9.352222e+00 2.971143e+01
      vertex   -1.775235e+01 9.308935e+00 2.971143e+01
      vertex   -1.770903e+01 9.407999e+00 2.975439e+01
    endloop
  endfacet
  facet normal -1.537261e-01 -3.357325e-01 9.293288e-01
    outer loop
      vertex   -1.770903e+01 9.407999e+00 2.975439e+01
      vertex   -1.775235e+01 9.308935e+00 2.971143e+01
      vertex   -1.760337e+01 9.359618e+00 2.975439e+01
    endloop
  endfacet
  facet normal -1.309675e-01 -2.860285e-01 9.492287e-01
    outer loop
      vertex   -1.770903e+01 9.407999e+00 2.975439e+01
      vertex   -1.760337e+01 9.359618e+00 2.975439e+01
      vertex   -1.755567e+01 9.459221e+00 2.979098e+01
    endloop
  endfacet
  facet normal -1.407273e-01 -2.813550e-01 9.492287e-01
    outer loop
      vertex   -1.755567e+01 9.459221e+00 2.979098e+01
      vertex   -1.760337e+01 9.359618e+00 2.975439e+01
      vertex   -1.744834e+01 9.405536e+00 2.979098e+01
    endloop
  endfacet
  facet normal -1.157961e-01 -2.315104e-01 9.659163e-01
    outer loop
      vertex   -1.755567e+01 9.459221e+00 2.979098e+01
      vertex   -1.744834e+01 9.405536e+00 2.979098e+01
      vertex   -1.739635e+01 9.505161e+00 2.982109e+01
    endloop
  endfacet
  facet normal -1.236898e-01 -2.273909e-01 9.659163e-01
    outer loop
      vertex   -1.739635e+01 9.505161e+00 2.982109e+01
      vertex   -1.744834e+01 9.405536e+00 2.979098e+01
      vertex   -1.728753e+01 9.445969e+00 2.982109e+01
    endloop
  endfacet
  facet normal -9.664033e-02 -1.776632e-01 9.793347e-01
    outer loop
      vertex   -1.739635e+01 9.505161e+00 2.982109e+01
      vertex   -1.728753e+01 9.445969e+00 2.982109e+01
      vertex   -1.723138e+01 9.545104e+00 2.984462e+01
    endloop
  endfacet
  facet normal -1.026934e-01 -1.742344e-01 9.793347e-01
    outer loop
      vertex   -1.723138e+01 9.545104e+00 2.984462e+01
      vertex   -1.728753e+01 9.445969e+00 2.982109e+01
      vertex   -1.718082e+01 9.383070e+00 2.982109e+01
    endloop
  endfacet
  facet normal -8.005305e-02 -1.676425e-01 9.825922e-01
    outer loop
      vertex   -1.723138e+01 9.545104e+00 2.984462e+01
      vertex   -1.718082e+01 9.383070e+00 2.982109e+01
      vertex   -1.712500e+01 9.410652e+00 2.983034e+01
    endloop
  endfacet
  facet normal -6.911683e-02 -1.887657e-01 9.795868e-01
    outer loop
      vertex   -1.712500e+01 9.410652e+00 2.983034e+01
      vertex   -1.718082e+01 9.383070e+00 2.982109e+01
      vertex   -1.712500e+01 9.314583e+00 2.981183e+01
    endloop
  endfacet
  facet normal -1.211225e-01 -2.292849e-01 9.657939e-01
    outer loop
      vertex   -1.712500e+01 9.314583e+00 2.981183e+01
      vertex   -1.718082e+01 9.383070e+00 2.982109e+01
      vertex   -1.723953e+01 9.287255e+00 2.979098e+01
    endloop
  endfacet
  facet normal -1.285803e-01 -2.019399e-01 9.709209e-01
    outer loop
      vertex   -1.712500e+01 9.314583e+00 2.981183e+01
      vertex   -1.723953e+01 9.287255e+00 2.979098e+01
      vertex   -1.713830e+01 9.222799e+00 2.979098e+01
    endloop
  endfacet
  facet normal -1.689622e-01 -2.653612e-01 9.492287e-01
    outer loop
      vertex   -1.713830e+01 9.222799e+00 2.979098e+01
      vertex   -1.723953e+01 9.287255e+00 2.979098e+01
      vertex   -1.729724e+01 9.193095e+00 2.975439e+01
    endloop
  endfacet
  facet normal -1.689622e-01 -2.653612e-01 9.492287e-01
    outer loop
      vertex   -1.713830e+01 9.222799e+00 2.979098e+01
      vertex   -1.729724e+01 9.193095e+00 2.975439e+01
      vertex   -1.719921e+01 9.130680e+00 2.975439e+01
    endloop
  endfacet
  facet normal -1.983233e-01 -3.114737e-01 9.293288e-01
    outer loop
      vertex   -1.719921e+01 9.130680e+00 2.975439e+01
      vertex   -1.729724e+01 9.193095e+00 2.975439e+01
      vertex   -1.735373e+01 9.100909e+00 2.971143e+01
    endloop
  endfacet
  facet normal -1.983233e-01 -3.114737e-01 9.293288e-01
    outer loop
      vertex   -1.719921e+01 9.130680e+00 2.975439e+01
      vertex   -1.735373e+01 9.100909e+00 2.971143e+01
      vertex   -1.725884e+01 9.040491e+00 2.971143e+01
    endloop
  endfacet
  facet normal -2.270128e-01 -3.565316e-01 9.062838e-01
    outer loop
      vertex   -1.725884e+01 9.040491e+00 2.971143e+01
      vertex   -1.735373e+01 9.100909e+00 2.971143e+01
      vertex   -1.740882e+01 9.011008e+00 2.966227e+01
    endloop
  endfacet
  facet normal -2.270128e-01 -3.565316e-01 9.062838e-01
    outer loop
      vertex   -1.725884e+01 9.040491e+00 2.971143e+01
      vertex   -1.740882e+01 9.011008e+00 2.966227e+01
      vertex   -1.731699e+01 8.952538e+00 2.966227e+01
    endloop
  endfacet
  facet normal -2.549336e-01 -4.003823e-01 8.801721e-01
    outer loop
      vertex   -1.731699e+01 8.952538e+00 2.966227e+01
      vertex   -1.740882e+01 9.011008e+00 2.966227e+01
      vertex   -1.746233e+01 8.923697e+00 2.960705e+01
    endloop
  endfacet
  facet normal -2.549336e-01 -4.003823e-01 8.801721e-01
    outer loop
      vertex   -1.731699e+01 8.952538e+00 2.966227e+01
      vertex   -1.746233e+01 8.923697e+00 2.960705e+01
      vertex   -1.737347e+01 8.867118e+00 2.960705e+01
    endloop
  endfacet
  facet normal -2.819913e-01 -4.428774e-01 8.510820e-01
    outer loop
      vertex   -1.737347e+01 8.867118e+00 2.960705e+01
      vertex   -1.746233e+01 8.923697e+00 2.960705e+01
      vertex   -1.751406e+01 8.839271e+00 2.954598e+01
    endloop
  endfacet
  facet normal -2.819913e-01 -4.428774e-01 8.510820e-01
    outer loop
      vertex   -1.737347e+01 8.867118e+00 2.960705e+01
      vertex   -1.751406e+01 8.839271e+00 2.954598e+01
      vertex   -1.742808e+01 8.784521e+00 2.954598e+01
    endloop
  endfacet
  facet normal -3.080943e-01 -4.838730e-01 8.191122e-01
    outer loop
      vertex   -1.742808e+01 8.784521e+00 2.954598e+01
      vertex   -1.751406e+01 8.839271e+00 2.954598e+01
      vertex   -1.756386e+01 8.758015e+00 2.947925e+01
    endloop
  endfacet
  facet normal -3.080943e-01 -4.838730e-01 8.191122e-01
    outer loop
      vertex   -1.742808e+01 8.784521e+00 2.954598e+01
      vertex   -1.756386e+01 8.758015e+00 2.947925e+01
      vertex   -1.748064e+01 8.705026e+00 2.947925e+01
    endloop
  endfacet
  facet normal -3.331543e-01 -5.232306e-01 7.843710e-01
    outer loop
      vertex   -1.748064e+01 8.705026e+00 2.947925e+01
      vertex   -1.756386e+01 8.758015e+00 2.947925e+01
      vertex   -1.761154e+01 8.680205e+00 2.940709e+01
    endloop
  endfacet
  facet normal -3.331543e-01 -5.232306e-01 7.843710e-01
    outer loop
      vertex   -1.748064e+01 8.705026e+00 2.947925e+01
      vertex   -1.761154e+01 8.680205e+00 2.940709e+01
      vertex   -1.753097e+01 8.628903e+00 2.940709e+01
    endloop
  endfacet
  facet normal -3.570865e-01 -5.608170e-01 7.469762e-01
    outer loop
      vertex   -1.753097e+01 8.628903e+00 2.940709e+01
      vertex   -1.761154e+01 8.680205e+00 2.940709e+01
      vertex   -1.765695e+01 8.606104e+00 2.932975e+01
    endloop
  endfacet
  facet normal -3.570865e-01 -5.608170e-01 7.469762e-01
    outer loop
      vertex   -1.753097e+01 8.628903e+00 2.940709e+01
      vertex   -1.765695e+01 8.606104e+00 2.932975e+01
      vertex   -1.757890e+01 8.556407e+00 2.932975e+01
    endloop
  endfacet
  facet normal -3.798100e-01 -5.965051e-01 7.070545e-01
    outer loop
      vertex   -1.757890e+01 8.556407e+00 2.932975e+01
      vertex   -1.765695e+01 8.606104e+00 2.932975e+01
      vertex   -1.769993e+01 8.535963e+00 2.924748e+01
    endloop
  endfacet
  facet normal -3.798100e-01 -5.965051e-01 7.070545e-01
    outer loop
      vertex   -1.757890e+01 8.556407e+00 2.932975e+01
      vertex   -1.769993e+01 8.535963e+00 2.924748e+01
      vertex   -1.762427e+01 8.487786e+00 2.924748e+01
    endloop
  endfacet
  facet normal -4.012480e-01 -6.301741e-01 6.647410e-01
    outer loop
      vertex   -1.762427e+01 8.487786e+00 2.924748e+01
      vertex   -1.769993e+01 8.535963e+00 2.924748e+01
      vertex   -1.774035e+01 8.470019e+00 2.916058e+01
    endloop
  endfacet
  facet normal -4.012480e-01 -6.301741e-01 6.647410e-01
    outer loop
      vertex   -1.762427e+01 8.487786e+00 2.924748e+01
      vertex   -1.774035e+01 8.470019e+00 2.916058e+01
      vertex   -1.766693e+01 8.423270e+00 2.916058e+01
    endloop
  endfacet
  facet normal -4.213280e-01 -6.617104e-01 6.201790e-01
    outer loop
      vertex   -1.766693e+01 8.423270e+00 2.916058e+01
      vertex   -1.774035e+01 8.470019e+00 2.916058e+01
      vertex   -1.777805e+01 8.408495e+00 2.906932e+01
    endloop
  endfacet
  facet normal -4.213280e-01 -6.617104e-01 6.201790e-01
    outer loop
      vertex   -1.766693e+01 8.423270e+00 2.916058e+01
      vertex   -1.777805e+01 8.408495e+00 2.906932e+01
      vertex   -1.770672e+01 8.363079e+00 2.906932e+01
    endloop
  endfacet
  facet normal -4.399821e-01 -6.910074e-01 5.735195e-01
    outer loop
      vertex   -1.770672e+01 8.363079e+00 2.906932e+01
      vertex   -1.777805e+01 8.408495e+00 2.906932e+01
      vertex   -1.781291e+01 8.351599e+00 2.897402e+01
    endloop
  endfacet
  facet normal -4.399821e-01 -6.910074e-01 5.735195e-01
    outer loop
      vertex   -1.770672e+01 8.363079e+00 2.906932e+01
      vertex   -1.781291e+01 8.351599e+00 2.897402e+01
      vertex   -1.774352e+01 8.307417e+00 2.897402e+01
    endloop
  endfacet
  facet normal -4.571473e-01 -7.179659e-01 5.249203e-01
    outer loop
      vertex   -1.774352e+01 8.307417e+00 2.897402e+01
      vertex   -1.781291e+01 8.351599e+00 2.897402e+01
      vertex   -1.784483e+01 8.299524e+00 2.887500e+01
    endloop
  endfacet
  facet normal -4.571473e-01 -7.179659e-01 5.249203e-01
    outer loop
      vertex   -1.774352e+01 8.307417e+00 2.897402e+01
      vertex   -1.784483e+01 8.299524e+00 2.887500e+01
      vertex   -1.777721e+01 8.256470e+00 2.887500e+01
    endloop
  endfacet
  facet normal -4.727656e-01 -7.424950e-01 4.745460e-01
    outer loop
      vertex   -1.777721e+01 8.256470e+00 2.887500e+01
      vertex   -1.784483e+01 8.299524e+00 2.887500e+01
      vertex   -1.787368e+01 8.252446e+00 2.877260e+01
    endloop
  endfacet
  facet normal -4.727656e-01 -7.424950e-01 4.745460e-01
    outer loop
      vertex   -1.777721e+01 8.256470e+00 2.887500e+01
      vertex   -1.787368e+01 8.252446e+00 2.877260e+01
      vertex   -1.780766e+01 8.210412e+00 2.877260e+01
    endloop
  endfacet
  facet normal -4.867842e-01 -7.645118e-01 4.225669e-01
    outer loop
      vertex   -1.780766e+01 8.210412e+00 2.877260e+01
      vertex   -1.787368e+01 8.252446e+00 2.877260e+01
      vertex   -1.789937e+01 8.210525e+00 2.866716e+01
    endloop
  endfacet
  facet normal -4.867842e-01 -7.645118e-01 4.225669e-01
    outer loop
      vertex   -1.780766e+01 8.210412e+00 2.877260e+01
      vertex   -1.789937e+01 8.210525e+00 2.866716e+01
      vertex   -1.783478e+01 8.169399e+00 2.866716e+01
    endloop
  endfacet
  facet normal -4.991559e-01 -7.839420e-01 3.691590e-01
    outer loop
      vertex   -1.783478e+01 8.169399e+00 2.866716e+01
      vertex   -1.789937e+01 8.210525e+00 2.866716e+01
      vertex   -1.792181e+01 8.173902e+00 2.855904e+01
    endloop
  endfacet
  facet normal -4.991559e-01 -7.839420e-01 3.691590e-01
    outer loop
      vertex   -1.783478e+01 8.169399e+00 2.866716e+01
      vertex   -1.792181e+01 8.173902e+00 2.855904e+01
      vertex   -1.785847e+01 8.133569e+00 2.855904e+01
    endloop
  endfacet
  facet normal -5.098388e-01 -8.007199e-01 3.145028e-01
    outer loop
      vertex   -1.785847e+01 8.133569e+00 2.855904e+01
      vertex   -1.792181e+01 8.173902e+00 2.855904e+01
      vertex   -1.794093e+01 8.142700e+00 2.844861e+01
    endloop
  endfacet
  facet normal -5.098388e-01 -8.007199e-01 3.145028e-01
    outer loop
      vertex   -1.785847e+01 8.133569e+00 2.855904e+01
      vertex   -1.794093e+01 8.142700e+00 2.844861e+01
      vertex   -1.787865e+01 8.103044e+00 2.844861e+01
    endloop
  endfacet
  facet normal -5.187969e-01 -8.147889e-01 2.587833e-01
    outer loop
      vertex   -1.787865e+01 8.103044e+00 2.844861e+01
      vertex   -1.794093e+01 8.142700e+00 2.844861e+01
      vertex   -1.795666e+01 8.117027e+00 2.833623e+01
    endloop
  endfacet
  facet normal -5.187969e-01 -8.147889e-01 2.587833e-01
    outer loop
      vertex   -1.787865e+01 8.103044e+00 2.844861e+01
      vertex   -1.795666e+01 8.117027e+00 2.833623e+01
      vertex   -1.789526e+01 8.077927e+00 2.833623e+01
    endloop
  endfacet
  facet normal -5.260000e-01 -8.261015e-01 2.021889e-01
    outer loop
      vertex   -1.789526e+01 8.077927e+00 2.833623e+01
      vertex   -1.795666e+01 8.117027e+00 2.833623e+01
      vertex   -1.796896e+01 8.096968e+00 2.822230e+01
    endloop
  endfacet
  facet normal -5.260000e-01 -8.261015e-01 2.021889e-01
    outer loop
      vertex   -1.789526e+01 8.077927e+00 2.833623e+01
      vertex   -1.796896e+01 8.096968e+00 2.822230e+01
      vertex   -1.790823e+01 8.058303e+00 2.822230e+01
    endloop
  endfacet
  facet normal -5.314236e-01 -8.346195e-01 1.449109e-01
    outer loop
      vertex   -1.790823e+01 8.058303e+00 2.822230e+01
      vertex   -1.796896e+01 8.096968e+00 2.822230e+01
      vertex   -1.797777e+01 8.082592e+00 2.810719e+01
    endloop
  endfacet
  facet normal -5.314236e-01 -8.346195e-01 1.449109e-01
    outer loop
      vertex   -1.790823e+01 8.058303e+00 2.822230e+01
      vertex   -1.797777e+01 8.082592e+00 2.810719e+01
      vertex   -1.791753e+01 8.044238e+00 2.810719e+01
    endloop
  endfacet
  facet normal -5.350496e-01 -8.403143e-01 8.714295e-02
    outer loop
      vertex   -1.791753e+01 8.044238e+00 2.810719e+01
      vertex   -1.797777e+01 8.082592e+00 2.810719e+01
      vertex   -1.798306e+01 8.073946e+00 2.799129e+01
    endloop
  endfacet
  facet normal -5.350496e-01 -8.403143e-01 8.714295e-02
    outer loop
      vertex   -1.791753e+01 8.044238e+00 2.810719e+01
      vertex   -1.798306e+01 8.073946e+00 2.799129e+01
      vertex   -1.792312e+01 8.035780e+00 2.799129e+01
    endloop
  endfacet
  facet normal -5.369023e-01 -8.432240e-01 2.663015e-02
    outer loop
      vertex   -1.792312e+01 8.035780e+00 2.799129e+01
      vertex   -1.798306e+01 8.073946e+00 2.799129e+01
      vertex   -1.796238e+01 8.057103e+00 2.787500e+01
    endloop
  endfacet
  facet normal -5.578344e-01 -8.291592e-01 3.627518e-02
    outer loop
      vertex   -1.792312e+01 8.035780e+00 2.799129e+01
      vertex   -1.796238e+01 8.057103e+00 2.787500e+01
      vertex   -1.786105e+01 7.988931e+00 2.787500e+01
    endloop
  endfacet
  facet normal 2.916206e-01 -9.558903e-01 3.508824e-02
    outer loop
      vertex   -1.972248e+01 8.266555e+00 2.787500e+01
      vertex   -1.960567e+01 8.302192e+00 2.787500e+01
      vertex   -1.969310e+01 8.279789e+00 2.799129e+01
    endloop
  endfacet
  facet normal 2.886651e-01 -9.568723e-01 3.267713e-02
    outer loop
      vertex   -1.969310e+01 8.279789e+00 2.799129e+01
      vertex   -1.960567e+01 8.302192e+00 2.787500e+01
      vertex   -1.962506e+01 8.300313e+00 2.799129e+01
    endloop
  endfacet
  facet normal 2.877206e-01 -9.537416e-01 8.714295e-02
    outer loop
      vertex   -1.969310e+01 8.279789e+00 2.799129e+01
      vertex   -1.962506e+01 8.300313e+00 2.799129e+01
      vertex   -1.962782e+01 8.310069e+00 2.810719e+01
    endloop
  endfacet
  facet normal 2.547489e-01 -9.630727e-01 8.714295e-02
    outer loop
      vertex   -1.962782e+01 8.310069e+00 2.810719e+01
      vertex   -1.962506e+01 8.300313e+00 2.799129e+01
      vertex   -1.955879e+01 8.328330e+00 2.810719e+01
    endloop
  endfacet
  facet normal 2.530225e-01 -9.565461e-01 1.449109e-01
    outer loop
      vertex   -1.962782e+01 8.310069e+00 2.810719e+01
      vertex   -1.955879e+01 8.328330e+00 2.810719e+01
      vertex   -1.956282e+01 8.344702e+00 2.822230e+01
    endloop
  endfacet
  facet normal 2.201002e-01 -9.646536e-01 1.449112e-01
    outer loop
      vertex   -1.956282e+01 8.344702e+00 2.822230e+01
      vertex   -1.955879e+01 8.328330e+00 2.810719e+01
      vertex   -1.948969e+01 8.344095e+00 2.810719e+01
    endloop
  endfacet
  facet normal 2.200953e-01 -9.646552e-01 1.449081e-01
    outer loop
      vertex   -1.956282e+01 8.344702e+00 2.822230e+01
      vertex   -1.948969e+01 8.344095e+00 2.810719e+01
      vertex   -1.949314e+01 8.360600e+00 2.822230e+01
    endloop
  endfacet
  facet normal 1.867931e-01 -9.716524e-01 1.449137e-01
    outer loop
      vertex   -1.949314e+01 8.360600e+00 2.822230e+01
      vertex   -1.948969e+01 8.344095e+00 2.810719e+01
      vertex   -1.941904e+01 8.357678e+00 2.810719e+01
    endloop
  endfacet
  facet normal 1.867882e-01 -9.716538e-01 1.449106e-01
    outer loop
      vertex   -1.949314e+01 8.360600e+00 2.822230e+01
      vertex   -1.941904e+01 8.357678e+00 2.810719e+01
      vertex   -1.942193e+01 8.374289e+00 2.822230e+01
    endloop
  endfacet
  facet normal 1.531382e-01 -9.775221e-01 1.449109e-01
    outer loop
      vertex   -1.942193e+01 8.374289e+00 2.822230e+01
      vertex   -1.941904e+01 8.357678e+00 2.810719e+01
      vertex   -1.935081e+01 8.385431e+00 2.822230e+01
    endloop
  endfacet
  facet normal 1.515753e-01 -9.675456e-01 2.021889e-01
    outer loop
      vertex   -1.942193e+01 8.374289e+00 2.822230e+01
      vertex   -1.935081e+01 8.385431e+00 2.822230e+01
      vertex   -1.935405e+01 8.408732e+00 2.833623e+01
    endloop
  endfacet
  facet normal 1.182094e-01 -9.721863e-01 2.021889e-01
    outer loop
      vertex   -1.935405e+01 8.408732e+00 2.833623e+01
      vertex   -1.935081e+01 8.385431e+00 2.822230e+01
      vertex   -1.928178e+01 8.417519e+00 2.833623e+01
    endloop
  endfacet
  facet normal 1.165907e-01 -9.588732e-01 2.587833e-01
    outer loop
      vertex   -1.935405e+01 8.408732e+00 2.833623e+01
      vertex   -1.928178e+01 8.417519e+00 2.833623e+01
      vertex   -1.928490e+01 8.447468e+00 2.844861e+01
    endloop
  endfacet
  facet normal 8.354371e-02 -9.623158e-01 2.587833e-01
    outer loop
      vertex   -1.928490e+01 8.447468e+00 2.844861e+01
      vertex   -1.928178e+01 8.417519e+00 2.833623e+01
      vertex   -1.921135e+01 8.453854e+00 2.844861e+01
    endloop
  endfacet
  facet normal 8.210116e-02 -9.456994e-01 3.145028e-01
    outer loop
      vertex   -1.928490e+01 8.447468e+00 2.844861e+01
      vertex   -1.921135e+01 8.453854e+00 2.844861e+01
      vertex   -1.921388e+01 8.490360e+00 2.855904e+01
    endloop
  endfacet
  facet normal 4.952769e-02 -9.479636e-01 3.145028e-01
    outer loop
      vertex   -1.921388e+01 8.490360e+00 2.855904e+01
      vertex   -1.921135e+01 8.453854e+00 2.844861e+01
      vertex   -1.913889e+01 8.494278e+00 2.855904e+01
    endloop
  endfacet
  facet normal 4.848991e-02 -9.281004e-01 3.691590e-01
    outer loop
      vertex   -1.921388e+01 8.490360e+00 2.855904e+01
      vertex   -1.913889e+01 8.494278e+00 2.855904e+01
      vertex   -1.914039e+01 8.537205e+00 2.866716e+01
    endloop
  endfacet
  facet normal 1.654160e-02 -9.292190e-01 3.691590e-01
    outer loop
      vertex   -1.914039e+01 8.537205e+00 2.866716e+01
      vertex   -1.913889e+01 8.494278e+00 2.855904e+01
      vertex   -1.906384e+01 8.538567e+00 2.866716e+01
    endloop
  endfacet
  facet normal 1.613161e-02 -9.061882e-01 4.225669e-01
    outer loop
      vertex   -1.914039e+01 8.537205e+00 2.866716e+01
      vertex   -1.906384e+01 8.538567e+00 2.866716e+01
      vertex   -1.906387e+01 8.587734e+00 2.877260e+01
    endloop
  endfacet
  facet normal -1.504394e-02 -9.062069e-01 4.225669e-01
    outer loop
      vertex   -1.906387e+01 8.587734e+00 2.877260e+01
      vertex   -1.906384e+01 8.538567e+00 2.866716e+01
      vertex   -1.898561e+01 8.586435e+00 2.877260e+01
    endloop
  endfacet
  facet normal -1.461069e-02 -8.801094e-01 4.745460e-01
    outer loop
      vertex   -1.906387e+01 8.587734e+00 2.877260e+01
      vertex   -1.898561e+01 8.586435e+00 2.877260e+01
      vertex   -1.898375e+01 8.641618e+00 2.887500e+01
    endloop
  endfacet
  facet normal -4.487115e-02 -8.790863e-01 4.745460e-01
    outer loop
      vertex   -1.898375e+01 8.641618e+00 2.887500e+01
      vertex   -1.898561e+01 8.586435e+00 2.877260e+01
      vertex   -1.890369e+01 8.637532e+00 2.887500e+01
    endloop
  endfacet
  facet normal -4.338878e-02 -8.500447e-01 5.249203e-01
    outer loop
      vertex   -1.898375e+01 8.641618e+00 2.887500e+01
      vertex   -1.890369e+01 8.637532e+00 2.887500e+01
      vertex   -1.889953e+01 8.698465e+00 2.897402e+01
    endloop
  endfacet
  facet normal -7.259821e-02 -8.480496e-01 5.249203e-01
    outer loop
      vertex   -1.889953e+01 8.698465e+00 2.897402e+01
      vertex   -1.890369e+01 8.637532e+00 2.887500e+01
      vertex   -1.881757e+01 8.691449e+00 2.897402e+01
    endloop
  endfacet
  facet normal -6.987226e-02 -8.162066e-01 5.735195e-01
    outer loop
      vertex   -1.889953e+01 8.698465e+00 2.897402e+01
      vertex   -1.881757e+01 8.691449e+00 2.897402e+01
      vertex   -1.881073e+01 8.757827e+00 2.906932e+01
    endloop
  endfacet
  facet normal -9.790225e-02 -8.133207e-01 5.735195e-01
    outer loop
      vertex   -1.881073e+01 8.757827e+00 2.906932e+01
      vertex   -1.881757e+01 8.691449e+00 2.897402e+01
      vertex   -1.872678e+01 8.747721e+00 2.906932e+01
    endloop
  endfacet
  facet normal -9.375145e-02 -7.788380e-01 6.201790e-01
    outer loop
      vertex   -1.881073e+01 8.757827e+00 2.906932e+01
      vertex   -1.872678e+01 8.747721e+00 2.906932e+01
      vertex   -1.871693e+01 8.819203e+00 2.916058e+01
    endloop
  endfacet
  facet normal -1.204821e-01 -7.751529e-01 6.201790e-01
    outer loop
      vertex   -1.871693e+01 8.819203e+00 2.916058e+01
      vertex   -1.872678e+01 8.747721e+00 2.906932e+01
      vertex   -1.863092e+01 8.805835e+00 2.916058e+01
    endloop
  endfacet
  facet normal -1.147401e-01 -7.382101e-01 6.647410e-01
    outer loop
      vertex   -1.871693e+01 8.819203e+00 2.916058e+01
      vertex   -1.863092e+01 8.805835e+00 2.916058e+01
      vertex   -1.861773e+01 8.882043e+00 2.924748e+01
    endloop
  endfacet
  facet normal -1.400610e-01 -7.338272e-01 6.647410e-01
    outer loop
      vertex   -1.861773e+01 8.882043e+00 2.924748e+01
      vertex   -1.863092e+01 8.805835e+00 2.916058e+01
      vertex   -1.852962e+01 8.865226e+00 2.924748e+01
    endloop
  endfacet
  facet normal -1.325778e-01 -6.946201e-01 7.070545e-01
    outer loop
      vertex   -1.861773e+01 8.882043e+00 2.924748e+01
      vertex   -1.852962e+01 8.865226e+00 2.924748e+01
      vertex   -1.851281e+01 8.945754e+00 2.932975e+01
    endloop
  endfacet
  facet normal -1.563891e-01 -6.896495e-01 7.070545e-01
    outer loop
      vertex   -1.851281e+01 8.945754e+00 2.932975e+01
      vertex   -1.852962e+01 8.865226e+00 2.924748e+01
      vertex   -1.842257e+01 8.925291e+00 2.932975e+01
    endloop
  endfacet
  facet normal -1.470325e-01 -6.483887e-01 7.469762e-01
    outer loop
      vertex   -1.851281e+01 8.945754e+00 2.932975e+01
      vertex   -1.842257e+01 8.925291e+00 2.932975e+01
      vertex   -1.840189e+01 9.009704e+00 2.940709e+01
    endloop
  endfacet
  facet normal -1.692452e-01 -6.429483e-01 7.469762e-01
    outer loop
      vertex   -1.840189e+01 9.009704e+00 2.940709e+01
      vertex   -1.842257e+01 8.925291e+00 2.932975e+01
      vertex   -1.830952e+01 8.985389e+00 2.940709e+01
    endloop
  endfacet
  facet normal -1.579023e-01 -5.998575e-01 7.843710e-01
    outer loop
      vertex   -1.840189e+01 9.009704e+00 2.940709e+01
      vertex   -1.830952e+01 8.985389e+00 2.940709e+01
      vertex   -1.828478e+01 9.073228e+00 2.947925e+01
    endloop
  endfacet
  facet normal -1.784394e-01 -5.940719e-01 7.843710e-01
    outer loop
      vertex   -1.828478e+01 9.073228e+00 2.947925e+01
      vertex   -1.830952e+01 8.985389e+00 2.940709e+01
      vertex   -1.819029e+01 9.044847e+00 2.947925e+01
    endloop
  endfacet
  facet normal -1.650171e-01 -5.493856e-01 8.191122e-01
    outer loop
      vertex   -1.828478e+01 9.073228e+00 2.947925e+01
      vertex   -1.819029e+01 9.044847e+00 2.947925e+01
      vertex   -1.816131e+01 9.135633e+00 2.954598e+01
    endloop
  endfacet
  facet normal -1.838142e-01 -5.433853e-01 8.191122e-01
    outer loop
      vertex   -1.816131e+01 9.135633e+00 2.954598e+01
      vertex   -1.819029e+01 9.044847e+00 2.947925e+01
      vertex   -1.806475e+01 9.102968e+00 2.954598e+01
    endloop
  endfacet
  facet normal -1.682407e-01 -4.973475e-01 8.510820e-01
    outer loop
      vertex   -1.816131e+01 9.135633e+00 2.954598e+01
      vertex   -1.806475e+01 9.102968e+00 2.954598e+01
      vertex   -1.803141e+01 9.196205e+00 2.960705e+01
    endloop
  endfacet
  facet normal -1.852462e-01 -4.912671e-01 8.510820e-01
    outer loop
      vertex   -1.803141e+01 9.196205e+00 2.960705e+01
      vertex   -1.806475e+01 9.102968e+00 2.954598e+01
      vertex   -1.793284e+01 9.159038e+00 2.960705e+01
    endloop
  endfacet
  facet normal -1.674714e-01 -4.441289e-01 8.801721e-01
    outer loop
      vertex   -1.803141e+01 9.196205e+00 2.960705e+01
      vertex   -1.793284e+01 9.159038e+00 2.960705e+01
      vertex   -1.789507e+01 9.254218e+00 2.966227e+01
    endloop
  endfacet
  facet normal -1.826470e-01 -4.381064e-01 8.801721e-01
    outer loop
      vertex   -1.789507e+01 9.254218e+00 2.966227e+01
      vertex   -1.793284e+01 9.159038e+00 2.960705e+01
      vertex   -1.779459e+01 9.212327e+00 2.966227e+01
    endloop
  endfacet
  facet normal -1.626431e-01 -3.901241e-01 9.062838e-01
    outer loop
      vertex   -1.789507e+01 9.254218e+00 2.966227e+01
      vertex   -1.779459e+01 9.212327e+00 2.966227e+01
      vertex   -1.775235e+01 9.308935e+00 2.971143e+01
    endloop
  endfacet
  facet normal -1.759642e-01 -3.842996e-01 9.062838e-01
    outer loop
      vertex   -1.775235e+01 9.308935e+00 2.971143e+01
      vertex   -1.779459e+01 9.212327e+00 2.966227e+01
      vertex   -1.765007e+01 9.262103e+00 2.971143e+01
    endloop
  endfacet
  facet normal -1.537261e-01 -3.357325e-01 9.293288e-01
    outer loop
      vertex   -1.775235e+01 9.308935e+00 2.971143e+01
      vertex   -1.765007e+01 9.262103e+00 2.971143e+01
      vertex   -1.760337e+01 9.359618e+00 2.975439e+01
    endloop
  endfacet
  facet normal -1.651819e-01 -3.302468e-01 9.293288e-01
    outer loop
      vertex   -1.760337e+01 9.359618e+00 2.975439e+01
      vertex   -1.765007e+01 9.262103e+00 2.971143e+01
      vertex   -1.749944e+01 9.307633e+00 2.975439e+01
    endloop
  endfacet
  facet normal -1.407273e-01 -2.813550e-01 9.492287e-01
    outer loop
      vertex   -1.760337e+01 9.359618e+00 2.975439e+01
      vertex   -1.749944e+01 9.307633e+00 2.975439e+01
      vertex   -1.744834e+01 9.405536e+00 2.979098e+01
    endloop
  endfacet
  facet normal -1.503205e-01 -2.763486e-01 9.492287e-01
    outer loop
      vertex   -1.744834e+01 9.405536e+00 2.979098e+01
      vertex   -1.749944e+01 9.307633e+00 2.975439e+01
      vertex   -1.734292e+01 9.348192e+00 2.979098e+01
    endloop
  endfacet
  facet normal -1.236898e-01 -2.273909e-01 9.659163e-01
    outer loop
      vertex   -1.744834e+01 9.405536e+00 2.979098e+01
      vertex   -1.734292e+01 9.348192e+00 2.979098e+01
      vertex   -1.728753e+01 9.445969e+00 2.982109e+01
    endloop
  endfacet
  facet normal -1.314372e-01 -2.230024e-01 9.659163e-01
    outer loop
      vertex   -1.728753e+01 9.445969e+00 2.982109e+01
      vertex   -1.734292e+01 9.348192e+00 2.979098e+01
      vertex   -1.718082e+01 9.383070e+00 2.982109e+01
    endloop
  endfacet
  facet normal 2.556284e-01 -9.663976e-01 2.701348e-02
    outer loop
      vertex   -1.962506e+01 8.300313e+00 2.799129e+01
      vertex   -1.960567e+01 8.302192e+00 2.787500e+01
      vertex   -1.955636e+01 8.318484e+00 2.799129e+01
    endloop
  endfacet
  facet normal 2.345197e-01 -9.714196e-01 3.666672e-02
    outer loop
      vertex   -1.955636e+01 8.318484e+00 2.799129e+01
      vertex   -1.960567e+01 8.302192e+00 2.787500e+01
      vertex   -1.948695e+01 8.330852e+00 2.787500e+01
    endloop
  endfacet
  facet normal 2.223592e-01 -9.745311e-01 2.907735e-02
    outer loop
      vertex   -1.955636e+01 8.318484e+00 2.799129e+01
      vertex   -1.948695e+01 8.330852e+00 2.787500e+01
      vertex   -1.948763e+01 8.334168e+00 2.799129e+01
    endloop
  endfacet
  facet normal 1.766572e-01 -9.838428e-01 2.907744e-02
    outer loop
      vertex   -1.948763e+01 8.334168e+00 2.799129e+01
      vertex   -1.948695e+01 8.330852e+00 2.787500e+01
      vertex   -1.936675e+01 8.352436e+00 2.787500e+01
    endloop
  endfacet
  facet normal 1.886249e-01 -9.811532e-01 4.194006e-02
    outer loop
      vertex   -1.948763e+01 8.334168e+00 2.799129e+01
      vertex   -1.936675e+01 8.352436e+00 2.787500e+01
      vertex   -1.941730e+01 8.347689e+00 2.799129e+01
    endloop
  endfacet
  facet normal 1.547157e-01 -9.875917e-01 2.693771e-02
    outer loop
      vertex   -1.941730e+01 8.347689e+00 2.799129e+01
      vertex   -1.936675e+01 8.352436e+00 2.787500e+01
      vertex   -1.934709e+01 8.358688e+00 2.799129e+01
    endloop
  endfacet
  facet normal 1.541831e-01 -9.841919e-01 8.714295e-02
    outer loop
      vertex   -1.941730e+01 8.347689e+00 2.799129e+01
      vertex   -1.934709e+01 8.358688e+00 2.799129e+01
      vertex   -1.934849e+01 8.368730e+00 2.810719e+01
    endloop
  endfacet
  facet normal 1.202432e-01 -9.889124e-01 8.714295e-02
    outer loop
      vertex   -1.934849e+01 8.368730e+00 2.810719e+01
      vertex   -1.934709e+01 8.358688e+00 2.799129e+01
      vertex   -1.927760e+01 8.377350e+00 2.810719e+01
    endloop
  endfacet
  facet normal 1.194283e-01 -9.822106e-01 1.449109e-01
    outer loop
      vertex   -1.934849e+01 8.368730e+00 2.810719e+01
      vertex   -1.927760e+01 8.377350e+00 2.810719e+01
      vertex   -1.927935e+01 8.394120e+00 2.822230e+01
    endloop
  endfacet
  facet normal 8.557703e-02 -9.857370e-01 1.449109e-01
    outer loop
      vertex   -1.927935e+01 8.394120e+00 2.822230e+01
      vertex   -1.927760e+01 8.377350e+00 2.810719e+01
      vertex   -1.920763e+01 8.400347e+00 2.822230e+01
    endloop
  endfacet
  facet normal 8.470364e-02 -9.756767e-01 2.021889e-01
    outer loop
      vertex   -1.927935e+01 8.394120e+00 2.822230e+01
      vertex   -1.920763e+01 8.400347e+00 2.822230e+01
      vertex   -1.920926e+01 8.423816e+00 2.833623e+01
    endloop
  endfacet
  facet normal 5.109764e-02 -9.780126e-01 2.021889e-01
    outer loop
      vertex   -1.920926e+01 8.423816e+00 2.833623e+01
      vertex   -1.920763e+01 8.400347e+00 2.822230e+01
      vertex   -1.913656e+01 8.427614e+00 2.833623e+01
    endloop
  endfacet
  facet normal 5.039791e-02 -9.646197e-01 2.587833e-01
    outer loop
      vertex   -1.920926e+01 8.423816e+00 2.833623e+01
      vertex   -1.913656e+01 8.427614e+00 2.833623e+01
      vertex   -1.913761e+01 8.457706e+00 2.844861e+01
    endloop
  endfacet
  facet normal 1.719249e-02 -9.657824e-01 2.587833e-01
    outer loop
      vertex   -1.913761e+01 8.457706e+00 2.844861e+01
      vertex   -1.913656e+01 8.427614e+00 2.833623e+01
      vertex   -1.906379e+01 8.459021e+00 2.844861e+01
    endloop
  endfacet
  facet normal 1.689562e-02 -9.491062e-01 3.145028e-01
    outer loop
      vertex   -1.913761e+01 8.457706e+00 2.844861e+01
      vertex   -1.906379e+01 8.459021e+00 2.844861e+01
      vertex   -1.906381e+01 8.495614e+00 2.855904e+01
    endloop
  endfacet
  facet normal -1.575643e-02 -9.491258e-01 3.145028e-01
    outer loop
      vertex   -1.906381e+01 8.495614e+00 2.855904e+01
      vertex   -1.906379e+01 8.459021e+00 2.844861e+01
      vertex   -1.898873e+01 8.494368e+00 2.855904e+01
    endloop
  endfacet
  facet normal -1.542628e-02 -9.292382e-01 3.691590e-01
    outer loop
      vertex   -1.906381e+01 8.495614e+00 2.855904e+01
      vertex   -1.898873e+01 8.494368e+00 2.855904e+01
      vertex   -1.898728e+01 8.537296e+00 2.866716e+01
    endloop
  endfacet
  facet normal -4.737591e-02 -9.281579e-01 3.691590e-01
    outer loop
      vertex   -1.898728e+01 8.537296e+00 2.866716e+01
      vertex   -1.898873e+01 8.494368e+00 2.855904e+01
      vertex   -1.891080e+01 8.533393e+00 2.866716e+01
    endloop
  endfacet
  facet normal -4.620169e-02 -9.051534e-01 4.225669e-01
    outer loop
      vertex   -1.898728e+01 8.537296e+00 2.866716e+01
      vertex   -1.891080e+01 8.533393e+00 2.866716e+01
      vertex   -1.890745e+01 8.582446e+00 2.877260e+01
    endloop
  endfacet
  facet normal -7.730477e-02 -9.030289e-01 4.225669e-01
    outer loop
      vertex   -1.890745e+01 8.582446e+00 2.877260e+01
      vertex   -1.891080e+01 8.533393e+00 2.866716e+01
      vertex   -1.882948e+01 8.575770e+00 2.877260e+01
    endloop
  endfacet
  facet normal -7.507851e-02 -8.770230e-01 4.745460e-01
    outer loop
      vertex   -1.890745e+01 8.582446e+00 2.877260e+01
      vertex   -1.882948e+01 8.575770e+00 2.877260e+01
      vertex   -1.882382e+01 8.630695e+00 2.887500e+01
    endloop
  endfacet
  facet normal -1.051970e-01 -8.739220e-01 4.745460e-01
    outer loop
      vertex   -1.882382e+01 8.630695e+00 2.887500e+01
      vertex   -1.882948e+01 8.575770e+00 2.877260e+01
      vertex   -1.874423e+01 8.621114e+00 2.887500e+01
    endloop
  endfacet
  facet normal -1.017217e-01 -8.450511e-01 5.249203e-01
    outer loop
      vertex   -1.882382e+01 8.630695e+00 2.887500e+01
      vertex   -1.874423e+01 8.621114e+00 2.887500e+01
      vertex   -1.873589e+01 8.681617e+00 2.897402e+01
    endloop
  endfacet
  facet normal -1.307249e-01 -8.410527e-01 5.249203e-01
    outer loop
      vertex   -1.873589e+01 8.681617e+00 2.897402e+01
      vertex   -1.874423e+01 8.621114e+00 2.887500e+01
      vertex   -1.865461e+01 8.668983e+00 2.897402e+01
    endloop
  endfacet
  facet normal -1.258164e-01 -8.094724e-01 5.735195e-01
    outer loop
      vertex   -1.873589e+01 8.681617e+00 2.897402e+01
      vertex   -1.865461e+01 8.668983e+00 2.897402e+01
      vertex   -1.864323e+01 8.734734e+00 2.906932e+01
    endloop
  endfacet
  facet normal -1.535817e-01 -8.046664e-01 5.735195e-01
    outer loop
      vertex   -1.864323e+01 8.734734e+00 2.906932e+01
      vertex   -1.865461e+01 8.668983e+00 2.897402e+01
      vertex   -1.856017e+01 8.718882e+00 2.906932e+01
    endloop
  endfacet
  facet normal -1.470702e-01 -7.705507e-01 6.201790e-01
    outer loop
      vertex   -1.864323e+01 8.734734e+00 2.906932e+01
      vertex   -1.856017e+01 8.718882e+00 2.906932e+01
      vertex   -1.854542e+01 8.789516e+00 2.916058e+01
    endloop
  endfacet
  facet normal -1.734843e-01 -7.650367e-01 6.201790e-01
    outer loop
      vertex   -1.854542e+01 8.789516e+00 2.916058e+01
      vertex   -1.856017e+01 8.718882e+00 2.906932e+01
      vertex   -1.846054e+01 8.770267e+00 2.916058e+01
    endloop
  endfacet
  facet normal -1.652163e-01 -7.285760e-01 6.647410e-01
    outer loop
      vertex   -1.854542e+01 8.789516e+00 2.916058e+01
      vertex   -1.846054e+01 8.770267e+00 2.916058e+01
      vertex   -1.844214e+01 8.845389e+00 2.924748e+01
    endloop
  endfacet
  facet normal -1.901760e-01 -7.224628e-01 6.647410e-01
    outer loop
      vertex   -1.844214e+01 8.845389e+00 2.924748e+01
      vertex   -1.846054e+01 8.770267e+00 2.916058e+01
      vertex   -1.835539e+01 8.822555e+00 2.924748e+01
    endloop
  endfacet
  facet normal -1.800153e-01 -6.838629e-01 7.070545e-01
    outer loop
      vertex   -1.844214e+01 8.845389e+00 2.924748e+01
      vertex   -1.835539e+01 8.822555e+00 2.924748e+01
      vertex   -1.833309e+01 8.901737e+00 2.932975e+01
    endloop
  endfacet
  facet normal -2.034285e-01 -6.772672e-01 7.070545e-01
    outer loop
      vertex   -1.833309e+01 8.901737e+00 2.932975e+01
      vertex   -1.835539e+01 8.822555e+00 2.924748e+01
      vertex   -1.824447e+01 8.875119e+00 2.932975e+01
    endloop
  endfacet
  facet normal -1.912576e-01 -6.367472e-01 7.469762e-01
    outer loop
      vertex   -1.833309e+01 8.901737e+00 2.932975e+01
      vertex   -1.824447e+01 8.875119e+00 2.932975e+01
      vertex   -1.821804e+01 8.957911e+00 2.940709e+01
    endloop
  endfacet
  facet normal -2.130438e-01 -6.297927e-01 7.469762e-01
    outer loop
      vertex   -1.821804e+01 8.957911e+00 2.940709e+01
      vertex   -1.824447e+01 8.875119e+00 2.932975e+01
      vertex   -1.812756e+01 8.927303e+00 2.940709e+01
    endloop
  endfacet
  facet normal -1.987654e-01 -5.875835e-01 7.843710e-01
    outer loop
      vertex   -1.821804e+01 8.957911e+00 2.940709e+01
      vertex   -1.812756e+01 8.927303e+00 2.940709e+01
      vertex   -1.809683e+01 9.013233e+00 2.947925e+01
    endloop
  endfacet
  facet normal -2.188562e-01 -5.803999e-01 7.843710e-01
    outer loop
      vertex   -1.809683e+01 9.013233e+00 2.947925e+01
      vertex   -1.812756e+01 8.927303e+00 2.940709e+01
      vertex   -1.800452e+01 8.978423e+00 2.947925e+01
    endloop
  endfacet
  facet normal -2.023938e-01 -5.367420e-01 8.191122e-01
    outer loop
      vertex   -1.809683e+01 9.013233e+00 2.947925e+01
      vertex   -1.800452e+01 8.978423e+00 2.947925e+01
      vertex   -1.796937e+01 9.067002e+00 2.954598e+01
    endloop
  endfacet
  facet normal -2.207339e-01 -5.294637e-01 8.191122e-01
    outer loop
      vertex   -1.796937e+01 9.067002e+00 2.954598e+01
      vertex   -1.800452e+01 8.978423e+00 2.947925e+01
      vertex   -1.787528e+01 9.027777e+00 2.954598e+01
    endloop
  endfacet
  facet normal -2.020325e-01 -4.846054e-01 8.510820e-01
    outer loop
      vertex   -1.796937e+01 9.067002e+00 2.954598e+01
      vertex   -1.787528e+01 9.027777e+00 2.954598e+01
      vertex   -1.783561e+01 9.118502e+00 2.960705e+01
    endloop
  endfacet
  facet normal -2.185797e-01 -4.773703e-01 8.510820e-01
    outer loop
      vertex   -1.783561e+01 9.118502e+00 2.960705e+01
      vertex   -1.787528e+01 9.027777e+00 2.954598e+01
      vertex   -1.773983e+01 9.074646e+00 2.960705e+01
    endloop
  endfacet
  facet normal -1.976065e-01 -4.315655e-01 8.801721e-01
    outer loop
      vertex   -1.783561e+01 9.118502e+00 2.960705e+01
      vertex   -1.773983e+01 9.074646e+00 2.960705e+01
      vertex   -1.769560e+01 9.167005e+00 2.966227e+01
    endloop
  endfacet
  facet normal -2.123322e-01 -4.245141e-01 8.801721e-01
    outer loop
      vertex   -1.769560e+01 9.167005e+00 2.966227e+01
      vertex   -1.773983e+01 9.074646e+00 2.960705e+01
      vertex   -1.759824e+01 9.118305e+00 2.966227e+01
    endloop
  endfacet
  facet normal -1.890771e-01 -3.780204e-01 9.062838e-01
    outer loop
      vertex   -1.769560e+01 9.167005e+00 2.966227e+01
      vertex   -1.759824e+01 9.118305e+00 2.966227e+01
      vertex   -1.754946e+01 9.211781e+00 2.971143e+01
    endloop
  endfacet
  facet normal -2.019663e-01 -3.712940e-01 9.062838e-01
    outer loop
      vertex   -1.754946e+01 9.211781e+00 2.971143e+01
      vertex   -1.759824e+01 9.118305e+00 2.966227e+01
      vertex   -1.745064e+01 9.158028e+00 2.971143e+01
    endloop
  endfacet
  facet normal -1.764421e-01 -3.243705e-01 9.293288e-01
    outer loop
      vertex   -1.754946e+01 9.211781e+00 2.971143e+01
      vertex   -1.745064e+01 9.158028e+00 2.971143e+01
      vertex   -1.739735e+01 9.252103e+00 2.975439e+01
    endloop
  endfacet
  facet normal -1.874936e-01 -3.181103e-01 9.293288e-01
    outer loop
      vertex   -1.739735e+01 9.252103e+00 2.975439e+01
      vertex   -1.745064e+01 9.158028e+00 2.971143e+01
      vertex   -1.729724e+01 9.193095e+00 2.975439e+01
    endloop
  endfacet
  facet normal -1.597359e-01 -2.710152e-01 9.492287e-01
    outer loop
      vertex   -1.739735e+01 9.252103e+00 2.975439e+01
      vertex   -1.729724e+01 9.193095e+00 2.975439e+01
      vertex   -1.723953e+01 9.287255e+00 2.979098e+01
    endloop
  endfacet
  facet normal 1.181008e-01 -9.924402e-01 3.338740e-02
    outer loop
      vertex   -1.936675e+01 8.352436e+00 2.787500e+01
      vertex   -1.924548e+01 8.366868e+00 2.787500e+01
      vertex   -1.934709e+01 8.358688e+00 2.799129e+01
    endloop
  endfacet
  facet normal 1.206257e-01 -9.920588e-01 3.562057e-02
    outer loop
      vertex   -1.934709e+01 8.358688e+00 2.799129e+01
      vertex   -1.924548e+01 8.366868e+00 2.787500e+01
      vertex   -1.927655e+01 8.367265e+00 2.799129e+01
    endloop
  endfacet
  facet normal 1.202432e-01 -9.889124e-01 8.714295e-02
    outer loop
      vertex   -1.934709e+01 8.358688e+00 2.799129e+01
      vertex   -1.927655e+01 8.367265e+00 2.799129e+01
      vertex   -1.927760e+01 8.377350e+00 2.810719e+01
    endloop
  endfacet
  facet normal 8.616093e-02 -9.924628e-01 8.714295e-02
    outer loop
      vertex   -1.927760e+01 8.377350e+00 2.810719e+01
      vertex   -1.927655e+01 8.367265e+00 2.799129e+01
      vertex   -1.920646e+01 8.383526e+00 2.810719e+01
    endloop
  endfacet
  facet normal 8.557703e-02 -9.857370e-01 1.449109e-01
    outer loop
      vertex   -1.927760e+01 8.377350e+00 2.810719e+01
      vertex   -1.920646e+01 8.383526e+00 2.810719e+01
      vertex   -1.920763e+01 8.400347e+00 2.822230e+01
    endloop
  endfacet
  facet normal 5.162452e-02 -9.880970e-01 1.449109e-01
    outer loop
      vertex   -1.920763e+01 8.400347e+00 2.822230e+01
      vertex   -1.920646e+01 8.383526e+00 2.810719e+01
      vertex   -1.913573e+01 8.404103e+00 2.822230e+01
    endloop
  endfacet
  facet normal 5.109764e-02 -9.780126e-01 2.021889e-01
    outer loop
      vertex   -1.920763e+01 8.400347e+00 2.822230e+01
      vertex   -1.913573e+01 8.404103e+00 2.822230e+01
      vertex   -1.913656e+01 8.427614e+00 2.833623e+01
    endloop
  endfacet
  facet normal 1.743119e-02 -9.791914e-01 2.021889e-01
    outer loop
      vertex   -1.913656e+01 8.427614e+00 2.833623e+01
      vertex   -1.913573e+01 8.404103e+00 2.822230e+01
      vertex   -1.906377e+01 8.428910e+00 2.833623e+01
    endloop
  endfacet
  facet normal 1.719249e-02 -9.657824e-01 2.587833e-01
    outer loop
      vertex   -1.913656e+01 8.427614e+00 2.833623e+01
      vertex   -1.906377e+01 8.428910e+00 2.833623e+01
      vertex   -1.906379e+01 8.459021e+00 2.844861e+01
    endloop
  endfacet
  facet normal -1.603328e-02 -9.658023e-01 2.587833e-01
    outer loop
      vertex   -1.906379e+01 8.459021e+00 2.844861e+01
      vertex   -1.906377e+01 8.428910e+00 2.833623e+01
      vertex   -1.898996e+01 8.457795e+00 2.844861e+01
    endloop
  endfacet
  facet normal -1.575643e-02 -9.491258e-01 3.145028e-01
    outer loop
      vertex   -1.906379e+01 8.459021e+00 2.844861e+01
      vertex   -1.898996e+01 8.457795e+00 2.844861e+01
      vertex   -1.898873e+01 8.494368e+00 2.855904e+01
    endloop
  endfacet
  facet normal -4.838985e-02 -9.480224e-01 3.145028e-01
    outer loop
      vertex   -1.898873e+01 8.494368e+00 2.855904e+01
      vertex   -1.898996e+01 8.457795e+00 2.844861e+01
      vertex   -1.891373e+01 8.490540e+00 2.855904e+01
    endloop
  endfacet
  facet normal -4.737591e-02 -9.281579e-01 3.691590e-01
    outer loop
      vertex   -1.898873e+01 8.494368e+00 2.855904e+01
      vertex   -1.891373e+01 8.490540e+00 2.855904e+01
      vertex   -1.891080e+01 8.533393e+00 2.866716e+01
    endloop
  endfacet
  facet normal -7.926948e-02 -9.259795e-01 3.691590e-01
    outer loop
      vertex   -1.891080e+01 8.533393e+00 2.866716e+01
      vertex   -1.891373e+01 8.490540e+00 2.855904e+01
      vertex   -1.883451e+01 8.526862e+00 2.866716e+01
    endloop
  endfacet
  facet normal -7.730477e-02 -9.030289e-01 4.225669e-01
    outer loop
      vertex   -1.891080e+01 8.533393e+00 2.866716e+01
      vertex   -1.883451e+01 8.526862e+00 2.866716e+01
      vertex   -1.882948e+01 8.575770e+00 2.877260e+01
    endloop
  endfacet
  facet normal -1.083164e-01 -8.998360e-01 4.225669e-01
    outer loop
      vertex   -1.882948e+01 8.575770e+00 2.877260e+01
      vertex   -1.883451e+01 8.526862e+00 2.866716e+01
      vertex   -1.875177e+01 8.566417e+00 2.877260e+01
    endloop
  endfacet
  facet normal -1.051970e-01 -8.739220e-01 4.745460e-01
    outer loop
      vertex   -1.882948e+01 8.575770e+00 2.877260e+01
      vertex   -1.875177e+01 8.566417e+00 2.877260e+01
      vertex   -1.874423e+01 8.621114e+00 2.887500e+01
    endloop
  endfacet
  facet normal -1.351911e-01 -8.697870e-01 4.745460e-01
    outer loop
      vertex   -1.874423e+01 8.621114e+00 2.887500e+01
      vertex   -1.875177e+01 8.566417e+00 2.877260e+01
      vertex   -1.866502e+01 8.608803e+00 2.887500e+01
    endloop
  endfacet
  facet normal -1.307249e-01 -8.410527e-01 5.249203e-01
    outer loop
      vertex   -1.874423e+01 8.621114e+00 2.887500e+01
      vertex   -1.866502e+01 8.608803e+00 2.887500e+01
      vertex   -1.865461e+01 8.668983e+00 2.897402e+01
    endloop
  endfacet
  facet normal -1.595734e-01 -8.360592e-01 5.249203e-01
    outer loop
      vertex   -1.865461e+01 8.668983e+00 2.897402e+01
      vertex   -1.866502e+01 8.608803e+00 2.887500e+01
      vertex   -1.857380e+01 8.653560e+00 2.897402e+01
    endloop
  endfacet
  facet normal -1.535817e-01 -8.046664e-01 5.735195e-01
    outer loop
      vertex   -1.865461e+01 8.668983e+00 2.897402e+01
      vertex   -1.857380e+01 8.653560e+00 2.897402e+01
      vertex   -1.856017e+01 8.718882e+00 2.906932e+01
    endloop
  endfacet
  facet normal -1.811653e-01 -7.989083e-01 5.735195e-01
    outer loop
      vertex   -1.856017e+01 8.718882e+00 2.906932e+01
      vertex   -1.857380e+01 8.653560e+00 2.897402e+01
      vertex   -1.847770e+01 8.700181e+00 2.906932e+01
    endloop
  endfacet
  facet normal -1.734843e-01 -7.650367e-01 6.201790e-01
    outer loop
      vertex   -1.856017e+01 8.718882e+00 2.906932e+01
      vertex   -1.847770e+01 8.700181e+00 2.906932e+01
      vertex   -1.846054e+01 8.770267e+00 2.916058e+01
    endloop
  endfacet
  facet normal -1.996932e-01 -7.586176e-01 6.201790e-01
    outer loop
      vertex   -1.846054e+01 8.770267e+00 2.916058e+01
      vertex   -1.847770e+01 8.700181e+00 2.906932e+01
      vertex   -1.837636e+01 8.748111e+00 2.916058e+01
    endloop
  endfacet
  facet normal -1.901760e-01 -7.224628e-01 6.647410e-01
    outer loop
      vertex   -1.846054e+01 8.770267e+00 2.916058e+01
      vertex   -1.837636e+01 8.748111e+00 2.916058e+01
      vertex   -1.835539e+01 8.822555e+00 2.924748e+01
    endloop
  endfacet
  facet normal -2.149108e-01 -7.154948e-01 6.647410e-01
    outer loop
      vertex   -1.835539e+01 8.822555e+00 2.924748e+01
      vertex   -1.837636e+01 8.748111e+00 2.916058e+01
      vertex   -1.826948e+01 8.796750e+00 2.924748e+01
    endloop
  endfacet
  facet normal -2.034285e-01 -6.772672e-01 7.070545e-01
    outer loop
      vertex   -1.835539e+01 8.822555e+00 2.924748e+01
      vertex   -1.826948e+01 8.796750e+00 2.924748e+01
      vertex   -1.824447e+01 8.875119e+00 2.932975e+01
    endloop
  endfacet
  facet normal -2.266010e-01 -6.698701e-01 7.070545e-01
    outer loop
      vertex   -1.824447e+01 8.875119e+00 2.932975e+01
      vertex   -1.826948e+01 8.796750e+00 2.924748e+01
      vertex   -1.815682e+01 8.845468e+00 2.932975e+01
    endloop
  endfacet
  facet normal -2.130438e-01 -6.297927e-01 7.469762e-01
    outer loop
      vertex   -1.824447e+01 8.875119e+00 2.932975e+01
      vertex   -1.815682e+01 8.845468e+00 2.932975e+01
      vertex   -1.812756e+01 8.927303e+00 2.940709e+01
    endloop
  endfacet
  facet normal -2.345778e-01 -6.220930e-01 7.469762e-01
    outer loop
      vertex   -1.812756e+01 8.927303e+00 2.940709e+01
      vertex   -1.815682e+01 8.845468e+00 2.932975e+01
      vertex   -1.803818e+01 8.893601e+00 2.940709e+01
    endloop
  endfacet
  facet normal -2.188562e-01 -5.803999e-01 7.843710e-01
    outer loop
      vertex   -1.812756e+01 8.927303e+00 2.940709e+01
      vertex   -1.803818e+01 8.893601e+00 2.940709e+01
      vertex   -1.800452e+01 8.978423e+00 2.947925e+01
    endloop
  endfacet
  facet normal -2.386881e-01 -5.725295e-01 7.843710e-01
    outer loop
      vertex   -1.800452e+01 8.978423e+00 2.947925e+01
      vertex   -1.803818e+01 8.893601e+00 2.940709e+01
      vertex   -1.791346e+01 8.940460e+00 2.947925e+01
    endloop
  endfacet
  facet normal -2.207339e-01 -5.294637e-01 8.191122e-01
    outer loop
      vertex   -1.800452e+01 8.978423e+00 2.947925e+01
      vertex   -1.791346e+01 8.940460e+00 2.947925e+01
      vertex   -1.787528e+01 9.027777e+00 2.954598e+01
    endloop
  endfacet
  facet normal -2.388129e-01 -5.215589e-01 8.191122e-01
    outer loop
      vertex   -1.787528e+01 9.027777e+00 2.954598e+01
      vertex   -1.791346e+01 8.940460e+00 2.947925e+01
      vertex   -1.778260e+01 8.985339e+00 2.954598e+01
    endloop
  endfacet
  facet normal -2.185797e-01 -4.773703e-01 8.510820e-01
    outer loop
      vertex   -1.787528e+01 9.027777e+00 2.954598e+01
      vertex   -1.778260e+01 8.985339e+00 2.954598e+01
      vertex   -1.773983e+01 9.074646e+00 2.960705e+01
    endloop
  endfacet
  facet normal -2.348683e-01 -4.695704e-01 8.510820e-01
    outer loop
      vertex   -1.773983e+01 9.074646e+00 2.960705e+01
      vertex   -1.778260e+01 8.985339e+00 2.954598e+01
      vertex   -1.764562e+01 9.027522e+00 2.960705e+01
    endloop
  endfacet
  facet normal -2.123322e-01 -4.245141e-01 8.801721e-01
    outer loop
      vertex   -1.773983e+01 9.074646e+00 2.960705e+01
      vertex   -1.764562e+01 9.027522e+00 2.960705e+01
      vertex   -1.759824e+01 9.118305e+00 2.966227e+01
    endloop
  endfacet
  facet normal -2.268066e-01 -4.169603e-01 8.801721e-01
    outer loop
      vertex   -1.759824e+01 9.118305e+00 2.966227e+01
      vertex   -1.764562e+01 9.027522e+00 2.960705e+01
      vertex   -1.750261e+01 9.066286e+00 2.966227e+01
    endloop
  endfacet
  facet normal -2.019663e-01 -3.712940e-01 9.062838e-01
    outer loop
      vertex   -1.759824e+01 9.118305e+00 2.966227e+01
      vertex   -1.750261e+01 9.066286e+00 2.966227e+01
      vertex   -1.745064e+01 9.158028e+00 2.971143e+01
    endloop
  endfacet
  facet normal -2.146165e-01 -3.641282e-01 9.062838e-01
    outer loop
      vertex   -1.745064e+01 9.158028e+00 2.971143e+01
      vertex   -1.750261e+01 9.066286e+00 2.966227e+01
      vertex   -1.735373e+01 9.100909e+00 2.971143e+01
    endloop
  endfacet
  facet normal -1.874936e-01 -3.181103e-01 9.293288e-01
    outer loop
      vertex   -1.745064e+01 9.158028e+00 2.971143e+01
      vertex   -1.735373e+01 9.100909e+00 2.971143e+01
      vertex   -1.729724e+01 9.193095e+00 2.975439e+01
    endloop
  endfacet
  facet normal 8.645957e-02 -9.959027e-01 2.650438e-02
    outer loop
      vertex   -1.927655e+01 8.367265e+00 2.799129e+01
      vertex   -1.924548e+01 8.366868e+00 2.787500e+01
      vertex   -1.920575e+01 8.373411e+00 2.799129e+01
    endloop
  endfacet
  facet normal 5.914887e-02 -9.976024e-01 3.592874e-02
    outer loop
      vertex   -1.920575e+01 8.373411e+00 2.799129e+01
      vertex   -1.924548e+01 8.366868e+00 2.787500e+01
      vertex   -1.912356e+01 8.374096e+00 2.787500e+01
    endloop
  endfacet
  facet normal 5.215020e-02 -9.981586e-01 3.097897e-02
    outer loop
      vertex   -1.920575e+01 8.373411e+00 2.799129e+01
      vertex   -1.912356e+01 8.374096e+00 2.787500e+01
      vertex   -1.913479e+01 8.377119e+00 2.799129e+01
    endloop
  endfacet
  facet normal 1.779197e-02 -9.994580e-01 2.769587e-02
    outer loop
      vertex   -1.913479e+01 8.377119e+00 2.799129e+01
      vertex   -1.912356e+01 8.374096e+00 2.787500e+01
      vertex   -1.906374e+01 8.378383e+00 2.799129e+01
    endloop
  endfacet
  facet normal 1.773109e-02 -9.960380e-01 8.714295e-02
    outer loop
      vertex   -1.913479e+01 8.377119e+00 2.799129e+01
      vertex   -1.906374e+01 8.378383e+00 2.799129e+01
      vertex   -1.906375e+01 8.388523e+00 2.810719e+01
    endloop
  endfacet
  facet normal -1.653557e-02 -9.960586e-01 8.714295e-02
    outer loop
      vertex   -1.906375e+01 8.388523e+00 2.810719e+01
      vertex   -1.906374e+01 8.378383e+00 2.799129e+01
      vertex   -1.899235e+01 8.387338e+00 2.810719e+01
    endloop
  endfacet
  facet normal -1.642351e-02 -9.893084e-01 1.449109e-01
    outer loop
      vertex   -1.906375e+01 8.388523e+00 2.810719e+01
      vertex   -1.899235e+01 8.387338e+00 2.810719e+01
      vertex   -1.899178e+01 8.404189e+00 2.822230e+01
    endloop
  endfacet
  facet normal -5.043850e-02 -9.881583e-01 1.449109e-01
    outer loop
      vertex   -1.899178e+01 8.404189e+00 2.822230e+01
      vertex   -1.899235e+01 8.387338e+00 2.810719e+01
      vertex   -1.891988e+01 8.400519e+00 2.822230e+01
    endloop
  endfacet
  facet normal -4.992373e-02 -9.780732e-01 2.021889e-01
    outer loop
      vertex   -1.899178e+01 8.404189e+00 2.822230e+01
      vertex   -1.891988e+01 8.400519e+00 2.822230e+01
      vertex   -1.891828e+01 8.423990e+00 2.833623e+01
    endloop
  endfacet
  facet normal -8.353251e-02 -9.757776e-01 2.021889e-01
    outer loop
      vertex   -1.891828e+01 8.423990e+00 2.833623e+01
      vertex   -1.891988e+01 8.400519e+00 2.822230e+01
      vertex   -1.884574e+01 8.417781e+00 2.833623e+01
    endloop
  endfacet
  facet normal -8.238862e-02 -9.624153e-01 2.587833e-01
    outer loop
      vertex   -1.891828e+01 8.423990e+00 2.833623e+01
      vertex   -1.884574e+01 8.417781e+00 2.833623e+01
      vertex   -1.884266e+01 8.447733e+00 2.844861e+01
    endloop
  endfacet
  facet normal -1.154397e-01 -9.590124e-01 2.587833e-01
    outer loop
      vertex   -1.884266e+01 8.447733e+00 2.844861e+01
      vertex   -1.884574e+01 8.417781e+00 2.833623e+01
      vertex   -1.876935e+01 8.438909e+00 2.844861e+01
    endloop
  endfacet
  facet normal -1.134464e-01 -9.424531e-01 3.145028e-01
    outer loop
      vertex   -1.884266e+01 8.447733e+00 2.844861e+01
      vertex   -1.876935e+01 8.438909e+00 2.844861e+01
      vertex   -1.876436e+01 8.475160e+00 2.855904e+01
    endloop
  endfacet
  facet normal -1.457925e-01 -9.379939e-01 3.145028e-01
    outer loop
      vertex   -1.876436e+01 8.475160e+00 2.855904e+01
      vertex   -1.876935e+01 8.438909e+00 2.844861e+01
      vertex   -1.869015e+01 8.463627e+00 2.855904e+01
    endloop
  endfacet
  facet normal -1.427376e-01 -9.183396e-01 3.691590e-01
    outer loop
      vertex   -1.876436e+01 8.475160e+00 2.855904e+01
      vertex   -1.869015e+01 8.463627e+00 2.855904e+01
      vertex   -1.868283e+01 8.505951e+00 2.866716e+01
    endloop
  endfacet
  facet normal -1.742371e-01 -9.128872e-01 3.691590e-01
    outer loop
      vertex   -1.868283e+01 8.505951e+00 2.866716e+01
      vertex   -1.869015e+01 8.463627e+00 2.855904e+01
      vertex   -1.860761e+01 8.491595e+00 2.866716e+01
    endloop
  endfacet
  facet normal -1.699186e-01 -8.902611e-01 4.225669e-01
    outer loop
      vertex   -1.868283e+01 8.505951e+00 2.866716e+01
      vertex   -1.860761e+01 8.491595e+00 2.866716e+01
      vertex   -1.859757e+01 8.539725e+00 2.877260e+01
    endloop
  endfacet
  facet normal -2.004363e-01 -8.838905e-01 4.225669e-01
    outer loop
      vertex   -1.859757e+01 8.539725e+00 2.877260e+01
      vertex   -1.860761e+01 8.491595e+00 2.866716e+01
      vertex   -1.852124e+01 8.522417e+00 2.877260e+01
    endloop
  endfacet
  facet normal -1.946641e-01 -8.584358e-01 4.745460e-01
    outer loop
      vertex   -1.859757e+01 8.539725e+00 2.877260e+01
      vertex   -1.852124e+01 8.522417e+00 2.877260e+01
      vertex   -1.850811e+01 8.576046e+00 2.887500e+01
    endloop
  endfacet
  facet normal -2.240726e-01 -8.512330e-01 4.745460e-01
    outer loop
      vertex   -1.850811e+01 8.576046e+00 2.887500e+01
      vertex   -1.852124e+01 8.522417e+00 2.877260e+01
      vertex   -1.843059e+01 8.555640e+00 2.887500e+01
    endloop
  endfacet
  facet normal -2.166701e-01 -8.231116e-01 5.249203e-01
    outer loop
      vertex   -1.850811e+01 8.576046e+00 2.887500e+01
      vertex   -1.843059e+01 8.555640e+00 2.887500e+01
      vertex   -1.841402e+01 8.614427e+00 2.897402e+01
    endloop
  endfacet
  facet normal -2.448507e-01 -8.151728e-01 5.249203e-01
    outer loop
      vertex   -1.841402e+01 8.614427e+00 2.897402e+01
      vertex   -1.843059e+01 8.555640e+00 2.887500e+01
      vertex   -1.833524e+01 8.590763e+00 2.897402e+01
    endloop
  endfacet
  facet normal -2.356570e-01 -7.845643e-01 5.735195e-01
    outer loop
      vertex   -1.841402e+01 8.614427e+00 2.897402e+01
      vertex   -1.833524e+01 8.590763e+00 2.897402e+01
      vertex   -1.831495e+01 8.654332e+00 2.906932e+01
    endloop
  endfacet
  facet normal -2.625006e-01 -7.759954e-01 5.735195e-01
    outer loop
      vertex   -1.831495e+01 8.654332e+00 2.906932e+01
      vertex   -1.833524e+01 8.590763e+00 2.897402e+01
      vertex   -1.823485e+01 8.627236e+00 2.906932e+01
    endloop
  endfacet
  facet normal -2.513713e-01 -7.430952e-01 6.201790e-01
    outer loop
      vertex   -1.831495e+01 8.654332e+00 2.906932e+01
      vertex   -1.823485e+01 8.627236e+00 2.906932e+01
      vertex   -1.821055e+01 8.695181e+00 2.916058e+01
    endloop
  endfacet
  facet normal -2.767794e-01 -7.340103e-01 6.201790e-01
    outer loop
      vertex   -1.821055e+01 8.695181e+00 2.916058e+01
      vertex   -1.823485e+01 8.627236e+00 2.906932e+01
      vertex   -1.812911e+01 8.664471e+00 2.916058e+01
    endloop
  endfacet
  facet normal -2.635884e-01 -6.990283e-01 6.647410e-01
    outer loop
      vertex   -1.821055e+01 8.695181e+00 2.916058e+01
      vertex   -1.812911e+01 8.664471e+00 2.916058e+01
      vertex   -1.810058e+01 8.736358e+00 2.924748e+01
    endloop
  endfacet
  facet normal -2.874738e-01 -6.895493e-01 6.647410e-01
    outer loop
      vertex   -1.810058e+01 8.736358e+00 2.924748e+01
      vertex   -1.812911e+01 8.664471e+00 2.916058e+01
      vertex   -1.801779e+01 8.701842e+00 2.924748e+01
    endloop
  endfacet
  facet normal -2.721146e-01 -6.527079e-01 7.070545e-01
    outer loop
      vertex   -1.810058e+01 8.736358e+00 2.924748e+01
      vertex   -1.801779e+01 8.701842e+00 2.924748e+01
      vertex   -1.798483e+01 8.777216e+00 2.932975e+01
    endloop
  endfacet
  facet normal -2.944018e-01 -6.429631e-01 7.070545e-01
    outer loop
      vertex   -1.798483e+01 8.777216e+00 2.932975e+01
      vertex   -1.801779e+01 8.701842e+00 2.924748e+01
      vertex   -1.790070e+01 8.738694e+00 2.932975e+01
    endloop
  endfacet
  facet normal -2.767882e-01 -6.044955e-01 7.469762e-01
    outer loop
      vertex   -1.798483e+01 8.777216e+00 2.932975e+01
      vertex   -1.790070e+01 8.738694e+00 2.932975e+01
      vertex   -1.786317e+01 8.817079e+00 2.940709e+01
    endloop
  endfacet
  facet normal -2.974145e-01 -5.946185e-01 7.469762e-01
    outer loop
      vertex   -1.786317e+01 8.817079e+00 2.940709e+01
      vertex   -1.790070e+01 8.738694e+00 2.932975e+01
      vertex   -1.777774e+01 8.774349e+00 2.940709e+01
    endloop
  endfacet
  facet normal -2.774815e-01 -5.547667e-01 7.843710e-01
    outer loop
      vertex   -1.786317e+01 8.817079e+00 2.940709e+01
      vertex   -1.777774e+01 8.774349e+00 2.940709e+01
      vertex   -1.773552e+01 8.855253e+00 2.947925e+01
    endloop
  endfacet
  facet normal -2.963971e-01 -5.448952e-01 7.843710e-01
    outer loop
      vertex   -1.773552e+01 8.855253e+00 2.947925e+01
      vertex   -1.777774e+01 8.774349e+00 2.940709e+01
      vertex   -1.764885e+01 8.808110e+00 2.947925e+01
    endloop
  endfacet
  facet normal -2.741020e-01 -5.039080e-01 8.191122e-01
    outer loop
      vertex   -1.773552e+01 8.855253e+00 2.947925e+01
      vertex   -1.764885e+01 8.808110e+00 2.947925e+01
      vertex   -1.760188e+01 8.891030e+00 2.954598e+01
    endloop
  endfacet
  facet normal -2.912705e-01 -4.941829e-01 8.191122e-01
    outer loop
      vertex   -1.760188e+01 8.891030e+00 2.954598e+01
      vertex   -1.764885e+01 8.808110e+00 2.947925e+01
      vertex   -1.751406e+01 8.839271e+00 2.954598e+01
    endloop
  endfacet
  facet normal -2.665929e-01 -4.523137e-01 8.510820e-01
    outer loop
      vertex   -1.760188e+01 8.891030e+00 2.954598e+01
      vertex   -1.751406e+01 8.839271e+00 2.954598e+01
      vertex   -1.746233e+01 8.923697e+00 2.960705e+01
    endloop
  endfacet
  facet normal 0.000000e+00 -9.993210e-01 3.684366e-02
    outer loop
      vertex   -1.912356e+01 8.374096e+00 2.787500e+01
      vertex   -1.900144e+01 8.374096e+00 2.787500e+01
      vertex   -1.906374e+01 8.378383e+00 2.799129e+01
    endloop
  endfacet
  facet normal -1.659222e-02 -9.994713e-01 2.795977e-02
    outer loop
      vertex   -1.906374e+01 8.378383e+00 2.799129e+01
      vertex   -1.900144e+01 8.374096e+00 2.787500e+01
      vertex   -1.899269e+01 8.377204e+00 2.799129e+01
    endloop
  endfacet
  facet normal -1.653557e-02 -9.960586e-01 8.714295e-02
    outer loop
      vertex   -1.906374e+01 8.378383e+00 2.799129e+01
      vertex   -1.899269e+01 8.377204e+00 2.799129e+01
      vertex   -1.899235e+01 8.387338e+00 2.810719e+01
    endloop
  endfacet
  facet normal -5.078265e-02 -9.949006e-01 8.714295e-02
    outer loop
      vertex   -1.899235e+01 8.387338e+00 2.810719e+01
      vertex   -1.899269e+01 8.377204e+00 2.799129e+01
      vertex   -1.892103e+01 8.383697e+00 2.810719e+01
    endloop
  endfacet
  facet normal -5.043850e-02 -9.881583e-01 1.449109e-01
    outer loop
      vertex   -1.899235e+01 8.387338e+00 2.810719e+01
      vertex   -1.892103e+01 8.383697e+00 2.810719e+01
      vertex   -1.891988e+01 8.400519e+00 2.822230e+01
    endloop
  endfacet
  facet normal -8.439382e-02 -9.858390e-01 1.449109e-01
    outer loop
      vertex   -1.891988e+01 8.400519e+00 2.822230e+01
      vertex   -1.892103e+01 8.383697e+00 2.810719e+01
      vertex   -1.884815e+01 8.394379e+00 2.822230e+01
    endloop
  endfacet
  facet normal -8.353251e-02 -9.757776e-01 2.021889e-01
    outer loop
      vertex   -1.891988e+01 8.400519e+00 2.822230e+01
      vertex   -1.884815e+01 8.394379e+00 2.822230e+01
      vertex   -1.884574e+01 8.417781e+00 2.833623e+01
    endloop
  endfacet
  facet normal -1.170425e-01 -9.723275e-01 2.021889e-01
    outer loop
      vertex   -1.884574e+01 8.417781e+00 2.833623e+01
      vertex   -1.884815e+01 8.394379e+00 2.822230e+01
      vertex   -1.877346e+01 8.409081e+00 2.833623e+01
    endloop
  endfacet
  facet normal -1.154397e-01 -9.590124e-01 2.587833e-01
    outer loop
      vertex   -1.884574e+01 8.417781e+00 2.833623e+01
      vertex   -1.877346e+01 8.409081e+00 2.833623e+01
      vertex   -1.876935e+01 8.438909e+00 2.844861e+01
    endloop
  endfacet
  facet normal -1.483541e-01 -9.544748e-01 2.587833e-01
    outer loop
      vertex   -1.876935e+01 8.438909e+00 2.844861e+01
      vertex   -1.877346e+01 8.409081e+00 2.833623e+01
      vertex   -1.869639e+01 8.427569e+00 2.844861e+01
    endloop
  endfacet
  facet normal -1.457925e-01 -9.379939e-01 3.145028e-01
    outer loop
      vertex   -1.876935e+01 8.438909e+00 2.844861e+01
      vertex   -1.869639e+01 8.427569e+00 2.844861e+01
      vertex   -1.869015e+01 8.463627e+00 2.855904e+01
    endloop
  endfacet
  facet normal -1.779661e-01 -9.324248e-01 3.145028e-01
    outer loop
      vertex   -1.869015e+01 8.463627e+00 2.855904e+01
      vertex   -1.869639e+01 8.427569e+00 2.844861e+01
      vertex   -1.861639e+01 8.449548e+00 2.855904e+01
    endloop
  endfacet
  facet normal -1.742371e-01 -9.128872e-01 3.691590e-01
    outer loop
      vertex   -1.869015e+01 8.463627e+00 2.855904e+01
      vertex   -1.861639e+01 8.449548e+00 2.855904e+01
      vertex   -1.860761e+01 8.491595e+00 2.866716e+01
    endloop
  endfacet
  facet normal -2.055304e-01 -9.063547e-01 3.691590e-01
    outer loop
      vertex   -1.860761e+01 8.491595e+00 2.866716e+01
      vertex   -1.861639e+01 8.449548e+00 2.855904e+01
      vertex   -1.853294e+01 8.474661e+00 2.866716e+01
    endloop
  endfacet
  facet normal -2.004363e-01 -8.838905e-01 4.225669e-01
    outer loop
      vertex   -1.860761e+01 8.491595e+00 2.866716e+01
      vertex   -1.853294e+01 8.474661e+00 2.866716e+01
      vertex   -1.852124e+01 8.522417e+00 2.877260e+01
    endloop
  endfacet
  facet normal -2.307169e-01 -8.764741e-01 4.225669e-01
    outer loop
      vertex   -1.852124e+01 8.522417e+00 2.877260e+01
      vertex   -1.853294e+01 8.474661e+00 2.866716e+01
      vertex   -1.844556e+01 8.502494e+00 2.877260e+01
    endloop
  endfacet
  facet normal -2.240726e-01 -8.512330e-01 4.745460e-01
    outer loop
      vertex   -1.852124e+01 8.522417e+00 2.877260e+01
      vertex   -1.844556e+01 8.502494e+00 2.877260e+01
      vertex   -1.843059e+01 8.555640e+00 2.887500e+01
    endloop
  endfacet
  facet normal -2.532160e-01 -8.430230e-01 4.745460e-01
    outer loop
      vertex   -1.843059e+01 8.555640e+00 2.887500e+01
      vertex   -1.844556e+01 8.502494e+00 2.877260e+01
      vertex   -1.835381e+01 8.532580e+00 2.887500e+01
    endloop
  endfacet
  facet normal -2.448507e-01 -8.151728e-01 5.249203e-01
    outer loop
      vertex   -1.843059e+01 8.555640e+00 2.887500e+01
      vertex   -1.835381e+01 8.532580e+00 2.887500e+01
      vertex   -1.833524e+01 8.590763e+00 2.897402e+01
    endloop
  endfacet
  facet normal -2.727417e-01 -8.062696e-01 5.249203e-01
    outer loop
      vertex   -1.833524e+01 8.590763e+00 2.897402e+01
      vertex   -1.835381e+01 8.532580e+00 2.887500e+01
      vertex   -1.825731e+01 8.564403e+00 2.897402e+01
    endloop
  endfacet
  facet normal -2.625006e-01 -7.759954e-01 5.735195e-01
    outer loop
      vertex   -1.833524e+01 8.590763e+00 2.897402e+01
      vertex   -1.825731e+01 8.564403e+00 2.897402e+01
      vertex   -1.823485e+01 8.627236e+00 2.906932e+01
    endloop
  endfacet
  facet normal -2.890337e-01 -7.665083e-01 5.735195e-01
    outer loop
      vertex   -1.823485e+01 8.627236e+00 2.906932e+01
      vertex   -1.825731e+01 8.564403e+00 2.897402e+01
      vertex   -1.815573e+01 8.597402e+00 2.906932e+01
    endloop
  endfacet
  facet normal -2.767794e-01 -7.340103e-01 6.201790e-01
    outer loop
      vertex   -1.823485e+01 8.627236e+00 2.906932e+01
      vertex   -1.815573e+01 8.597402e+00 2.906932e+01
      vertex   -1.812911e+01 8.664471e+00 2.916058e+01
    endloop
  endfacet
  facet normal -3.018601e-01 -7.240569e-01 6.201790e-01
    outer loop
      vertex   -1.812911e+01 8.664471e+00 2.916058e+01
      vertex   -1.815573e+01 8.597402e+00 2.906932e+01
      vertex   -1.804877e+01 8.630978e+00 2.916058e+01
    endloop
  endfacet
  facet normal -2.874738e-01 -6.895493e-01 6.647410e-01
    outer loop
      vertex   -1.812911e+01 8.664471e+00 2.916058e+01
      vertex   -1.804877e+01 8.630978e+00 2.916058e+01
      vertex   -1.801779e+01 8.701842e+00 2.924748e+01
    endloop
  endfacet
  facet normal -3.110190e-01 -6.792544e-01 6.647410e-01
    outer loop
      vertex   -1.801779e+01 8.701842e+00 2.924748e+01
      vertex   -1.804877e+01 8.630978e+00 2.916058e+01
      vertex   -1.793623e+01 8.664498e+00 2.924748e+01
    endloop
  endfacet
  facet normal -2.944018e-01 -6.429631e-01 7.070545e-01
    outer loop
      vertex   -1.801779e+01 8.701842e+00 2.924748e+01
      vertex   -1.793623e+01 8.664498e+00 2.924748e+01
      vertex   -1.790070e+01 8.738694e+00 2.932975e+01
    endloop
  endfacet
  facet normal -3.163407e-01 -6.324575e-01 7.070545e-01
    outer loop
      vertex   -1.790070e+01 8.738694e+00 2.932975e+01
      vertex   -1.793623e+01 8.664498e+00 2.924748e+01
      vertex   -1.781795e+01 8.697302e+00 2.932975e+01
    endloop
  endfacet
  facet normal -2.974145e-01 -5.946185e-01 7.469762e-01
    outer loop
      vertex   -1.790070e+01 8.738694e+00 2.932975e+01
      vertex   -1.781795e+01 8.697302e+00 2.932975e+01
      vertex   -1.777774e+01 8.774349e+00 2.940709e+01
    endloop
  endfacet
  facet normal -3.176889e-01 -5.840379e-01 7.469762e-01
    outer loop
      vertex   -1.777774e+01 8.774349e+00 2.940709e+01
      vertex   -1.781795e+01 8.697302e+00 2.932975e+01
      vertex   -1.769383e+01 8.728707e+00 2.940709e+01
    endloop
  endfacet
  facet normal -2.963971e-01 -5.448952e-01 7.843710e-01
    outer loop
      vertex   -1.777774e+01 8.774349e+00 2.940709e+01
      vertex   -1.769383e+01 8.728707e+00 2.940709e+01
      vertex   -1.764885e+01 8.808110e+00 2.947925e+01
    endloop
  endfacet
  facet normal -3.149621e-01 -5.343791e-01 7.843710e-01
    outer loop
      vertex   -1.764885e+01 8.808110e+00 2.947925e+01
      vertex   -1.769383e+01 8.728707e+00 2.940709e+01
      vertex   -1.756386e+01 8.758015e+00 2.947925e+01
    endloop
  endfacet
  facet normal -2.912705e-01 -4.941829e-01 8.191122e-01
    outer loop
      vertex   -1.764885e+01 8.808110e+00 2.947925e+01
      vertex   -1.756386e+01 8.758015e+00 2.947925e+01
      vertex   -1.751406e+01 8.839271e+00 2.954598e+01
    endloop
  endfacet
  facet normal -5.915842e-02 -9.977635e-01 3.111629e-02
    outer loop
      vertex   -1.900144e+01 8.374096e+00 2.787500e+01
      vertex   -1.887952e+01 8.366868e+00 2.787500e+01
      vertex   -1.899269e+01 8.377204e+00 2.799129e+01
    endloop
  endfacet
  facet normal -5.093753e-02 -9.979349e-01 3.913149e-02
    outer loop
      vertex   -1.899269e+01 8.377204e+00 2.799129e+01
      vertex   -1.887952e+01 8.366868e+00 2.787500e+01
      vertex   -1.892172e+01 8.373581e+00 2.799129e+01
    endloop
  endfacet
  facet normal -5.078265e-02 -9.949006e-01 8.714295e-02
    outer loop
      vertex   -1.899269e+01 8.377204e+00 2.799129e+01
      vertex   -1.892172e+01 8.373581e+00 2.799129e+01
      vertex   -1.892103e+01 8.383697e+00 2.810719e+01
    endloop
  endfacet
  facet normal -8.496965e-02 -9.925655e-01 8.714295e-02
    outer loop
      vertex   -1.892103e+01 8.383697e+00 2.810719e+01
      vertex   -1.892172e+01 8.373581e+00 2.799129e+01
      vertex   -1.884988e+01 8.377607e+00 2.810719e+01
    endloop
  endfacet
  facet normal -8.439382e-02 -9.858390e-01 1.449109e-01
    outer loop
      vertex   -1.892103e+01 8.383697e+00 2.810719e+01
      vertex   -1.884988e+01 8.377607e+00 2.810719e+01
      vertex   -1.884815e+01 8.394379e+00 2.822230e+01
    endloop
  endfacet
  facet normal -1.182493e-01 -9.823533e-01 1.449109e-01
    outer loop
      vertex   -1.884815e+01 8.394379e+00 2.822230e+01
      vertex   -1.884988e+01 8.377607e+00 2.810719e+01
      vertex   -1.877668e+01 8.385775e+00 2.822230e+01
    endloop
  endfacet
  facet normal -1.170425e-01 -9.723275e-01 2.021889e-01
    outer loop
      vertex   -1.884815e+01 8.394379e+00 2.822230e+01
      vertex   -1.877668e+01 8.385775e+00 2.822230e+01
      vertex   -1.877346e+01 8.409081e+00 2.833623e+01
    endloop
  endfacet
  facet normal -1.504139e-01 -9.677269e-01 2.021889e-01
    outer loop
      vertex   -1.877346e+01 8.409081e+00 2.833623e+01
      vertex   -1.877668e+01 8.385775e+00 2.822230e+01
      vertex   -1.870153e+01 8.397900e+00 2.833623e+01
    endloop
  endfacet
  facet normal -1.483541e-01 -9.544748e-01 2.587833e-01
    outer loop
      vertex   -1.877346e+01 8.409081e+00 2.833623e+01
      vertex   -1.870153e+01 8.397900e+00 2.833623e+01
      vertex   -1.869639e+01 8.427569e+00 2.844861e+01
    endloop
  endfacet
  facet normal -1.810931e-01 -9.488079e-01 2.587833e-01
    outer loop
      vertex   -1.869639e+01 8.427569e+00 2.844861e+01
      vertex   -1.870153e+01 8.397900e+00 2.833623e+01
      vertex   -1.862387e+01 8.413727e+00 2.844861e+01
    endloop
  endfacet
  facet normal -1.779661e-01 -9.324248e-01 3.145028e-01
    outer loop
      vertex   -1.869639e+01 8.427569e+00 2.844861e+01
      vertex   -1.862387e+01 8.413727e+00 2.844861e+01
      vertex   -1.861639e+01 8.449548e+00 2.855904e+01
    endloop
  endfacet
  facet normal -2.099292e-01 -9.257525e-01 3.145028e-01
    outer loop
      vertex   -1.861639e+01 8.449548e+00 2.855904e+01
      vertex   -1.862387e+01 8.413727e+00 2.844861e+01
      vertex   -1.854316e+01 8.432941e+00 2.855904e+01
    endloop
  endfacet
  facet normal -2.055304e-01 -9.063547e-01 3.691590e-01
    outer loop
      vertex   -1.861639e+01 8.449548e+00 2.855904e+01
      vertex   -1.854316e+01 8.432941e+00 2.855904e+01
      vertex   -1.853294e+01 8.474661e+00 2.866716e+01
    endloop
  endfacet
  facet normal -2.365806e-01 -8.987498e-01 3.691590e-01
    outer loop
      vertex   -1.853294e+01 8.474661e+00 2.866716e+01
      vertex   -1.854316e+01 8.432941e+00 2.855904e+01
      vertex   -1.845889e+01 8.455169e+00 2.866716e+01
    endloop
  endfacet
  facet normal -2.307169e-01 -8.764741e-01 4.225669e-01
    outer loop
      vertex   -1.853294e+01 8.474661e+00 2.866716e+01
      vertex   -1.845889e+01 8.455169e+00 2.866716e+01
      vertex   -1.844556e+01 8.502494e+00 2.877260e+01
    endloop
  endfacet
  facet normal -2.607245e-01 -8.680207e-01 4.225669e-01
    outer loop
      vertex   -1.844556e+01 8.502494e+00 2.877260e+01
      vertex   -1.845889e+01 8.455169e+00 2.866716e+01
      vertex   -1.837060e+01 8.479980e+00 2.877260e+01
    endloop
  endfacet
  facet normal -2.532160e-01 -8.430230e-01 4.745460e-01
    outer loop
      vertex   -1.844556e+01 8.502494e+00 2.877260e+01
      vertex   -1.837060e+01 8.479980e+00 2.877260e+01
      vertex   -1.835381e+01 8.532580e+00 2.887500e+01
    endloop
  endfacet
  facet normal -2.820598e-01 -8.338156e-01 4.745460e-01
    outer loop
      vertex   -1.835381e+01 8.532580e+00 2.887500e+01
      vertex   -1.837060e+01 8.479980e+00 2.877260e+01
      vertex   -1.827788e+01 8.506893e+00 2.887500e+01
    endloop
  endfacet
  facet normal -2.727417e-01 -8.062696e-01 5.249203e-01
    outer loop
      vertex   -1.835381e+01 8.532580e+00 2.887500e+01
      vertex   -1.827788e+01 8.506893e+00 2.887500e+01
      vertex   -1.825731e+01 8.564403e+00 2.897402e+01
    endloop
  endfacet
  facet normal -3.003099e-01 -7.964124e-01 5.249203e-01
    outer loop
      vertex   -1.825731e+01 8.564403e+00 2.897402e+01
      vertex   -1.827788e+01 8.506893e+00 2.887500e+01
      vertex   -1.818034e+01 8.535378e+00 2.897402e+01
    endloop
  endfacet
  facet normal -2.890337e-01 -7.665083e-01 5.735195e-01
    outer loop
      vertex   -1.825731e+01 8.564403e+00 2.897402e+01
      vertex   -1.818034e+01 8.535378e+00 2.897402e+01
      vertex   -1.815573e+01 8.597402e+00 2.906932e+01
    endloop
  endfacet
  facet normal -3.152248e-01 -7.561142e-01 5.735195e-01
    outer loop
      vertex   -1.815573e+01 8.597402e+00 2.906932e+01
      vertex   -1.818034e+01 8.535378e+00 2.897402e+01
      vertex   -1.807768e+01 8.564864e+00 2.906932e+01
    endloop
  endfacet
  facet normal -3.018601e-01 -7.240569e-01 6.201790e-01
    outer loop
      vertex   -1.815573e+01 8.597402e+00 2.906932e+01
      vertex   -1.807768e+01 8.564864e+00 2.906932e+01
      vertex   -1.804877e+01 8.630978e+00 2.916058e+01
    endloop
  endfacet
  facet normal -3.265836e-01 -7.132469e-01 6.201790e-01
    outer loop
      vertex   -1.804877e+01 8.630978e+00 2.916058e+01
      vertex   -1.807768e+01 8.564864e+00 2.906932e+01
      vertex   -1.796964e+01 8.594742e+00 2.916058e+01
    endloop
  endfacet
  facet normal -3.110190e-01 -6.792544e-01 6.647410e-01
    outer loop
      vertex   -1.804877e+01 8.630978e+00 2.916058e+01
      vertex   -1.796964e+01 8.594742e+00 2.916058e+01
      vertex   -1.793623e+01 8.664498e+00 2.924748e+01
    endloop
  endfacet
  facet normal -3.341962e-01 -6.681559e-01 6.647410e-01
    outer loop
      vertex   -1.793623e+01 8.664498e+00 2.924748e+01
      vertex   -1.796964e+01 8.594742e+00 2.916058e+01
      vertex   -1.785601e+01 8.624372e+00 2.924748e+01
    endloop
  endfacet
  facet normal -3.163407e-01 -6.324575e-01 7.070545e-01
    outer loop
      vertex   -1.793623e+01 8.664498e+00 2.924748e+01
      vertex   -1.785601e+01 8.624372e+00 2.924748e+01
      vertex   -1.781795e+01 8.697302e+00 2.932975e+01
    endloop
  endfacet
  facet normal -3.379053e-01 -6.212036e-01 7.070545e-01
    outer loop
      vertex   -1.781795e+01 8.697302e+00 2.932975e+01
      vertex   -1.785601e+01 8.624372e+00 2.924748e+01
      vertex   -1.773666e+01 8.653088e+00 2.932975e+01
    endloop
  endfacet
  facet normal -3.176889e-01 -5.840379e-01 7.469762e-01
    outer loop
      vertex   -1.781795e+01 8.697302e+00 2.932975e+01
      vertex   -1.773666e+01 8.653088e+00 2.932975e+01
      vertex   -1.769383e+01 8.728707e+00 2.940709e+01
    endloop
  endfacet
  facet normal -3.375874e-01 -5.727663e-01 7.469762e-01
    outer loop
      vertex   -1.769383e+01 8.728707e+00 2.940709e+01
      vertex   -1.773666e+01 8.653088e+00 2.932975e+01
      vertex   -1.761154e+01 8.680205e+00 2.940709e+01
    endloop
  endfacet
  facet normal -3.149621e-01 -5.343791e-01 7.843710e-01
    outer loop
      vertex   -1.769383e+01 8.728707e+00 2.940709e+01
      vertex   -1.761154e+01 8.680205e+00 2.940709e+01
      vertex   -1.756386e+01 8.758015e+00 2.947925e+01
    endloop
  endfacet
  facet normal -8.526403e-02 -9.960042e-01 2.656465e-02
    outer loop
      vertex   -1.892172e+01 8.373581e+00 2.799129e+01
      vertex   -1.887952e+01 8.366868e+00 2.787500e+01
      vertex   -1.885092e+01 8.367520e+00 2.799129e+01
    endloop
  endfacet
  facet normal -1.180958e-01 -9.923985e-01 3.462085e-02
    outer loop
      vertex   -1.885092e+01 8.367520e+00 2.799129e+01
      vertex   -1.887952e+01 8.366868e+00 2.787500e+01
      vertex   -1.875825e+01 8.352436e+00 2.787500e+01
    endloop
  endfacet
  facet normal -1.194436e-01 -9.922746e-01 3.353083e-02
    outer loop
      vertex   -1.885092e+01 8.367520e+00 2.799129e+01
      vertex   -1.875825e+01 8.352436e+00 2.787500e+01
      vertex   -1.878037e+01 8.359028e+00 2.799129e+01
    endloop
  endfacet
  facet normal -1.535308e-01 -9.877805e-01 2.679434e-02
    outer loop
      vertex   -1.878037e+01 8.359028e+00 2.799129e+01
      vertex   -1.875825e+01 8.352436e+00 2.787500e+01
      vertex   -1.871015e+01 8.348114e+00 2.799129e+01
    endloop
  endfacet
  facet normal -1.530017e-01 -9.843762e-01 8.714295e-02
    outer loop
      vertex   -1.878037e+01 8.359028e+00 2.799129e+01
      vertex   -1.871015e+01 8.348114e+00 2.799129e+01
      vertex   -1.870842e+01 8.358105e+00 2.810719e+01
    endloop
  endfacet
  facet normal -1.867663e-01 -9.785318e-01 8.714295e-02
    outer loop
      vertex   -1.870842e+01 8.358105e+00 2.810719e+01
      vertex   -1.871015e+01 8.348114e+00 2.799129e+01
      vertex   -1.863827e+01 8.344717e+00 2.810719e+01
    endloop
  endfacet
  facet normal -1.855006e-01 -9.719004e-01 1.449109e-01
    outer loop
      vertex   -1.870842e+01 8.358105e+00 2.810719e+01
      vertex   -1.863827e+01 8.344717e+00 2.810719e+01
      vertex   -1.863483e+01 8.361222e+00 2.822230e+01
    endloop
  endfacet
  facet normal -2.188169e-01 -9.649456e-01 1.449109e-01
    outer loop
      vertex   -1.863483e+01 8.361222e+00 2.822230e+01
      vertex   -1.863827e+01 8.344717e+00 2.810719e+01
      vertex   -1.856462e+01 8.345301e+00 2.822230e+01
    endloop
  endfacet
  facet normal -2.165836e-01 -9.550975e-01 2.021889e-01
    outer loop
      vertex   -1.863483e+01 8.361222e+00 2.822230e+01
      vertex   -1.856462e+01 8.345301e+00 2.822230e+01
      vertex   -1.855902e+01 8.368152e+00 2.833623e+01
    endloop
  endfacet
  facet normal -2.493036e-01 -9.470836e-01 2.021889e-01
    outer loop
      vertex   -1.855902e+01 8.368152e+00 2.833623e+01
      vertex   -1.856462e+01 8.345301e+00 2.822230e+01
      vertex   -1.848862e+01 8.349620e+00 2.833623e+01
    endloop
  endfacet
  facet normal -2.458897e-01 -9.341143e-01 2.587833e-01
    outer loop
      vertex   -1.855902e+01 8.368152e+00 2.833623e+01
      vertex   -1.848862e+01 8.349620e+00 2.833623e+01
      vertex   -1.848046e+01 8.378603e+00 2.844861e+01
    endloop
  endfacet
  facet normal -2.778707e-01 -9.251049e-01 2.587833e-01
    outer loop
      vertex   -1.848046e+01 8.378603e+00 2.844861e+01
      vertex   -1.848862e+01 8.349620e+00 2.833623e+01
      vertex   -1.840974e+01 8.357363e+00 2.844861e+01
    endloop
  endfacet
  facet normal -2.730727e-01 -9.091311e-01 3.145028e-01
    outer loop
      vertex   -1.848046e+01 8.378603e+00 2.844861e+01
      vertex   -1.840974e+01 8.357363e+00 2.844861e+01
      vertex   -1.839862e+01 8.392223e+00 2.855904e+01
    endloop
  endfacet
  facet normal -3.041783e-01 -8.992016e-01 3.145028e-01
    outer loop
      vertex   -1.839862e+01 8.392223e+00 2.855904e+01
      vertex   -1.840974e+01 8.357363e+00 2.844861e+01
      vertex   -1.832748e+01 8.368160e+00 2.855904e+01
    endloop
  endfacet
  facet normal -2.978047e-01 -8.803602e-01 3.691590e-01
    outer loop
      vertex   -1.839862e+01 8.392223e+00 2.855904e+01
      vertex   -1.832748e+01 8.368160e+00 2.855904e+01
      vertex   -1.831302e+01 8.408606e+00 2.866716e+01
    endloop
  endfacet
  facet normal -3.279063e-01 -8.695971e-01 3.691590e-01
    outer loop
      vertex   -1.831302e+01 8.408606e+00 2.866716e+01
      vertex   -1.832748e+01 8.368160e+00 2.855904e+01
      vertex   -1.824137e+01 8.381589e+00 2.866716e+01
    endloop
  endfacet
  facet normal -3.197790e-01 -8.480440e-01 4.225669e-01
    outer loop
      vertex   -1.831302e+01 8.408606e+00 2.866716e+01
      vertex   -1.824137e+01 8.381589e+00 2.866716e+01
      vertex   -1.822324e+01 8.427289e+00 2.877260e+01
    endloop
  endfacet
  facet normal -3.487561e-01 -8.365443e-01 4.225669e-01
    outer loop
      vertex   -1.822324e+01 8.427289e+00 2.877260e+01
      vertex   -1.824137e+01 8.381589e+00 2.866716e+01
      vertex   -1.815100e+01 8.397174e+00 2.877260e+01
    endloop
  endfacet
  facet normal -3.387125e-01 -8.124531e-01 4.745460e-01
    outer loop
      vertex   -1.822324e+01 8.427289e+00 2.877260e+01
      vertex   -1.815100e+01 8.397174e+00 2.877260e+01
      vertex   -1.812888e+01 8.447764e+00 2.887500e+01
    endloop
  endfacet
  facet normal -3.664543e-01 -8.003233e-01 4.745460e-01
    outer loop
      vertex   -1.812888e+01 8.447764e+00 2.887500e+01
      vertex   -1.815100e+01 8.397174e+00 2.877260e+01
      vertex   -1.805600e+01 8.414391e+00 2.887500e+01
    endloop
  endfacet
  facet normal -3.543481e-01 -7.738837e-01 5.249203e-01
    outer loop
      vertex   -1.812888e+01 8.447764e+00 2.887500e+01
      vertex   -1.805600e+01 8.414391e+00 2.887500e+01
      vertex   -1.802962e+01 8.469476e+00 2.897402e+01
    endloop
  endfacet
  facet normal -3.807542e-01 -7.612390e-01 5.249203e-01
    outer loop
      vertex   -1.802962e+01 8.469476e+00 2.897402e+01
      vertex   -1.805600e+01 8.414391e+00 2.887500e+01
      vertex   -1.795605e+01 8.432677e+00 2.897402e+01
    endloop
  endfacet
  facet normal -3.664575e-01 -7.326556e-01 5.735195e-01
    outer loop
      vertex   -1.802962e+01 8.469476e+00 2.897402e+01
      vertex   -1.795605e+01 8.432677e+00 2.897402e+01
      vertex   -1.792517e+01 8.491835e+00 2.906932e+01
    endloop
  endfacet
  facet normal -3.914385e-01 -7.196188e-01 5.735195e-01
    outer loop
      vertex   -1.792517e+01 8.491835e+00 2.906932e+01
      vertex   -1.795605e+01 8.432677e+00 2.897402e+01
      vertex   -1.785089e+01 8.451430e+00 2.906932e+01
    endloop
  endfacet
  facet normal -3.748425e-01 -6.891089e-01 6.201790e-01
    outer loop
      vertex   -1.792517e+01 8.491835e+00 2.906932e+01
      vertex   -1.785089e+01 8.451430e+00 2.906932e+01
      vertex   -1.781533e+01 8.514215e+00 2.916058e+01
    endloop
  endfacet
  facet normal -3.983209e-01 -6.758095e-01 6.201790e-01
    outer loop
      vertex   -1.781533e+01 8.514215e+00 2.916058e+01
      vertex   -1.785089e+01 8.451430e+00 2.906932e+01
      vertex   -1.774035e+01 8.470019e+00 2.916058e+01
    endloop
  endfacet
  facet normal -3.793374e-01 -6.436012e-01 6.647410e-01
    outer loop
      vertex   -1.781533e+01 8.514215e+00 2.916058e+01
      vertex   -1.774035e+01 8.470019e+00 2.916058e+01
      vertex   -1.769993e+01 8.535963e+00 2.924748e+01
    endloop
  endfacet
  facet normal -1.766141e-01 -9.836032e-01 3.649845e-02
    outer loop
      vertex   -1.875825e+01 8.352436e+00 2.787500e+01
      vertex   -1.863805e+01 8.330852e+00 2.787500e+01
      vertex   -1.871015e+01 8.348114e+00 2.799129e+01
    endloop
  endfacet
  facet normal -1.873976e-01 -9.818395e-01 2.955095e-02
    outer loop
      vertex   -1.871015e+01 8.348114e+00 2.799129e+01
      vertex   -1.863805e+01 8.330852e+00 2.787500e+01
      vertex   -1.864035e+01 8.334791e+00 2.799129e+01
    endloop
  endfacet
  facet normal -1.867663e-01 -9.785318e-01 8.714295e-02
    outer loop
      vertex   -1.871015e+01 8.348114e+00 2.799129e+01
      vertex   -1.864035e+01 8.334791e+00 2.799129e+01
      vertex   -1.863827e+01 8.344717e+00 2.810719e+01
    endloop
  endfacet
  facet normal -2.203099e-01 -9.715295e-01 8.714295e-02
    outer loop
      vertex   -1.863827e+01 8.344717e+00 2.810719e+01
      vertex   -1.864035e+01 8.334791e+00 2.799129e+01
      vertex   -1.856863e+01 8.328924e+00 2.810719e+01
    endloop
  endfacet
  facet normal -2.188169e-01 -9.649456e-01 1.449109e-01
    outer loop
      vertex   -1.863827e+01 8.344717e+00 2.810719e+01
      vertex   -1.856863e+01 8.328924e+00 2.810719e+01
      vertex   -1.856462e+01 8.345301e+00 2.822230e+01
    endloop
  endfacet
  facet normal -2.518742e-01 -9.568491e-01 1.449109e-01
    outer loop
      vertex   -1.856462e+01 8.345301e+00 2.822230e+01
      vertex   -1.856863e+01 8.328924e+00 2.810719e+01
      vertex   -1.849500e+01 8.326976e+00 2.822230e+01
    endloop
  endfacet
  facet normal -2.493036e-01 -9.470836e-01 2.021889e-01
    outer loop
      vertex   -1.856462e+01 8.345301e+00 2.822230e+01
      vertex   -1.849500e+01 8.326976e+00 2.822230e+01
      vertex   -1.848862e+01 8.349620e+00 2.833623e+01
    endloop
  endfacet
  facet normal -2.817286e-01 -9.379492e-01 2.021889e-01
    outer loop
      vertex   -1.848862e+01 8.349620e+00 2.833623e+01
      vertex   -1.849500e+01 8.326976e+00 2.822230e+01
      vertex   -1.841890e+01 8.328678e+00 2.833623e+01
    endloop
  endfacet
  facet normal -2.778707e-01 -9.251049e-01 2.587833e-01
    outer loop
      vertex   -1.848862e+01 8.349620e+00 2.833623e+01
      vertex   -1.841890e+01 8.328678e+00 2.833623e+01
      vertex   -1.840974e+01 8.357363e+00 2.844861e+01
    endloop
  endfacet
  facet normal -3.095229e-01 -9.150010e-01 2.587833e-01
    outer loop
      vertex   -1.840974e+01 8.357363e+00 2.844861e+01
      vertex   -1.841890e+01 8.328678e+00 2.833623e+01
      vertex   -1.833980e+01 8.333703e+00 2.844861e+01
    endloop
  endfacet
  facet normal -3.041783e-01 -8.992016e-01 3.145028e-01
    outer loop
      vertex   -1.840974e+01 8.357363e+00 2.844861e+01
      vertex   -1.833980e+01 8.333703e+00 2.844861e+01
      vertex   -1.832748e+01 8.368160e+00 2.855904e+01
    endloop
  endfacet
  facet normal -3.349241e-01 -8.882082e-01 3.145028e-01
    outer loop
      vertex   -1.832748e+01 8.368160e+00 2.855904e+01
      vertex   -1.833980e+01 8.333703e+00 2.844861e+01
      vertex   -1.825722e+01 8.341665e+00 2.855904e+01
    endloop
  endfacet
  facet normal -3.279063e-01 -8.695971e-01 3.691590e-01
    outer loop
      vertex   -1.832748e+01 8.368160e+00 2.855904e+01
      vertex   -1.825722e+01 8.341665e+00 2.855904e+01
      vertex   -1.824137e+01 8.381589e+00 2.866716e+01
    endloop
  endfacet
  facet normal -3.576198e-01 -8.578052e-01 3.691590e-01
    outer loop
      vertex   -1.824137e+01 8.381589e+00 2.866716e+01
      vertex   -1.825722e+01 8.341665e+00 2.855904e+01
      vertex   -1.817070e+01 8.352125e+00 2.866716e+01
    endloop
  endfacet
  facet normal -3.487561e-01 -8.365443e-01 4.225669e-01
    outer loop
      vertex   -1.824137e+01 8.381589e+00 2.866716e+01
      vertex   -1.817070e+01 8.352125e+00 2.866716e+01
      vertex   -1.815100e+01 8.397174e+00 2.877260e+01
    endloop
  endfacet
  facet normal -3.773206e-01 -8.240548e-01 4.225669e-01
    outer loop
      vertex   -1.815100e+01 8.397174e+00 2.877260e+01
      vertex   -1.817070e+01 8.352125e+00 2.866716e+01
      vertex   -1.807984e+01 8.364592e+00 2.877260e+01
    endloop
  endfacet
  facet normal -3.664543e-01 -8.003233e-01 4.745460e-01
    outer loop
      vertex   -1.815100e+01 8.397174e+00 2.877260e+01
      vertex   -1.807984e+01 8.364592e+00 2.877260e+01
      vertex   -1.805600e+01 8.414391e+00 2.887500e+01
    endloop
  endfacet
  facet normal -3.937626e-01 -7.872465e-01 4.745460e-01
    outer loop
      vertex   -1.805600e+01 8.414391e+00 2.887500e+01
      vertex   -1.807984e+01 8.364592e+00 2.877260e+01
      vertex   -1.798430e+01 8.378532e+00 2.887500e+01
    endloop
  endfacet
  facet normal -3.807542e-01 -7.612390e-01 5.249203e-01
    outer loop
      vertex   -1.805600e+01 8.414391e+00 2.887500e+01
      vertex   -1.798430e+01 8.378532e+00 2.887500e+01
      vertex   -1.795605e+01 8.432677e+00 2.897402e+01
    endloop
  endfacet
  facet normal -4.067098e-01 -7.476936e-01 5.249203e-01
    outer loop
      vertex   -1.795605e+01 8.432677e+00 2.897402e+01
      vertex   -1.798430e+01 8.378532e+00 2.887500e+01
      vertex   -1.788378e+01 8.393369e+00 2.897402e+01
    endloop
  endfacet
  facet normal -3.914385e-01 -7.196188e-01 5.735195e-01
    outer loop
      vertex   -1.795605e+01 8.432677e+00 2.897402e+01
      vertex   -1.788378e+01 8.393369e+00 2.897402e+01
      vertex   -1.785089e+01 8.451430e+00 2.906932e+01
    endloop
  endfacet
  facet normal -4.159564e-01 -7.057306e-01 5.735195e-01
    outer loop
      vertex   -1.785089e+01 8.451430e+00 2.906932e+01
      vertex   -1.788378e+01 8.393369e+00 2.897402e+01
      vertex   -1.777805e+01 8.408495e+00 2.906932e+01
    endloop
  endfacet
  facet normal -3.983209e-01 -6.758095e-01 6.201790e-01
    outer loop
      vertex   -1.785089e+01 8.451430e+00 2.906932e+01
      vertex   -1.777805e+01 8.408495e+00 2.906932e+01
      vertex   -1.774035e+01 8.470019e+00 2.916058e+01
    endloop
  endfacet
  facet normal -2.210604e-01 -9.748392e-01 2.864871e-02
    outer loop
      vertex   -1.864035e+01 8.334791e+00 2.799129e+01
      vertex   -1.863805e+01 8.330852e+00 2.787500e+01
      vertex   -1.857104e+01 8.319076e+00 2.799129e+01
    endloop
  endfacet
  facet normal -2.345189e-01 -9.714167e-01 3.674988e-02
    outer loop
      vertex   -1.857104e+01 8.319076e+00 2.799129e+01
      vertex   -1.863805e+01 8.330852e+00 2.787500e+01
      vertex   -1.851933e+01 8.302192e+00 2.787500e+01
    endloop
  endfacet
  facet normal -2.544671e-01 -9.666990e-01 2.719430e-02
    outer loop
      vertex   -1.857104e+01 8.319076e+00 2.799129e+01
      vertex   -1.851933e+01 8.302192e+00 2.787500e+01
      vertex   -1.850232e+01 8.300986e+00 2.799129e+01
    endloop
  endfacet
  facet normal -2.916438e-01 -9.559664e-01 3.274285e-02
    outer loop
      vertex   -1.850232e+01 8.300986e+00 2.799129e+01
      vertex   -1.851933e+01 8.302192e+00 2.787500e+01
      vertex   -1.840252e+01 8.266555e+00 2.787500e+01
    endloop
  endfacet
  facet normal -2.874768e-01 -9.570861e-01 3.665066e-02
    outer loop
      vertex   -1.850232e+01 8.300986e+00 2.799129e+01
      vertex   -1.840252e+01 8.266555e+00 2.787500e+01
      vertex   -1.843427e+01 8.280544e+00 2.799129e+01
    endloop
  endfacet
  facet normal -3.203263e-01 -9.469376e-01 2.646213e-02
    outer loop
      vertex   -1.843427e+01 8.280544e+00 2.799129e+01
      vertex   -1.840252e+01 8.266555e+00 2.787500e+01
      vertex   -1.836695e+01 8.257773e+00 2.799129e+01
    endloop
  endfacet
  facet normal -3.192195e-01 -9.436657e-01 8.714295e-02
    outer loop
      vertex   -1.843427e+01 8.280544e+00 2.799129e+01
      vertex   -1.836695e+01 8.257773e+00 2.799129e+01
      vertex   -1.836354e+01 8.267321e+00 2.810719e+01
    endloop
  endfacet
  facet normal -3.514856e-01 -9.321287e-01 8.714295e-02
    outer loop
      vertex   -1.836354e+01 8.267321e+00 2.810719e+01
      vertex   -1.836695e+01 8.257773e+00 2.799129e+01
      vertex   -1.829672e+01 8.242126e+00 2.810719e+01
    endloop
  endfacet
  facet normal -3.491036e-01 -9.258118e-01 1.449109e-01
    outer loop
      vertex   -1.836354e+01 8.267321e+00 2.810719e+01
      vertex   -1.829672e+01 8.242126e+00 2.810719e+01
      vertex   -1.829050e+01 8.257798e+00 2.822230e+01
    endloop
  endfacet
  facet normal -3.807380e-01 -9.132576e-01 1.449109e-01
    outer loop
      vertex   -1.829050e+01 8.257798e+00 2.822230e+01
      vertex   -1.829672e+01 8.242126e+00 2.810719e+01
      vertex   -1.822405e+01 8.230096e+00 2.822230e+01
    endloop
  endfacet
  facet normal -3.768522e-01 -9.039370e-01 2.021889e-01
    outer loop
      vertex   -1.829050e+01 8.257798e+00 2.822230e+01
      vertex   -1.822405e+01 8.230096e+00 2.822230e+01
      vertex   -1.821463e+01 8.251651e+00 2.833623e+01
    endloop
  endfacet
  facet normal -4.077179e-01 -8.904414e-01 2.021889e-01
    outer loop
      vertex   -1.821463e+01 8.251651e+00 2.833623e+01
      vertex   -1.822405e+01 8.230096e+00 2.822230e+01
      vertex   -1.814844e+01 8.221344e+00 2.833623e+01
    endloop
  endfacet
  facet normal -4.021346e-01 -8.782477e-01 2.587833e-01
    outer loop
      vertex   -1.821463e+01 8.251651e+00 2.833623e+01
      vertex   -1.814844e+01 8.221344e+00 2.833623e+01
      vertex   -1.813543e+01 8.248502e+00 2.844861e+01
    endloop
  endfacet
  facet normal -4.321017e-01 -8.638977e-01 2.587833e-01
    outer loop
      vertex   -1.813543e+01 8.248502e+00 2.844861e+01
      vertex   -1.814844e+01 8.221344e+00 2.833623e+01
      vertex   -1.806940e+01 8.215472e+00 2.844861e+01
    endloop
  endfacet
  facet normal -4.246406e-01 -8.489807e-01 3.145028e-01
    outer loop
      vertex   -1.813543e+01 8.248502e+00 2.844861e+01
      vertex   -1.806940e+01 8.215472e+00 2.844861e+01
      vertex   -1.805247e+01 8.247914e+00 2.855904e+01
    endloop
  endfacet
  facet normal -4.535879e-01 -8.338741e-01 3.145028e-01
    outer loop
      vertex   -1.805247e+01 8.247914e+00 2.855904e+01
      vertex   -1.806940e+01 8.215472e+00 2.844861e+01
      vertex   -1.798650e+01 8.212032e+00 2.855904e+01
    endloop
  endfacet
  facet normal -4.440836e-01 -8.164015e-01 3.691590e-01
    outer loop
      vertex   -1.805247e+01 8.247914e+00 2.855904e+01
      vertex   -1.798650e+01 8.212032e+00 2.855904e+01
      vertex   -1.796533e+01 8.249405e+00 2.866716e+01
    endloop
  endfacet
  facet normal -4.718990e-01 -8.006454e-01 3.691590e-01
    outer loop
      vertex   -1.796533e+01 8.249405e+00 2.866716e+01
      vertex   -1.798650e+01 8.212032e+00 2.855904e+01
      vertex   -1.789937e+01 8.210525e+00 2.866716e+01
    endloop
  endfacet
  facet normal -4.602028e-01 -7.808012e-01 4.225669e-01
    outer loop
      vertex   -1.796533e+01 8.249405e+00 2.866716e+01
      vertex   -1.789937e+01 8.210525e+00 2.866716e+01
      vertex   -1.787368e+01 8.252446e+00 2.877260e+01
    endloop
  endfacet
  facet normal -3.476796e-01 -9.369380e-01 3.558342e-02
    outer loop
      vertex   -1.840252e+01 8.266555e+00 2.787500e+01
      vertex   -1.828802e+01 8.224067e+00 2.787500e+01
      vertex   -1.836695e+01 8.257773e+00 2.799129e+01
    endloop
  endfacet
  facet normal -3.526504e-01 -9.352177e-01 3.171096e-02
    outer loop
      vertex   -1.836695e+01 8.257773e+00 2.799129e+01
      vertex   -1.828802e+01 8.224067e+00 2.787500e+01
      vertex   -1.830046e+01 8.232701e+00 2.799129e+01
    endloop
  endfacet
  facet normal -3.514856e-01 -9.321287e-01 8.714295e-02
    outer loop
      vertex   -1.836695e+01 8.257773e+00 2.799129e+01
      vertex   -1.830046e+01 8.232701e+00 2.799129e+01
      vertex   -1.829672e+01 8.242126e+00 2.810719e+01
    endloop
  endfacet
  facet normal -3.833358e-01 -9.194889e-01 8.714295e-02
    outer loop
      vertex   -1.829672e+01 8.242126e+00 2.810719e+01
      vertex   -1.830046e+01 8.232701e+00 2.799129e+01
      vertex   -1.823081e+01 8.214647e+00 2.810719e+01
    endloop
  endfacet
  facet normal -3.807380e-01 -9.132576e-01 1.449109e-01
    outer loop
      vertex   -1.829672e+01 8.242126e+00 2.810719e+01
      vertex   -1.823081e+01 8.214647e+00 2.810719e+01
      vertex   -1.822405e+01 8.230096e+00 2.822230e+01
    endloop
  endfacet
  facet normal -4.119219e-01 -8.996228e-01 1.449109e-01
    outer loop
      vertex   -1.822405e+01 8.230096e+00 2.822230e+01
      vertex   -1.823081e+01 8.214647e+00 2.810719e+01
      vertex   -1.815860e+01 8.200125e+00 2.822230e+01
    endloop
  endfacet
  facet normal -4.077179e-01 -8.904414e-01 2.021889e-01
    outer loop
      vertex   -1.822405e+01 8.230096e+00 2.822230e+01
      vertex   -1.815860e+01 8.200125e+00 2.822230e+01
      vertex   -1.814844e+01 8.221344e+00 2.833623e+01
    endloop
  endfacet
  facet normal -4.381011e-01 -8.758922e-01 2.021889e-01
    outer loop
      vertex   -1.814844e+01 8.221344e+00 2.833623e+01
      vertex   -1.815860e+01 8.200125e+00 2.822230e+01
      vertex   -1.808333e+01 8.188778e+00 2.833623e+01
    endloop
  endfacet
  facet normal -4.321017e-01 -8.638977e-01 2.587833e-01
    outer loop
      vertex   -1.814844e+01 8.221344e+00 2.833623e+01
      vertex   -1.808333e+01 8.188778e+00 2.833623e+01
      vertex   -1.806940e+01 8.215472e+00 2.844861e+01
    endloop
  endfacet
  facet normal -4.615577e-01 -8.485256e-01 2.587833e-01
    outer loop
      vertex   -1.806940e+01 8.215472e+00 2.844861e+01
      vertex   -1.808333e+01 8.188778e+00 2.833623e+01
      vertex   -1.800454e+01 8.180191e+00 2.844861e+01
    endloop
  endfacet
  facet normal -4.535879e-01 -8.338741e-01 3.145028e-01
    outer loop
      vertex   -1.806940e+01 8.215472e+00 2.844861e+01
      vertex   -1.800454e+01 8.180191e+00 2.844861e+01
      vertex   -1.798650e+01 8.212032e+00 2.855904e+01
    endloop
  endfacet
  facet normal -4.819985e-01 -8.177808e-01 3.145028e-01
    outer loop
      vertex   -1.798650e+01 8.212032e+00 2.855904e+01
      vertex   -1.800454e+01 8.180191e+00 2.844861e+01
      vertex   -1.792181e+01 8.173902e+00 2.855904e+01
    endloop
  endfacet
  facet normal -4.718990e-01 -8.006454e-01 3.691590e-01
    outer loop
      vertex   -1.798650e+01 8.212032e+00 2.855904e+01
      vertex   -1.792181e+01 8.173902e+00 2.855904e+01
      vertex   -1.789937e+01 8.210525e+00 2.866716e+01
    endloop
  endfacet
  facet normal -3.846557e-01 -9.226547e-01 2.735481e-02
    outer loop
      vertex   -1.830046e+01 8.232701e+00 2.799129e+01
      vertex   -1.828802e+01 8.224067e+00 2.787500e+01
      vertex   -1.823487e+01 8.205357e+00 2.799129e+01
    endloop
  endfacet
  facet normal -4.025070e-01 -9.146770e-01 3.679742e-02
    outer loop
      vertex   -1.823487e+01 8.205357e+00 2.799129e+01
      vertex   -1.828802e+01 8.224067e+00 2.787500e+01
      vertex   -1.817624e+01 8.174877e+00 2.787500e+01
    endloop
  endfacet
  facet normal -4.161484e-01 -9.088533e-01 2.839321e-02
    outer loop
      vertex   -1.823487e+01 8.205357e+00 2.799129e+01
      vertex   -1.817624e+01 8.174877e+00 2.787500e+01
      vertex   -1.817026e+01 8.175773e+00 2.799129e+01
    endloop
  endfacet
  facet normal -4.560380e-01 -8.894445e-01 3.029452e-02
    outer loop
      vertex   -1.817026e+01 8.175773e+00 2.799129e+01
      vertex   -1.817624e+01 8.174877e+00 2.787500e+01
      vertex   -1.806756e+01 8.119157e+00 2.787500e+01
    endloop
  endfacet
  facet normal -4.469761e-01 -8.936360e-01 4.033772e-02
    outer loop
      vertex   -1.817026e+01 8.175773e+00 2.799129e+01
      vertex   -1.806756e+01 8.119157e+00 2.787500e+01
      vertex   -1.810671e+01 8.143984e+00 2.799129e+01
    endloop
  endfacet
  facet normal -4.776646e-01 -8.781365e-01 2.669931e-02
    outer loop
      vertex   -1.810671e+01 8.143984e+00 2.799129e+01
      vertex   -1.806756e+01 8.119157e+00 2.787500e+01
      vertex   -1.804428e+01 8.110029e+00 2.799129e+01
    endloop
  endfacet
  facet normal -4.760171e-01 -8.751079e-01 8.714295e-02
    outer loop
      vertex   -1.810671e+01 8.143984e+00 2.799129e+01
      vertex   -1.804428e+01 8.110029e+00 2.799129e+01
      vertex   -1.803929e+01 8.118851e+00 2.810719e+01
    endloop
  endfacet
  facet normal -5.058326e-01 -8.582188e-01 8.714295e-02
    outer loop
      vertex   -1.803929e+01 8.118851e+00 2.810719e+01
      vertex   -1.804428e+01 8.110029e+00 2.799129e+01
      vertex   -1.797777e+01 8.082592e+00 2.810719e+01
    endloop
  endfacet
  facet normal -5.024046e-01 -8.524027e-01 1.449109e-01
    outer loop
      vertex   -1.803929e+01 8.118851e+00 2.810719e+01
      vertex   -1.797777e+01 8.082592e+00 2.810719e+01
      vertex   -1.796896e+01 8.096968e+00 2.822230e+01
    endloop
  endfacet
  facet normal -5.078199e-01 -8.607882e-01 3.409842e-02
    outer loop
      vertex   -1.806756e+01 8.119157e+00 2.787500e+01
      vertex   -1.796238e+01 8.057103e+00 2.787500e+01
      vertex   -1.804428e+01 8.110029e+00 2.799129e+01
    endloop
  endfacet
  facet normal -5.074630e-01 -8.609850e-01 3.443935e-02
    outer loop
      vertex   -1.804428e+01 8.110029e+00 2.799129e+01
      vertex   -1.796238e+01 8.057103e+00 2.787500e+01
      vertex   -1.798306e+01 8.073946e+00 2.799129e+01
    endloop
  endfacet
  facet normal -5.058326e-01 -8.582188e-01 8.714295e-02
    outer loop
      vertex   -1.804428e+01 8.110029e+00 2.799129e+01
      vertex   -1.798306e+01 8.073946e+00 2.799129e+01
      vertex   -1.797777e+01 8.082592e+00 2.810719e+01
    endloop
  endfacet
  facet normal -6.059197e-01 -7.946730e-01 3.682566e-02
    outer loop
      vertex   -1.776393e+01 7.914882e+00 2.787500e+01
      vertex   -1.780735e+01 7.953377e+00 2.799129e+01
      vertex   -1.786105e+01 7.988931e+00 2.787500e+01
    endloop
  endfacet
  facet normal -5.935678e-01 -8.042904e-01 2.818177e-02
    outer loop
      vertex   -1.786105e+01 7.988931e+00 2.787500e+01
      vertex   -1.780735e+01 7.953377e+00 2.799129e+01
      vertex   -1.786455e+01 7.995592e+00 2.799129e+01
    endloop
  endfacet
  facet normal -5.655224e-01 -8.241811e-01 3.016598e-02
    outer loop
      vertex   -1.786105e+01 7.988931e+00 2.787500e+01
      vertex   -1.786455e+01 7.995592e+00 2.799129e+01
      vertex   -1.792312e+01 8.035780e+00 2.799129e+01
    endloop
  endfacet
  facet normal -5.636274e-01 -8.214192e-01 8.714736e-02
    outer loop
      vertex   -1.792312e+01 8.035780e+00 2.799129e+01
      vertex   -1.786455e+01 7.995592e+00 2.799129e+01
      vertex   -1.785870e+01 8.003870e+00 2.810719e+01
    endloop
  endfacet
  facet normal -5.636216e-01 -8.214236e-01 8.714297e-02
    outer loop
      vertex   -1.792312e+01 8.035780e+00 2.799129e+01
      vertex   -1.785870e+01 8.003870e+00 2.810719e+01
      vertex   -1.791753e+01 8.044238e+00 2.810719e+01
    endloop
  endfacet
  facet normal -5.598017e-01 -8.158564e-01 1.449153e-01
    outer loop
      vertex   -1.791753e+01 8.044238e+00 2.810719e+01
      vertex   -1.785870e+01 8.003870e+00 2.810719e+01
      vertex   -1.784894e+01 8.017624e+00 2.822230e+01
    endloop
  endfacet
  facet normal -5.597961e-01 -8.158610e-01 1.449109e-01
    outer loop
      vertex   -1.791753e+01 8.044238e+00 2.810719e+01
      vertex   -1.784894e+01 8.017624e+00 2.822230e+01
      vertex   -1.790823e+01 8.058303e+00 2.822230e+01
    endloop
  endfacet
  facet normal -5.540824e-01 -8.075336e-01 2.021933e-01
    outer loop
      vertex   -1.790823e+01 8.058303e+00 2.822230e+01
      vertex   -1.784894e+01 8.017624e+00 2.822230e+01
      vertex   -1.783533e+01 8.036809e+00 2.833623e+01
    endloop
  endfacet
  facet normal -5.540771e-01 -8.075384e-01 2.021890e-01
    outer loop
      vertex   -1.790823e+01 8.058303e+00 2.822230e+01
      vertex   -1.783533e+01 8.036809e+00 2.833623e+01
      vertex   -1.789526e+01 8.077927e+00 2.833623e+01
    endloop
  endfacet
  facet normal -5.464889e-01 -7.964790e-01 2.587877e-01
    outer loop
      vertex   -1.789526e+01 8.077927e+00 2.833623e+01
      vertex   -1.783533e+01 8.036809e+00 2.833623e+01
      vertex   -1.781789e+01 8.061359e+00 2.844861e+01
    endloop
  endfacet
  facet normal -5.464838e-01 -7.964839e-01 2.587835e-01
    outer loop
      vertex   -1.789526e+01 8.077927e+00 2.833623e+01
      vertex   -1.781789e+01 8.061359e+00 2.844861e+01
      vertex   -1.787865e+01 8.103044e+00 2.844861e+01
    endloop
  endfacet
  facet normal -5.370468e-01 -7.827298e-01 3.145072e-01
    outer loop
      vertex   -1.787865e+01 8.103044e+00 2.844861e+01
      vertex   -1.781789e+01 8.061359e+00 2.844861e+01
      vertex   -1.779670e+01 8.091192e+00 2.855904e+01
    endloop
  endfacet
  facet normal -5.370420e-01 -7.827348e-01 3.145030e-01
    outer loop
      vertex   -1.787865e+01 8.103044e+00 2.844861e+01
      vertex   -1.779670e+01 8.091192e+00 2.855904e+01
      vertex   -1.785847e+01 8.133569e+00 2.855904e+01
    endloop
  endfacet
  facet normal -5.257881e-01 -7.663324e-01 3.691633e-01
    outer loop
      vertex   -1.785847e+01 8.133569e+00 2.855904e+01
      vertex   -1.779670e+01 8.091192e+00 2.855904e+01
      vertex   -1.777182e+01 8.126207e+00 2.866716e+01
    endloop
  endfacet
  facet normal -5.257835e-01 -7.663375e-01 3.691593e-01
    outer loop
      vertex   -1.785847e+01 8.133569e+00 2.855904e+01
      vertex   -1.777182e+01 8.126207e+00 2.866716e+01
      vertex   -1.783478e+01 8.169399e+00 2.866716e+01
    endloop
  endfacet
  facet normal -5.127508e-01 -7.473421e-01 4.225712e-01
    outer loop
      vertex   -1.783478e+01 8.169399e+00 2.866716e+01
      vertex   -1.777182e+01 8.126207e+00 2.866716e+01
      vertex   -1.774334e+01 8.166285e+00 2.877260e+01
    endloop
  endfacet
  facet normal -5.127464e-01 -7.473473e-01 4.225673e-01
    outer loop
      vertex   -1.783478e+01 8.169399e+00 2.866716e+01
      vertex   -1.774334e+01 8.166285e+00 2.877260e+01
      vertex   -1.780766e+01 8.210412e+00 2.877260e+01
    endloop
  endfacet
  facet normal -4.979789e-01 -7.258231e-01 4.745502e-01
    outer loop
      vertex   -1.780766e+01 8.210412e+00 2.877260e+01
      vertex   -1.774334e+01 8.166285e+00 2.877260e+01
      vertex   -1.771136e+01 8.211291e+00 2.887500e+01
    endloop
  endfacet
  facet normal -4.979748e-01 -7.258284e-01 4.745464e-01
    outer loop
      vertex   -1.780766e+01 8.210412e+00 2.877260e+01
      vertex   -1.771136e+01 8.211291e+00 2.887500e+01
      vertex   -1.777721e+01 8.256470e+00 2.887500e+01
    endloop
  endfacet
  facet normal -4.815223e-01 -7.018480e-01 5.249244e-01
    outer loop
      vertex   -1.777721e+01 8.256470e+00 2.887500e+01
      vertex   -1.771136e+01 8.211291e+00 2.887500e+01
      vertex   -1.767598e+01 8.261074e+00 2.897402e+01
    endloop
  endfacet
  facet normal -4.815185e-01 -7.018533e-01 5.249208e-01
    outer loop
      vertex   -1.777721e+01 8.256470e+00 2.887500e+01
      vertex   -1.767598e+01 8.261074e+00 2.897402e+01
      vertex   -1.774352e+01 8.307417e+00 2.897402e+01
    endloop
  endfacet
  facet normal -4.634368e-01 -6.754977e-01 5.735235e-01
    outer loop
      vertex   -1.774352e+01 8.307417e+00 2.897402e+01
      vertex   -1.767598e+01 8.261074e+00 2.897402e+01
      vertex   -1.763732e+01 8.315464e+00 2.906932e+01
    endloop
  endfacet
  facet normal -4.634333e-01 -6.755030e-01 5.735200e-01
    outer loop
      vertex   -1.774352e+01 8.307417e+00 2.897402e+01
      vertex   -1.763732e+01 8.315464e+00 2.906932e+01
      vertex   -1.770672e+01 8.363079e+00 2.906932e+01
    endloop
  endfacet
  facet normal -4.437834e-01 -6.468612e-01 6.201829e-01
    outer loop
      vertex   -1.770672e+01 8.363079e+00 2.906932e+01
      vertex   -1.763732e+01 8.315464e+00 2.906932e+01
      vertex   -1.759551e+01 8.374279e+00 2.916058e+01
    endloop
  endfacet
  facet normal -4.437802e-01 -6.468666e-01 6.201796e-01
    outer loop
      vertex   -1.770672e+01 8.363079e+00 2.906932e+01
      vertex   -1.759551e+01 8.374279e+00 2.916058e+01
      vertex   -1.766693e+01 8.423270e+00 2.916058e+01
    endloop
  endfacet
  facet normal -4.226286e-01 -6.160354e-01 6.647446e-01
    outer loop
      vertex   -1.766693e+01 8.423270e+00 2.916058e+01
      vertex   -1.759551e+01 8.374279e+00 2.916058e+01
      vertex   -1.755071e+01 8.437319e+00 2.924748e+01
    endloop
  endfacet
  facet normal -4.226257e-01 -6.160407e-01 6.647416e-01
    outer loop
      vertex   -1.766693e+01 8.423270e+00 2.916058e+01
      vertex   -1.755071e+01 8.437319e+00 2.924748e+01
      vertex   -1.762427e+01 8.487786e+00 2.924748e+01
    endloop
  endfacet
  facet normal -4.000439e-01 -5.831243e-01 7.070579e-01
    outer loop
      vertex   -1.762427e+01 8.487786e+00 2.924748e+01
      vertex   -1.755071e+01 8.437319e+00 2.924748e+01
      vertex   -1.750305e+01 8.504371e+00 2.932975e+01
    endloop
  endfacet
  facet normal -4.000413e-01 -5.831295e-01 7.070551e-01
    outer loop
      vertex   -1.762427e+01 8.487786e+00 2.924748e+01
      vertex   -1.750305e+01 8.504371e+00 2.932975e+01
      vertex   -1.757890e+01 8.556407e+00 2.932975e+01
    endloop
  endfacet
  facet normal -3.761057e-01 -5.482392e-01 7.469794e-01
    outer loop
      vertex   -1.757890e+01 8.556407e+00 2.932975e+01
      vertex   -1.750305e+01 8.504371e+00 2.932975e+01
      vertex   -1.745270e+01 8.575208e+00 2.940709e+01
    endloop
  endfacet
  facet normal -3.761034e-01 -5.482443e-01 7.469768e-01
    outer loop
      vertex   -1.757890e+01 8.556407e+00 2.932975e+01
      vertex   -1.745270e+01 8.575208e+00 2.940709e+01
      vertex   -1.753097e+01 8.628903e+00 2.940709e+01
    endloop
  endfacet
  facet normal -3.508949e-01 -5.114981e-01 7.843739e-01
    outer loop
      vertex   -1.753097e+01 8.628903e+00 2.940709e+01
      vertex   -1.745270e+01 8.575208e+00 2.940709e+01
      vertex   -1.739983e+01 8.649591e+00 2.947925e+01
    endloop
  endfacet
  facet normal -3.508929e-01 -5.115030e-01 7.843716e-01
    outer loop
      vertex   -1.753097e+01 8.628903e+00 2.940709e+01
      vertex   -1.739983e+01 8.649591e+00 2.947925e+01
      vertex   -1.748064e+01 8.705026e+00 2.947925e+01
    endloop
  endfacet
  facet normal -3.244969e-01 -4.730251e-01 8.191148e-01
    outer loop
      vertex   -1.748064e+01 8.705026e+00 2.947925e+01
      vertex   -1.739983e+01 8.649591e+00 2.947925e+01
      vertex   -1.734462e+01 8.727269e+00 2.954598e+01
    endloop
  endfacet
  facet normal -3.244951e-01 -4.730298e-01 8.191127e-01
    outer loop
      vertex   -1.748064e+01 8.705026e+00 2.947925e+01
      vertex   -1.734462e+01 8.727269e+00 2.954598e+01
      vertex   -1.742808e+01 8.784521e+00 2.954598e+01
    endloop
  endfacet
  facet normal -2.970009e-01 -4.329504e-01 8.510843e-01
    outer loop
      vertex   -1.742808e+01 8.784521e+00 2.954598e+01
      vertex   -1.734462e+01 8.727269e+00 2.954598e+01
      vertex   -1.728726e+01 8.807979e+00 2.960705e+01
    endloop
  endfacet
  facet normal -2.969994e-01 -4.329549e-01 8.510825e-01
    outer loop
      vertex   -1.742808e+01 8.784521e+00 2.954598e+01
      vertex   -1.728726e+01 8.807979e+00 2.960705e+01
      vertex   -1.737347e+01 8.867118e+00 2.960705e+01
    endloop
  endfacet
  facet normal -2.685000e-01 -3.914096e-01 8.801740e-01
    outer loop
      vertex   -1.737347e+01 8.867118e+00 2.960705e+01
      vertex   -1.728726e+01 8.807979e+00 2.960705e+01
      vertex   -1.722793e+01 8.891447e+00 2.966227e+01
    endloop
  endfacet
  facet normal -2.684987e-01 -3.914138e-01 8.801725e-01
    outer loop
      vertex   -1.737347e+01 8.867118e+00 2.960705e+01
      vertex   -1.722793e+01 8.891447e+00 2.966227e+01
      vertex   -1.731699e+01 8.952538e+00 2.966227e+01
    endloop
  endfacet
  facet normal -2.390907e-01 -3.485431e-01 9.062855e-01
    outer loop
      vertex   -1.731699e+01 8.952538e+00 2.966227e+01
      vertex   -1.722793e+01 8.891447e+00 2.966227e+01
      vertex   -1.716685e+01 8.977392e+00 2.971143e+01
    endloop
  endfacet
  facet normal -2.390897e-01 -3.485470e-01 9.062842e-01
    outer loop
      vertex   -1.731699e+01 8.952538e+00 2.966227e+01
      vertex   -1.716685e+01 8.977392e+00 2.971143e+01
      vertex   -1.725884e+01 9.040491e+00 2.971143e+01
    endloop
  endfacet
  facet normal -2.114133e-01 -3.082001e-01 9.275328e-01
    outer loop
      vertex   -1.725884e+01 9.040491e+00 2.971143e+01
      vertex   -1.716685e+01 8.977392e+00 2.971143e+01
      vertex   -1.712500e+01 9.036286e+00 2.974054e+01
    endloop
  endfacet
  facet normal -2.116248e-01 -3.026677e-01 9.293047e-01
    outer loop
      vertex   -1.725884e+01 9.040491e+00 2.971143e+01
      vertex   -1.712500e+01 9.036286e+00 2.974054e+01
      vertex   -1.719921e+01 9.130680e+00 2.975439e+01
    endloop
  endfacet
  facet normal -1.723086e-01 -2.742226e-01 9.461034e-01
    outer loop
      vertex   -1.719921e+01 9.130680e+00 2.975439e+01
      vertex   -1.712500e+01 9.036286e+00 2.974054e+01
      vertex   -1.712500e+01 9.126676e+00 2.976674e+01
    endloop
  endfacet
  facet normal -1.722365e-01 -2.632014e-01 9.492416e-01
    outer loop
      vertex   -1.719921e+01 9.130680e+00 2.975439e+01
      vertex   -1.712500e+01 9.126676e+00 2.976674e+01
      vertex   -1.713830e+01 9.222799e+00 2.979098e+01
    endloop
  endfacet
  facet normal -2.807899e-02 -2.480667e-01 9.683359e-01
    outer loop
      vertex   -1.713830e+01 9.222799e+00 2.979098e+01
      vertex   -1.712500e+01 9.126676e+00 2.976674e+01
      vertex   -1.712500e+01 9.219683e+00 2.979057e+01
    endloop
  endfacet
  facet normal -2.095050e-02 -2.185996e-01 9.755897e-01
    outer loop
      vertex   -1.713830e+01 9.222799e+00 2.979098e+01
      vertex   -1.712500e+01 9.219683e+00 2.979057e+01
      vertex   -1.712500e+01 9.314583e+00 2.981183e+01
    endloop
  endfacet
  facet normal -6.208955e-01 -7.834106e-01 2.750584e-02
    outer loop
      vertex   -1.780735e+01 7.953377e+00 2.799129e+01
      vertex   -1.776393e+01 7.914882e+00 2.787500e+01
      vertex   -1.775166e+01 7.909239e+00 2.799129e+01
    endloop
  endfacet
  facet normal -6.519994e-01 -7.575421e-01 3.204325e-02
    outer loop
      vertex   -1.775166e+01 7.909239e+00 2.799129e+01
      vertex   -1.776393e+01 7.914882e+00 2.787500e+01
      vertex   -1.767137e+01 7.835214e+00 2.787500e+01
    endloop
  endfacet
  facet normal -6.472553e-01 -7.613387e-01 3.773551e-02
    outer loop
      vertex   -1.775166e+01 7.909239e+00 2.799129e+01
      vertex   -1.767137e+01 7.835214e+00 2.787500e+01
      vertex   -1.769752e+01 7.863212e+00 2.799129e+01
    endloop
  endfacet
  facet normal -6.733003e-01 -7.388949e-01 2.647485e-02
    outer loop
      vertex   -1.769752e+01 7.863212e+00 2.799129e+01
      vertex   -1.767137e+01 7.835214e+00 2.787500e+01
      vertex   -1.764500e+01 7.815349e+00 2.799129e+01
    endloop
  endfacet
  facet normal -6.709742e-01 -7.363422e-01 8.714295e-02
    outer loop
      vertex   -1.769752e+01 7.863212e+00 2.799129e+01
      vertex   -1.764500e+01 7.815349e+00 2.799129e+01
      vertex   -1.763804e+01 7.822725e+00 2.810719e+01
    endloop
  endfacet
  facet normal -6.959018e-01 -7.128301e-01 8.714295e-02
    outer loop
      vertex   -1.763804e+01 7.822725e+00 2.810719e+01
      vertex   -1.764500e+01 7.815349e+00 2.799129e+01
      vertex   -1.758694e+01 7.772841e+00 2.810719e+01
    endloop
  endfacet
  facet normal -6.911858e-01 -7.079993e-01 1.449109e-01
    outer loop
      vertex   -1.763804e+01 7.822725e+00 2.810719e+01
      vertex   -1.758694e+01 7.772841e+00 2.810719e+01
      vertex   -1.757496e+01 7.784702e+00 2.822230e+01
    endloop
  endfacet
  facet normal -7.151267e-01 -6.838089e-01 1.449109e-01
    outer loop
      vertex   -1.757496e+01 7.784702e+00 2.822230e+01
      vertex   -1.758694e+01 7.772841e+00 2.810719e+01
      vertex   -1.752520e+01 7.732671e+00 2.822230e+01
    endloop
  endfacet
  facet normal -7.078282e-01 -6.768301e-01 2.021889e-01
    outer loop
      vertex   -1.757496e+01 7.784702e+00 2.822230e+01
      vertex   -1.752520e+01 7.732671e+00 2.822230e+01
      vertex   -1.750792e+01 7.748635e+00 2.833623e+01
    endloop
  endfacet
  facet normal -7.306873e-01 -6.520857e-01 2.021889e-01
    outer loop
      vertex   -1.750792e+01 7.748635e+00 2.833623e+01
      vertex   -1.752520e+01 7.732671e+00 2.822230e+01
      vertex   -1.745945e+01 7.694319e+00 2.833623e+01
    endloop
  endfacet
  facet normal -7.206812e-01 -6.431561e-01 2.587833e-01
    outer loop
      vertex   -1.750792e+01 7.748635e+00 2.833623e+01
      vertex   -1.745945e+01 7.694319e+00 2.833623e+01
      vertex   -1.743664e+01 7.713979e+00 2.844861e+01
    endloop
  endfacet
  facet normal -7.423746e-01 -6.179896e-01 2.587833e-01
    outer loop
      vertex   -1.743664e+01 7.713979e+00 2.844861e+01
      vertex   -1.745945e+01 7.694319e+00 2.833623e+01
      vertex   -1.738941e+01 7.657233e+00 2.844861e+01
    endloop
  endfacet
  facet normal -7.295560e-01 -6.073188e-01 3.145028e-01
    outer loop
      vertex   -1.743664e+01 7.713979e+00 2.844861e+01
      vertex   -1.738941e+01 7.657233e+00 2.844861e+01
      vertex   -1.736088e+01 7.680158e+00 2.855904e+01
    endloop
  endfacet
  facet normal -7.500115e-01 -5.818683e-01 3.145028e-01
    outer loop
      vertex   -1.736088e+01 7.680158e+00 2.855904e+01
      vertex   -1.738941e+01 7.657233e+00 2.844861e+01
      vertex   -1.731485e+01 7.620826e+00 2.855904e+01
    endloop
  endfacet
  facet normal -7.342961e-01 -5.696761e-01 3.691590e-01
    outer loop
      vertex   -1.736088e+01 7.680158e+00 2.855904e+01
      vertex   -1.731485e+01 7.620826e+00 2.855904e+01
      vertex   -1.728047e+01 7.646567e+00 2.866716e+01
    endloop
  endfacet
  facet normal -7.534799e-01 -5.440495e-01 3.691587e-01
    outer loop
      vertex   -1.728047e+01 7.646567e+00 2.866716e+01
      vertex   -1.731485e+01 7.620826e+00 2.855904e+01
      vertex   -1.727077e+01 7.559778e+00 2.855904e+01
    endloop
  endfacet
  facet normal -7.534856e-01 -5.440446e-01 3.691543e-01
    outer loop
      vertex   -1.728047e+01 7.646567e+00 2.866716e+01
      vertex   -1.727077e+01 7.559778e+00 2.855904e+01
      vertex   -1.723550e+01 7.584289e+00 2.866716e+01
    endloop
  endfacet
  facet normal -7.717437e-01 -5.178126e-01 3.691637e-01
    outer loop
      vertex   -1.723550e+01 7.584289e+00 2.866716e+01
      vertex   -1.727077e+01 7.559778e+00 2.855904e+01
      vertex   -1.722905e+01 7.497590e+00 2.855904e+01
    endloop
  endfacet
  facet normal -7.717492e-01 -5.178075e-01 3.691593e-01
    outer loop
      vertex   -1.723550e+01 7.584289e+00 2.866716e+01
      vertex   -1.722905e+01 7.497590e+00 2.855904e+01
      vertex   -1.719297e+01 7.520907e+00 2.866716e+01
    endloop
  endfacet
  facet normal -7.890745e-01 -4.910021e-01 3.691590e-01
    outer loop
      vertex   -1.719297e+01 7.520907e+00 2.866716e+01
      vertex   -1.722905e+01 7.497590e+00 2.855904e+01
      vertex   -1.715252e+01 7.455894e+00 2.866716e+01
    endloop
  endfacet
  facet normal -7.664505e-01 -4.769243e-01 4.302288e-01
    outer loop
      vertex   -1.719297e+01 7.520907e+00 2.866716e+01
      vertex   -1.715252e+01 7.455894e+00 2.866716e+01
      vertex   -1.712500e+01 7.520917e+00 2.878826e+01
    endloop
  endfacet
  facet normal -7.938689e-01 -4.419461e-01 4.176790e-01
    outer loop
      vertex   -1.712500e+01 7.520917e+00 2.878826e+01
      vertex   -1.715252e+01 7.455894e+00 2.866716e+01
      vertex   -1.712500e+01 7.454078e+00 2.871754e+01
    endloop
  endfacet
  facet normal -7.847722e-01 -4.630665e-01 4.119491e-01
    outer loop
      vertex   -1.712500e+01 7.454078e+00 2.871754e+01
      vertex   -1.715252e+01 7.455894e+00 2.866716e+01
      vertex   -1.712500e+01 7.390159e+00 2.864569e+01
    endloop
  endfacet
  facet normal -8.081920e-01 -4.588844e-01 3.691217e-01
    outer loop
      vertex   -1.712500e+01 7.390159e+00 2.864569e+01
      vertex   -1.715252e+01 7.455894e+00 2.866716e+01
      vertex   -1.718937e+01 7.433832e+00 2.855904e+01
    endloop
  endfacet
  facet normal -8.067995e-01 -4.643246e-01 3.653454e-01
    outer loop
      vertex   -1.712500e+01 7.390159e+00 2.864569e+01
      vertex   -1.718937e+01 7.433832e+00 2.855904e+01
      vertex   -1.715192e+01 7.368747e+00 2.855904e+01
    endloop
  endfacet
  facet normal -8.227336e-01 -4.734949e-01 3.145028e-01
    outer loop
      vertex   -1.715192e+01 7.368747e+00 2.855904e+01
      vertex   -1.718937e+01 7.433832e+00 2.855904e+01
      vertex   -1.722077e+01 7.415036e+00 2.844861e+01
    endloop
  endfacet
  facet normal -8.227336e-01 -4.734949e-01 3.145028e-01
    outer loop
      vertex   -1.715192e+01 7.368747e+00 2.855904e+01
      vertex   -1.722077e+01 7.415036e+00 2.844861e+01
      vertex   -1.718394e+01 7.351042e+00 2.844861e+01
    endloop
  endfacet
  facet normal -8.371894e-01 -4.818144e-01 2.587833e-01
    outer loop
      vertex   -1.718394e+01 7.351042e+00 2.844861e+01
      vertex   -1.722077e+01 7.415036e+00 2.844861e+01
      vertex   -1.724661e+01 7.399570e+00 2.833623e+01
    endloop
  endfacet
  facet normal -8.371894e-01 -4.818144e-01 2.587833e-01
    outer loop
      vertex   -1.718394e+01 7.351042e+00 2.844861e+01
      vertex   -1.724661e+01 7.399570e+00 2.833623e+01
      vertex   -1.721029e+01 7.336474e+00 2.833623e+01
    endloop
  endfacet
  facet normal -8.488130e-01 -4.885039e-01 2.021889e-01
    outer loop
      vertex   -1.721029e+01 7.336474e+00 2.833623e+01
      vertex   -1.724661e+01 7.399570e+00 2.833623e+01
      vertex   -1.726679e+01 7.387486e+00 2.822230e+01
    endloop
  endfacet
  facet normal -8.488130e-01 -4.885039e-01 2.021889e-01
    outer loop
      vertex   -1.721029e+01 7.336474e+00 2.833623e+01
      vertex   -1.726679e+01 7.387486e+00 2.822230e+01
      vertex   -1.723088e+01 7.325092e+00 2.822230e+01
    endloop
  endfacet
  facet normal -8.575653e-01 -4.935410e-01 1.449109e-01
    outer loop
      vertex   -1.723088e+01 7.325092e+00 2.822230e+01
      vertex   -1.726679e+01 7.387486e+00 2.822230e+01
      vertex   -1.728126e+01 7.378826e+00 2.810719e+01
    endloop
  endfacet
  facet normal -8.575653e-01 -4.935410e-01 1.449109e-01
    outer loop
      vertex   -1.723088e+01 7.325092e+00 2.822230e+01
      vertex   -1.728126e+01 7.378826e+00 2.810719e+01
      vertex   -1.724564e+01 7.316934e+00 2.810719e+01
    endloop
  endfacet
  facet normal -8.634165e-01 -4.969085e-01 8.714295e-02
    outer loop
      vertex   -1.724564e+01 7.316934e+00 2.810719e+01
      vertex   -1.728126e+01 7.378826e+00 2.810719e+01
      vertex   -1.728996e+01 7.373618e+00 2.799129e+01
    endloop
  endfacet
  facet normal -8.634165e-01 -4.969085e-01 8.714295e-02
    outer loop
      vertex   -1.724564e+01 7.316934e+00 2.810719e+01
      vertex   -1.728996e+01 7.373618e+00 2.799129e+01
      vertex   -1.725451e+01 7.312028e+00 2.799129e+01
    endloop
  endfacet
  facet normal -8.663792e-01 -4.986135e-01 2.777775e-02
    outer loop
      vertex   -1.725451e+01 7.312028e+00 2.799129e+01
      vertex   -1.728996e+01 7.373618e+00 2.799129e+01
      vertex   -1.728758e+01 7.363012e+00 2.787500e+01
    endloop
  endfacet
  facet normal -8.746740e-01 -4.833091e-01 3.684644e-02
    outer loop
      vertex   -1.725451e+01 7.312028e+00 2.799129e+01
      vertex   -1.728758e+01 7.363012e+00 2.787500e+01
      vertex   -1.722852e+01 7.256118e+00 2.787500e+01
    endloop
  endfacet
  facet normal -6.956196e-01 -7.175483e-01 3.518308e-02
    outer loop
      vertex   -1.767137e+01 7.835214e+00 2.787500e+01
      vertex   -1.758368e+01 7.750208e+00 2.787500e+01
      vertex   -1.764500e+01 7.815349e+00 2.799129e+01
    endloop
  endfacet
  facet normal -6.981903e-01 -7.151743e-01 3.249782e-02
    outer loop
      vertex   -1.764500e+01 7.815349e+00 2.799129e+01
      vertex   -1.758368e+01 7.750208e+00 2.787500e+01
      vertex   -1.759415e+01 7.765709e+00 2.799129e+01
    endloop
  endfacet
  facet normal -6.959018e-01 -7.128301e-01 8.714295e-02
    outer loop
      vertex   -1.764500e+01 7.815349e+00 2.799129e+01
      vertex   -1.759415e+01 7.765709e+00 2.799129e+01
      vertex   -1.758694e+01 7.772841e+00 2.810719e+01
    endloop
  endfacet
  facet normal -7.200061e-01 -6.884747e-01 8.714295e-02
    outer loop
      vertex   -1.758694e+01 7.772841e+00 2.810719e+01
      vertex   -1.759415e+01 7.765709e+00 2.799129e+01
      vertex   -1.753759e+01 7.721229e+00 2.810719e+01
    endloop
  endfacet
  facet normal -7.151267e-01 -6.838089e-01 1.449109e-01
    outer loop
      vertex   -1.758694e+01 7.772841e+00 2.810719e+01
      vertex   -1.753759e+01 7.721229e+00 2.810719e+01
      vertex   -1.752520e+01 7.732671e+00 2.822230e+01
    endloop
  endfacet
  facet normal -7.382215e-01 -6.588095e-01 1.449109e-01
    outer loop
      vertex   -1.752520e+01 7.732671e+00 2.822230e+01
      vertex   -1.753759e+01 7.721229e+00 2.810719e+01
      vertex   -1.747727e+01 7.678959e+00 2.822230e+01
    endloop
  endfacet
  facet normal -7.306873e-01 -6.520857e-01 2.021889e-01
    outer loop
      vertex   -1.752520e+01 7.732671e+00 2.822230e+01
      vertex   -1.747727e+01 7.678959e+00 2.822230e+01
      vertex   -1.745945e+01 7.694319e+00 2.833623e+01
    endloop
  endfacet
  facet normal -7.526818e-01 -6.265698e-01 2.021889e-01
    outer loop
      vertex   -1.745945e+01 7.694319e+00 2.833623e+01
      vertex   -1.747727e+01 7.678959e+00 2.822230e+01
      vertex   -1.741287e+01 7.638369e+00 2.833623e+01
    endloop
  endfacet
  facet normal -7.423746e-01 -6.179896e-01 2.587833e-01
    outer loop
      vertex   -1.745945e+01 7.694319e+00 2.833623e+01
      vertex   -1.741287e+01 7.638369e+00 2.833623e+01
      vertex   -1.738941e+01 7.657233e+00 2.844861e+01
    endloop
  endfacet
  facet normal -7.631896e-01 -5.920920e-01 2.587833e-01
    outer loop
      vertex   -1.738941e+01 7.657233e+00 2.844861e+01
      vertex   -1.741287e+01 7.638369e+00 2.833623e+01
      vertex   -1.734415e+01 7.598895e+00 2.844861e+01
    endloop
  endfacet
  facet normal -7.500115e-01 -5.818683e-01 3.145028e-01
    outer loop
      vertex   -1.738941e+01 7.657233e+00 2.844861e+01
      vertex   -1.734415e+01 7.598895e+00 2.844861e+01
      vertex   -1.731485e+01 7.620826e+00 2.855904e+01
    endloop
  endfacet
  facet normal -7.696015e-01 -5.556992e-01 3.145026e-01
    outer loop
      vertex   -1.731485e+01 7.620826e+00 2.855904e+01
      vertex   -1.734415e+01 7.598895e+00 2.844861e+01
      vertex   -1.730082e+01 7.538898e+00 2.844861e+01
    endloop
  endfacet
  facet normal -7.696070e-01 -5.556941e-01 3.144981e-01
    outer loop
      vertex   -1.731485e+01 7.620826e+00 2.855904e+01
      vertex   -1.730082e+01 7.538898e+00 2.844861e+01
      vertex   -1.727077e+01 7.559778e+00 2.855904e+01
    endloop
  endfacet
  facet normal -7.882567e-01 -5.289011e-01 3.145076e-01
    outer loop
      vertex   -1.727077e+01 7.559778e+00 2.855904e+01
      vertex   -1.730082e+01 7.538898e+00 2.844861e+01
      vertex   -1.725978e+01 7.477725e+00 2.844861e+01
    endloop
  endfacet
  facet normal -7.882621e-01 -5.288958e-01 3.145031e-01
    outer loop
      vertex   -1.727077e+01 7.559778e+00 2.855904e+01
      vertex   -1.725978e+01 7.477725e+00 2.844861e+01
      vertex   -1.722905e+01 7.497590e+00 2.855904e+01
    endloop
  endfacet
  facet normal -8.059622e-01 -5.015105e-01 3.145028e-01
    outer loop
      vertex   -1.722905e+01 7.497590e+00 2.855904e+01
      vertex   -1.725978e+01 7.477725e+00 2.844861e+01
      vertex   -1.718937e+01 7.433832e+00 2.855904e+01
    endloop
  endfacet
  facet normal -7.890745e-01 -4.910021e-01 3.691590e-01
    outer loop
      vertex   -1.722905e+01 7.497590e+00 2.855904e+01
      vertex   -1.718937e+01 7.433832e+00 2.855904e+01
      vertex   -1.715252e+01 7.455894e+00 2.866716e+01
    endloop
  endfacet
  facet normal -7.224907e-01 -6.908505e-01 2.706870e-02
    outer loop
      vertex   -1.759415e+01 7.765709e+00 2.799129e+01
      vertex   -1.758368e+01 7.750208e+00 2.787500e+01
      vertex   -1.754504e+01 7.714349e+00 2.799129e+01
    endloop
  endfacet
  facet normal -7.368295e-01 -6.750819e-01 3.669618e-02
    outer loop
      vertex   -1.754504e+01 7.714349e+00 2.799129e+01
      vertex   -1.758368e+01 7.750208e+00 2.787500e+01
      vertex   -1.750118e+01 7.660160e+00 2.787500e+01
    endloop
  endfacet
  facet normal -7.457855e-01 -6.655598e-01 2.888158e-02
    outer loop
      vertex   -1.754504e+01 7.714349e+00 2.799129e+01
      vertex   -1.750118e+01 7.660160e+00 2.787500e+01
      vertex   -1.749772e+01 7.661330e+00 2.799129e+01
    endloop
  endfacet
  facet normal -7.756808e-01 -6.304395e-01 2.941766e-02
    outer loop
      vertex   -1.749772e+01 7.661330e+00 2.799129e+01
      vertex   -1.750118e+01 7.660160e+00 2.787500e+01
      vertex   -1.742415e+01 7.565388e+00 2.787500e+01
    endloop
  endfacet
  facet normal -7.678899e-01 -6.392298e-01 4.159861e-02
    outer loop
      vertex   -1.749772e+01 7.661330e+00 2.799129e+01
      vertex   -1.742415e+01 7.565388e+00 2.787500e+01
      vertex   -1.745226e+01 7.606716e+00 2.799129e+01
    endloop
  endfacet
  facet normal -7.898185e-01 -6.127510e-01 2.688894e-02
    outer loop
      vertex   -1.745226e+01 7.606716e+00 2.799129e+01
      vertex   -1.742415e+01 7.565388e+00 2.787500e+01
      vertex   -1.740870e+01 7.550570e+00 2.799129e+01
    endloop
  endfacet
  facet normal -7.870984e-01 -6.106408e-01 8.714295e-02
    outer loop
      vertex   -1.745226e+01 7.606716e+00 2.799129e+01
      vertex   -1.740870e+01 7.550570e+00 2.799129e+01
      vertex   -1.740058e+01 7.556647e+00 2.810719e+01
    endloop
  endfacet
  facet normal -8.076388e-01 -5.832030e-01 8.714294e-02
    outer loop
      vertex   -1.740058e+01 7.556647e+00 2.810719e+01
      vertex   -1.740870e+01 7.550570e+00 2.799129e+01
      vertex   -1.736708e+01 7.492933e+00 2.799129e+01
    endloop
  endfacet
  facet normal -8.076437e-01 -5.831969e-01 8.713818e-02
    outer loop
      vertex   -1.740058e+01 7.556647e+00 2.810719e+01
      vertex   -1.736708e+01 7.492933e+00 2.799129e+01
      vertex   -1.735874e+01 7.498700e+00 2.810719e+01
    endloop
  endfacet
  facet normal -8.272184e-01 -5.550811e-01 8.714772e-02
    outer loop
      vertex   -1.735874e+01 7.498700e+00 2.810719e+01
      vertex   -1.736708e+01 7.492933e+00 2.799129e+01
      vertex   -1.732750e+01 7.433952e+00 2.799129e+01
    endloop
  endfacet
  facet normal -8.272231e-01 -5.550748e-01 8.714297e-02
    outer loop
      vertex   -1.735874e+01 7.498700e+00 2.810719e+01
      vertex   -1.732750e+01 7.433952e+00 2.799129e+01
      vertex   -1.731899e+01 7.439456e+00 2.810719e+01
    endloop
  endfacet
  facet normal -8.458158e-01 -5.263095e-01 8.714295e-02
    outer loop
      vertex   -1.731899e+01 7.439456e+00 2.810719e+01
      vertex   -1.732750e+01 7.433952e+00 2.799129e+01
      vertex   -1.728126e+01 7.378826e+00 2.810719e+01
    endloop
  endfacet
  facet normal -8.400839e-01 -5.227427e-01 1.449109e-01
    outer loop
      vertex   -1.731899e+01 7.439456e+00 2.810719e+01
      vertex   -1.728126e+01 7.378826e+00 2.810719e+01
      vertex   -1.726679e+01 7.387486e+00 2.822230e+01
    endloop
  endfacet
  facet normal -8.115299e-01 -5.833486e-01 3.352096e-02
    outer loop
      vertex   -1.742415e+01 7.565388e+00 2.787500e+01
      vertex   -1.735287e+01 7.466223e+00 2.787500e+01
      vertex   -1.740870e+01 7.550570e+00 2.799129e+01
    endloop
  endfacet
  facet normal -8.102149e-01 -5.850632e-01 3.539590e-02
    outer loop
      vertex   -1.740870e+01 7.550570e+00 2.799129e+01
      vertex   -1.735287e+01 7.466223e+00 2.787500e+01
      vertex   -1.736708e+01 7.492933e+00 2.799129e+01
    endloop
  endfacet
  facet normal -8.300855e-01 -5.570050e-01 2.652368e-02
    outer loop
      vertex   -1.736708e+01 7.492933e+00 2.799129e+01
      vertex   -1.735287e+01 7.466223e+00 2.787500e+01
      vertex   -1.732750e+01 7.433952e+00 2.799129e+01
    endloop
  endfacet
  facet normal -8.445611e-01 -5.342478e-01 3.599690e-02
    outer loop
      vertex   -1.732750e+01 7.433952e+00 2.799129e+01
      vertex   -1.735287e+01 7.466223e+00 2.787500e+01
      vertex   -1.728758e+01 7.363012e+00 2.787500e+01
    endloop
  endfacet
  facet normal -8.486423e-01 -5.280682e-01 3.082627e-02
    outer loop
      vertex   -1.732750e+01 7.433952e+00 2.799129e+01
      vertex   -1.728758e+01 7.363012e+00 2.787500e+01
      vertex   -1.728996e+01 7.373618e+00 2.799129e+01
    endloop
  endfacet
  facet normal -8.830129e-01 -4.685204e-01 2.787233e-02
    outer loop
      vertex   -1.725451e+01 7.312028e+00 2.799129e+01
      vertex   -1.722852e+01 7.256118e+00 2.787500e+01
      vertex   -1.722121e+01 7.249255e+00 2.799129e+01
    endloop
  endfacet
  facet normal -9.019172e-01 -4.307741e-01 3.128859e-02
    outer loop
      vertex   -1.722121e+01 7.249255e+00 2.799129e+01
      vertex   -1.722852e+01 7.256118e+00 2.787500e+01
      vertex   -1.717588e+01 7.145916e+00 2.787500e+01
    endloop
  endfacet
  facet normal -8.982738e-01 -4.377134e-01 3.887509e-02
    outer loop
      vertex   -1.722121e+01 7.249255e+00 2.799129e+01
      vertex   -1.717588e+01 7.145916e+00 2.787500e+01
      vertex   -1.719008e+01 7.185375e+00 2.799129e+01
    endloop
  endfacet
  facet normal -9.131651e-01 -4.067248e-01 2.654254e-02
    outer loop
      vertex   -1.719008e+01 7.185375e+00 2.799129e+01
      vertex   -1.717588e+01 7.145916e+00 2.787500e+01
      vertex   -1.716117e+01 7.120461e+00 2.799129e+01
    endloop
  endfacet
  facet normal -9.100118e-01 -4.053204e-01 8.714295e-02
    outer loop
      vertex   -1.719008e+01 7.185375e+00 2.799129e+01
      vertex   -1.716117e+01 7.120461e+00 2.799129e+01
      vertex   -1.715183e+01 7.124427e+00 2.810719e+01
    endloop
  endfacet
  facet normal -9.234134e-01 -3.737831e-01 8.714295e-02
    outer loop
      vertex   -1.715183e+01 7.124427e+00 2.810719e+01
      vertex   -1.716117e+01 7.120461e+00 2.799129e+01
      vertex   -1.712504e+01 7.058234e+00 2.810719e+01
    endloop
  endfacet
  facet normal -9.171555e-01 -3.712500e-01 1.449109e-01
    outer loop
      vertex   -1.715183e+01 7.124427e+00 2.810719e+01
      vertex   -1.712504e+01 7.058234e+00 2.810719e+01
      vertex   -1.710930e+01 7.064291e+00 2.822230e+01
    endloop
  endfacet
  facet normal -9.293811e-01 -3.394871e-01 1.449109e-01
    outer loop
      vertex   -1.710930e+01 7.064291e+00 2.822230e+01
      vertex   -1.712504e+01 7.058234e+00 2.810719e+01
      vertex   -1.708460e+01 6.996671e+00 2.822230e+01
    endloop
  endfacet
  facet normal -9.198960e-01 -3.360224e-01 2.021889e-01
    outer loop
      vertex   -1.710930e+01 7.064291e+00 2.822230e+01
      vertex   -1.708460e+01 6.996671e+00 2.822230e+01
      vertex   -1.706237e+01 7.004361e+00 2.833623e+01
    endloop
  endfacet
  facet normal -9.309084e-01 -3.041861e-01 2.021889e-01
    outer loop
      vertex   -1.706237e+01 7.004361e+00 2.833623e+01
      vertex   -1.708460e+01 6.996671e+00 2.822230e+01
      vertex   -1.703976e+01 6.935163e+00 2.833623e+01
    endloop
  endfacet
  facet normal -9.181606e-01 -3.000206e-01 2.587833e-01
    outer loop
      vertex   -1.706237e+01 7.004361e+00 2.833623e+01
      vertex   -1.703976e+01 6.935163e+00 2.833623e+01
      vertex   -1.701098e+01 6.944022e+00 2.844861e+01
    endloop
  endfacet
  facet normal -9.279358e-01 -2.682654e-01 2.587833e-01
    outer loop
      vertex   -1.701098e+01 6.944022e+00 2.844861e+01
      vertex   -1.703976e+01 6.935163e+00 2.833623e+01
      vertex   -1.699047e+01 6.873091e+00 2.844861e+01
    endloop
  endfacet
  facet normal -9.151092e-01 -2.645572e-01 3.042772e-01
    outer loop
      vertex   -1.701098e+01 6.944022e+00 2.844861e+01
      vertex   -1.699047e+01 6.873091e+00 2.844861e+01
      vertex   -1.698882e+01 6.926476e+00 2.850000e+01
    endloop
  endfacet
  facet normal -9.265474e-01 -2.455924e-01 2.849461e-01
    outer loop
      vertex   -1.698882e+01 6.926476e+00 2.850000e+01
      vertex   -1.699047e+01 6.873091e+00 2.844861e+01
      vertex   -1.695696e+01 6.806277e+00 2.850000e+01
    endloop
  endfacet
  facet normal -9.249927e-01 -2.332623e-01 2.999621e-01
    outer loop
      vertex   -1.695696e+01 6.806277e+00 2.850000e+01
      vertex   -1.699047e+01 6.873091e+00 2.844861e+01
      vertex   -1.697242e+01 6.801498e+00 2.844861e+01
    endloop
  endfacet
  facet normal -9.326697e-01 -2.013551e-01 2.993047e-01
    outer loop
      vertex   -1.695696e+01 6.806277e+00 2.850000e+01
      vertex   -1.697242e+01 6.801498e+00 2.844861e+01
      vertex   -1.695684e+01 6.729325e+00 2.844861e+01
    endloop
  endfacet
  facet normal -9.441823e-01 -2.038406e-01 2.587833e-01
    outer loop
      vertex   -1.695684e+01 6.729325e+00 2.844861e+01
      vertex   -1.697242e+01 6.801498e+00 2.844861e+01
      vertex   -1.700174e+01 6.794638e+00 2.833623e+01
    endloop
  endfacet
  facet normal -9.441823e-01 -2.038406e-01 2.587833e-01
    outer loop
      vertex   -1.695684e+01 6.729325e+00 2.844861e+01
      vertex   -1.700174e+01 6.794638e+00 2.833623e+01
      vertex   -1.698638e+01 6.723478e+00 2.833623e+01
    endloop
  endfacet
  facet normal -9.572914e-01 -2.066707e-01 2.021889e-01
    outer loop
      vertex   -1.698638e+01 6.723478e+00 2.833623e+01
      vertex   -1.700174e+01 6.794638e+00 2.833623e+01
      vertex   -1.702465e+01 6.789279e+00 2.822230e+01
    endloop
  endfacet
  facet normal -9.572914e-01 -2.066707e-01 2.021889e-01
    outer loop
      vertex   -1.698638e+01 6.723478e+00 2.833623e+01
      vertex   -1.702465e+01 6.789279e+00 2.822230e+01
      vertex   -1.700945e+01 6.718910e+00 2.822230e+01
    endloop
  endfacet
  facet normal -9.671622e-01 -2.088017e-01 1.449109e-01
    outer loop
      vertex   -1.700945e+01 6.718910e+00 2.822230e+01
      vertex   -1.702465e+01 6.789279e+00 2.822230e+01
      vertex   -1.704106e+01 6.785438e+00 2.810719e+01
    endloop
  endfacet
  facet normal -9.671622e-01 -2.088017e-01 1.449109e-01
    outer loop
      vertex   -1.700945e+01 6.718910e+00 2.822230e+01
      vertex   -1.704106e+01 6.785438e+00 2.810719e+01
      vertex   -1.702599e+01 6.715636e+00 2.810719e+01
    endloop
  endfacet
  facet normal -9.737612e-01 -2.102264e-01 8.714295e-02
    outer loop
      vertex   -1.702599e+01 6.715636e+00 2.810719e+01
      vertex   -1.704106e+01 6.785438e+00 2.810719e+01
      vertex   -1.705094e+01 6.783128e+00 2.799129e+01
    endloop
  endfacet
  facet normal -9.737612e-01 -2.102264e-01 8.714295e-02
    outer loop
      vertex   -1.702599e+01 6.715636e+00 2.810719e+01
      vertex   -1.705094e+01 6.783128e+00 2.799129e+01
      vertex   -1.703594e+01 6.713667e+00 2.799129e+01
    endloop
  endfacet
  facet normal -9.768312e-01 -2.108892e-01 3.642081e-02
    outer loop
      vertex   -1.703594e+01 6.713667e+00 2.799129e+01
      vertex   -1.705094e+01 6.783128e+00 2.799129e+01
      vertex   -1.703299e+01 6.679895e+00 2.787500e+01
    endloop
  endfacet
  facet normal -9.838145e-01 -1.772243e-01 2.646667e-02
    outer loop
      vertex   -1.703594e+01 6.713667e+00 2.799129e+01
      vertex   -1.703299e+01 6.679895e+00 2.787500e+01
      vertex   -1.702334e+01 6.643731e+00 2.799129e+01
    endloop
  endfacet
  facet normal -9.882202e-01 -1.488250e-01 3.566361e-02
    outer loop
      vertex   -1.702334e+01 6.643731e+00 2.799129e+01
      vertex   -1.703299e+01 6.679895e+00 2.787500e+01
      vertex   -1.701480e+01 6.559130e+00 2.787500e+01
    endloop
  endfacet
  facet normal -9.891818e-01 -1.432626e-01 3.154626e-02
    outer loop
      vertex   -1.702334e+01 6.643731e+00 2.799129e+01
      vertex   -1.701480e+01 6.559130e+00 2.787500e+01
      vertex   -1.701316e+01 6.573404e+00 2.799129e+01
    endloop
  endfacet
  facet normal -9.936446e-01 -1.091708e-01 2.742468e-02
    outer loop
      vertex   -1.701316e+01 6.573404e+00 2.799129e+01
      vertex   -1.701480e+01 6.559130e+00 2.787500e+01
      vertex   -1.700540e+01 6.502767e+00 2.799129e+01
    endloop
  endfacet
  facet normal -9.902371e-01 -1.087964e-01 8.714295e-02
    outer loop
      vertex   -1.701316e+01 6.573404e+00 2.799129e+01
      vertex   -1.700540e+01 6.502767e+00 2.799129e+01
      vertex   -1.699530e+01 6.503701e+00 2.810719e+01
    endloop
  endfacet
  facet normal -9.931004e-01 -7.846550e-02 8.714800e-02
    outer loop
      vertex   -1.699530e+01 6.503701e+00 2.810719e+01
      vertex   -1.700540e+01 6.502767e+00 2.799129e+01
      vertex   -1.699700e+01 6.437500e+00 2.802825e+01
    endloop
  endfacet
  facet normal -9.896370e-01 -9.883900e-02 1.041610e-01
    outer loop
      vertex   -1.699530e+01 6.503701e+00 2.810719e+01
      vertex   -1.699700e+01 6.437500e+00 2.802825e+01
      vertex   -1.698868e+01 6.437500e+00 2.810724e+01
    endloop
  endfacet
  facet normal -9.257271e-01 -3.765943e-01 3.472772e-02
    outer loop
      vertex   -1.717588e+01 7.145916e+00 2.787500e+01
      vertex   -1.712986e+01 7.032792e+00 2.787500e+01
      vertex   -1.716117e+01 7.120461e+00 2.799129e+01
    endloop
  endfacet
  facet normal -9.264244e-01 -3.750018e-01 3.333953e-02
    outer loop
      vertex   -1.716117e+01 7.120461e+00 2.799129e+01
      vertex   -1.712986e+01 7.032792e+00 2.787500e+01
      vertex   -1.713450e+01 7.054592e+00 2.799129e+01
    endloop
  endfacet
  facet normal -9.234134e-01 -3.737831e-01 8.714295e-02
    outer loop
      vertex   -1.716117e+01 7.120461e+00 2.799129e+01
      vertex   -1.713450e+01 7.054592e+00 2.799129e+01
      vertex   -1.712504e+01 7.058234e+00 2.810719e+01
    endloop
  endfacet
  facet normal -9.357224e-01 -3.418035e-01 8.714295e-02
    outer loop
      vertex   -1.712504e+01 7.058234e+00 2.810719e+01
      vertex   -1.713450e+01 7.054592e+00 2.799129e+01
      vertex   -1.710054e+01 6.991159e+00 2.810719e+01
    endloop
  endfacet
  facet normal -9.293811e-01 -3.394871e-01 1.449109e-01
    outer loop
      vertex   -1.712504e+01 7.058234e+00 2.810719e+01
      vertex   -1.710054e+01 6.991159e+00 2.810719e+01
      vertex   -1.708460e+01 6.996671e+00 2.822230e+01
    endloop
  endfacet
  facet normal -9.405071e-01 -3.073226e-01 1.449109e-01
    outer loop
      vertex   -1.708460e+01 6.996671e+00 2.822230e+01
      vertex   -1.710054e+01 6.991159e+00 2.810719e+01
      vertex   -1.706224e+01 6.928241e+00 2.822230e+01
    endloop
  endfacet
  facet normal -9.309084e-01 -3.041861e-01 2.021889e-01
    outer loop
      vertex   -1.708460e+01 6.996671e+00 2.822230e+01
      vertex   -1.706224e+01 6.928241e+00 2.822230e+01
      vertex   -1.703976e+01 6.935163e+00 2.833623e+01
    endloop
  endfacet
  facet normal -9.408194e-01 -2.719900e-01 2.021889e-01
    outer loop
      vertex   -1.703976e+01 6.935163e+00 2.833623e+01
      vertex   -1.706224e+01 6.928241e+00 2.822230e+01
      vertex   -1.701954e+01 6.865228e+00 2.833623e+01
    endloop
  endfacet
  facet normal -9.279358e-01 -2.682654e-01 2.587833e-01
    outer loop
      vertex   -1.703976e+01 6.935163e+00 2.833623e+01
      vertex   -1.701954e+01 6.865228e+00 2.833623e+01
      vertex   -1.699047e+01 6.873091e+00 2.844861e+01
    endloop
  endfacet
  facet normal -9.366132e-01 -2.361927e-01 2.587833e-01
    outer loop
      vertex   -1.699047e+01 6.873091e+00 2.844861e+01
      vertex   -1.701954e+01 6.865228e+00 2.833623e+01
      vertex   -1.697242e+01 6.801498e+00 2.844861e+01
    endloop
  endfacet
  facet normal -9.389574e-01 -3.429852e-01 2.683755e-02
    outer loop
      vertex   -1.713450e+01 7.054592e+00 2.799129e+01
      vertex   -1.712986e+01 7.032792e+00 2.787500e+01
      vertex   -1.711012e+01 6.987844e+00 2.799129e+01
    endloop
  endfacet
  facet normal -9.463326e-01 -3.211222e-01 3.653994e-02
    outer loop
      vertex   -1.711012e+01 6.987844e+00 2.799129e+01
      vertex   -1.712986e+01 7.032792e+00 2.787500e+01
      vertex   -1.709062e+01 6.917142e+00 2.787500e+01
    endloop
  endfacet
  facet normal -9.501288e-01 -3.104666e-01 2.942487e-02
    outer loop
      vertex   -1.711012e+01 6.987844e+00 2.799129e+01
      vertex   -1.709062e+01 6.917142e+00 2.787500e+01
      vertex   -1.708805e+01 6.920298e+00 2.799129e+01
    endloop
  endfacet
  facet normal -9.602630e-01 -2.776111e-01 2.875722e-02
    outer loop
      vertex   -1.708805e+01 6.920298e+00 2.799129e+01
      vertex   -1.709062e+01 6.917142e+00 2.787500e+01
      vertex   -1.706831e+01 6.852032e+00 2.799129e+01
    endloop
  endfacet
  facet normal -9.570058e-01 -2.766695e-01 8.714295e-02
    outer loop
      vertex   -1.708805e+01 6.920298e+00 2.799129e+01
      vertex   -1.706831e+01 6.852032e+00 2.799129e+01
      vertex   -1.705853e+01 6.854680e+00 2.810719e+01
    endloop
  endfacet
  facet normal -9.659550e-01 -2.435920e-01 8.714295e-02
    outer loop
      vertex   -1.705853e+01 6.854680e+00 2.810719e+01
      vertex   -1.706831e+01 6.852032e+00 2.799129e+01
      vertex   -1.704106e+01 6.785438e+00 2.810719e+01
    endloop
  endfacet
  facet normal -9.594088e-01 -2.419412e-01 1.449109e-01
    outer loop
      vertex   -1.705853e+01 6.854680e+00 2.810719e+01
      vertex   -1.704106e+01 6.785438e+00 2.810719e+01
      vertex   -1.702465e+01 6.789279e+00 2.822230e+01
    endloop
  endfacet
  facet normal -9.636733e-01 -2.645468e-01 3.672598e-02
    outer loop
      vertex   -1.709062e+01 6.917142e+00 2.787500e+01
      vertex   -1.705829e+01 6.799372e+00 2.787500e+01
      vertex   -1.706831e+01 6.852032e+00 2.799129e+01
    endloop
  endfacet
  facet normal -9.692867e-01 -2.444322e-01 2.713352e-02
    outer loop
      vertex   -1.706831e+01 6.852032e+00 2.799129e+01
      vertex   -1.705829e+01 6.799372e+00 2.787500e+01
      vertex   -1.705094e+01 6.783128e+00 2.799129e+01
    endloop
  endfacet
  facet normal -9.659550e-01 -2.435920e-01 8.714295e-02
    outer loop
      vertex   -1.706831e+01 6.852032e+00 2.799129e+01
      vertex   -1.705094e+01 6.783128e+00 2.799129e+01
      vertex   -1.704106e+01 6.785438e+00 2.810719e+01
    endloop
  endfacet
  facet normal -9.777724e-01 -2.070737e-01 3.288845e-02
    outer loop
      vertex   -1.705829e+01 6.799372e+00 2.787500e+01
      vertex   -1.703299e+01 6.679895e+00 2.787500e+01
      vertex   -1.705094e+01 6.783128e+00 2.799129e+01
    endloop
  endfacet
  facet normal -9.952548e-01 -9.007050e-02 3.681223e-02
    outer loop
      vertex   -1.701480e+01 6.559130e+00 2.787500e+01
      vertex   -1.700379e+01 6.437500e+00 2.787500e+01
      vertex   -1.700540e+01 6.502767e+00 2.799129e+01
    endloop
  endfacet
  facet normal -9.976315e-01 -6.493974e-02 2.267480e-02
    outer loop
      vertex   -1.700540e+01 6.502767e+00 2.799129e+01
      vertex   -1.700379e+01 6.437500e+00 2.787500e+01
      vertex   -1.700207e+01 6.437500e+00 2.795062e+01
    endloop
  endfacet
  facet normal -9.937195e-01 -9.109986e-02 6.497983e-02
    outer loop
      vertex   -1.700540e+01 6.502767e+00 2.799129e+01
      vertex   -1.700207e+01 6.437500e+00 2.795062e+01
      vertex   -1.699700e+01 6.437500e+00 2.802825e+01
    endloop
  endfacet
  facet normal -9.850707e-01 -9.835188e-02 1.412895e-01
    outer loop
      vertex   -1.698868e+01 6.437500e+00 2.810724e+01
      vertex   -1.697725e+01 6.437500e+00 2.818693e+01
      vertex   -1.699530e+01 6.503701e+00 2.810719e+01
    endloop
  endfacet
  facet normal -9.849724e-01 -9.393800e-02 1.449313e-01
    outer loop
      vertex   -1.699530e+01 6.503701e+00 2.810719e+01
      vertex   -1.697725e+01 6.437500e+00 2.818693e+01
      vertex   -1.697851e+01 6.505254e+00 2.822230e+01
    endloop
  endfacet
  facet normal -9.835263e-01 -1.080591e-01 1.449109e-01
    outer loop
      vertex   -1.699530e+01 6.503701e+00 2.810719e+01
      vertex   -1.697851e+01 6.505254e+00 2.822230e+01
      vertex   -1.700310e+01 6.574684e+00 2.810719e+01
    endloop
  endfacet
  facet normal -9.835263e-01 -1.080591e-01 1.449109e-01
    outer loop
      vertex   -1.700310e+01 6.574684e+00 2.810719e+01
      vertex   -1.697851e+01 6.505254e+00 2.822230e+01
      vertex   -1.698637e+01 6.576814e+00 2.822230e+01
    endloop
  endfacet
  facet normal -9.792281e-01 -1.418210e-01 1.449109e-01
    outer loop
      vertex   -1.700310e+01 6.574684e+00 2.810719e+01
      vertex   -1.698637e+01 6.576814e+00 2.822230e+01
      vertex   -1.701333e+01 6.645357e+00 2.810719e+01
    endloop
  endfacet
  facet normal -9.792281e-01 -1.418210e-01 1.449109e-01
    outer loop
      vertex   -1.701333e+01 6.645357e+00 2.810719e+01
      vertex   -1.698637e+01 6.576814e+00 2.822230e+01
      vertex   -1.699669e+01 6.648060e+00 2.822230e+01
    endloop
  endfacet
  facet normal -9.737712e-01 -1.754151e-01 1.449109e-01
    outer loop
      vertex   -1.701333e+01 6.645357e+00 2.810719e+01
      vertex   -1.699669e+01 6.648060e+00 2.822230e+01
      vertex   -1.702599e+01 6.715636e+00 2.810719e+01
    endloop
  endfacet
  facet normal -9.737712e-01 -1.754151e-01 1.449109e-01
    outer loop
      vertex   -1.702599e+01 6.715636e+00 2.810719e+01
      vertex   -1.699669e+01 6.648060e+00 2.822230e+01
      vertex   -1.700945e+01 6.718910e+00 2.822230e+01
    endloop
  endfacet
  facet normal -9.780006e-01 -1.105070e-01 1.769265e-01
    outer loop
      vertex   -1.697725e+01 6.437500e+00 2.818693e+01
      vertex   -1.696282e+01 6.437500e+00 2.826669e+01
      vertex   -1.697851e+01 6.505254e+00 2.822230e+01
    endloop
  endfacet
  facet normal -9.748942e-01 -9.321881e-02 2.022166e-01
    outer loop
      vertex   -1.697851e+01 6.505254e+00 2.822230e+01
      vertex   -1.696282e+01 6.437500e+00 2.826669e+01
      vertex   -1.695508e+01 6.507421e+00 2.833623e+01
    endloop
  endfacet
  facet normal -9.734886e-01 -1.069562e-01 2.021889e-01
    outer loop
      vertex   -1.697851e+01 6.505254e+00 2.822230e+01
      vertex   -1.695508e+01 6.507421e+00 2.833623e+01
      vertex   -1.698637e+01 6.576814e+00 2.822230e+01
    endloop
  endfacet
  facet normal -9.734886e-01 -1.069562e-01 2.021889e-01
    outer loop
      vertex   -1.698637e+01 6.576814e+00 2.822230e+01
      vertex   -1.695508e+01 6.507421e+00 2.833623e+01
      vertex   -1.696304e+01 6.579785e+00 2.833623e+01
    endloop
  endfacet
  facet normal -9.692342e-01 -1.403736e-01 2.021889e-01
    outer loop
      vertex   -1.698637e+01 6.576814e+00 2.822230e+01
      vertex   -1.696304e+01 6.579785e+00 2.833623e+01
      vertex   -1.699669e+01 6.648060e+00 2.822230e+01
    endloop
  endfacet
  facet normal -9.692342e-01 -1.403736e-01 2.021889e-01
    outer loop
      vertex   -1.699669e+01 6.648060e+00 2.822230e+01
      vertex   -1.696304e+01 6.579785e+00 2.833623e+01
      vertex   -1.697347e+01 6.651832e+00 2.833623e+01
    endloop
  endfacet
  facet normal -9.638330e-01 -1.736249e-01 2.021889e-01
    outer loop
      vertex   -1.699669e+01 6.648060e+00 2.822230e+01
      vertex   -1.697347e+01 6.651832e+00 2.833623e+01
      vertex   -1.700945e+01 6.718910e+00 2.822230e+01
    endloop
  endfacet
  facet normal -9.638330e-01 -1.736249e-01 2.021889e-01
    outer loop
      vertex   -1.700945e+01 6.718910e+00 2.822230e+01
      vertex   -1.697347e+01 6.651832e+00 2.833623e+01
      vertex   -1.698638e+01 6.723478e+00 2.833623e+01
    endloop
  endfacet
  facet normal -9.716615e-01 -1.037137e-01 2.124084e-01
    outer loop
      vertex   -1.696282e+01 6.437500e+00 2.826669e+01
      vertex   -1.694552e+01 6.437500e+00 2.834584e+01
      vertex   -1.695508e+01 6.507421e+00 2.833623e+01
    endloop
  endfacet
  facet normal -9.637812e-01 -9.772282e-02 2.481452e-01
    outer loop
      vertex   -1.695508e+01 6.507421e+00 2.833623e+01
      vertex   -1.694552e+01 6.437500e+00 2.834584e+01
      vertex   -1.692546e+01 6.437500e+00 2.842376e+01
    endloop
  endfacet
  facet normal -9.622906e-01 -8.373414e-02 2.588155e-01
    outer loop
      vertex   -1.695508e+01 6.507421e+00 2.833623e+01
      vertex   -1.692546e+01 6.437500e+00 2.842376e+01
      vertex   -1.692510e+01 6.510194e+00 2.844861e+01
    endloop
  endfacet
  facet normal -9.568957e-01 -8.971274e-02 2.762287e-01
    outer loop
      vertex   -1.692510e+01 6.510194e+00 2.844861e+01
      vertex   -1.692546e+01 6.437500e+00 2.842376e+01
      vertex   -1.690345e+01 6.437500e+00 2.850000e+01
    endloop
  endfacet
  facet normal -9.549221e-01 -8.288865e-02 2.850497e-01
    outer loop
      vertex   -1.692510e+01 6.510194e+00 2.844861e+01
      vertex   -1.690345e+01 6.437500e+00 2.850000e+01
      vertex   -1.691420e+01 6.561384e+00 2.850000e+01
    endloop
  endfacet
  facet normal -9.471900e-01 -1.374339e-01 2.897292e-01
    outer loop
      vertex   -1.693206e+01 6.684445e+00 2.850000e+01
      vertex   -1.694375e+01 6.656660e+00 2.844861e+01
      vertex   -1.691420e+01 6.561384e+00 2.850000e+01
    endloop
  endfacet
  facet normal -9.470941e-01 -1.371671e-01 2.901687e-01
    outer loop
      vertex   -1.691420e+01 6.561384e+00 2.850000e+01
      vertex   -1.694375e+01 6.656660e+00 2.844861e+01
      vertex   -1.693317e+01 6.583588e+00 2.844861e+01
    endloop
  endfacet
  facet normal -9.468484e-01 -1.040293e-01 3.043945e-01
    outer loop
      vertex   -1.691420e+01 6.561384e+00 2.850000e+01
      vertex   -1.693317e+01 6.583588e+00 2.844861e+01
      vertex   -1.692510e+01 6.510194e+00 2.844861e+01
    endloop
  endfacet
  facet normal -9.601577e-01 -1.054916e-01 2.587833e-01
    outer loop
      vertex   -1.692510e+01 6.510194e+00 2.844861e+01
      vertex   -1.693317e+01 6.583588e+00 2.844861e+01
      vertex   -1.696304e+01 6.579785e+00 2.833623e+01
    endloop
  endfacet
  facet normal -9.601577e-01 -1.054916e-01 2.587833e-01
    outer loop
      vertex   -1.692510e+01 6.510194e+00 2.844861e+01
      vertex   -1.696304e+01 6.579785e+00 2.833623e+01
      vertex   -1.695508e+01 6.507421e+00 2.833623e+01
    endloop
  endfacet
  facet normal -9.374233e-01 -1.688674e-01 3.045019e-01
    outer loop
      vertex   -1.694375e+01 6.656660e+00 2.844861e+01
      vertex   -1.693206e+01 6.684445e+00 2.850000e+01
      vertex   -1.695684e+01 6.729325e+00 2.844861e+01
    endloop
  endfacet
  facet normal -9.390678e-01 -1.919205e-01 2.851633e-01
    outer loop
      vertex   -1.695684e+01 6.729325e+00 2.844861e+01
      vertex   -1.693206e+01 6.684445e+00 2.850000e+01
      vertex   -1.695696e+01 6.806277e+00 2.850000e+01
    endloop
  endfacet
  facet normal -9.094868e-01 -2.971863e-01 2.907130e-01
    outer loop
      vertex   -1.701098e+01 6.944022e+00 2.844861e+01
      vertex   -1.698882e+01 6.926476e+00 2.850000e+01
      vertex   -1.703391e+01 7.014205e+00 2.844861e+01
    endloop
  endfacet
  facet normal -9.096287e-01 -2.980227e-01 2.894098e-01
    outer loop
      vertex   -1.703391e+01 7.014205e+00 2.844861e+01
      vertex   -1.698882e+01 6.926476e+00 2.850000e+01
      vertex   -1.702754e+01 7.044645e+00 2.850000e+01
    endloop
  endfacet
  facet normal -8.946609e-01 -3.268044e-01 3.045993e-01
    outer loop
      vertex   -1.703391e+01 7.014205e+00 2.844861e+01
      vertex   -1.702754e+01 7.044645e+00 2.850000e+01
      vertex   -1.705925e+01 7.083558e+00 2.844861e+01
    endloop
  endfacet
  facet normal -8.921476e-01 -3.502627e-01 2.852870e-01
    outer loop
      vertex   -1.705925e+01 7.083558e+00 2.844861e+01
      vertex   -1.702754e+01 7.044645e+00 2.850000e+01
      vertex   -1.707298e+01 7.160393e+00 2.850000e+01
    endloop
  endfacet
  facet normal -8.845464e-01 -3.580503e-01 2.989608e-01
    outer loop
      vertex   -1.705925e+01 7.083558e+00 2.844861e+01
      vertex   -1.707298e+01 7.160393e+00 2.850000e+01
      vertex   -1.708695e+01 7.151998e+00 2.844861e+01
    endloop
  endfacet
  facet normal -8.713317e-01 -3.880922e-01 3.002757e-01
    outer loop
      vertex   -1.708695e+01 7.151998e+00 2.844861e+01
      vertex   -1.707298e+01 7.160393e+00 2.850000e+01
      vertex   -1.711699e+01 7.219446e+00 2.844861e+01
    endloop
  endfacet
  facet normal -8.823693e-01 -3.930084e-01 2.587833e-01
    outer loop
      vertex   -1.708695e+01 7.151998e+00 2.844861e+01
      vertex   -1.711699e+01 7.219446e+00 2.844861e+01
      vertex   -1.714428e+01 7.206723e+00 2.833623e+01
    endloop
  endfacet
  facet normal -8.683308e-01 -4.231227e-01 2.587833e-01
    outer loop
      vertex   -1.714428e+01 7.206723e+00 2.833623e+01
      vertex   -1.711699e+01 7.219446e+00 2.844861e+01
      vertex   -1.717617e+01 7.272166e+00 2.833623e+01
    endloop
  endfacet
  facet normal -8.803868e-01 -4.289974e-01 2.021889e-01
    outer loop
      vertex   -1.714428e+01 7.206723e+00 2.833623e+01
      vertex   -1.717617e+01 7.272166e+00 2.833623e+01
      vertex   -1.719714e+01 7.261499e+00 2.822230e+01
    endloop
  endfacet
  facet normal -8.651117e-01 -4.590222e-01 2.021889e-01
    outer loop
      vertex   -1.719714e+01 7.261499e+00 2.822230e+01
      vertex   -1.717617e+01 7.272166e+00 2.833623e+01
      vertex   -1.723088e+01 7.325092e+00 2.822230e+01
    endloop
  endfacet
  facet normal -8.740320e-01 -4.637552e-01 1.449109e-01
    outer loop
      vertex   -1.719714e+01 7.261499e+00 2.822230e+01
      vertex   -1.723088e+01 7.325092e+00 2.822230e+01
      vertex   -1.724564e+01 7.316934e+00 2.810719e+01
    endloop
  endfacet
  facet normal -8.706590e-01 -4.010136e-01 2.848526e-01
    outer loop
      vertex   -1.707298e+01 7.160393e+00 2.850000e+01
      vertex   -1.712500e+01 7.273339e+00 2.850000e+01
      vertex   -1.711699e+01 7.219446e+00 2.844861e+01
    endloop
  endfacet
  facet normal -8.563647e-01 -4.172918e-01 3.041499e-01
    outer loop
      vertex   -1.711699e+01 7.219446e+00 2.844861e+01
      vertex   -1.712500e+01 7.273339e+00 2.850000e+01
      vertex   -1.714933e+01 7.285820e+00 2.844861e+01
    endloop
  endfacet
  facet normal -8.683308e-01 -4.231227e-01 2.587833e-01
    outer loop
      vertex   -1.711699e+01 7.219446e+00 2.844861e+01
      vertex   -1.714933e+01 7.285820e+00 2.844861e+01
      vertex   -1.717617e+01 7.272166e+00 2.833623e+01
    endloop
  endfacet
  facet normal -8.532649e-01 -4.527364e-01 2.587833e-01
    outer loop
      vertex   -1.717617e+01 7.272166e+00 2.833623e+01
      vertex   -1.714933e+01 7.285820e+00 2.844861e+01
      vertex   -1.721029e+01 7.336474e+00 2.833623e+01
    endloop
  endfacet
  facet normal -8.651117e-01 -4.590222e-01 2.021889e-01
    outer loop
      vertex   -1.717617e+01 7.272166e+00 2.833623e+01
      vertex   -1.721029e+01 7.336474e+00 2.833623e+01
      vertex   -1.723088e+01 7.325092e+00 2.822230e+01
    endloop
  endfacet
  facet normal -8.614564e-01 -4.020285e-01 3.102674e-01
    outer loop
      vertex   -1.712500e+01 7.273339e+00 2.850000e+01
      vertex   -1.712500e+01 7.329725e+00 2.857306e+01
      vertex   -1.714933e+01 7.285820e+00 2.844861e+01
    endloop
  endfacet
  facet normal -8.368283e-01 -4.440152e-01 3.202638e-01
    outer loop
      vertex   -1.714933e+01 7.285820e+00 2.844861e+01
      vertex   -1.712500e+01 7.329725e+00 2.857306e+01
      vertex   -1.718394e+01 7.351042e+00 2.844861e+01
    endloop
  endfacet
  facet normal -8.532649e-01 -4.527364e-01 2.587833e-01
    outer loop
      vertex   -1.714933e+01 7.285820e+00 2.844861e+01
      vertex   -1.718394e+01 7.351042e+00 2.844861e+01
      vertex   -1.721029e+01 7.336474e+00 2.833623e+01
    endloop
  endfacet
  facet normal -8.304565e-01 -4.597865e-01 3.145447e-01
    outer loop
      vertex   -1.718394e+01 7.351042e+00 2.844861e+01
      vertex   -1.712500e+01 7.329725e+00 2.857306e+01
      vertex   -1.715192e+01 7.368747e+00 2.855904e+01
    endloop
  endfacet
  facet normal -8.227822e-01 -4.368918e-01 3.635312e-01
    outer loop
      vertex   -1.715192e+01 7.368747e+00 2.855904e+01
      vertex   -1.712500e+01 7.329725e+00 2.857306e+01
      vertex   -1.712500e+01 7.390159e+00 2.864569e+01
    endloop
  endfacet
  facet normal -7.527996e-01 -5.047058e-01 4.225693e-01
    outer loop
      vertex   -1.719297e+01 7.520907e+00 2.866716e+01
      vertex   -1.712500e+01 7.520917e+00 2.878826e+01
      vertex   -1.715168e+01 7.547597e+00 2.877260e+01
    endloop
  endfacet
  facet normal -7.466368e-01 -4.705640e-01 4.702159e-01
    outer loop
      vertex   -1.715168e+01 7.547597e+00 2.877260e+01
      vertex   -1.712500e+01 7.520917e+00 2.878826e+01
      vertex   -1.712500e+01 7.590111e+00 2.885751e+01
    endloop
  endfacet
  facet normal -7.307130e-01 -4.902658e-01 4.750769e-01
    outer loop
      vertex   -1.715168e+01 7.547597e+00 2.877260e+01
      vertex   -1.712500e+01 7.590111e+00 2.885751e+01
      vertex   -1.719513e+01 7.612350e+00 2.877260e+01
    endloop
  endfacet
  facet normal -7.303938e-01 -4.912438e-01 4.745571e-01
    outer loop
      vertex   -1.719513e+01 7.612350e+00 2.877260e+01
      vertex   -1.712500e+01 7.590111e+00 2.885751e+01
      vertex   -1.714979e+01 7.643864e+00 2.887500e+01
    endloop
  endfacet
  facet normal -7.136575e-01 -5.152703e-01 4.745414e-01
    outer loop
      vertex   -1.719513e+01 7.612350e+00 2.877260e+01
      vertex   -1.714979e+01 7.643864e+00 2.887500e+01
      vertex   -1.719691e+01 7.709122e+00 2.887500e+01
    endloop
  endfacet
  facet normal -6.938240e-01 -5.009502e-01 5.173559e-01
    outer loop
      vertex   -1.719691e+01 7.709122e+00 2.887500e+01
      vertex   -1.714979e+01 7.643864e+00 2.887500e+01
      vertex   -1.712500e+01 7.661096e+00 2.892493e+01
    endloop
  endfacet
  facet normal -6.938012e-01 -4.931140e-01 5.248604e-01
    outer loop
      vertex   -1.719691e+01 7.709122e+00 2.887500e+01
      vertex   -1.712500e+01 7.661096e+00 2.892493e+01
      vertex   -1.714801e+01 7.745724e+00 2.897402e+01
    endloop
  endfacet
  facet normal -6.617588e-01 -5.026236e-01 5.562777e-01
    outer loop
      vertex   -1.714801e+01 7.745724e+00 2.897402e+01
      vertex   -1.712500e+01 7.661096e+00 2.892493e+01
      vertex   -1.712500e+01 7.733308e+00 2.899018e+01
    endloop
  endfacet
  facet normal -6.623646e-01 -4.887345e-01 5.678132e-01
    outer loop
      vertex   -1.714801e+01 7.745724e+00 2.897402e+01
      vertex   -1.712500e+01 7.733308e+00 2.899018e+01
      vertex   -1.712500e+01 7.806180e+00 2.905290e+01
    endloop
  endfacet
  facet normal -7.005581e-01 -4.914286e-01 5.174131e-01
    outer loop
      vertex   -1.712500e+01 7.590111e+00 2.885751e+01
      vertex   -1.712500e+01 7.661096e+00 2.892493e+01
      vertex   -1.714979e+01 7.643864e+00 2.887500e+01
    endloop
  endfacet
  facet normal -6.146876e-01 -5.002318e-01 6.098585e-01
    outer loop
      vertex   -1.712500e+01 7.879150e+00 2.911275e+01
      vertex   -1.714643e+01 7.852524e+00 2.906932e+01
      vertex   -1.712500e+01 7.806180e+00 2.905290e+01
    endloop
  endfacet
  facet normal -6.470907e-01 -5.023412e-01 5.735215e-01
    outer loop
      vertex   -1.712500e+01 7.806180e+00 2.905290e+01
      vertex   -1.714643e+01 7.852524e+00 2.906932e+01
      vertex   -1.719844e+01 7.810720e+00 2.897402e+01
    endloop
  endfacet
  facet normal -6.471879e-01 -5.020964e-01 5.736261e-01
    outer loop
      vertex   -1.712500e+01 7.806180e+00 2.905290e+01
      vertex   -1.719844e+01 7.810720e+00 2.897402e+01
      vertex   -1.714801e+01 7.745724e+00 2.897402e+01
    endloop
  endfacet
  facet normal -6.724982e-01 -5.217325e-01 5.249203e-01
    outer loop
      vertex   -1.714801e+01 7.745724e+00 2.897402e+01
      vertex   -1.719844e+01 7.810720e+00 2.897402e+01
      vertex   -1.724604e+01 7.772458e+00 2.887500e+01
    endloop
  endfacet
  facet normal -6.724982e-01 -5.217325e-01 5.249203e-01
    outer loop
      vertex   -1.714801e+01 7.745724e+00 2.897402e+01
      vertex   -1.724604e+01 7.772458e+00 2.887500e+01
      vertex   -1.719691e+01 7.709122e+00 2.887500e+01
    endloop
  endfacet
  facet normal -6.954739e-01 -5.395573e-01 4.745460e-01
    outer loop
      vertex   -1.719691e+01 7.709122e+00 2.887500e+01
      vertex   -1.724604e+01 7.772458e+00 2.887500e+01
      vertex   -1.728908e+01 7.737868e+00 2.877260e+01
    endloop
  endfacet
  facet normal -6.954739e-01 -5.395573e-01 4.745460e-01
    outer loop
      vertex   -1.719691e+01 7.709122e+00 2.887500e+01
      vertex   -1.728908e+01 7.737868e+00 2.877260e+01
      vertex   -1.724111e+01 7.676033e+00 2.877260e+01
    endloop
  endfacet
  facet normal -7.160965e-01 -5.555565e-01 4.225669e-01
    outer loop
      vertex   -1.724111e+01 7.676033e+00 2.877260e+01
      vertex   -1.728908e+01 7.737868e+00 2.877260e+01
      vertex   -1.732740e+01 7.707066e+00 2.866716e+01
    endloop
  endfacet
  facet normal -7.160965e-01 -5.555565e-01 4.225669e-01
    outer loop
      vertex   -1.724111e+01 7.676033e+00 2.877260e+01
      vertex   -1.732740e+01 7.707066e+00 2.866716e+01
      vertex   -1.728047e+01 7.646567e+00 2.866716e+01
    endloop
  endfacet
  facet normal -7.342961e-01 -5.696761e-01 3.691590e-01
    outer loop
      vertex   -1.728047e+01 7.646567e+00 2.866716e+01
      vertex   -1.732740e+01 7.707066e+00 2.866716e+01
      vertex   -1.736088e+01 7.680158e+00 2.855904e+01
    endloop
  endfacet
  facet normal -5.817920e-01 -5.006775e-01 6.409682e-01
    outer loop
      vertex   -1.712500e+01 7.951652e+00 2.916939e+01
      vertex   -1.714587e+01 7.964624e+00 2.916058e+01
      vertex   -1.712500e+01 7.879150e+00 2.911275e+01
    endloop
  endfacet
  facet normal -6.082830e-01 -4.954631e-01 6.200871e-01
    outer loop
      vertex   -1.712500e+01 7.879150e+00 2.911275e+01
      vertex   -1.714587e+01 7.964624e+00 2.916058e+01
      vertex   -1.720053e+01 7.917511e+00 2.906932e+01
    endloop
  endfacet
  facet normal -6.085649e-01 -5.065998e-01 6.107417e-01
    outer loop
      vertex   -1.712500e+01 7.879150e+00 2.911275e+01
      vertex   -1.720053e+01 7.917511e+00 2.906932e+01
      vertex   -1.714643e+01 7.852524e+00 2.906932e+01
    endloop
  endfacet
  facet normal -6.295941e-01 -5.241055e-01 5.735195e-01
    outer loop
      vertex   -1.714643e+01 7.852524e+00 2.906932e+01
      vertex   -1.720053e+01 7.917511e+00 2.906932e+01
      vertex   -1.725107e+01 7.873943e+00 2.897402e+01
    endloop
  endfacet
  facet normal -6.295941e-01 -5.241055e-01 5.735195e-01
    outer loop
      vertex   -1.714643e+01 7.852524e+00 2.906932e+01
      vertex   -1.725107e+01 7.873943e+00 2.897402e+01
      vertex   -1.719844e+01 7.810720e+00 2.897402e+01
    endloop
  endfacet
  facet normal -6.541567e-01 -5.445527e-01 5.249203e-01
    outer loop
      vertex   -1.719844e+01 7.810720e+00 2.897402e+01
      vertex   -1.725107e+01 7.873943e+00 2.897402e+01
      vertex   -1.729733e+01 7.834067e+00 2.887500e+01
    endloop
  endfacet
  facet normal -6.541567e-01 -5.445527e-01 5.249203e-01
    outer loop
      vertex   -1.719844e+01 7.810720e+00 2.897402e+01
      vertex   -1.729733e+01 7.834067e+00 2.887500e+01
      vertex   -1.724604e+01 7.772458e+00 2.887500e+01
    endloop
  endfacet
  facet normal -6.765058e-01 -5.631572e-01 4.745460e-01
    outer loop
      vertex   -1.724604e+01 7.772458e+00 2.887500e+01
      vertex   -1.729733e+01 7.834067e+00 2.887500e+01
      vertex   -1.733915e+01 7.798017e+00 2.877260e+01
    endloop
  endfacet
  facet normal -6.765058e-01 -5.631572e-01 4.745460e-01
    outer loop
      vertex   -1.724604e+01 7.772458e+00 2.887500e+01
      vertex   -1.733915e+01 7.798017e+00 2.877260e+01
      vertex   -1.728908e+01 7.737868e+00 2.877260e+01
    endloop
  endfacet
  facet normal -6.965659e-01 -5.798562e-01 4.225669e-01
    outer loop
      vertex   -1.728908e+01 7.737868e+00 2.877260e+01
      vertex   -1.733915e+01 7.798017e+00 2.877260e+01
      vertex   -1.737639e+01 7.765916e+00 2.866716e+01
    endloop
  endfacet
  facet normal -6.965659e-01 -5.798562e-01 4.225669e-01
    outer loop
      vertex   -1.728908e+01 7.737868e+00 2.877260e+01
      vertex   -1.737639e+01 7.765916e+00 2.866716e+01
      vertex   -1.732740e+01 7.707066e+00 2.866716e+01
    endloop
  endfacet
  facet normal -7.142692e-01 -5.945933e-01 3.691590e-01
    outer loop
      vertex   -1.732740e+01 7.707066e+00 2.866716e+01
      vertex   -1.737639e+01 7.765916e+00 2.866716e+01
      vertex   -1.740893e+01 7.737871e+00 2.855904e+01
    endloop
  endfacet
  facet normal -7.142692e-01 -5.945933e-01 3.691590e-01
    outer loop
      vertex   -1.732740e+01 7.707066e+00 2.866716e+01
      vertex   -1.740893e+01 7.737871e+00 2.855904e+01
      vertex   -1.736088e+01 7.680158e+00 2.855904e+01
    endloop
  endfacet
  facet normal -7.295560e-01 -6.073188e-01 3.145028e-01
    outer loop
      vertex   -1.736088e+01 7.680158e+00 2.855904e+01
      vertex   -1.740893e+01 7.737871e+00 2.855904e+01
      vertex   -1.743664e+01 7.713979e+00 2.844861e+01
    endloop
  endfacet
  facet normal -5.785353e-01 -4.857314e-01 6.552571e-01
    outer loop
      vertex   -1.712500e+01 7.951652e+00 2.916939e+01
      vertex   -1.712500e+01 8.024274e+00 2.922322e+01
      vertex   -1.714587e+01 7.964624e+00 2.916058e+01
    endloop
  endfacet
  facet normal -5.593889e-01 -4.992143e-01 6.617168e-01
    outer loop
      vertex   -1.714587e+01 7.964624e+00 2.916058e+01
      vertex   -1.712500e+01 8.024274e+00 2.922322e+01
      vertex   -1.720382e+01 8.029564e+00 2.916058e+01
    endloop
  endfacet
  facet normal -5.852833e-01 -5.223231e-01 6.201790e-01
    outer loop
      vertex   -1.714587e+01 7.964624e+00 2.916058e+01
      vertex   -1.720382e+01 8.029564e+00 2.916058e+01
      vertex   -1.725683e+01 7.980600e+00 2.906932e+01
    endloop
  endfacet
  facet normal -5.669731e-01 -5.421434e-01 6.201790e-01
    outer loop
      vertex   -1.725683e+01 7.980600e+00 2.906932e+01
      vertex   -1.720382e+01 8.029564e+00 2.916058e+01
      vertex   -1.731527e+01 8.041714e+00 2.906932e+01
    endloop
  endfacet
  facet normal -5.920755e-01 -5.661466e-01 5.735195e-01
    outer loop
      vertex   -1.725683e+01 7.980600e+00 2.906932e+01
      vertex   -1.731527e+01 8.041714e+00 2.906932e+01
      vertex   -1.736269e+01 7.994775e+00 2.897402e+01
    endloop
  endfacet
  facet normal -5.722541e-01 -5.861746e-01 5.735195e-01
    outer loop
      vertex   -1.736269e+01 7.994775e+00 2.897402e+01
      vertex   -1.731527e+01 8.041714e+00 2.906932e+01
      vertex   -1.742156e+01 8.052240e+00 2.897402e+01
    endloop
  endfacet
  facet normal -5.945797e-01 -6.090432e-01 5.249203e-01
    outer loop
      vertex   -1.736269e+01 7.994775e+00 2.897402e+01
      vertex   -1.742156e+01 8.052240e+00 2.897402e+01
      vertex   -1.746346e+01 8.007810e+00 2.887500e+01
    endloop
  endfacet
  facet normal -5.732814e-01 -6.291320e-01 5.249203e-01
    outer loop
      vertex   -1.746346e+01 8.007810e+00 2.887500e+01
      vertex   -1.742156e+01 8.052240e+00 2.897402e+01
      vertex   -1.752272e+01 8.061802e+00 2.887500e+01
    endloop
  endfacet
  facet normal -5.928674e-01 -6.506261e-01 4.745460e-01
    outer loop
      vertex   -1.746346e+01 8.007810e+00 2.887500e+01
      vertex   -1.752272e+01 8.061802e+00 2.887500e+01
      vertex   -1.755920e+01 8.020356e+00 2.877260e+01
    endloop
  endfacet
  facet normal -5.701401e-01 -6.706313e-01 4.745460e-01
    outer loop
      vertex   -1.755920e+01 8.020356e+00 2.877260e+01
      vertex   -1.752272e+01 8.061802e+00 2.887500e+01
      vertex   -1.761882e+01 8.071048e+00 2.877260e+01
    endloop
  endfacet
  facet normal -5.870462e-01 -6.905172e-01 4.225669e-01
    outer loop
      vertex   -1.755920e+01 8.020356e+00 2.877260e+01
      vertex   -1.761882e+01 8.071048e+00 2.877260e+01
      vertex   -1.765002e+01 8.033047e+00 2.866716e+01
    endloop
  endfacet
  facet normal -5.629503e-01 -7.102986e-01 4.225669e-01
    outer loop
      vertex   -1.765002e+01 8.033047e+00 2.866716e+01
      vertex   -1.761882e+01 8.071048e+00 2.877260e+01
      vertex   -1.771003e+01 8.080608e+00 2.866716e+01
    endloop
  endfacet
  facet normal -5.772578e-01 -7.283510e-01 3.691590e-01
    outer loop
      vertex   -1.765002e+01 8.033047e+00 2.866716e+01
      vertex   -1.771003e+01 8.080608e+00 2.866716e+01
      vertex   -1.773613e+01 8.046491e+00 2.855904e+01
    endloop
  endfacet
  facet normal -5.518342e-01 -7.477974e-01 3.691587e-01
    outer loop
      vertex   -1.773613e+01 8.046491e+00 2.855904e+01
      vertex   -1.771003e+01 8.080608e+00 2.866716e+01
      vertex   -1.779670e+01 8.091192e+00 2.855904e+01
    endloop
  endfacet
  facet normal -5.636453e-01 -7.638028e-01 3.144985e-01
    outer loop
      vertex   -1.773613e+01 8.046491e+00 2.855904e+01
      vertex   -1.779670e+01 8.091192e+00 2.855904e+01
      vertex   -1.781789e+01 8.061359e+00 2.844861e+01
    endloop
  endfacet
  facet normal -5.613304e-01 -4.930616e-01 6.646792e-01
    outer loop
      vertex   -1.720382e+01 8.029564e+00 2.916058e+01
      vertex   -1.712500e+01 8.024274e+00 2.922322e+01
      vertex   -1.714701e+01 8.082045e+00 2.924748e+01
    endloop
  endfacet
  facet normal -5.161696e-01 -4.913338e-01 7.015412e-01
    outer loop
      vertex   -1.714701e+01 8.082045e+00 2.924748e+01
      vertex   -1.712500e+01 8.024274e+00 2.922322e+01
      vertex   -1.712500e+01 8.100176e+00 2.927638e+01
    endloop
  endfacet
  facet normal -5.150984e-01 -4.925405e-01 7.014823e-01
    outer loop
      vertex   -1.714701e+01 8.082045e+00 2.924748e+01
      vertex   -1.712500e+01 8.100176e+00 2.927638e+01
      vertex   -1.720901e+01 8.146877e+00 2.924748e+01
    endloop
  endfacet
  facet normal -5.106065e-01 -4.750772e-01 7.166468e-01
    outer loop
      vertex   -1.720901e+01 8.146877e+00 2.924748e+01
      vertex   -1.712500e+01 8.100176e+00 2.927638e+01
      vertex   -1.712500e+01 8.179154e+00 2.932874e+01
    endloop
  endfacet
  facet normal -4.864676e-01 -5.134273e-01 7.069241e-01
    outer loop
      vertex   -1.720901e+01 8.146877e+00 2.924748e+01
      vertex   -1.712500e+01 8.179154e+00 2.932874e+01
      vertex   -1.715054e+01 8.204744e+00 2.932975e+01
    endloop
  endfacet
  facet normal -4.468140e-01 -4.758587e-01 7.575723e-01
    outer loop
      vertex   -1.715054e+01 8.204744e+00 2.932975e+01
      vertex   -1.712500e+01 8.179154e+00 2.932874e+01
      vertex   -1.712500e+01 8.260728e+00 2.937997e+01
    endloop
  endfacet
  facet normal -4.577600e-01 -4.688953e-01 7.553760e-01
    outer loop
      vertex   -1.715054e+01 8.204744e+00 2.932975e+01
      vertex   -1.712500e+01 8.260728e+00 2.937997e+01
      vertex   -1.721675e+01 8.269381e+00 2.932975e+01
    endloop
  endfacet
  facet normal -4.547040e-01 -4.849742e-01 7.470236e-01
    outer loop
      vertex   -1.721675e+01 8.269381e+00 2.932975e+01
      vertex   -1.712500e+01 8.260728e+00 2.937997e+01
      vertex   -1.715711e+01 8.332604e+00 2.940709e+01
    endloop
  endfacet
  facet normal -4.478012e-01 -4.914271e-01 7.469762e-01
    outer loop
      vertex   -1.721675e+01 8.269381e+00 2.932975e+01
      vertex   -1.715711e+01 8.332604e+00 2.940709e+01
      vertex   -1.728514e+01 8.331704e+00 2.932975e+01
    endloop
  endfacet
  facet normal -4.478012e-01 -4.914271e-01 7.469762e-01
    outer loop
      vertex   -1.728514e+01 8.331704e+00 2.932975e+01
      vertex   -1.715711e+01 8.332604e+00 2.940709e+01
      vertex   -1.722772e+01 8.396939e+00 2.940709e+01
    endloop
  endfacet
  facet normal -4.306349e-01 -5.065374e-01 7.469762e-01
    outer loop
      vertex   -1.728514e+01 8.331704e+00 2.932975e+01
      vertex   -1.722772e+01 8.396939e+00 2.940709e+01
      vertex   -1.735564e+01 8.391637e+00 2.932975e+01
    endloop
  endfacet
  facet normal -4.306349e-01 -5.065374e-01 7.469762e-01
    outer loop
      vertex   -1.735564e+01 8.391637e+00 2.932975e+01
      vertex   -1.722772e+01 8.396939e+00 2.940709e+01
      vertex   -1.730049e+01 8.458809e+00 2.940709e+01
    endloop
  endfacet
  facet normal -4.129591e-01 -5.210483e-01 7.469762e-01
    outer loop
      vertex   -1.735564e+01 8.391637e+00 2.932975e+01
      vertex   -1.730049e+01 8.458809e+00 2.940709e+01
      vertex   -1.742815e+01 8.449110e+00 2.932975e+01
    endloop
  endfacet
  facet normal -4.129591e-01 -5.210483e-01 7.469762e-01
    outer loop
      vertex   -1.742815e+01 8.449110e+00 2.932975e+01
      vertex   -1.730049e+01 8.458809e+00 2.940709e+01
      vertex   -1.737535e+01 8.518139e+00 2.940709e+01
    endloop
  endfacet
  facet normal -3.947410e-01 -5.349831e-01 7.469757e-01
    outer loop
      vertex   -1.742815e+01 8.449110e+00 2.932975e+01
      vertex   -1.737535e+01 8.518139e+00 2.940709e+01
      vertex   -1.750305e+01 8.504371e+00 2.932975e+01
    endloop
  endfacet
  facet normal -3.947388e-01 -5.349883e-01 7.469731e-01
    outer loop
      vertex   -1.750305e+01 8.504371e+00 2.932975e+01
      vertex   -1.737535e+01 8.518139e+00 2.940709e+01
      vertex   -1.745270e+01 8.575208e+00 2.940709e+01
    endloop
  endfacet
  facet normal -3.865568e-01 -4.716876e-01 7.925179e-01
    outer loop
      vertex   -1.712500e+01 8.260728e+00 2.937997e+01
      vertex   -1.712500e+01 8.344417e+00 2.942978e+01
      vertex   -1.715711e+01 8.332604e+00 2.940709e+01
    endloop
  endfacet
  facet normal -3.990219e-01 -4.500529e-01 7.988954e-01
    outer loop
      vertex   -1.715711e+01 8.332604e+00 2.940709e+01
      vertex   -1.712500e+01 8.344417e+00 2.942978e+01
      vertex   -1.712500e+01 8.429742e+00 2.947785e+01
    endloop
  endfacet
  facet normal -4.066536e-01 -4.462708e-01 7.971670e-01
    outer loop
      vertex   -1.715711e+01 8.332604e+00 2.940709e+01
      vertex   -1.712500e+01 8.429742e+00 2.947785e+01
      vertex   -1.722772e+01 8.396939e+00 2.940709e+01
    endloop
  endfacet
  facet normal -3.844148e-01 -4.874512e-01 7.839749e-01
    outer loop
      vertex   -1.722772e+01 8.396939e+00 2.940709e+01
      vertex   -1.712500e+01 8.429742e+00 2.947785e+01
      vertex   -1.716742e+01 8.465440e+00 2.947925e+01
    endloop
  endfacet
  facet normal -4.017734e-01 -4.725888e-01 7.843710e-01
    outer loop
      vertex   -1.722772e+01 8.396939e+00 2.940709e+01
      vertex   -1.716742e+01 8.465440e+00 2.947925e+01
      vertex   -1.730049e+01 8.458809e+00 2.940709e+01
    endloop
  endfacet
  facet normal -4.017734e-01 -4.725888e-01 7.843710e-01
    outer loop
      vertex   -1.730049e+01 8.458809e+00 2.940709e+01
      vertex   -1.716742e+01 8.465440e+00 2.947925e+01
      vertex   -1.724259e+01 8.529343e+00 2.947925e+01
    endloop
  endfacet
  facet normal -3.852823e-01 -4.861272e-01 7.843710e-01
    outer loop
      vertex   -1.730049e+01 8.458809e+00 2.940709e+01
      vertex   -1.724259e+01 8.529343e+00 2.947925e+01
      vertex   -1.737535e+01 8.518139e+00 2.940709e+01
    endloop
  endfacet
  facet normal -3.852823e-01 -4.861272e-01 7.843710e-01
    outer loop
      vertex   -1.737535e+01 8.518139e+00 2.940709e+01
      vertex   -1.724259e+01 8.529343e+00 2.947925e+01
      vertex   -1.731991e+01 8.590623e+00 2.947925e+01
    endloop
  endfacet
  facet normal -3.682816e-01 -4.991309e-01 7.843705e-01
    outer loop
      vertex   -1.737535e+01 8.518139e+00 2.940709e+01
      vertex   -1.731991e+01 8.590623e+00 2.947925e+01
      vertex   -1.745270e+01 8.575208e+00 2.940709e+01
    endloop
  endfacet
  facet normal -3.682797e-01 -4.991359e-01 7.843681e-01
    outer loop
      vertex   -1.745270e+01 8.575208e+00 2.940709e+01
      vertex   -1.731991e+01 8.590623e+00 2.947925e+01
      vertex   -1.739983e+01 8.649591e+00 2.947925e+01
    endloop
  endfacet
  facet normal -3.438930e-01 -4.410558e-01 8.289797e-01
    outer loop
      vertex   -1.712500e+01 8.429742e+00 2.947785e+01
      vertex   -1.712500e+01 8.516223e+00 2.952386e+01
      vertex   -1.716742e+01 8.465440e+00 2.947925e+01
    endloop
  endfacet
  facet normal -3.621221e-01 -4.259487e-01 8.291172e-01
    outer loop
      vertex   -1.716742e+01 8.465440e+00 2.947925e+01
      vertex   -1.712500e+01 8.516223e+00 2.952386e+01
      vertex   -1.724259e+01 8.529343e+00 2.947925e+01
    endloop
  endfacet
  facet normal -3.605836e-01 -4.460741e-01 8.191443e-01
    outer loop
      vertex   -1.724259e+01 8.529343e+00 2.947925e+01
      vertex   -1.712500e+01 8.516223e+00 2.952386e+01
      vertex   -1.718212e+01 8.603001e+00 2.954598e+01
    endloop
  endfacet
  facet normal -3.168685e-01 -4.246741e-01 8.480839e-01
    outer loop
      vertex   -1.718212e+01 8.603001e+00 2.954598e+01
      vertex   -1.712500e+01 8.516223e+00 2.952386e+01
      vertex   -1.712500e+01 8.603380e+00 2.956751e+01
    endloop
  endfacet
  facet normal -3.206069e-01 -4.021519e-01 8.576042e-01
    outer loop
      vertex   -1.718212e+01 8.603001e+00 2.954598e+01
      vertex   -1.712500e+01 8.603380e+00 2.956751e+01
      vertex   -1.712500e+01 8.690733e+00 2.960847e+01
    endloop
  endfacet
  facet normal -2.864581e-01 -3.829615e-01 8.782268e-01
    outer loop
      vertex   -1.712500e+01 8.777803e+00 2.964644e+01
      vertex   -1.720185e+01 8.744964e+00 2.960705e+01
      vertex   -1.712500e+01 8.690733e+00 2.960847e+01
    endloop
  endfacet
  facet normal -3.131052e-01 -4.214317e-01 8.510937e-01
    outer loop
      vertex   -1.712500e+01 8.690733e+00 2.960847e+01
      vertex   -1.720185e+01 8.744964e+00 2.960705e+01
      vertex   -1.726201e+01 8.666316e+00 2.954598e+01
    endloop
  endfacet
  facet normal -3.193900e-01 -4.029881e-01 8.576658e-01
    outer loop
      vertex   -1.712500e+01 8.690733e+00 2.960847e+01
      vertex   -1.726201e+01 8.666316e+00 2.954598e+01
      vertex   -1.718212e+01 8.603001e+00 2.954598e+01
    endloop
  endfacet
  facet normal -3.563012e-01 -4.495606e-01 8.191122e-01
    outer loop
      vertex   -1.718212e+01 8.603001e+00 2.954598e+01
      vertex   -1.726201e+01 8.666316e+00 2.954598e+01
      vertex   -1.731991e+01 8.590623e+00 2.947925e+01
    endloop
  endfacet
  facet normal -3.563012e-01 -4.495606e-01 8.191122e-01
    outer loop
      vertex   -1.718212e+01 8.603001e+00 2.954598e+01
      vertex   -1.731991e+01 8.590623e+00 2.947925e+01
      vertex   -1.724259e+01 8.529343e+00 2.947925e+01
    endloop
  endfacet
  facet normal -2.908506e-01 -3.750455e-01 8.801970e-01
    outer loop
      vertex   -1.720185e+01 8.744964e+00 2.960705e+01
      vertex   -1.712500e+01 8.777803e+00 2.964644e+01
      vertex   -1.713963e+01 8.826299e+00 2.966227e+01
    endloop
  endfacet
  facet normal -2.253555e-01 -3.630831e-01 9.040938e-01
    outer loop
      vertex   -1.713963e+01 8.826299e+00 2.966227e+01
      vertex   -1.712500e+01 8.777803e+00 2.964644e+01
      vertex   -1.712500e+01 8.864109e+00 2.968110e+01
    endloop
  endfacet
  facet normal -2.575539e-01 -3.490831e-01 9.010033e-01
    outer loop
      vertex   -1.713963e+01 8.826299e+00 2.966227e+01
      vertex   -1.712500e+01 8.864109e+00 2.968110e+01
      vertex   -1.722793e+01 8.891447e+00 2.966227e+01
    endloop
  endfacet
  facet normal -2.542665e-01 -3.315125e-01 9.085417e-01
    outer loop
      vertex   -1.722793e+01 8.891447e+00 2.966227e+01
      vertex   -1.712500e+01 8.864109e+00 2.968110e+01
      vertex   -1.712500e+01 8.949235e+00 2.971216e+01
    endloop
  endfacet
  facet normal -2.466184e-01 -3.432048e-01 9.063056e-01
    outer loop
      vertex   -1.722793e+01 8.891447e+00 2.966227e+01
      vertex   -1.712500e+01 8.949235e+00 2.971216e+01
      vertex   -1.716685e+01 8.977392e+00 2.971143e+01
    endloop
  endfacet
  facet normal -2.195508e-01 -3.024226e-01 9.275441e-01
    outer loop
      vertex   -1.716685e+01 8.977392e+00 2.971143e+01
      vertex   -1.712500e+01 8.949235e+00 2.971216e+01
      vertex   -1.712500e+01 9.036286e+00 2.974054e+01
    endloop
  endfacet
  facet normal -6.869375e-02 -1.589003e-01 9.849020e-01
    outer loop
      vertex   -1.712500e+01 9.410652e+00 2.983034e+01
      vertex   -1.712500e+01 9.507167e+00 2.984591e+01
      vertex   -1.723138e+01 9.545104e+00 2.984462e+01
    endloop
  endfacet
  facet normal -5.773418e-02 -1.279917e-01 9.900934e-01
    outer loop
      vertex   -1.723138e+01 9.545104e+00 2.984462e+01
      vertex   -1.712500e+01 9.507167e+00 2.984591e+01
      vertex   -1.712500e+01 9.603404e+00 2.985836e+01
    endloop
  endfacet
  facet normal -5.293216e-02 -1.365477e-01 9.892183e-01
    outer loop
      vertex   -1.723138e+01 9.545104e+00 2.984462e+01
      vertex   -1.712500e+01 9.603404e+00 2.985836e+01
      vertex   -1.717464e+01 9.645262e+00 2.986148e+01
    endloop
  endfacet
  facet normal -1.778799e-02 -9.531966e-02 9.952878e-01
    outer loop
      vertex   -1.717464e+01 9.645262e+00 2.986148e+01
      vertex   -1.712500e+01 9.603404e+00 2.985836e+01
      vertex   -1.712500e+01 9.698640e+00 2.986748e+01
    endloop
  endfacet
  facet normal -4.045219e-02 -7.436713e-02 9.964101e-01
    outer loop
      vertex   -1.717464e+01 9.645262e+00 2.986148e+01
      vertex   -1.712500e+01 9.698640e+00 2.986748e+01
      vertex   -1.729038e+01 9.708219e+00 2.986148e+01
    endloop
  endfacet
  facet normal -4.060384e-02 -7.712037e-02 9.961946e-01
    outer loop
      vertex   -1.729038e+01 9.708219e+00 2.986148e+01
      vertex   -1.712500e+01 9.698640e+00 2.986748e+01
      vertex   -1.723676e+01 9.810965e+00 2.987162e+01
    endloop
  endfacet
  facet normal -3.899399e-02 -7.796039e-02 9.961936e-01
    outer loop
      vertex   -1.729038e+01 9.708219e+00 2.986148e+01
      vertex   -1.723676e+01 9.810965e+00 2.987162e+01
      vertex   -1.740822e+01 9.767157e+00 2.986148e+01
    endloop
  endfacet
  facet normal -3.899399e-02 -7.796039e-02 9.961936e-01
    outer loop
      vertex   -1.740822e+01 9.767157e+00 2.986148e+01
      vertex   -1.723676e+01 9.810965e+00 2.987162e+01
      vertex   -1.735816e+01 9.871687e+00 2.987162e+01
    endloop
  endfacet
  facet normal -3.628968e-02 -7.925537e-02 9.961936e-01
    outer loop
      vertex   -1.740822e+01 9.767157e+00 2.986148e+01
      vertex   -1.735816e+01 9.871687e+00 2.987162e+01
      vertex   -1.752801e+01 9.822008e+00 2.986148e+01
    endloop
  endfacet
  facet normal -3.628968e-02 -7.925537e-02 9.961936e-01
    outer loop
      vertex   -1.752801e+01 9.822008e+00 2.986148e+01
      vertex   -1.735816e+01 9.871687e+00 2.987162e+01
      vertex   -1.748158e+01 9.928198e+00 2.987162e+01
    endloop
  endfacet
  facet normal -3.354242e-02 -8.045657e-02 9.961936e-01
    outer loop
      vertex   -1.752801e+01 9.822008e+00 2.986148e+01
      vertex   -1.748158e+01 9.928198e+00 2.987162e+01
      vertex   -1.764962e+01 9.872707e+00 2.986148e+01
    endloop
  endfacet
  facet normal -3.354242e-02 -8.045657e-02 9.961936e-01
    outer loop
      vertex   -1.764962e+01 9.872707e+00 2.986148e+01
      vertex   -1.748158e+01 9.928198e+00 2.987162e+01
      vertex   -1.760687e+01 9.980430e+00 2.987162e+01
    endloop
  endfacet
  facet normal -3.075548e-02 -8.156258e-02 9.961936e-01
    outer loop
      vertex   -1.764962e+01 9.872707e+00 2.986148e+01
      vertex   -1.760687e+01 9.980430e+00 2.987162e+01
      vertex   -1.777290e+01 9.919193e+00 2.986148e+01
    endloop
  endfacet
  facet normal -3.075548e-02 -8.156258e-02 9.961936e-01
    outer loop
      vertex   -1.777290e+01 9.919193e+00 2.986148e+01
      vertex   -1.760687e+01 9.980430e+00 2.987162e+01
      vertex   -1.773388e+01 1.002832e+01 2.987162e+01
    endloop
  endfacet
  facet normal -2.793215e-02 -8.257208e-02 9.961936e-01
    outer loop
      vertex   -1.777290e+01 9.919193e+00 2.986148e+01
      vertex   -1.773388e+01 1.002832e+01 2.987162e+01
      vertex   -1.789770e+01 9.961412e+00 2.986148e+01
    endloop
  endfacet
  facet normal -2.793215e-02 -8.257208e-02 9.961936e-01
    outer loop
      vertex   -1.789770e+01 9.961412e+00 2.986148e+01
      vertex   -1.773388e+01 1.002832e+01 2.987162e+01
      vertex   -1.786246e+01 1.007182e+01 2.987162e+01
    endloop
  endfacet
  facet normal -2.507578e-02 -8.348389e-02 9.961936e-01
    outer loop
      vertex   -1.789770e+01 9.961412e+00 2.986148e+01
      vertex   -1.786246e+01 1.007182e+01 2.987162e+01
      vertex   -1.802389e+01 9.999313e+00 2.986148e+01
    endloop
  endfacet
  facet normal -2.507578e-02 -8.348389e-02 9.961936e-01
    outer loop
      vertex   -1.802389e+01 9.999313e+00 2.986148e+01
      vertex   -1.786246e+01 1.007182e+01 2.987162e+01
      vertex   -1.799246e+01 1.011087e+01 2.987162e+01
    endloop
  endfacet
  facet normal -2.218973e-02 -8.429692e-02 9.961936e-01
    outer loop
      vertex   -1.802389e+01 9.999313e+00 2.986148e+01
      vertex   -1.799246e+01 1.011087e+01 2.987162e+01
      vertex   -1.815130e+01 1.003285e+01 2.986148e+01
    endloop
  endfacet
  facet normal -2.218973e-02 -8.429692e-02 9.961936e-01
    outer loop
      vertex   -1.815130e+01 1.003285e+01 2.986148e+01
      vertex   -1.799246e+01 1.011087e+01 2.987162e+01
      vertex   -1.812373e+01 1.014542e+01 2.987162e+01
    endloop
  endfacet
  facet normal -1.927743e-02 -8.501020e-02 9.961936e-01
    outer loop
      vertex   -1.815130e+01 1.003285e+01 2.986148e+01
      vertex   -1.812373e+01 1.014542e+01 2.987162e+01
      vertex   -1.827979e+01 1.006199e+01 2.986148e+01
    endloop
  endfacet
  facet normal -1.927743e-02 -8.501020e-02 9.961936e-01
    outer loop
      vertex   -1.827979e+01 1.006199e+01 2.986148e+01
      vertex   -1.812373e+01 1.014542e+01 2.987162e+01
      vertex   -1.825611e+01 1.017544e+01 2.987162e+01
    endloop
  endfacet
  facet normal -1.634231e-02 -8.562291e-02 9.961936e-01
    outer loop
      vertex   -1.827979e+01 1.006199e+01 2.986148e+01
      vertex   -1.825611e+01 1.017544e+01 2.987162e+01
      vertex   -1.840921e+01 1.008669e+01 2.986148e+01
    endloop
  endfacet
  facet normal -1.634231e-02 -8.562291e-02 9.961936e-01
    outer loop
      vertex   -1.840921e+01 1.008669e+01 2.986148e+01
      vertex   -1.825611e+01 1.017544e+01 2.987162e+01
      vertex   -1.838944e+01 1.020089e+01 2.987162e+01
    endloop
  endfacet
  facet normal -1.338787e-02 -8.613431e-02 9.961936e-01
    outer loop
      vertex   -1.840921e+01 1.008669e+01 2.986148e+01
      vertex   -1.838944e+01 1.020089e+01 2.987162e+01
      vertex   -1.853940e+01 1.010693e+01 2.986148e+01
    endloop
  endfacet
  facet normal -1.338787e-02 -8.613431e-02 9.961936e-01
    outer loop
      vertex   -1.853940e+01 1.010693e+01 2.986148e+01
      vertex   -1.838944e+01 1.020089e+01 2.987162e+01
      vertex   -1.852357e+01 1.022174e+01 2.987162e+01
    endloop
  endfacet
  facet normal -1.041758e-02 -8.654379e-02 9.961936e-01
    outer loop
      vertex   -1.853940e+01 1.010693e+01 2.986148e+01
      vertex   -1.852357e+01 1.022174e+01 2.987162e+01
      vertex   -1.867021e+01 1.012267e+01 2.986148e+01
    endloop
  endfacet
  facet normal -1.041758e-02 -8.654379e-02 9.961936e-01
    outer loop
      vertex   -1.867021e+01 1.012267e+01 2.986148e+01
      vertex   -1.852357e+01 1.022174e+01 2.987162e+01
      vertex   -1.865834e+01 1.023796e+01 2.987162e+01
    endloop
  endfacet
  facet normal -7.434964e-03 -8.685088e-02 9.961936e-01
    outer loop
      vertex   -1.867021e+01 1.012267e+01 2.986148e+01
      vertex   -1.865834e+01 1.023796e+01 2.987162e+01
      vertex   -1.880148e+01 1.013391e+01 2.986148e+01
    endloop
  endfacet
  facet normal -7.434964e-03 -8.685088e-02 9.961936e-01
    outer loop
      vertex   -1.880148e+01 1.013391e+01 2.986148e+01
      vertex   -1.865834e+01 1.023796e+01 2.987162e+01
      vertex   -1.879358e+01 1.024954e+01 2.987162e+01
    endloop
  endfacet
  facet normal -4.443554e-03 -8.705521e-02 9.961936e-01
    outer loop
      vertex   -1.880148e+01 1.013391e+01 2.986148e+01
      vertex   -1.879358e+01 1.024954e+01 2.987162e+01
      vertex   -1.893306e+01 1.014063e+01 2.986148e+01
    endloop
  endfacet
  facet normal -4.443554e-03 -8.705521e-02 9.961936e-01
    outer loop
      vertex   -1.893306e+01 1.014063e+01 2.986148e+01
      vertex   -1.879358e+01 1.024954e+01 2.987162e+01
      vertex   -1.892915e+01 1.025646e+01 2.987162e+01
    endloop
  endfacet
  facet normal -1.446885e-03 -8.715653e-02 9.961936e-01
    outer loop
      vertex   -1.893306e+01 1.014063e+01 2.986148e+01
      vertex   -1.892915e+01 1.025646e+01 2.987162e+01
      vertex   -1.906480e+01 1.014281e+01 2.986148e+01
    endloop
  endfacet
  facet normal -1.446885e-03 -8.715653e-02 9.961936e-01
    outer loop
      vertex   -1.906480e+01 1.014281e+01 2.986148e+01
      vertex   -1.892915e+01 1.025646e+01 2.987162e+01
      vertex   -1.906487e+01 1.025871e+01 2.987162e+01
    endloop
  endfacet
  facet normal 1.551495e-03 -8.715473e-02 9.961936e-01
    outer loop
      vertex   -1.906480e+01 1.014281e+01 2.986148e+01
      vertex   -1.906487e+01 1.025871e+01 2.987162e+01
      vertex   -1.919653e+01 1.014047e+01 2.986148e+01
    endloop
  endfacet
  facet normal 1.551495e-03 -8.715473e-02 9.961936e-01
    outer loop
      vertex   -1.919653e+01 1.014047e+01 2.986148e+01
      vertex   -1.906487e+01 1.025871e+01 2.987162e+01
      vertex   -1.920059e+01 1.025629e+01 2.987162e+01
    endloop
  endfacet
  facet normal 4.548040e-03 -8.704981e-02 9.961936e-01
    outer loop
      vertex   -1.919653e+01 1.014047e+01 2.986148e+01
      vertex   -1.920059e+01 1.025629e+01 2.987162e+01
      vertex   -1.932810e+01 1.013359e+01 2.986148e+01
    endloop
  endfacet
  facet normal 4.548040e-03 -8.704981e-02 9.961936e-01
    outer loop
      vertex   -1.932810e+01 1.013359e+01 2.986148e+01
      vertex   -1.920059e+01 1.025629e+01 2.987162e+01
      vertex   -1.933614e+01 1.024921e+01 2.987162e+01
    endloop
  endfacet
  facet normal 7.539203e-03 -8.684189e-02 9.961936e-01
    outer loop
      vertex   -1.932810e+01 1.013359e+01 2.986148e+01
      vertex   -1.933614e+01 1.024921e+01 2.987162e+01
      vertex   -1.945936e+01 1.012220e+01 2.986148e+01
    endloop
  endfacet
  facet normal 7.539203e-03 -8.684189e-02 9.961936e-01
    outer loop
      vertex   -1.945936e+01 1.012220e+01 2.986148e+01
      vertex   -1.933614e+01 1.024921e+01 2.987162e+01
      vertex   -1.947137e+01 1.023747e+01 2.987162e+01
    endloop
  endfacet
  facet normal 1.052145e-02 -8.653123e-02 9.961936e-01
    outer loop
      vertex   -1.945936e+01 1.012220e+01 2.986148e+01
      vertex   -1.947137e+01 1.023747e+01 2.987162e+01
      vertex   -1.959015e+01 1.010630e+01 2.986148e+01
    endloop
  endfacet
  facet normal 1.052145e-02 -8.653123e-02 9.961936e-01
    outer loop
      vertex   -1.959015e+01 1.010630e+01 2.986148e+01
      vertex   -1.947137e+01 1.023747e+01 2.987162e+01
      vertex   -1.960612e+01 1.022109e+01 2.987162e+01
    endloop
  endfacet
  facet normal 1.349124e-02 -8.611818e-02 9.961936e-01
    outer loop
      vertex   -1.959015e+01 1.010630e+01 2.986148e+01
      vertex   -1.960612e+01 1.022109e+01 2.987162e+01
      vertex   -1.972032e+01 1.008590e+01 2.986148e+01
    endloop
  endfacet
  facet normal 1.349124e-02 -8.611818e-02 9.961936e-01
    outer loop
      vertex   -1.972032e+01 1.008590e+01 2.986148e+01
      vertex   -1.960612e+01 1.022109e+01 2.987162e+01
      vertex   -1.974022e+01 1.020008e+01 2.987162e+01
    endloop
  endfacet
  facet normal 1.644552e-02 -8.560316e-02 9.961936e-01
    outer loop
      vertex   -1.972032e+01 1.008590e+01 2.986148e+01
      vertex   -1.974022e+01 1.020008e+01 2.987162e+01
      vertex   -1.987357e+01 1.017446e+01 2.987162e+01
    endloop
  endfacet
  facet normal 5.476430e-03 -2.850623e-02 9.995786e-01
    outer loop
      vertex   -1.987357e+01 1.017446e+01 2.987162e+01
      vertex   -1.974022e+01 1.020008e+01 2.987162e+01
      vertex   -1.988159e+01 1.029157e+01 2.987500e+01
    endloop
  endfacet
  facet normal 6.467150e-03 -2.843821e-02 9.995746e-01
    outer loop
      vertex   -1.987357e+01 1.017446e+01 2.987162e+01
      vertex   -1.988159e+01 1.029157e+01 2.987500e+01
      vertex   -2.004473e+01 1.025447e+01 2.987500e+01
    endloop
  endfacet
  facet normal -2.321638e-02 -5.988420e-02 9.979353e-01
    outer loop
      vertex   -1.712500e+01 9.698640e+00 2.986748e+01
      vertex   -1.712500e+01 9.792151e+00 2.987309e+01
      vertex   -1.723676e+01 9.810965e+00 2.987162e+01
    endloop
  endfacet
  facet normal -1.669238e-02 -2.099524e-02 9.996402e-01
    outer loop
      vertex   -1.723676e+01 9.810965e+00 2.987162e+01
      vertex   -1.712500e+01 9.792151e+00 2.987309e+01
      vertex   -1.712500e+01 9.883214e+00 2.987500e+01
    endloop
  endfacet
  facet normal -1.343680e-02 -2.602804e-02 9.995709e-01
    outer loop
      vertex   -1.723676e+01 9.810965e+00 2.987162e+01
      vertex   -1.712500e+01 9.883214e+00 2.987500e+01
      vertex   -1.727367e+01 9.959962e+00 2.987500e+01
    endloop
  endfacet
  facet normal -1.295962e-02 -2.591007e-02 9.995803e-01
    outer loop
      vertex   -1.723676e+01 9.810965e+00 2.987162e+01
      vertex   -1.727367e+01 9.959962e+00 2.987500e+01
      vertex   -1.735816e+01 9.871687e+00 2.987162e+01
    endloop
  endfacet
  facet normal -1.233135e-02 -2.651115e-02 9.995725e-01
    outer loop
      vertex   -1.735816e+01 9.871687e+00 2.987162e+01
      vertex   -1.727367e+01 9.959962e+00 2.987500e+01
      vertex   -1.742537e+01 1.003052e+01 2.987500e+01
    endloop
  endfacet
  facet normal -1.209285e-02 -2.641036e-02 9.995780e-01
    outer loop
      vertex   -1.735816e+01 9.871687e+00 2.987162e+01
      vertex   -1.742537e+01 1.003052e+01 2.987500e+01
      vertex   -1.748158e+01 9.928198e+00 2.987162e+01
    endloop
  endfacet
  facet normal -1.121218e-02 -2.689410e-02 9.995754e-01
    outer loop
      vertex   -1.748158e+01 9.928198e+00 2.987162e+01
      vertex   -1.742537e+01 1.003052e+01 2.987500e+01
      vertex   -1.760687e+01 9.980430e+00 2.987162e+01
    endloop
  endfacet
  facet normal -1.120203e-02 -2.693081e-02 9.995745e-01
    outer loop
      vertex   -1.742537e+01 1.003052e+01 2.987500e+01
      vertex   -1.757984e+01 1.009478e+01 2.987500e+01
      vertex   -1.760687e+01 9.980430e+00 2.987162e+01
    endloop
  endfacet
  facet normal -1.024075e-02 -2.715814e-02 9.995787e-01
    outer loop
      vertex   -1.760687e+01 9.980430e+00 2.987162e+01
      vertex   -1.757984e+01 1.009478e+01 2.987500e+01
      vertex   -1.773388e+01 1.002832e+01 2.987162e+01
    endloop
  endfacet
  facet normal -1.011401e-02 -2.745157e-02 9.995720e-01
    outer loop
      vertex   -1.757984e+01 1.009478e+01 2.987500e+01
      vertex   -1.773683e+01 1.015262e+01 2.987500e+01
      vertex   -1.773388e+01 1.002832e+01 2.987162e+01
    endloop
  endfacet
  facet normal -9.279579e-03 -2.743198e-02 9.995806e-01
    outer loop
      vertex   -1.773388e+01 1.002832e+01 2.987162e+01
      vertex   -1.773683e+01 1.015262e+01 2.987500e+01
      vertex   -1.786246e+01 1.007182e+01 2.987162e+01
    endloop
  endfacet
  facet normal -8.988049e-03 -2.788484e-02 9.995707e-01
    outer loop
      vertex   -1.773683e+01 1.015262e+01 2.987500e+01
      vertex   -1.789607e+01 1.020395e+01 2.987500e+01
      vertex   -1.786246e+01 1.007182e+01 2.987162e+01
    endloop
  endfacet
  facet normal -8.325099e-03 -2.771646e-02 9.995812e-01
    outer loop
      vertex   -1.786246e+01 1.007182e+01 2.987162e+01
      vertex   -1.789607e+01 1.020395e+01 2.987500e+01
      vertex   -1.799246e+01 1.011087e+01 2.987162e+01
    endloop
  endfacet
  facet normal -7.831241e-03 -2.822752e-02 9.995708e-01
    outer loop
      vertex   -1.789607e+01 1.020395e+01 2.987500e+01
      vertex   -1.805729e+01 1.024867e+01 2.987500e+01
      vertex   -1.799246e+01 1.011087e+01 2.987162e+01
    endloop
  endfacet
  facet normal -7.373833e-03 -2.801257e-02 9.995804e-01
    outer loop
      vertex   -1.799246e+01 1.011087e+01 2.987162e+01
      vertex   -1.805729e+01 1.024867e+01 2.987500e+01
      vertex   -1.812373e+01 1.014542e+01 2.987162e+01
    endloop
  endfacet
  facet normal -6.650999e-03 -2.847745e-02 9.995723e-01
    outer loop
      vertex   -1.805729e+01 1.024867e+01 2.987500e+01
      vertex   -1.822021e+01 1.028672e+01 2.987500e+01
      vertex   -1.812373e+01 1.014542e+01 2.987162e+01
    endloop
  endfacet
  facet normal -6.422345e-03 -2.832146e-02 9.995782e-01
    outer loop
      vertex   -1.812373e+01 1.014542e+01 2.987162e+01
      vertex   -1.822021e+01 1.028672e+01 2.987500e+01
      vertex   -1.825611e+01 1.017544e+01 2.987162e+01
    endloop
  endfacet
  facet normal -5.464497e-03 -2.863035e-02 9.995751e-01
    outer loop
      vertex   -1.825611e+01 1.017544e+01 2.987162e+01
      vertex   -1.822021e+01 1.028672e+01 2.987500e+01
      vertex   -1.838944e+01 1.020089e+01 2.987162e+01
    endloop
  endfacet
  facet normal -5.457134e-03 -2.864485e-02 9.995748e-01
    outer loop
      vertex   -1.838944e+01 1.020089e+01 2.987162e+01
      vertex   -1.822021e+01 1.028672e+01 2.987500e+01
      vertex   -1.838456e+01 1.031803e+01 2.987500e+01
    endloop
  endfacet
  facet normal -4.458753e-03 -2.868654e-02 9.995785e-01
    outer loop
      vertex   -1.838944e+01 1.020089e+01 2.987162e+01
      vertex   -1.838456e+01 1.031803e+01 2.987500e+01
      vertex   -1.852357e+01 1.022174e+01 2.987162e+01
    endloop
  endfacet
  facet normal -4.286382e-03 -2.893514e-02 9.995721e-01
    outer loop
      vertex   -1.852357e+01 1.022174e+01 2.987162e+01
      vertex   -1.838456e+01 1.031803e+01 2.987500e+01
      vertex   -1.855006e+01 1.034255e+01 2.987500e+01
    endloop
  endfacet
  facet normal -3.461272e-03 -2.875444e-02 9.995805e-01
    outer loop
      vertex   -1.852357e+01 1.022174e+01 2.987162e+01
      vertex   -1.855006e+01 1.034255e+01 2.987500e+01
      vertex   -1.865834e+01 1.023796e+01 2.987162e+01
    endloop
  endfacet
  facet normal -3.096141e-03 -2.913211e-02 9.995708e-01
    outer loop
      vertex   -1.865834e+01 1.023796e+01 2.987162e+01
      vertex   -1.855006e+01 1.034255e+01 2.987500e+01
      vertex   -1.871643e+01 1.036023e+01 2.987500e+01
    endloop
  endfacet
  facet normal -2.468377e-03 -2.883413e-02 9.995812e-01
    outer loop
      vertex   -1.865834e+01 1.023796e+01 2.987162e+01
      vertex   -1.871643e+01 1.036023e+01 2.987500e+01
      vertex   -1.879358e+01 1.024954e+01 2.987162e+01
    endloop
  endfacet
  facet normal -1.893966e-03 -2.923415e-02 9.995708e-01
    outer loop
      vertex   -1.879358e+01 1.024954e+01 2.987162e+01
      vertex   -1.871643e+01 1.036023e+01 2.987500e+01
      vertex   -1.888339e+01 1.037105e+01 2.987500e+01
    endloop
  endfacet
  facet normal -1.476460e-03 -2.892585e-02 9.995805e-01
    outer loop
      vertex   -1.879358e+01 1.024954e+01 2.987162e+01
      vertex   -1.888339e+01 1.037105e+01 2.987500e+01
      vertex   -1.892915e+01 1.025646e+01 2.987162e+01
    endloop
  endfacet
  facet normal -6.875580e-04 -2.924060e-02 9.995722e-01
    outer loop
      vertex   -1.892915e+01 1.025646e+01 2.987162e+01
      vertex   -1.888339e+01 1.037105e+01 2.987500e+01
      vertex   -1.905065e+01 1.037498e+01 2.987500e+01
    endloop
  endfacet
  facet normal -4.819267e-04 -2.902998e-02 9.995784e-01
    outer loop
      vertex   -1.892915e+01 1.025646e+01 2.987162e+01
      vertex   -1.905065e+01 1.037498e+01 2.987500e+01
      vertex   -1.906487e+01 1.025871e+01 2.987162e+01
    endloop
  endfacet
  facet normal 5.153619e-04 -2.915181e-02 9.995749e-01
    outer loop
      vertex   -1.906487e+01 1.025871e+01 2.987162e+01
      vertex   -1.905065e+01 1.037498e+01 2.987500e+01
      vertex   -1.921793e+01 1.037203e+01 2.987500e+01
    endloop
  endfacet
  facet normal 5.188652e-04 -2.914708e-02 9.995750e-01
    outer loop
      vertex   -1.906487e+01 1.025871e+01 2.987162e+01
      vertex   -1.921793e+01 1.037203e+01 2.987500e+01
      vertex   -1.920059e+01 1.025629e+01 2.987162e+01
    endloop
  endfacet
  facet normal 1.515034e-03 -2.899787e-02 9.995783e-01
    outer loop
      vertex   -1.920059e+01 1.025629e+01 2.987162e+01
      vertex   -1.921793e+01 1.037203e+01 2.987500e+01
      vertex   -1.933614e+01 1.024921e+01 2.987162e+01
    endloop
  endfacet
  facet normal 1.720518e-03 -2.919548e-02 9.995722e-01
    outer loop
      vertex   -1.921793e+01 1.037203e+01 2.987500e+01
      vertex   -1.938495e+01 1.036218e+01 2.987500e+01
      vertex   -1.933614e+01 1.024921e+01 2.987162e+01
    endloop
  endfacet
  facet normal 2.505203e-03 -2.885670e-02 9.995804e-01
    outer loop
      vertex   -1.933614e+01 1.024921e+01 2.987162e+01
      vertex   -1.938495e+01 1.036218e+01 2.987500e+01
      vertex   -1.947137e+01 1.023747e+01 2.987162e+01
    endloop
  endfacet
  facet normal 2.926005e-03 -2.914805e-02 9.995708e-01
    outer loop
      vertex   -1.938495e+01 1.036218e+01 2.987500e+01
      vertex   -1.955142e+01 1.034547e+01 2.987500e+01
      vertex   -1.947137e+01 1.023747e+01 2.987162e+01
    endloop
  endfacet
  facet normal 3.493083e-03 -2.872807e-02 9.995812e-01
    outer loop
      vertex   -1.947137e+01 1.023747e+01 2.987162e+01
      vertex   -1.955142e+01 1.034547e+01 2.987500e+01
      vertex   -1.960612e+01 1.022109e+01 2.987162e+01
    endloop
  endfacet
  facet normal 4.124021e-03 -2.900524e-02 9.995708e-01
    outer loop
      vertex   -1.955142e+01 1.034547e+01 2.987500e+01
      vertex   -1.971706e+01 1.032192e+01 2.987500e+01
      vertex   -1.960612e+01 1.022109e+01 2.987162e+01
    endloop
  endfacet
  facet normal 4.482255e-03 -2.861143e-02 9.995806e-01
    outer loop
      vertex   -1.960612e+01 1.022109e+01 2.987162e+01
      vertex   -1.971706e+01 1.032192e+01 2.987500e+01
      vertex   -1.974022e+01 1.020008e+01 2.987162e+01
    endloop
  endfacet
  facet normal 5.306890e-03 -2.876795e-02 9.995720e-01
    outer loop
      vertex   -1.971706e+01 1.032192e+01 2.987500e+01
      vertex   -1.988159e+01 1.029157e+01 2.987500e+01
      vertex   -1.974022e+01 1.020008e+01 2.987162e+01
    endloop
  endfacet
  facet normal 7.652710e-03 -2.822199e-02 9.995724e-01
    outer loop
      vertex   -2.020621e+01 1.021068e+01 2.987500e+01
      vertex   -2.013710e+01 1.010958e+01 2.987162e+01
      vertex   -2.004473e+01 1.025447e+01 2.987500e+01
    endloop
  endfacet
  facet normal 7.427201e-03 -2.807837e-02 9.995781e-01
    outer loop
      vertex   -2.004473e+01 1.025447e+01 2.987500e+01
      vertex   -2.013710e+01 1.010958e+01 2.987162e+01
      vertex   -2.000587e+01 1.014429e+01 2.987162e+01
    endloop
  endfacet
  facet normal 6.479066e-03 -2.841274e-02 9.995753e-01
    outer loop
      vertex   -2.004473e+01 1.025447e+01 2.987500e+01
      vertex   -2.000587e+01 1.014429e+01 2.987162e+01
      vertex   -1.987357e+01 1.017446e+01 2.987162e+01
    endloop
  endfacet
  facet normal 1.938000e-02 -8.498739e-02 9.961935e-01
    outer loop
      vertex   -1.987357e+01 1.017446e+01 2.987162e+01
      vertex   -2.000587e+01 1.014429e+01 2.987162e+01
      vertex   -1.984979e+01 1.006103e+01 2.986148e+01
    endloop
  endfacet
  facet normal 1.644586e-02 -8.560256e-02 9.961936e-01
    outer loop
      vertex   -1.987357e+01 1.017446e+01 2.987162e+01
      vertex   -1.984979e+01 1.006103e+01 2.986148e+01
      vertex   -1.972032e+01 1.008590e+01 2.986148e+01
    endloop
  endfacet
  facet normal 2.734805e-02 -1.423496e-01 9.894386e-01
    outer loop
      vertex   -1.972032e+01 1.008590e+01 2.986148e+01
      vertex   -1.984979e+01 1.006103e+01 2.986148e+01
      vertex   -1.970055e+01 9.972504e+00 2.984462e+01
    endloop
  endfacet
  facet normal 2.243463e-02 -1.432062e-01 9.894386e-01
    outer loop
      vertex   -1.972032e+01 1.008590e+01 2.986148e+01
      vertex   -1.970055e+01 9.972504e+00 2.984462e+01
      vertex   -1.959015e+01 1.010630e+01 2.986148e+01
    endloop
  endfacet
  facet normal 2.243463e-02 -1.432062e-01 9.894386e-01
    outer loop
      vertex   -1.959015e+01 1.010630e+01 2.986148e+01
      vertex   -1.970055e+01 9.972504e+00 2.984462e+01
      vertex   -1.957430e+01 9.992283e+00 2.984462e+01
    endloop
  endfacet
  facet normal 1.749615e-02 -1.438931e-01 9.894386e-01
    outer loop
      vertex   -1.959015e+01 1.010630e+01 2.986148e+01
      vertex   -1.957430e+01 9.992283e+00 2.984462e+01
      vertex   -1.945936e+01 1.012220e+01 2.986148e+01
    endloop
  endfacet
  facet normal 1.749615e-02 -1.438931e-01 9.894386e-01
    outer loop
      vertex   -1.945936e+01 1.012220e+01 2.986148e+01
      vertex   -1.957430e+01 9.992283e+00 2.984462e+01
      vertex   -1.944744e+01 1.000771e+01 2.984462e+01
    endloop
  endfacet
  facet normal 1.253697e-02 -1.444097e-01 9.894386e-01
    outer loop
      vertex   -1.945936e+01 1.012220e+01 2.986148e+01
      vertex   -1.944744e+01 1.000771e+01 2.984462e+01
      vertex   -1.932810e+01 1.013359e+01 2.986148e+01
    endloop
  endfacet
  facet normal 1.253697e-02 -1.444097e-01 9.894386e-01
    outer loop
      vertex   -1.932810e+01 1.013359e+01 2.986148e+01
      vertex   -1.944744e+01 1.000771e+01 2.984462e+01
      vertex   -1.932012e+01 1.001876e+01 2.984462e+01
    endloop
  endfacet
  facet normal 7.562950e-03 -1.447554e-01 9.894386e-01
    outer loop
      vertex   -1.932810e+01 1.013359e+01 2.986148e+01
      vertex   -1.932012e+01 1.001876e+01 2.984462e+01
      vertex   -1.919653e+01 1.014047e+01 2.986148e+01
    endloop
  endfacet
  facet normal 7.562950e-03 -1.447554e-01 9.894386e-01
    outer loop
      vertex   -1.919653e+01 1.014047e+01 2.986148e+01
      vertex   -1.932012e+01 1.001876e+01 2.984462e+01
      vertex   -1.919250e+01 1.002543e+01 2.984462e+01
    endloop
  endfacet
  facet normal 2.579986e-03 -1.449299e-01 9.894386e-01
    outer loop
      vertex   -1.919653e+01 1.014047e+01 2.986148e+01
      vertex   -1.919250e+01 1.002543e+01 2.984462e+01
      vertex   -1.906480e+01 1.014281e+01 2.986148e+01
    endloop
  endfacet
  facet normal 2.579986e-03 -1.449299e-01 9.894386e-01
    outer loop
      vertex   -1.906480e+01 1.014281e+01 2.986148e+01
      vertex   -1.919250e+01 1.002543e+01 2.984462e+01
      vertex   -1.906473e+01 1.002770e+01 2.984462e+01
    endloop
  endfacet
  facet normal -2.406030e-03 -1.449329e-01 9.894386e-01
    outer loop
      vertex   -1.906480e+01 1.014281e+01 2.986148e+01
      vertex   -1.906473e+01 1.002770e+01 2.984462e+01
      vertex   -1.893306e+01 1.014063e+01 2.986148e+01
    endloop
  endfacet
  facet normal -2.406030e-03 -1.449329e-01 9.894386e-01
    outer loop
      vertex   -1.893306e+01 1.014063e+01 2.986148e+01
      vertex   -1.906473e+01 1.002770e+01 2.984462e+01
      vertex   -1.893695e+01 1.002558e+01 2.984462e+01
    endloop
  endfacet
  facet normal -7.389200e-03 -1.447644e-01 9.894386e-01
    outer loop
      vertex   -1.893306e+01 1.014063e+01 2.986148e+01
      vertex   -1.893695e+01 1.002558e+01 2.984462e+01
      vertex   -1.880148e+01 1.013391e+01 2.986148e+01
    endloop
  endfacet
  facet normal -7.389200e-03 -1.447644e-01 9.894386e-01
    outer loop
      vertex   -1.880148e+01 1.013391e+01 2.986148e+01
      vertex   -1.893695e+01 1.002558e+01 2.984462e+01
      vertex   -1.880933e+01 1.001907e+01 2.984462e+01
    endloop
  endfacet
  facet normal -1.236363e-02 -1.444246e-01 9.894386e-01
    outer loop
      vertex   -1.880148e+01 1.013391e+01 2.986148e+01
      vertex   -1.880933e+01 1.001907e+01 2.984462e+01
      vertex   -1.867021e+01 1.012267e+01 2.986148e+01
    endloop
  endfacet
  facet normal -1.236363e-02 -1.444246e-01 9.894386e-01
    outer loop
      vertex   -1.867021e+01 1.012267e+01 2.986148e+01
      vertex   -1.880933e+01 1.001907e+01 2.984462e+01
      vertex   -1.868200e+01 1.000817e+01 2.984462e+01
    endloop
  endfacet
  facet normal -1.732343e-02 -1.439140e-01 9.894386e-01
    outer loop
      vertex   -1.867021e+01 1.012267e+01 2.986148e+01
      vertex   -1.868200e+01 1.000817e+01 2.984462e+01
      vertex   -1.853940e+01 1.010693e+01 2.986148e+01
    endloop
  endfacet
  facet normal -1.732343e-02 -1.439140e-01 9.894386e-01
    outer loop
      vertex   -1.853940e+01 1.010693e+01 2.986148e+01
      vertex   -1.868200e+01 1.000817e+01 2.984462e+01
      vertex   -1.855512e+01 9.992894e+00 2.984462e+01
    endloop
  endfacet
  facet normal -2.226273e-02 -1.432330e-01 9.894386e-01
    outer loop
      vertex   -1.853940e+01 1.010693e+01 2.986148e+01
      vertex   -1.855512e+01 9.992894e+00 2.984462e+01
      vertex   -1.840921e+01 1.008669e+01 2.986148e+01
    endloop
  endfacet
  facet normal -2.226273e-02 -1.432330e-01 9.894386e-01
    outer loop
      vertex   -1.840921e+01 1.008669e+01 2.986148e+01
      vertex   -1.855512e+01 9.992894e+00 2.984462e+01
      vertex   -1.842884e+01 9.973267e+00 2.984462e+01
    endloop
  endfacet
  facet normal -2.717569e-02 -1.423826e-01 9.894386e-01
    outer loop
      vertex   -1.840921e+01 1.008669e+01 2.986148e+01
      vertex   -1.842884e+01 9.973267e+00 2.984462e+01
      vertex   -1.827979e+01 1.006199e+01 2.986148e+01
    endloop
  endfacet
  facet normal -2.717569e-02 -1.423826e-01 9.894386e-01
    outer loop
      vertex   -1.827979e+01 1.006199e+01 2.986148e+01
      vertex   -1.842884e+01 9.973267e+00 2.984462e+01
      vertex   -1.830331e+01 9.949308e+00 2.984462e+01
    endloop
  endfacet
  facet normal -3.205649e-02 -1.413637e-01 9.894386e-01
    outer loop
      vertex   -1.827979e+01 1.006199e+01 2.986148e+01
      vertex   -1.830331e+01 9.949308e+00 2.984462e+01
      vertex   -1.815130e+01 1.003285e+01 2.986148e+01
    endloop
  endfacet
  facet normal -3.205649e-02 -1.413637e-01 9.894386e-01
    outer loop
      vertex   -1.815130e+01 1.003285e+01 2.986148e+01
      vertex   -1.830331e+01 9.949308e+00 2.984462e+01
      vertex   -1.817869e+01 9.921047e+00 2.984462e+01
    endloop
  endfacet
  facet normal -3.689937e-02 -1.401776e-01 9.894386e-01
    outer loop
      vertex   -1.815130e+01 1.003285e+01 2.986148e+01
      vertex   -1.817869e+01 9.921047e+00 2.984462e+01
      vertex   -1.802389e+01 9.999313e+00 2.986148e+01
    endloop
  endfacet
  facet normal -3.689937e-02 -1.401776e-01 9.894386e-01
    outer loop
      vertex   -1.802389e+01 9.999313e+00 2.986148e+01
      vertex   -1.817869e+01 9.921047e+00 2.984462e+01
      vertex   -1.805510e+01 9.888515e+00 2.984462e+01
    endloop
  endfacet
  facet normal -4.169859e-02 -1.388256e-01 9.894386e-01
    outer loop
      vertex   -1.802389e+01 9.999313e+00 2.986148e+01
      vertex   -1.805510e+01 9.888515e+00 2.984462e+01
      vertex   -1.789770e+01 9.961412e+00 2.986148e+01
    endloop
  endfacet
  facet normal -4.169859e-02 -1.388256e-01 9.894386e-01
    outer loop
      vertex   -1.789770e+01 9.961412e+00 2.986148e+01
      vertex   -1.805510e+01 9.888515e+00 2.984462e+01
      vertex   -1.793271e+01 9.851753e+00 2.984462e+01
    endloop
  endfacet
  facet normal -4.644847e-02 -1.373094e-01 9.894386e-01
    outer loop
      vertex   -1.789770e+01 9.961412e+00 2.986148e+01
      vertex   -1.793271e+01 9.851753e+00 2.984462e+01
      vertex   -1.777290e+01 9.919193e+00 2.986148e+01
    endloop
  endfacet
  facet normal -4.644847e-02 -1.373094e-01 9.894386e-01
    outer loop
      vertex   -1.777290e+01 9.919193e+00 2.986148e+01
      vertex   -1.793271e+01 9.851753e+00 2.984462e+01
      vertex   -1.781165e+01 9.810803e+00 2.984462e+01
    endloop
  endfacet
  facet normal -5.114340e-02 -1.356307e-01 9.894386e-01
    outer loop
      vertex   -1.777290e+01 9.919193e+00 2.986148e+01
      vertex   -1.781165e+01 9.810803e+00 2.984462e+01
      vertex   -1.764962e+01 9.872707e+00 2.986148e+01
    endloop
  endfacet
  facet normal -5.114340e-02 -1.356307e-01 9.894386e-01
    outer loop
      vertex   -1.764962e+01 9.872707e+00 2.986148e+01
      vertex   -1.781165e+01 9.810803e+00 2.984462e+01
      vertex   -1.769208e+01 9.765714e+00 2.984462e+01
    endloop
  endfacet
  facet normal -5.577781e-02 -1.337915e-01 9.894386e-01
    outer loop
      vertex   -1.764962e+01 9.872707e+00 2.986148e+01
      vertex   -1.769208e+01 9.765714e+00 2.984462e+01
      vertex   -1.752801e+01 9.822008e+00 2.986148e+01
    endloop
  endfacet
  facet normal -5.577781e-02 -1.337915e-01 9.894386e-01
    outer loop
      vertex   -1.752801e+01 9.822008e+00 2.986148e+01
      vertex   -1.769208e+01 9.765714e+00 2.984462e+01
      vertex   -1.757413e+01 9.716539e+00 2.984462e+01
    endloop
  endfacet
  facet normal -6.034622e-02 -1.317940e-01 9.894386e-01
    outer loop
      vertex   -1.752801e+01 9.822008e+00 2.986148e+01
      vertex   -1.757413e+01 9.716539e+00 2.984462e+01
      vertex   -1.740822e+01 9.767157e+00 2.986148e+01
    endloop
  endfacet
  facet normal -6.034622e-02 -1.317940e-01 9.894386e-01
    outer loop
      vertex   -1.740822e+01 9.767157e+00 2.986148e+01
      vertex   -1.757413e+01 9.716539e+00 2.984462e+01
      vertex   -1.745793e+01 9.663336e+00 2.984462e+01
    endloop
  endfacet
  facet normal -6.484324e-02 -1.296406e-01 9.894386e-01
    outer loop
      vertex   -1.740822e+01 9.767157e+00 2.986148e+01
      vertex   -1.745793e+01 9.663336e+00 2.984462e+01
      vertex   -1.729038e+01 9.708219e+00 2.986148e+01
    endloop
  endfacet
  facet normal -6.484324e-02 -1.296406e-01 9.894386e-01
    outer loop
      vertex   -1.729038e+01 9.708219e+00 2.986148e+01
      vertex   -1.745793e+01 9.663336e+00 2.984462e+01
      vertex   -1.734364e+01 9.606169e+00 2.984462e+01
    endloop
  endfacet
  facet normal -6.926353e-02 -1.273338e-01 9.894386e-01
    outer loop
      vertex   -1.729038e+01 9.708219e+00 2.986148e+01
      vertex   -1.734364e+01 9.606169e+00 2.984462e+01
      vertex   -1.717464e+01 9.645262e+00 2.986148e+01
    endloop
  endfacet
  facet normal -6.926353e-02 -1.273338e-01 9.894386e-01
    outer loop
      vertex   -1.717464e+01 9.645262e+00 2.986148e+01
      vertex   -1.734364e+01 9.606169e+00 2.984462e+01
      vertex   -1.723138e+01 9.545104e+00 2.984462e+01
    endloop
  endfacet
  facet normal 8.366719e-03 -2.773415e-02 9.995803e-01
    outer loop
      vertex   -2.013710e+01 1.010958e+01 2.987162e+01
      vertex   -2.020621e+01 1.021068e+01 2.987500e+01
      vertex   -2.026705e+01 1.007038e+01 2.987162e+01
    endloop
  endfacet
  facet normal 8.823776e-03 -2.793211e-02 9.995709e-01
    outer loop
      vertex   -2.026705e+01 1.007038e+01 2.987162e+01
      vertex   -2.020621e+01 1.021068e+01 2.987500e+01
      vertex   -2.036575e+01 1.016029e+01 2.987500e+01
    endloop
  endfacet
  facet normal 9.306363e-03 -2.740275e-02 9.995812e-01
    outer loop
      vertex   -2.026705e+01 1.007038e+01 2.987162e+01
      vertex   -2.036575e+01 1.016029e+01 2.987500e+01
      vertex   -2.039558e+01 1.002673e+01 2.987162e+01
    endloop
  endfacet
  facet normal 9.968278e-03 -2.755034e-02 9.995707e-01
    outer loop
      vertex   -2.039558e+01 1.002673e+01 2.987162e+01
      vertex   -2.036575e+01 1.016029e+01 2.987500e+01
      vertex   -2.052307e+01 1.010336e+01 2.987500e+01
    endloop
  endfacet
  facet normal 1.024952e-02 -2.708291e-02 9.995806e-01
    outer loop
      vertex   -2.039558e+01 1.002673e+01 2.987162e+01
      vertex   -2.052307e+01 1.010336e+01 2.987500e+01
      vertex   -2.052253e+01 9.978680e+00 2.987162e+01
    endloop
  endfacet
  facet normal 1.107887e-02 -2.707908e-02 9.995719e-01
    outer loop
      vertex   -2.052253e+01 9.978680e+00 2.987162e+01
      vertex   -2.052307e+01 1.010336e+01 2.987500e+01
      vertex   -2.067792e+01 1.004001e+01 2.987500e+01
    endloop
  endfacet
  facet normal 1.119963e-02 -2.677349e-02 9.995788e-01
    outer loop
      vertex   -2.052253e+01 9.978680e+00 2.987162e+01
      vertex   -2.067792e+01 1.004001e+01 2.987500e+01
      vertex   -2.064776e+01 9.926297e+00 2.987162e+01
    endloop
  endfacet
  facet normal 1.214858e-02 -2.652165e-02 9.995744e-01
    outer loop
      vertex   -2.064776e+01 9.926297e+00 2.987162e+01
      vertex   -2.067792e+01 1.004001e+01 2.987500e+01
      vertex   -2.083003e+01 9.970334e+00 2.987500e+01
    endloop
  endfacet
  facet normal -8.458158e-01 -5.263095e-01 8.714295e-02
    outer loop
      vertex   -1.728126e+01 7.378826e+00 2.810719e+01
      vertex   -1.732750e+01 7.433952e+00 2.799129e+01
      vertex   -1.728996e+01 7.373618e+00 2.799129e+01
    endloop
  endfacet
  facet normal 5.068623e-01 -8.576110e-01 8.714295e-02
    outer loop
      vertex   -2.008287e+01 8.108805e+00 2.799129e+01
      vertex   -2.008788e+01 8.117622e+00 2.810719e+01
      vertex   -2.014405e+01 8.072649e+00 2.799129e+01
    endloop
  endfacet
  facet normal 5.068623e-01 -8.576110e-01 8.714295e-02
    outer loop
      vertex   -2.014405e+01 8.072649e+00 2.799129e+01
      vertex   -2.008788e+01 8.117622e+00 2.810719e+01
      vertex   -2.014936e+01 8.081288e+00 2.810719e+01
    endloop
  endfacet
  facet normal 5.360578e-01 -8.396714e-01 8.714295e-02
    outer loop
      vertex   -2.014405e+01 8.072649e+00 2.799129e+01
      vertex   -2.014936e+01 8.081288e+00 2.810719e+01
      vertex   -2.020395e+01 8.034411e+00 2.799129e+01
    endloop
  endfacet
  facet normal 5.034274e-01 -8.517991e-01 1.449109e-01
    outer loop
      vertex   -2.014936e+01 8.081288e+00 2.810719e+01
      vertex   -2.008788e+01 8.117622e+00 2.810719e+01
      vertex   -2.009621e+01 8.132283e+00 2.822230e+01
    endloop
  endfacet
  facet normal 4.738341e-01 -8.686093e-01 1.449109e-01
    outer loop
      vertex   -2.009621e+01 8.132283e+00 2.822230e+01
      vertex   -2.008788e+01 8.117622e+00 2.810719e+01
      vertex   -2.003301e+01 8.166758e+00 2.822230e+01
    endloop
  endfacet
  facet normal 4.689982e-01 -8.597443e-01 2.021889e-01
    outer loop
      vertex   -2.009621e+01 8.132283e+00 2.822230e+01
      vertex   -2.003301e+01 8.166758e+00 2.822230e+01
      vertex   -2.004392e+01 8.187601e+00 2.833623e+01
    endloop
  endfacet
  facet normal 4.391521e-01 -8.753657e-01 2.021889e-01
    outer loop
      vertex   -2.004392e+01 8.187601e+00 2.833623e+01
      vertex   -2.003301e+01 8.166758e+00 2.822230e+01
      vertex   -1.997885e+01 8.220245e+00 2.833623e+01
    endloop
  endfacet
  facet normal 4.331383e-01 -8.633785e-01 2.587833e-01
    outer loop
      vertex   -2.004392e+01 8.187601e+00 2.833623e+01
      vertex   -1.997885e+01 8.220245e+00 2.833623e+01
      vertex   -1.999189e+01 8.247387e+00 2.844861e+01
    endloop
  endfacet
  facet normal 4.738341e-01 -8.686093e-01 1.449109e-01
    outer loop
      vertex   -2.003301e+01 8.166758e+00 2.822230e+01
      vertex   -2.008788e+01 8.117622e+00 2.810719e+01
      vertex   -2.002519e+01 8.151819e+00 2.810719e+01
    endloop
  endfacet
  facet normal 4.770672e-01 -8.745359e-01 8.714295e-02
    outer loop
      vertex   -2.002519e+01 8.151819e+00 2.810719e+01
      vertex   -2.008788e+01 8.117622e+00 2.810719e+01
      vertex   -2.008287e+01 8.108805e+00 2.799129e+01
    endloop
  endfacet
  facet normal 4.728596e-01 -8.000784e-01 3.691590e-01
    outer loop
      vertex   -2.014078e+01 8.210739e+00 2.855904e+01
      vertex   -2.016199e+01 8.248087e+00 2.866716e+01
      vertex   -2.020542e+01 8.172531e+00 2.855904e+01
    endloop
  endfacet
  facet normal 4.728596e-01 -8.000784e-01 3.691590e-01
    outer loop
      vertex   -2.020542e+01 8.172531e+00 2.855904e+01
      vertex   -2.016199e+01 8.248087e+00 2.866716e+01
      vertex   -2.022791e+01 8.209128e+00 2.866716e+01
    endloop
  endfacet
  facet normal 5.000965e-01 -7.833423e-01 3.691590e-01
    outer loop
      vertex   -2.020542e+01 8.172531e+00 2.855904e+01
      vertex   -2.022791e+01 8.209128e+00 2.866716e+01
      vertex   -2.026872e+01 8.132123e+00 2.855904e+01
    endloop
  endfacet
  facet normal 4.611397e-01 -7.802483e-01 4.225669e-01
    outer loop
      vertex   -2.022791e+01 8.209128e+00 2.866716e+01
      vertex   -2.016199e+01 8.248087e+00 2.866716e+01
      vertex   -2.018628e+01 8.290838e+00 2.877260e+01
    endloop
  endfacet
  facet normal 4.340322e-01 -7.956464e-01 4.225669e-01
    outer loop
      vertex   -2.018628e+01 8.290838e+00 2.877260e+01
      vertex   -2.016199e+01 8.248087e+00 2.866716e+01
      vertex   -2.011757e+01 8.328317e+00 2.877260e+01
    endloop
  endfacet
  facet normal 4.215328e-01 -7.727330e-01 4.745460e-01
    outer loop
      vertex   -2.018628e+01 8.290838e+00 2.877260e+01
      vertex   -2.011757e+01 8.328317e+00 2.877260e+01
      vertex   -2.014318e+01 8.377236e+00 2.887500e+01
    endloop
  endfacet
  facet normal 3.947072e-01 -7.867734e-01 4.745460e-01
    outer loop
      vertex   -2.014318e+01 8.377236e+00 2.887500e+01
      vertex   -2.011757e+01 8.328317e+00 2.877260e+01
      vertex   -2.007152e+01 8.413181e+00 2.887500e+01
    endloop
  endfacet
  facet normal 3.816676e-01 -7.607815e-01 5.249203e-01
    outer loop
      vertex   -2.014318e+01 8.377236e+00 2.887500e+01
      vertex   -2.007152e+01 8.413181e+00 2.887500e+01
      vertex   -2.009797e+01 8.468235e+00 2.897402e+01
    endloop
  endfacet
  facet normal 4.340322e-01 -7.956464e-01 4.225669e-01
    outer loop
      vertex   -2.011757e+01 8.328317e+00 2.877260e+01
      vertex   -2.016199e+01 8.248087e+00 2.866716e+01
      vertex   -2.009477e+01 8.284756e+00 2.866716e+01
    endloop
  endfacet
  facet normal 4.450632e-01 -8.158679e-01 3.691590e-01
    outer loop
      vertex   -2.009477e+01 8.284756e+00 2.866716e+01
      vertex   -2.016199e+01 8.248087e+00 2.866716e+01
      vertex   -2.014078e+01 8.210739e+00 2.855904e+01
    endloop
  endfacet
  facet normal 3.991317e-01 -6.753309e-01 6.201790e-01
    outer loop
      vertex   -2.027667e+01 8.449975e+00 2.906932e+01
      vertex   -2.031231e+01 8.512716e+00 2.916058e+01
      vertex   -2.034947e+01 8.406952e+00 2.906932e+01
    endloop
  endfacet
  facet normal 3.991317e-01 -6.753309e-01 6.201790e-01
    outer loop
      vertex   -2.034947e+01 8.406952e+00 2.906932e+01
      vertex   -2.031231e+01 8.512716e+00 2.916058e+01
      vertex   -2.038724e+01 8.468430e+00 2.916058e+01
    endloop
  endfacet
  facet normal 4.221219e-01 -6.612043e-01 6.201790e-01
    outer loop
      vertex   -2.034947e+01 8.406952e+00 2.906932e+01
      vertex   -2.038724e+01 8.468430e+00 2.916058e+01
      vertex   -2.042074e+01 8.361451e+00 2.906932e+01
    endloop
  endfacet
  facet normal 3.801096e-01 -6.431455e-01 6.647410e-01
    outer loop
      vertex   -2.038724e+01 8.468430e+00 2.916058e+01
      vertex   -2.031231e+01 8.512716e+00 2.916058e+01
      vertex   -2.035051e+01 8.579965e+00 2.924748e+01
    endloop
  endfacet
  facet normal 3.577654e-01 -6.558379e-01 6.647410e-01
    outer loop
      vertex   -2.035051e+01 8.579965e+00 2.924748e+01
      vertex   -2.031231e+01 8.512716e+00 2.916058e+01
      vertex   -2.027177e+01 8.622922e+00 2.924748e+01
    endloop
  endfacet
  facet normal 3.386507e-01 -6.207976e-01 7.070545e-01
    outer loop
      vertex   -2.035051e+01 8.579965e+00 2.924748e+01
      vertex   -2.027177e+01 8.622922e+00 2.924748e+01
      vertex   -2.030991e+01 8.695806e+00 2.932975e+01
    endloop
  endfacet
  facet normal 3.170996e-01 -6.320774e-01 7.070545e-01
    outer loop
      vertex   -2.030991e+01 8.695806e+00 2.932975e+01
      vertex   -2.027177e+01 8.622922e+00 2.924748e+01
      vertex   -2.022721e+01 8.737298e+00 2.932975e+01
    endloop
  endfacet
  facet normal 2.981280e-01 -5.942611e-01 7.469762e-01
    outer loop
      vertex   -2.030991e+01 8.695806e+00 2.932975e+01
      vertex   -2.022721e+01 8.737298e+00 2.932975e+01
      vertex   -2.026484e+01 8.815637e+00 2.940709e+01
    endloop
  endfacet
  facet normal 3.577654e-01 -6.558379e-01 6.647410e-01
    outer loop
      vertex   -2.027177e+01 8.622922e+00 2.924748e+01
      vertex   -2.031231e+01 8.512716e+00 2.916058e+01
      vertex   -2.023590e+01 8.554399e+00 2.916058e+01
    endloop
  endfacet
  facet normal 3.756694e-01 -6.886585e-01 6.201790e-01
    outer loop
      vertex   -2.023590e+01 8.554399e+00 2.916058e+01
      vertex   -2.031231e+01 8.512716e+00 2.916058e+01
      vertex   -2.027667e+01 8.449975e+00 2.906932e+01
    endloop
  endfacet
  facet normal 3.156032e-01 -5.340006e-01 7.843710e-01
    outer loop
      vertex   -2.043407e+01 8.727062e+00 2.940709e+01
      vertex   -2.047914e+01 8.806412e+00 2.947925e+01
      vertex   -2.051630e+01 8.678462e+00 2.940709e+01
    endloop
  endfacet
  facet normal 3.156032e-01 -5.340006e-01 7.843710e-01
    outer loop
      vertex   -2.051630e+01 8.678462e+00 2.940709e+01
      vertex   -2.047914e+01 8.806412e+00 2.947925e+01
      vertex   -2.056408e+01 8.756215e+00 2.947925e+01
    endloop
  endfacet
  facet normal 3.337821e-01 -5.228304e-01 7.843710e-01
    outer loop
      vertex   -2.051630e+01 8.678462e+00 2.940709e+01
      vertex   -2.056408e+01 8.756215e+00 2.947925e+01
      vertex   -2.059681e+01 8.627063e+00 2.940709e+01
    endloop
  endfacet
  facet normal 3.337821e-01 -5.228304e-01 7.843710e-01
    outer loop
      vertex   -2.059681e+01 8.627063e+00 2.940709e+01
      vertex   -2.056408e+01 8.756215e+00 2.947925e+01
      vertex   -2.064723e+01 8.703126e+00 2.947925e+01
    endloop
  endfacet
  facet normal 3.515660e-01 -5.110415e-01 7.843710e-01
    outer loop
      vertex   -2.059681e+01 8.627063e+00 2.940709e+01
      vertex   -2.064723e+01 8.703126e+00 2.947925e+01
      vertex   -2.067551e+01 8.572925e+00 2.940709e+01
    endloop
  endfacet
  facet normal 2.918635e-01 -4.938329e-01 8.191122e-01
    outer loop
      vertex   -2.047914e+01 8.806412e+00 2.947925e+01
      vertex   -2.052621e+01 8.889275e+00 2.954598e+01
      vertex   -2.056408e+01 8.756215e+00 2.947925e+01
    endloop
  endfacet
  facet normal 2.918635e-01 -4.938329e-01 8.191122e-01
    outer loop
      vertex   -2.056408e+01 8.756215e+00 2.947925e+01
      vertex   -2.052621e+01 8.889275e+00 2.954598e+01
      vertex   -2.061397e+01 8.837410e+00 2.954598e+01
    endloop
  endfacet
  facet normal 3.086749e-01 -4.835029e-01 8.191122e-01
    outer loop
      vertex   -2.056408e+01 8.756215e+00 2.947925e+01
      vertex   -2.061397e+01 8.837410e+00 2.954598e+01
      vertex   -2.064723e+01 8.703126e+00 2.947925e+01
    endloop
  endfacet
  facet normal 2.970509e-01 -5.445391e-01 7.843710e-01
    outer loop
      vertex   -2.043407e+01 8.727062e+00 2.940709e+01
      vertex   -2.039253e+01 8.853658e+00 2.947925e+01
      vertex   -2.047914e+01 8.806412e+00 2.947925e+01
    endloop
  endfacet
  facet normal 2.747067e-01 -5.035787e-01 8.191122e-01
    outer loop
      vertex   -2.047914e+01 8.806412e+00 2.947925e+01
      vertex   -2.039253e+01 8.853658e+00 2.947925e+01
      vertex   -2.043673e+01 8.938092e+00 2.954598e+01
    endloop
  endfacet
  facet normal 2.747067e-01 -5.035787e-01 8.191122e-01
    outer loop
      vertex   -2.047914e+01 8.806412e+00 2.947925e+01
      vertex   -2.043673e+01 8.938092e+00 2.954598e+01
      vertex   -2.052621e+01 8.889275e+00 2.954598e+01
    endloop
  endfacet
  facet normal 2.415033e-01 -4.086236e-01 8.801721e-01
    outer loop
      vertex   -2.057512e+01 8.975372e+00 2.960705e+01
      vertex   -2.062570e+01 9.064412e+00 2.966227e+01
      vertex   -2.066581e+01 8.921774e+00 2.960705e+01
    endloop
  endfacet
  facet normal 2.415033e-01 -4.086236e-01 8.801721e-01
    outer loop
      vertex   -2.066581e+01 8.921774e+00 2.960705e+01
      vertex   -2.062570e+01 9.064412e+00 2.966227e+01
      vertex   -2.071942e+01 9.009021e+00 2.966227e+01
    endloop
  endfacet
  facet normal 2.554140e-01 -4.000760e-01 8.801721e-01
    outer loop
      vertex   -2.066581e+01 8.921774e+00 2.960705e+01
      vertex   -2.071942e+01 9.009021e+00 2.966227e+01
      vertex   -2.075460e+01 8.865089e+00 2.960705e+01
    endloop
  endfacet
  facet normal 2.554140e-01 -4.000760e-01 8.801721e-01
    outer loop
      vertex   -2.075460e+01 8.865089e+00 2.960705e+01
      vertex   -2.071942e+01 9.009021e+00 2.966227e+01
      vertex   -2.081118e+01 8.950441e+00 2.966227e+01
    endloop
  endfacet
  facet normal 2.690225e-01 -3.910550e-01 8.801721e-01
    outer loop
      vertex   -2.075460e+01 8.865089e+00 2.960705e+01
      vertex   -2.081118e+01 8.950441e+00 2.966227e+01
      vertex   -2.084139e+01 8.805384e+00 2.960705e+01
    endloop
  endfacet
  facet normal 2.690225e-01 -3.910550e-01 8.801721e-01
    outer loop
      vertex   -2.084139e+01 8.805384e+00 2.960705e+01
      vertex   -2.081118e+01 8.950441e+00 2.966227e+01
      vertex   -2.090087e+01 8.888739e+00 2.966227e+01
    endloop
  endfacet
  facet normal 2.823127e-01 -3.815713e-01 8.801721e-01
    outer loop
      vertex   -2.084139e+01 8.805384e+00 2.960705e+01
      vertex   -2.090087e+01 8.888739e+00 2.966227e+01
      vertex   -2.092607e+01 8.742729e+00 2.960705e+01
    endloop
  endfacet
  facet normal 2.823127e-01 -3.815713e-01 8.801721e-01
    outer loop
      vertex   -2.092607e+01 8.742729e+00 2.960705e+01
      vertex   -2.090087e+01 8.888739e+00 2.966227e+01
      vertex   -2.098838e+01 8.823989e+00 2.966227e+01
    endloop
  endfacet
  facet normal 2.952688e-01 -3.716362e-01 8.801721e-01
    outer loop
      vertex   -2.092607e+01 8.742729e+00 2.960705e+01
      vertex   -2.098838e+01 8.823989e+00 2.966227e+01
      vertex   -2.100855e+01 8.677198e+00 2.960705e+01
    endloop
  endfacet
  facet normal 2.150534e-01 -3.638704e-01 9.062838e-01
    outer loop
      vertex   -2.062570e+01 9.064412e+00 2.966227e+01
      vertex   -2.067778e+01 9.156092e+00 2.971143e+01
      vertex   -2.071942e+01 9.009021e+00 2.966227e+01
    endloop
  endfacet
  facet normal 2.150534e-01 -3.638704e-01 9.062838e-01
    outer loop
      vertex   -2.071942e+01 9.009021e+00 2.966227e+01
      vertex   -2.067778e+01 9.156092e+00 2.971143e+01
      vertex   -2.077462e+01 9.098856e+00 2.971143e+01
    endloop
  endfacet
  facet normal 2.274406e-01 -3.562589e-01 9.062838e-01
    outer loop
      vertex   -2.071942e+01 9.009021e+00 2.966227e+01
      vertex   -2.077462e+01 9.098856e+00 2.971143e+01
      vertex   -2.081118e+01 8.950441e+00 2.966227e+01
    endloop
  endfacet
  facet normal 2.274406e-01 -3.562589e-01 9.062838e-01
    outer loop
      vertex   -2.081118e+01 8.950441e+00 2.966227e+01
      vertex   -2.077462e+01 9.098856e+00 2.971143e+01
      vertex   -2.086943e+01 9.038324e+00 2.971143e+01
    endloop
  endfacet
  facet normal 2.395586e-01 -3.482259e-01 9.062838e-01
    outer loop
      vertex   -2.081118e+01 8.950441e+00 2.966227e+01
      vertex   -2.086943e+01 9.038324e+00 2.971143e+01
      vertex   -2.090087e+01 8.888739e+00 2.966227e+01
    endloop
  endfacet
  facet normal 2.395586e-01 -3.482259e-01 9.062838e-01
    outer loop
      vertex   -2.090087e+01 8.888739e+00 2.966227e+01
      vertex   -2.086943e+01 9.038324e+00 2.971143e+01
      vertex   -2.096211e+01 8.974566e+00 2.971143e+01
    endloop
  endfacet
  facet normal 2.513932e-01 -3.397809e-01 9.062838e-01
    outer loop
      vertex   -2.090087e+01 8.888739e+00 2.966227e+01
      vertex   -2.096211e+01 8.974566e+00 2.971143e+01
      vertex   -2.098838e+01 8.823989e+00 2.966227e+01
    endloop
  endfacet
  facet normal 2.273069e-01 -4.166878e-01 8.801721e-01
    outer loop
      vertex   -2.062570e+01 9.064412e+00 2.966227e+01
      vertex   -2.057512e+01 8.975372e+00 2.960705e+01
      vertex   -2.053013e+01 9.116546e+00 2.966227e+01
    endloop
  endfacet
  facet normal 2.273069e-01 -4.166878e-01 8.801721e-01
    outer loop
      vertex   -2.053013e+01 9.116546e+00 2.966227e+01
      vertex   -2.057512e+01 8.975372e+00 2.960705e+01
      vertex   -2.048264e+01 9.025820e+00 2.960705e+01
    endloop
  endfacet
  facet normal 2.128415e-01 -4.242589e-01 8.801721e-01
    outer loop
      vertex   -2.053013e+01 9.116546e+00 2.966227e+01
      vertex   -2.048264e+01 9.025820e+00 2.960705e+01
      vertex   -2.043282e+01 9.165362e+00 2.966227e+01
    endloop
  endfacet
  facet normal 2.128415e-01 -4.242589e-01 8.801721e-01
    outer loop
      vertex   -2.043282e+01 9.165362e+00 2.966227e+01
      vertex   -2.048264e+01 9.025820e+00 2.960705e+01
      vertex   -2.038848e+01 9.073057e+00 2.960705e+01
    endloop
  endfacet
  facet normal 1.878753e-01 -3.178850e-01 9.293288e-01
    outer loop
      vertex   -2.067778e+01 9.156092e+00 2.971143e+01
      vertex   -2.073118e+01 9.250102e+00 2.975439e+01
      vertex   -2.077462e+01 9.098856e+00 2.971143e+01
    endloop
  endfacet
  facet normal 1.878753e-01 -3.178850e-01 9.293288e-01
    outer loop
      vertex   -2.077462e+01 9.098856e+00 2.971143e+01
      vertex   -2.073118e+01 9.250102e+00 2.975439e+01
      vertex   -2.083122e+01 9.190975e+00 2.975439e+01
    endloop
  endfacet
  facet normal 1.986970e-01 -3.112355e-01 9.293288e-01
    outer loop
      vertex   -2.077462e+01 9.098856e+00 2.971143e+01
      vertex   -2.083122e+01 9.190975e+00 2.975439e+01
      vertex   -2.086943e+01 9.038324e+00 2.971143e+01
    endloop
  endfacet
  facet normal 1.986970e-01 -3.112355e-01 9.293288e-01
    outer loop
      vertex   -2.086943e+01 9.038324e+00 2.971143e+01
      vertex   -2.083122e+01 9.190975e+00 2.975439e+01
      vertex   -2.092917e+01 9.128441e+00 2.975439e+01
    endloop
  endfacet
  facet normal 2.092836e-01 -3.042177e-01 9.293288e-01
    outer loop
      vertex   -2.086943e+01 9.038324e+00 2.971143e+01
      vertex   -2.092917e+01 9.128441e+00 2.975439e+01
      vertex   -2.096211e+01 8.974566e+00 2.971143e+01
    endloop
  endfacet
  facet normal 2.024118e-01 -3.710513e-01 9.062838e-01
    outer loop
      vertex   -2.067778e+01 9.156092e+00 2.971143e+01
      vertex   -2.062570e+01 9.064412e+00 2.966227e+01
      vertex   -2.057902e+01 9.209963e+00 2.971143e+01
    endloop
  endfacet
  facet normal 2.024118e-01 -3.710513e-01 9.062838e-01
    outer loop
      vertex   -2.057902e+01 9.209963e+00 2.971143e+01
      vertex   -2.062570e+01 9.064412e+00 2.966227e+01
      vertex   -2.053013e+01 9.116546e+00 2.966227e+01
    endloop
  endfacet
  facet normal 1.895307e-01 -3.777932e-01 9.062838e-01
    outer loop
      vertex   -2.057902e+01 9.209963e+00 2.971143e+01
      vertex   -2.053013e+01 9.116546e+00 2.966227e+01
      vertex   -2.047847e+01 9.260405e+00 2.971143e+01
    endloop
  endfacet
  facet normal 1.895307e-01 -3.777932e-01 9.062838e-01
    outer loop
      vertex   -2.047847e+01 9.260405e+00 2.971143e+01
      vertex   -2.053013e+01 9.116546e+00 2.966227e+01
      vertex   -2.043282e+01 9.165362e+00 2.966227e+01
    endloop
  endfacet
  facet normal 1.600610e-01 -2.708233e-01 9.492287e-01
    outer loop
      vertex   -2.073118e+01 9.250102e+00 2.975439e+01
      vertex   -2.078572e+01 9.346126e+00 2.979098e+01
      vertex   -2.083122e+01 9.190975e+00 2.975439e+01
    endloop
  endfacet
  facet normal 1.600610e-01 -2.708233e-01 9.492287e-01
    outer loop
      vertex   -2.083122e+01 9.190975e+00 2.975439e+01
      vertex   -2.078572e+01 9.346126e+00 2.979098e+01
      vertex   -2.088904e+01 9.285065e+00 2.979098e+01
    endloop
  endfacet
  facet normal 1.692806e-01 -2.651582e-01 9.492287e-01
    outer loop
      vertex   -2.083122e+01 9.190975e+00 2.975439e+01
      vertex   -2.088904e+01 9.285065e+00 2.979098e+01
      vertex   -2.092917e+01 9.128441e+00 2.975439e+01
    endloop
  endfacet
  facet normal 1.768313e-01 -3.241584e-01 9.293288e-01
    outer loop
      vertex   -2.073118e+01 9.250102e+00 2.975439e+01
      vertex   -2.067778e+01 9.156092e+00 2.971143e+01
      vertex   -2.062916e+01 9.305754e+00 2.975439e+01
    endloop
  endfacet
  facet normal 1.768313e-01 -3.241584e-01 9.293288e-01
    outer loop
      vertex   -2.062916e+01 9.305754e+00 2.975439e+01
      vertex   -2.067778e+01 9.156092e+00 2.971143e+01
      vertex   -2.057902e+01 9.209963e+00 2.971143e+01
    endloop
  endfacet
  facet normal 1.655781e-01 -3.300483e-01 9.293288e-01
    outer loop
      vertex   -2.062916e+01 9.305754e+00 2.975439e+01
      vertex   -2.057902e+01 9.209963e+00 2.971143e+01
      vertex   -2.052529e+01 9.357865e+00 2.975439e+01
    endloop
  endfacet
  facet normal 1.655781e-01 -3.300483e-01 9.293288e-01
    outer loop
      vertex   -2.052529e+01 9.357865e+00 2.975439e+01
      vertex   -2.057902e+01 9.209963e+00 2.971143e+01
      vertex   -2.047847e+01 9.260405e+00 2.971143e+01
    endloop
  endfacet
  facet normal 1.317048e-01 -2.228444e-01 9.659163e-01
    outer loop
      vertex   -2.088904e+01 9.285065e+00 2.979098e+01
      vertex   -2.078572e+01 9.346126e+00 2.979098e+01
      vertex   -2.084123e+01 9.443836e+00 2.982109e+01
    endloop
  endfacet
  facet normal 1.239627e-01 -2.272423e-01 9.659163e-01
    outer loop
      vertex   -2.084123e+01 9.443836e+00 2.982109e+01
      vertex   -2.078572e+01 9.346126e+00 2.979098e+01
      vertex   -2.073248e+01 9.503159e+00 2.982109e+01
    endloop
  endfacet
  facet normal 9.685350e-02 -1.775470e-01 9.793347e-01
    outer loop
      vertex   -2.084123e+01 9.443836e+00 2.982109e+01
      vertex   -2.073248e+01 9.503159e+00 2.982109e+01
      vertex   -2.078531e+01 9.604103e+00 2.984462e+01
    endloop
  endfacet
  facet normal 9.068993e-02 -1.807730e-01 9.793347e-01
    outer loop
      vertex   -2.078531e+01 9.604103e+00 2.984462e+01
      vertex   -2.073248e+01 9.503159e+00 2.982109e+01
      vertex   -2.067109e+01 9.661408e+00 2.984462e+01
    endloop
  endfacet
  facet normal 6.499879e-02 -1.295627e-01 9.894386e-01
    outer loop
      vertex   -2.078531e+01 9.604103e+00 2.984462e+01
      vertex   -2.067109e+01 9.661408e+00 2.984462e+01
      vertex   -2.072093e+01 9.765169e+00 2.986148e+01
    endloop
  endfacet
  facet normal 1.506521e-01 -2.761679e-01 9.492287e-01
    outer loop
      vertex   -2.078572e+01 9.346126e+00 2.979098e+01
      vertex   -2.073118e+01 9.250102e+00 2.975439e+01
      vertex   -2.068037e+01 9.403597e+00 2.979098e+01
    endloop
  endfacet
  facet normal 1.506521e-01 -2.761679e-01 9.492287e-01
    outer loop
      vertex   -2.068037e+01 9.403597e+00 2.979098e+01
      vertex   -2.073118e+01 9.250102e+00 2.975439e+01
      vertex   -2.062916e+01 9.305754e+00 2.975439e+01
    endloop
  endfacet
  facet normal 1.410649e-01 -2.811859e-01 9.492287e-01
    outer loop
      vertex   -2.068037e+01 9.403597e+00 2.979098e+01
      vertex   -2.062916e+01 9.305754e+00 2.975439e+01
      vertex   -2.057310e+01 9.457410e+00 2.979098e+01
    endloop
  endfacet
  facet normal 1.410649e-01 -2.811859e-01 9.492287e-01
    outer loop
      vertex   -2.057310e+01 9.457410e+00 2.979098e+01
      vertex   -2.062916e+01 9.305754e+00 2.975439e+01
      vertex   -2.052529e+01 9.357865e+00 2.975439e+01
    endloop
  endfacet
  facet normal 7.375170e-02 -1.247879e-01 9.894386e-01
    outer loop
      vertex   -2.106778e+01 9.575958e+00 2.986148e+01
      vertex   -2.100752e+01 9.477883e+00 2.984462e+01
      vertex   -2.095436e+01 9.642994e+00 2.986148e+01
    endloop
  endfacet
  facet normal 7.375170e-02 -1.247879e-01 9.894386e-01
    outer loop
      vertex   -2.095436e+01 9.642994e+00 2.986148e+01
      vertex   -2.100752e+01 9.477883e+00 2.984462e+01
      vertex   -2.089750e+01 9.542904e+00 2.984462e+01
    endloop
  endfacet
  facet normal 6.941632e-02 -1.272506e-01 9.894386e-01
    outer loop
      vertex   -2.095436e+01 9.642994e+00 2.986148e+01
      vertex   -2.089750e+01 9.542904e+00 2.984462e+01
      vertex   -2.083869e+01 9.706089e+00 2.986148e+01
    endloop
  endfacet
  facet normal 4.174405e-02 -7.652312e-02 9.961936e-01
    outer loop
      vertex   -2.089244e+01 9.808771e+00 2.987162e+01
      vertex   -2.095436e+01 9.642994e+00 2.986148e+01
      vertex   -2.083869e+01 9.706089e+00 2.986148e+01
    endloop
  endfacet
  facet normal 1.029025e-01 -1.741110e-01 9.793347e-01
    outer loop
      vertex   -2.089750e+01 9.542904e+00 2.984462e+01
      vertex   -2.100752e+01 9.477883e+00 2.984462e+01
      vertex   -2.094787e+01 9.380809e+00 2.982109e+01
    endloop
  endfacet
  facet normal 1.088297e-01 -1.704689e-01 9.793347e-01
    outer loop
      vertex   -2.094787e+01 9.380809e+00 2.982109e+01
      vertex   -2.100752e+01 9.477883e+00 2.984462e+01
      vertex   -2.105228e+01 9.314152e+00 2.982109e+01
    endloop
  endfacet
  facet normal 1.392910e-01 -2.181830e-01 9.659163e-01
    outer loop
      vertex   -2.094787e+01 9.380809e+00 2.982109e+01
      vertex   -2.105228e+01 9.314152e+00 2.982109e+01
      vertex   -2.099019e+01 9.220488e+00 2.979098e+01
    endloop
  endfacet
  facet normal 1.088297e-01 -1.704689e-01 9.793347e-01
    outer loop
      vertex   -2.111523e+01 9.409117e+00 2.984462e+01
      vertex   -2.105228e+01 9.314152e+00 2.982109e+01
      vertex   -2.100752e+01 9.477883e+00 2.984462e+01
    endloop
  endfacet
  facet normal 3.382747e-01 -5.723607e-01 7.469762e-01
    outer loop
      vertex   -2.043407e+01 8.727062e+00 2.940709e+01
      vertex   -2.051630e+01 8.678462e+00 2.940709e+01
      vertex   -2.047080e+01 8.604416e+00 2.932975e+01
    endloop
  endfacet
  facet normal 3.577594e-01 -5.603880e-01 7.469762e-01
    outer loop
      vertex   -2.047080e+01 8.604416e+00 2.932975e+01
      vertex   -2.051630e+01 8.678462e+00 2.940709e+01
      vertex   -2.054879e+01 8.554625e+00 2.932975e+01
    endloop
  endfacet
  facet normal 3.805257e-01 -5.960488e-01 7.070545e-01
    outer loop
      vertex   -2.047080e+01 8.604416e+00 2.932975e+01
      vertex   -2.054879e+01 8.554625e+00 2.932975e+01
      vertex   -2.050334e+01 8.486058e+00 2.924748e+01
    endloop
  endfacet
  facet normal 4.008002e-01 -5.826089e-01 7.070545e-01
    outer loop
      vertex   -2.050334e+01 8.486058e+00 2.924748e+01
      vertex   -2.054879e+01 8.554625e+00 2.932975e+01
      vertex   -2.057724e+01 8.435218e+00 2.924748e+01
    endloop
  endfacet
  facet normal 4.234229e-01 -6.154937e-01 6.647410e-01
    outer loop
      vertex   -2.050334e+01 8.486058e+00 2.924748e+01
      vertex   -2.057724e+01 8.435218e+00 2.924748e+01
      vertex   -2.053232e+01 8.372262e+00 2.916058e+01
    endloop
  endfacet
  facet normal 4.443407e-01 -6.005670e-01 6.647410e-01
    outer loop
      vertex   -2.053232e+01 8.372262e+00 2.916058e+01
      vertex   -2.057724e+01 8.435218e+00 2.924748e+01
      vertex   -2.060229e+01 8.320493e+00 2.916058e+01
    endloop
  endfacet
  facet normal 4.665772e-01 -6.306216e-01 6.201790e-01
    outer loop
      vertex   -2.053232e+01 8.372262e+00 2.916058e+01
      vertex   -2.060229e+01 8.320493e+00 2.916058e+01
      vertex   -2.055838e+01 8.263233e+00 2.906932e+01
    endloop
  endfacet
  facet normal 4.879898e-01 -6.142019e-01 6.201790e-01
    outer loop
      vertex   -2.055838e+01 8.263233e+00 2.906932e+01
      vertex   -2.060229e+01 8.320493e+00 2.916058e+01
      vertex   -2.062458e+01 8.210632e+00 2.906932e+01
    endloop
  endfacet
  facet normal 5.095953e-01 -6.413953e-01 5.735195e-01
    outer loop
      vertex   -2.055838e+01 8.263233e+00 2.906932e+01
      vertex   -2.062458e+01 8.210632e+00 2.906932e+01
      vertex   -2.058218e+01 8.159107e+00 2.897402e+01
    endloop
  endfacet
  facet normal 5.313530e-01 -6.234897e-01 5.735195e-01
    outer loop
      vertex   -2.058218e+01 8.159107e+00 2.897402e+01
      vertex   -2.062458e+01 8.210632e+00 2.906932e+01
      vertex   -2.064479e+01 8.105749e+00 2.897402e+01
    endloop
  endfacet
  facet normal 5.520829e-01 -6.478141e-01 5.249203e-01
    outer loop
      vertex   -2.058218e+01 8.159107e+00 2.897402e+01
      vertex   -2.064479e+01 8.105749e+00 2.897402e+01
      vertex   -2.060438e+01 8.059953e+00 2.887500e+01
    endloop
  endfacet
  facet normal 5.740362e-01 -6.284434e-01 5.249203e-01
    outer loop
      vertex   -2.060438e+01 8.059953e+00 2.887500e+01
      vertex   -2.064479e+01 8.105749e+00 2.897402e+01
      vertex   -2.066357e+01 8.005890e+00 2.887500e+01
    endloop
  endfacet
  facet normal 5.936479e-01 -6.499140e-01 4.745460e-01
    outer loop
      vertex   -2.060438e+01 8.059953e+00 2.887500e+01
      vertex   -2.066357e+01 8.005890e+00 2.887500e+01
      vertex   -2.062564e+01 7.965769e+00 2.877260e+01
    endloop
  endfacet
  facet normal 6.156489e-01 -6.291125e-01 4.745460e-01
    outer loop
      vertex   -2.062564e+01 7.965769e+00 2.877260e+01
      vertex   -2.066357e+01 8.005890e+00 2.887500e+01
      vertex   -2.068157e+01 7.911031e+00 2.877260e+01
    endloop
  endfacet
  facet normal 6.339044e-01 -6.477673e-01 4.225669e-01
    outer loop
      vertex   -2.062564e+01 7.965769e+00 2.877260e+01
      vertex   -2.068157e+01 7.911031e+00 2.877260e+01
      vertex   -2.064658e+01 7.876487e+00 2.866716e+01
    endloop
  endfacet
  facet normal 6.558076e-01 -6.255826e-01 4.225669e-01
    outer loop
      vertex   -2.064658e+01 7.876487e+00 2.866716e+01
      vertex   -2.068157e+01 7.911031e+00 2.877260e+01
      vertex   -2.069944e+01 7.821081e+00 2.866716e+01
    endloop
  endfacet
  facet normal 6.724751e-01 -6.414818e-01 3.691590e-01
    outer loop
      vertex   -2.064658e+01 7.876487e+00 2.866716e+01
      vertex   -2.069944e+01 7.821081e+00 2.866716e+01
      vertex   -2.066785e+01 7.791973e+00 2.855904e+01
    endloop
  endfacet
  facet normal 6.941394e-01 -6.179743e-01 3.691590e-01
    outer loop
      vertex   -2.066785e+01 7.791973e+00 2.855904e+01
      vertex   -2.069944e+01 7.821081e+00 2.866716e+01
      vertex   -2.071778e+01 7.735885e+00 2.855904e+01
    endloop
  endfacet
  facet normal 7.089953e-01 -6.312001e-01 3.145028e-01
    outer loop
      vertex   -2.066785e+01 7.791973e+00 2.855904e+01
      vertex   -2.071778e+01 7.735885e+00 2.855904e+01
      vertex   -2.069004e+01 7.712026e+00 2.844861e+01
    endloop
  endfacet
  facet normal 7.302844e-01 -6.064427e-01 3.145028e-01
    outer loop
      vertex   -2.069004e+01 7.712026e+00 2.844861e+01
      vertex   -2.071778e+01 7.735885e+00 2.855904e+01
      vertex   -2.073721e+01 7.655224e+00 2.844861e+01
    endloop
  endfacet
  facet normal 7.431158e-01 -6.170981e-01 2.587833e-01
    outer loop
      vertex   -2.069004e+01 7.712026e+00 2.844861e+01
      vertex   -2.073721e+01 7.655224e+00 2.844861e+01
      vertex   -2.071372e+01 7.636388e+00 2.833623e+01
    endloop
  endfacet
  facet normal 7.638997e-01 -5.911755e-01 2.587833e-01
    outer loop
      vertex   -2.071372e+01 7.636388e+00 2.833623e+01
      vertex   -2.073721e+01 7.655224e+00 2.844861e+01
      vertex   -2.075827e+01 7.578816e+00 2.833623e+01
    endloop
  endfacet
  facet normal 7.745057e-01 -5.993834e-01 2.021889e-01
    outer loop
      vertex   -2.071372e+01 7.636388e+00 2.833623e+01
      vertex   -2.075827e+01 7.578816e+00 2.833623e+01
      vertex   -2.073942e+01 7.564739e+00 2.822230e+01
    endloop
  endfacet
  facet normal 7.946618e-01 -5.723917e-01 2.021889e-01
    outer loop
      vertex   -2.073942e+01 7.564739e+00 2.822230e+01
      vertex   -2.075827e+01 7.578816e+00 2.833623e+01
      vertex   -2.078150e+01 7.506325e+00 2.822230e+01
    endloop
  endfacet
  facet normal 8.028557e-01 -5.782937e-01 1.449109e-01
    outer loop
      vertex   -2.073942e+01 7.564739e+00 2.822230e+01
      vertex   -2.078150e+01 7.506325e+00 2.822230e+01
      vertex   -2.076765e+01 7.496707e+00 2.810719e+01
    endloop
  endfacet
  facet normal 8.222696e-01 -5.503395e-01 1.449109e-01
    outer loop
      vertex   -2.076765e+01 7.496707e+00 2.810719e+01
      vertex   -2.078150e+01 7.506325e+00 2.822230e+01
      vertex   -2.080737e+01 7.437363e+00 2.810719e+01
    endloop
  endfacet
  facet normal 8.278801e-01 -5.540945e-01 8.714295e-02
    outer loop
      vertex   -2.076765e+01 7.496707e+00 2.810719e+01
      vertex   -2.080737e+01 7.437363e+00 2.810719e+01
      vertex   -2.079884e+01 7.431869e+00 2.799129e+01
    endloop
  endfacet
  facet normal 8.464469e-01 -5.252939e-01 8.714295e-02
    outer loop
      vertex   -2.079884e+01 7.431869e+00 2.799129e+01
      vertex   -2.080737e+01 7.437363e+00 2.810719e+01
      vertex   -2.083631e+01 7.371489e+00 2.799129e+01
    endloop
  endfacet
  facet normal 3.577594e-01 -5.603880e-01 7.469762e-01
    outer loop
      vertex   -2.054879e+01 8.554625e+00 2.932975e+01
      vertex   -2.051630e+01 8.678462e+00 2.940709e+01
      vertex   -2.059681e+01 8.627063e+00 2.940709e+01
    endloop
  endfacet
  facet normal 4.168031e-01 -7.052308e-01 5.735195e-01
    outer loop
      vertex   -2.027667e+01 8.449975e+00 2.906932e+01
      vertex   -2.034947e+01 8.406952e+00 2.906932e+01
      vertex   -2.031453e+01 8.350098e+00 2.897402e+01
    endloop
  endfacet
  facet normal 4.408111e-01 -6.904788e-01 5.735195e-01
    outer loop
      vertex   -2.031453e+01 8.350098e+00 2.897402e+01
      vertex   -2.034947e+01 8.406952e+00 2.906932e+01
      vertex   -2.038387e+01 8.305832e+00 2.897402e+01
    endloop
  endfacet
  facet normal 4.580087e-01 -7.174167e-01 5.249203e-01
    outer loop
      vertex   -2.031453e+01 8.350098e+00 2.897402e+01
      vertex   -2.038387e+01 8.305832e+00 2.897402e+01
      vertex   -2.035012e+01 8.254926e+00 2.887500e+01
    endloop
  endfacet
  facet normal 4.824114e-01 -7.012402e-01 5.249203e-01
    outer loop
      vertex   -2.035012e+01 8.254926e+00 2.887500e+01
      vertex   -2.038387e+01 8.305832e+00 2.897402e+01
      vertex   -2.041617e+01 8.209492e+00 2.887500e+01
    endloop
  endfacet
  facet normal 4.988929e-01 -7.251979e-01 4.745460e-01
    outer loop
      vertex   -2.035012e+01 8.254926e+00 2.887500e+01
      vertex   -2.041617e+01 8.209492e+00 2.887500e+01
      vertex   -2.038409e+01 8.164548e+00 2.877260e+01
    endloop
  endfacet
  facet normal 5.235390e-01 -7.076108e-01 4.745460e-01
    outer loop
      vertex   -2.038409e+01 8.164548e+00 2.877260e+01
      vertex   -2.041617e+01 8.209492e+00 2.887500e+01
      vertex   -2.044701e+01 8.117999e+00 2.877260e+01
    endloop
  endfacet
  facet normal 5.390633e-01 -7.285932e-01 4.225669e-01
    outer loop
      vertex   -2.038409e+01 8.164548e+00 2.877260e+01
      vertex   -2.044701e+01 8.117999e+00 2.877260e+01
      vertex   -2.041709e+01 8.078983e+00 2.866716e+01
    endloop
  endfacet
  facet normal 5.638025e-01 -7.096224e-01 4.225669e-01
    outer loop
      vertex   -2.041709e+01 8.078983e+00 2.866716e+01
      vertex   -2.044701e+01 8.117999e+00 2.877260e+01
      vertex   -2.047704e+01 8.031350e+00 2.866716e+01
    endloop
  endfacet
  facet normal 5.781316e-01 -7.276576e-01 3.691590e-01
    outer loop
      vertex   -2.041709e+01 8.078983e+00 2.866716e+01
      vertex   -2.047704e+01 8.031350e+00 2.866716e+01
      vertex   -2.044975e+01 7.998184e+00 2.855904e+01
    endloop
  endfacet
  facet normal 6.028154e-01 -7.073438e-01 3.691590e-01
    outer loop
      vertex   -2.044975e+01 7.998184e+00 2.855904e+01
      vertex   -2.047704e+01 8.031350e+00 2.866716e+01
      vertex   -2.050690e+01 7.949476e+00 2.855904e+01
    endloop
  endfacet
  facet normal 6.157169e-01 -7.224823e-01 3.145028e-01
    outer loop
      vertex   -2.044975e+01 7.998184e+00 2.855904e+01
      vertex   -2.050690e+01 7.949476e+00 2.855904e+01
      vertex   -2.048269e+01 7.922037e+00 2.844861e+01
    endloop
  endfacet
  facet normal 6.402006e-01 -7.008789e-01 3.145028e-01
    outer loop
      vertex   -2.048269e+01 7.922037e+00 2.844861e+01
      vertex   -2.050690e+01 7.949476e+00 2.855904e+01
      vertex   -2.053721e+01 7.872241e+00 2.844861e+01
    endloop
  endfacet
  facet normal 6.514492e-01 -7.131936e-01 2.587833e-01
    outer loop
      vertex   -2.048269e+01 7.922037e+00 2.844861e+01
      vertex   -2.053721e+01 7.872241e+00 2.844861e+01
      vertex   -2.051652e+01 7.850361e+00 2.833623e+01
    endloop
  endfacet
  facet normal 6.755922e-01 -6.903668e-01 2.587833e-01
    outer loop
      vertex   -2.051652e+01 7.850361e+00 2.833623e+01
      vertex   -2.053721e+01 7.872241e+00 2.844861e+01
      vertex   -2.056855e+01 7.799444e+00 2.833623e+01
    endloop
  endfacet
  facet normal 6.849722e-01 -6.999519e-01 2.021889e-01
    outer loop
      vertex   -2.051652e+01 7.850361e+00 2.833623e+01
      vertex   -2.056855e+01 7.799444e+00 2.833623e+01
      vertex   -2.055181e+01 7.782915e+00 2.822230e+01
    endloop
  endfacet
  facet normal 7.086400e-01 -6.759800e-01 2.021889e-01
    outer loop
      vertex   -2.055181e+01 7.782915e+00 2.822230e+01
      vertex   -2.056855e+01 7.799444e+00 2.833623e+01
      vertex   -2.060150e+01 7.730825e+00 2.822230e+01
    endloop
  endfacet
  facet normal 7.159469e-01 -6.829501e-01 1.449109e-01
    outer loop
      vertex   -2.055181e+01 7.782915e+00 2.822230e+01
      vertex   -2.060150e+01 7.730825e+00 2.822230e+01
      vertex   -2.058910e+01 7.719398e+00 2.810719e+01
    endloop
  endfacet
  facet normal 7.390117e-01 -6.579229e-01 1.449109e-01
    outer loop
      vertex   -2.058910e+01 7.719398e+00 2.810719e+01
      vertex   -2.060150e+01 7.730825e+00 2.822230e+01
      vertex   -2.063658e+01 7.666062e+00 2.810719e+01
    endloop
  endfacet
  facet normal 7.440540e-01 -6.624120e-01 8.714295e-02
    outer loop
      vertex   -2.058910e+01 7.719398e+00 2.810719e+01
      vertex   -2.063658e+01 7.666062e+00 2.810719e+01
      vertex   -2.062890e+01 7.659451e+00 2.799129e+01
    endloop
  endfacet
  facet normal 7.663958e-01 -6.364303e-01 8.714295e-02
    outer loop
      vertex   -2.062890e+01 7.659451e+00 2.799129e+01
      vertex   -2.063658e+01 7.666062e+00 2.810719e+01
      vertex   -2.067429e+01 7.604782e+00 2.799129e+01
    endloop
  endfacet
  facet normal 4.408111e-01 -6.904788e-01 5.735195e-01
    outer loop
      vertex   -2.038387e+01 8.305832e+00 2.897402e+01
      vertex   -2.034947e+01 8.406952e+00 2.906932e+01
      vertex   -2.042074e+01 8.361451e+00 2.906932e+01
    endloop
  endfacet
  facet normal 4.829797e-01 -8.172017e-01 3.145028e-01
    outer loop
      vertex   -2.014078e+01 8.210739e+00 2.855904e+01
      vertex   -2.020542e+01 8.172531e+00 2.855904e+01
      vertex   -2.018627e+01 8.141353e+00 2.844861e+01
    endloop
  endfacet
  facet normal 5.107995e-01 -8.001074e-01 3.145028e-01
    outer loop
      vertex   -2.018627e+01 8.141353e+00 2.844861e+01
      vertex   -2.020542e+01 8.172531e+00 2.855904e+01
      vertex   -2.024850e+01 8.101622e+00 2.844861e+01
    endloop
  endfacet
  facet normal 5.197745e-01 -8.141656e-01 2.587833e-01
    outer loop
      vertex   -2.018627e+01 8.141353e+00 2.844861e+01
      vertex   -2.024850e+01 8.101622e+00 2.844861e+01
      vertex   -2.023186e+01 8.076525e+00 2.833623e+01
    endloop
  endfacet
  facet normal 5.474682e-01 -7.958076e-01 2.587833e-01
    outer loop
      vertex   -2.023186e+01 8.076525e+00 2.833623e+01
      vertex   -2.024850e+01 8.101622e+00 2.844861e+01
      vertex   -2.029184e+01 8.035264e+00 2.833623e+01
    endloop
  endfacet
  facet normal 5.550693e-01 -8.068567e-01 2.021889e-01
    outer loop
      vertex   -2.023186e+01 8.076525e+00 2.833623e+01
      vertex   -2.029184e+01 8.035264e+00 2.833623e+01
      vertex   -2.027817e+01 8.016114e+00 2.822230e+01
    endloop
  endfacet
  facet normal 5.824906e-01 -7.872892e-01 2.021889e-01
    outer loop
      vertex   -2.027817e+01 8.016114e+00 2.822230e+01
      vertex   -2.029184e+01 8.035264e+00 2.833623e+01
      vertex   -2.033605e+01 7.973296e+00 2.822230e+01
    endloop
  endfacet
  facet normal 5.884968e-01 -7.954071e-01 1.449109e-01
    outer loop
      vertex   -2.027817e+01 8.016114e+00 2.822230e+01
      vertex   -2.033605e+01 7.973296e+00 2.822230e+01
      vertex   -2.032579e+01 7.959916e+00 2.810719e+01
    endloop
  endfacet
  facet normal 6.155046e-01 -7.746967e-01 1.449109e-01
    outer loop
      vertex   -2.032579e+01 7.959916e+00 2.810719e+01
      vertex   -2.033605e+01 7.973296e+00 2.822230e+01
      vertex   -2.038170e+01 7.915494e+00 2.810719e+01
    endloop
  endfacet
  facet normal 6.197043e-01 -7.799825e-01 8.714295e-02
    outer loop
      vertex   -2.032579e+01 7.959916e+00 2.810719e+01
      vertex   -2.038170e+01 7.915494e+00 2.810719e+01
      vertex   -2.037525e+01 7.907665e+00 2.799129e+01
    endloop
  endfacet
  facet normal 6.461631e-01 -7.582079e-01 8.714295e-02
    outer loop
      vertex   -2.037525e+01 7.907665e+00 2.799129e+01
      vertex   -2.038170e+01 7.915494e+00 2.810719e+01
      vertex   -2.042934e+01 7.861572e+00 2.799129e+01
    endloop
  endfacet
  facet normal 5.107995e-01 -8.001074e-01 3.145028e-01
    outer loop
      vertex   -2.024850e+01 8.101622e+00 2.844861e+01
      vertex   -2.020542e+01 8.172531e+00 2.855904e+01
      vertex   -2.026872e+01 8.132123e+00 2.855904e+01
    endloop
  endfacet
  facet normal 3.768209e-01 -5.477523e-01 7.469762e-01
    outer loop
      vertex   -2.054879e+01 8.554625e+00 2.932975e+01
      vertex   -2.059681e+01 8.627063e+00 2.940709e+01
      vertex   -2.062503e+01 8.502181e+00 2.932975e+01
    endloop
  endfacet
  facet normal 3.768209e-01 -5.477523e-01 7.469762e-01
    outer loop
      vertex   -2.062503e+01 8.502181e+00 2.932975e+01
      vertex   -2.059681e+01 8.627063e+00 2.940709e+01
      vertex   -2.067551e+01 8.572925e+00 2.940709e+01
    endloop
  endfacet
  facet normal 3.954365e-01 -5.344684e-01 7.469762e-01
    outer loop
      vertex   -2.062503e+01 8.502181e+00 2.932975e+01
      vertex   -2.067551e+01 8.572925e+00 2.940709e+01
      vertex   -2.069941e+01 8.447147e+00 2.932975e+01
    endloop
  endfacet
  facet normal 4.824114e-01 -7.012402e-01 5.249203e-01
    outer loop
      vertex   -2.041617e+01 8.209492e+00 2.887500e+01
      vertex   -2.038387e+01 8.305832e+00 2.897402e+01
      vertex   -2.045164e+01 8.259208e+00 2.897402e+01
    endloop
  endfacet
  facet normal 4.642976e-01 -6.749097e-01 5.735195e-01
    outer loop
      vertex   -2.045164e+01 8.259208e+00 2.897402e+01
      vertex   -2.038387e+01 8.305832e+00 2.897402e+01
      vertex   -2.042074e+01 8.361451e+00 2.906932e+01
    endloop
  endfacet
  facet normal 5.474682e-01 -7.958076e-01 2.587833e-01
    outer loop
      vertex   -2.029184e+01 8.035264e+00 2.833623e+01
      vertex   -2.024850e+01 8.101622e+00 2.844861e+01
      vertex   -2.030933e+01 8.059774e+00 2.844861e+01
    endloop
  endfacet
  facet normal 5.380150e-01 -7.820664e-01 3.145028e-01
    outer loop
      vertex   -2.030933e+01 8.059774e+00 2.844861e+01
      vertex   -2.024850e+01 8.101622e+00 2.844861e+01
      vertex   -2.026872e+01 8.132123e+00 2.855904e+01
    endloop
  endfacet
  facet normal 2.196226e-01 -2.968399e-01 9.293288e-01
    outer loop
      vertex   -2.111834e+01 8.993457e+00 2.975439e+01
      vertex   -2.105254e+01 8.907659e+00 2.971143e+01
      vertex   -2.102492e+01 9.062576e+00 2.975439e+01
    endloop
  endfacet
  facet normal 3.411827e-01 -4.611395e-01 8.191122e-01
    outer loop
      vertex   -2.080783e+01 8.588529e+00 2.947925e+01
      vertex   -2.078387e+01 8.724783e+00 2.954598e+01
      vertex   -2.086582e+01 8.664154e+00 2.954598e+01
    endloop
  endfacet
  facet normal 4.008002e-01 -5.826089e-01 7.070545e-01
    outer loop
      vertex   -2.054879e+01 8.554625e+00 2.932975e+01
      vertex   -2.062503e+01 8.502181e+00 2.932975e+01
      vertex   -2.057724e+01 8.435218e+00 2.924748e+01
    endloop
  endfacet
  facet normal 4.206004e-01 -5.684798e-01 7.070545e-01
    outer loop
      vertex   -2.057724e+01 8.435218e+00 2.924748e+01
      vertex   -2.062503e+01 8.502181e+00 2.932975e+01
      vertex   -2.064935e+01 8.381867e+00 2.924748e+01
    endloop
  endfacet
  facet normal 4.443407e-01 -6.005670e-01 6.647410e-01
    outer loop
      vertex   -2.057724e+01 8.435218e+00 2.924748e+01
      vertex   -2.064935e+01 8.381867e+00 2.924748e+01
      vertex   -2.060229e+01 8.320493e+00 2.916058e+01
    endloop
  endfacet
  facet normal 4.647328e-01 -5.849298e-01 6.647410e-01
    outer loop
      vertex   -2.060229e+01 8.320493e+00 2.916058e+01
      vertex   -2.064935e+01 8.381867e+00 2.924748e+01
      vertex   -2.067044e+01 8.266348e+00 2.916058e+01
    endloop
  endfacet
  facet normal 4.879898e-01 -6.142019e-01 6.201790e-01
    outer loop
      vertex   -2.060229e+01 8.320493e+00 2.916058e+01
      vertex   -2.067044e+01 8.266348e+00 2.916058e+01
      vertex   -2.062458e+01 8.210632e+00 2.906932e+01
    endloop
  endfacet
  facet normal 5.088250e-01 -5.970553e-01 6.201790e-01
    outer loop
      vertex   -2.062458e+01 8.210632e+00 2.906932e+01
      vertex   -2.067044e+01 8.266348e+00 2.916058e+01
      vertex   -2.068894e+01 8.155785e+00 2.906932e+01
    endloop
  endfacet
  facet normal 5.313530e-01 -6.234897e-01 5.735195e-01
    outer loop
      vertex   -2.062458e+01 8.210632e+00 2.906932e+01
      vertex   -2.068894e+01 8.155785e+00 2.906932e+01
      vertex   -2.064479e+01 8.105749e+00 2.897402e+01
    endloop
  endfacet
  facet normal 5.524820e-01 -6.048463e-01 5.735195e-01
    outer loop
      vertex   -2.064479e+01 8.105749e+00 2.897402e+01
      vertex   -2.068894e+01 8.155785e+00 2.906932e+01
      vertex   -2.070553e+01 8.050269e+00 2.897402e+01
    endloop
  endfacet
  facet normal 5.740362e-01 -6.284434e-01 5.249203e-01
    outer loop
      vertex   -2.064479e+01 8.105749e+00 2.897402e+01
      vertex   -2.070553e+01 8.050269e+00 2.897402e+01
      vertex   -2.066357e+01 8.005890e+00 2.887500e+01
    endloop
  endfacet
  facet normal 5.953103e-01 -6.083291e-01 5.249203e-01
    outer loop
      vertex   -2.066357e+01 8.005890e+00 2.887500e+01
      vertex   -2.070553e+01 8.050269e+00 2.897402e+01
      vertex   -2.072086e+01 7.949823e+00 2.887500e+01
    endloop
  endfacet
  facet normal 6.156489e-01 -6.291125e-01 4.745460e-01
    outer loop
      vertex   -2.066357e+01 8.005890e+00 2.887500e+01
      vertex   -2.072086e+01 7.949823e+00 2.887500e+01
      vertex   -2.068157e+01 7.911031e+00 2.877260e+01
    endloop
  endfacet
  facet normal 6.369214e-01 -6.075667e-01 4.745460e-01
    outer loop
      vertex   -2.068157e+01 7.911031e+00 2.877260e+01
      vertex   -2.072086e+01 7.949823e+00 2.887500e+01
      vertex   -2.073559e+01 7.854401e+00 2.877260e+01
    endloop
  endfacet
  facet normal 6.558076e-01 -6.255826e-01 4.225669e-01
    outer loop
      vertex   -2.068157e+01 7.911031e+00 2.877260e+01
      vertex   -2.073559e+01 7.854401e+00 2.877260e+01
      vertex   -2.069944e+01 7.821081e+00 2.866716e+01
    endloop
  endfacet
  facet normal 6.769350e-01 -6.026577e-01 4.225669e-01
    outer loop
      vertex   -2.069944e+01 7.821081e+00 2.866716e+01
      vertex   -2.073559e+01 7.854401e+00 2.877260e+01
      vertex   -2.075035e+01 7.763891e+00 2.866716e+01
    endloop
  endfacet
  facet normal 6.941394e-01 -6.179743e-01 3.691590e-01
    outer loop
      vertex   -2.069944e+01 7.821081e+00 2.866716e+01
      vertex   -2.075035e+01 7.763891e+00 2.866716e+01
      vertex   -2.071778e+01 7.735885e+00 2.855904e+01
    endloop
  endfacet
  facet normal 7.149823e-01 -5.937355e-01 3.691590e-01
    outer loop
      vertex   -2.071778e+01 7.735885e+00 2.855904e+01
      vertex   -2.075035e+01 7.763891e+00 2.866716e+01
      vertex   -2.076576e+01 7.678114e+00 2.855904e+01
    endloop
  endfacet
  facet normal 7.302844e-01 -6.064427e-01 3.145028e-01
    outer loop
      vertex   -2.071778e+01 7.735885e+00 2.855904e+01
      vertex   -2.076576e+01 7.678114e+00 2.855904e+01
      vertex   -2.073721e+01 7.655224e+00 2.844861e+01
    endloop
  endfacet
  facet normal 7.507094e-01 -5.809676e-01 3.145028e-01
    outer loop
      vertex   -2.073721e+01 7.655224e+00 2.844861e+01
      vertex   -2.076576e+01 7.678114e+00 2.855904e+01
      vertex   -2.078240e+01 7.596832e+00 2.844861e+01
    endloop
  endfacet
  facet normal 7.638997e-01 -5.911755e-01 2.587833e-01
    outer loop
      vertex   -2.073721e+01 7.655224e+00 2.844861e+01
      vertex   -2.078240e+01 7.596832e+00 2.844861e+01
      vertex   -2.075827e+01 7.578816e+00 2.833623e+01
    endloop
  endfacet
  facet normal 7.837797e-01 -5.645534e-01 2.587833e-01
    outer loop
      vertex   -2.075827e+01 7.578816e+00 2.833623e+01
      vertex   -2.078240e+01 7.596832e+00 2.844861e+01
      vertex   -2.080082e+01 7.519745e+00 2.833623e+01
    endloop
  endfacet
  facet normal 7.946618e-01 -5.723917e-01 2.021889e-01
    outer loop
      vertex   -2.075827e+01 7.578816e+00 2.833623e+01
      vertex   -2.080082e+01 7.519745e+00 2.833623e+01
      vertex   -2.078150e+01 7.506325e+00 2.822230e+01
    endloop
  endfacet
  facet normal 8.138776e-01 -5.447228e-01 2.021889e-01
    outer loop
      vertex   -2.078150e+01 7.506325e+00 2.822230e+01
      vertex   -2.080082e+01 7.519745e+00 2.833623e+01
      vertex   -2.082154e+01 7.446499e+00 2.822230e+01
    endloop
  endfacet
  facet normal 8.222696e-01 -5.503395e-01 1.449109e-01
    outer loop
      vertex   -2.078150e+01 7.506325e+00 2.822230e+01
      vertex   -2.082154e+01 7.446499e+00 2.822230e+01
      vertex   -2.080737e+01 7.437363e+00 2.810719e+01
    endloop
  endfacet
  facet normal 8.407107e-01 -5.217340e-01 1.449109e-01
    outer loop
      vertex   -2.080737e+01 7.437363e+00 2.810719e+01
      vertex   -2.082154e+01 7.446499e+00 2.822230e+01
      vertex   -2.084502e+01 7.376687e+00 2.810719e+01
    endloop
  endfacet
  facet normal 8.464469e-01 -5.252939e-01 8.714295e-02
    outer loop
      vertex   -2.080737e+01 7.437363e+00 2.810719e+01
      vertex   -2.084502e+01 7.376687e+00 2.810719e+01
      vertex   -2.083631e+01 7.371489e+00 2.799129e+01
    endloop
  endfacet
  facet normal 8.640123e-01 -4.958718e-01 8.714295e-02
    outer loop
      vertex   -2.083631e+01 7.371489e+00 2.799129e+01
      vertex   -2.084502e+01 7.376687e+00 2.810719e+01
      vertex   -2.087169e+01 7.309857e+00 2.799129e+01
    endloop
  endfacet
  facet normal 4.206004e-01 -5.684798e-01 7.070545e-01
    outer loop
      vertex   -2.064935e+01 8.381867e+00 2.924748e+01
      vertex   -2.062503e+01 8.502181e+00 2.932975e+01
      vertex   -2.069941e+01 8.447147e+00 2.932975e+01
    endloop
  endfacet
  facet normal 5.235390e-01 -7.076108e-01 4.745460e-01
    outer loop
      vertex   -2.044701e+01 8.117999e+00 2.877260e+01
      vertex   -2.041617e+01 8.209492e+00 2.887500e+01
      vertex   -2.048061e+01 8.161814e+00 2.887500e+01
    endloop
  endfacet
  facet normal 5.062434e-01 -6.842341e-01 5.249203e-01
    outer loop
      vertex   -2.048061e+01 8.161814e+00 2.887500e+01
      vertex   -2.041617e+01 8.209492e+00 2.887500e+01
      vertex   -2.045164e+01 8.259208e+00 2.897402e+01
    endloop
  endfacet
  facet normal 5.824906e-01 -7.872892e-01 2.021889e-01
    outer loop
      vertex   -2.033605e+01 7.973296e+00 2.822230e+01
      vertex   -2.029184e+01 8.035264e+00 2.833623e+01
      vertex   -2.035036e+01 7.991965e+00 2.833623e+01
    endloop
  endfacet
  facet normal 5.745140e-01 -7.765081e-01 2.587833e-01
    outer loop
      vertex   -2.035036e+01 7.991965e+00 2.833623e+01
      vertex   -2.029184e+01 8.035264e+00 2.833623e+01
      vertex   -2.030933e+01 8.059774e+00 2.844861e+01
    endloop
  endfacet
  facet normal 3.568405e-01 -4.491326e-01 8.191122e-01
    outer loop
      vertex   -2.080783e+01 8.588529e+00 2.947925e+01
      vertex   -2.086582e+01 8.664154e+00 2.954598e+01
      vertex   -2.088507e+01 8.527157e+00 2.947925e+01
    endloop
  endfacet
  facet normal 3.568405e-01 -4.491326e-01 8.191122e-01
    outer loop
      vertex   -2.088507e+01 8.527157e+00 2.947925e+01
      vertex   -2.086582e+01 8.664154e+00 2.954598e+01
      vertex   -2.094563e+01 8.600742e+00 2.954598e+01
    endloop
  endfacet
  facet normal 3.720762e-01 -4.365943e-01 8.191122e-01
    outer loop
      vertex   -2.088507e+01 8.527157e+00 2.947925e+01
      vertex   -2.094563e+01 8.600742e+00 2.954598e+01
      vertex   -2.096016e+01 8.463164e+00 2.947925e+01
    endloop
  endfacet
  facet normal 3.720762e-01 -4.365943e-01 8.191122e-01
    outer loop
      vertex   -2.096016e+01 8.463164e+00 2.947925e+01
      vertex   -2.094563e+01 8.600742e+00 2.954598e+01
      vertex   -2.102321e+01 8.534623e+00 2.954598e+01
    endloop
  endfacet
  facet normal 3.868716e-01 -4.235394e-01 8.191122e-01
    outer loop
      vertex   -2.096016e+01 8.463164e+00 2.947925e+01
      vertex   -2.102321e+01 8.534623e+00 2.954598e+01
      vertex   -2.103300e+01 8.396627e+00 2.947925e+01
    endloop
  endfacet
  facet normal 3.868716e-01 -4.235394e-01 8.191122e-01
    outer loop
      vertex   -2.103300e+01 8.396627e+00 2.947925e+01
      vertex   -2.102321e+01 8.534623e+00 2.954598e+01
      vertex   -2.109848e+01 8.465875e+00 2.954598e+01
    endloop
  endfacet
  facet normal 4.647328e-01 -5.849298e-01 6.647410e-01
    outer loop
      vertex   -2.067044e+01 8.266348e+00 2.916058e+01
      vertex   -2.064935e+01 8.381867e+00 2.924748e+01
      vertex   -2.071958e+01 8.326067e+00 2.924748e+01
    endloop
  endfacet
  facet normal 4.399030e-01 -5.536780e-01 7.070545e-01
    outer loop
      vertex   -2.071958e+01 8.326067e+00 2.924748e+01
      vertex   -2.064935e+01 8.381867e+00 2.924748e+01
      vertex   -2.069941e+01 8.447147e+00 2.932975e+01
    endloop
  endfacet
  facet normal 5.638025e-01 -7.096224e-01 4.225669e-01
    outer loop
      vertex   -2.047704e+01 8.031350e+00 2.866716e+01
      vertex   -2.044701e+01 8.117999e+00 2.877260e+01
      vertex   -2.050829e+01 8.069314e+00 2.877260e+01
    endloop
  endfacet
  facet normal 5.475658e-01 -6.891864e-01 4.745460e-01
    outer loop
      vertex   -2.050829e+01 8.069314e+00 2.877260e+01
      vertex   -2.044701e+01 8.117999e+00 2.877260e+01
      vertex   -2.048061e+01 8.161814e+00 2.887500e+01
    endloop
  endfacet
  facet normal 6.155046e-01 -7.746967e-01 1.449109e-01
    outer loop
      vertex   -2.038170e+01 7.915494e+00 2.810719e+01
      vertex   -2.033605e+01 7.973296e+00 2.822230e+01
      vertex   -2.039241e+01 7.928513e+00 2.822230e+01
    endloop
  endfacet
  facet normal 6.092228e-01 -7.667902e-01 2.021889e-01
    outer loop
      vertex   -2.039241e+01 7.928513e+00 2.822230e+01
      vertex   -2.033605e+01 7.973296e+00 2.822230e+01
      vertex   -2.035036e+01 7.991965e+00 2.833623e+01
    endloop
  endfacet
  facet normal 3.858655e-01 -4.856644e-01 7.843710e-01
    outer loop
      vertex   -2.080783e+01 8.588529e+00 2.947925e+01
      vertex   -2.088507e+01 8.527157e+00 2.947925e+01
      vertex   -2.082708e+01 8.456692e+00 2.940709e+01
    endloop
  endfacet
  facet normal 4.023404e-01 -4.721063e-01 7.843710e-01
    outer loop
      vertex   -2.082708e+01 8.456692e+00 2.940709e+01
      vertex   -2.088507e+01 8.527157e+00 2.947925e+01
      vertex   -2.089978e+01 8.394736e+00 2.940709e+01
    endloop
  endfacet
  facet normal 4.312426e-01 -5.060201e-01 7.469762e-01
    outer loop
      vertex   -2.082708e+01 8.456692e+00 2.940709e+01
      vertex   -2.089978e+01 8.394736e+00 2.940709e+01
      vertex   -2.084228e+01 8.329569e+00 2.932975e+01
    endloop
  endfacet
  facet normal 4.483907e-01 -4.908893e-01 7.469762e-01
    outer loop
      vertex   -2.084228e+01 8.329569e+00 2.932975e+01
      vertex   -2.089978e+01 8.394736e+00 2.940709e+01
      vertex   -2.091060e+01 8.267165e+00 2.932975e+01
    endloop
  endfacet
  facet normal 4.769244e-01 -5.221274e-01 7.070545e-01
    outer loop
      vertex   -2.084228e+01 8.329569e+00 2.932975e+01
      vertex   -2.091060e+01 8.267165e+00 2.932975e+01
      vertex   -2.085408e+01 8.207389e+00 2.924748e+01
    endloop
  endfacet
  facet normal 4.945995e-01 -5.054160e-01 7.070545e-01
    outer loop
      vertex   -2.085408e+01 8.207389e+00 2.924748e+01
      vertex   -2.091060e+01 8.267165e+00 2.932975e+01
      vertex   -2.091819e+01 8.144651e+00 2.924748e+01
    endloop
  endfacet
  facet normal 5.225166e-01 -5.339436e-01 6.647410e-01
    outer loop
      vertex   -2.085408e+01 8.207389e+00 2.924748e+01
      vertex   -2.091819e+01 8.144651e+00 2.924748e+01
      vertex   -2.086316e+01 8.090312e+00 2.916058e+01
    endloop
  endfacet
  facet normal 5.405711e-01 -5.156571e-01 6.647410e-01
    outer loop
      vertex   -2.086316e+01 8.090312e+00 2.916058e+01
      vertex   -2.091819e+01 8.144651e+00 2.924748e+01
      vertex   -2.092323e+01 8.027332e+00 2.916058e+01
    endloop
  endfacet
  facet normal 5.676234e-01 -5.414625e-01 6.201790e-01
    outer loop
      vertex   -2.086316e+01 8.090312e+00 2.916058e+01
      vertex   -2.092323e+01 8.027332e+00 2.916058e+01
      vertex   -2.087017e+01 7.978431e+00 2.906932e+01
    endloop
  endfacet
  facet normal 5.859098e-01 -5.216203e-01 6.201790e-01
    outer loop
      vertex   -2.087017e+01 7.978431e+00 2.906932e+01
      vertex   -2.092323e+01 8.027332e+00 2.916058e+01
      vertex   -2.092640e+01 7.915275e+00 2.906932e+01
    endloop
  endfacet
  facet normal 6.118506e-01 -5.447148e-01 5.735195e-01
    outer loop
      vertex   -2.087017e+01 7.978431e+00 2.906932e+01
      vertex   -2.092640e+01 7.915275e+00 2.906932e+01
      vertex   -2.087580e+01 7.871768e+00 2.897402e+01
    endloop
  endfacet
  facet normal 6.302227e-01 -5.233495e-01 5.735195e-01
    outer loop
      vertex   -2.087580e+01 7.871768e+00 2.897402e+01
      vertex   -2.092640e+01 7.915275e+00 2.906932e+01
      vertex   -2.092836e+01 7.808482e+00 2.897402e+01
    endloop
  endfacet
  facet normal 6.548099e-01 -5.437671e-01 5.249203e-01
    outer loop
      vertex   -2.087580e+01 7.871768e+00 2.897402e+01
      vertex   -2.092836e+01 7.808482e+00 2.897402e+01
      vertex   -2.088071e+01 7.770277e+00 2.887500e+01
    endloop
  endfacet
  facet normal 6.731240e-01 -5.209249e-01 5.249203e-01
    outer loop
      vertex   -2.088071e+01 7.770277e+00 2.887500e+01
      vertex   -2.092836e+01 7.808482e+00 2.897402e+01
      vertex   -2.092977e+01 7.706882e+00 2.887500e+01
    endloop
  endfacet
  facet normal 6.961210e-01 -5.387222e-01 4.745460e-01
    outer loop
      vertex   -2.088071e+01 7.770277e+00 2.887500e+01
      vertex   -2.092977e+01 7.706882e+00 2.887500e+01
      vertex   -2.088553e+01 7.673845e+00 2.877260e+01
    endloop
  endfacet
  facet normal 7.142372e-01 -5.144622e-01 4.745460e-01
    outer loop
      vertex   -2.088553e+01 7.673845e+00 2.877260e+01
      vertex   -2.092977e+01 7.706882e+00 2.887500e+01
      vertex   -2.093127e+01 7.610342e+00 2.877260e+01
    endloop
  endfacet
  facet normal 7.354161e-01 -5.297173e-01 4.225669e-01
    outer loop
      vertex   -2.088553e+01 7.673845e+00 2.877260e+01
      vertex   -2.093127e+01 7.610342e+00 2.877260e+01
      vertex   -2.089089e+01 7.582296e+00 2.866716e+01
    endloop
  endfacet
  facet normal 7.531993e-01 -5.041111e-01 4.225669e-01
    outer loop
      vertex   -2.089089e+01 7.582296e+00 2.866716e+01
      vertex   -2.093127e+01 7.610342e+00 2.877260e+01
      vertex   -2.093348e+01 7.518662e+00 2.866716e+01
    endloop
  endfacet
  facet normal 7.723419e-01 -5.169232e-01 3.691590e-01
    outer loop
      vertex   -2.089089e+01 7.582296e+00 2.866716e+01
      vertex   -2.093348e+01 7.518662e+00 2.866716e+01
      vertex   -2.089737e+01 7.495389e+00 2.855904e+01
    endloop
  endfacet
  facet normal 7.896633e-01 -4.900547e-01 3.691590e-01
    outer loop
      vertex   -2.089737e+01 7.495389e+00 2.855904e+01
      vertex   -2.093348e+01 7.518662e+00 2.866716e+01
      vertex   -2.093697e+01 7.431583e+00 2.855904e+01
    endloop
  endfacet
  facet normal 8.065636e-01 -5.005428e-01 3.145028e-01
    outer loop
      vertex   -2.089737e+01 7.495389e+00 2.855904e+01
      vertex   -2.093697e+01 7.431583e+00 2.855904e+01
      vertex   -2.090555e+01 7.412825e+00 2.844861e+01
    endloop
  endfacet
  facet normal 8.233013e-01 -4.725070e-01 3.145028e-01
    outer loop
      vertex   -2.090555e+01 7.412825e+00 2.844861e+01
      vertex   -2.093697e+01 7.431583e+00 2.855904e+01
      vertex   -2.094230e+01 7.348787e+00 2.844861e+01
    endloop
  endfacet
  facet normal 8.377671e-01 -4.808092e-01 2.587833e-01
    outer loop
      vertex   -2.090555e+01 7.412825e+00 2.844861e+01
      vertex   -2.094230e+01 7.348787e+00 2.844861e+01
      vertex   -2.091593e+01 7.334250e+00 2.833623e+01
    endloop
  endfacet
  facet normal 8.538077e-01 -4.517119e-01 2.587833e-01
    outer loop
      vertex   -2.091593e+01 7.334250e+00 2.833623e+01
      vertex   -2.094230e+01 7.348787e+00 2.844861e+01
      vertex   -2.094998e+01 7.269902e+00 2.833623e+01
    endloop
  endfacet
  facet normal 8.656620e-01 -4.579835e-01 2.021889e-01
    outer loop
      vertex   -2.091593e+01 7.334250e+00 2.833623e+01
      vertex   -2.094998e+01 7.269902e+00 2.833623e+01
      vertex   -2.092900e+01 7.259259e+00 2.822230e+01
    endloop
  endfacet
  facet normal 8.809011e-01 -4.279403e-01 2.021889e-01
    outer loop
      vertex   -2.092900e+01 7.259259e+00 2.822230e+01
      vertex   -2.094998e+01 7.269902e+00 2.833623e+01
      vertex   -2.096045e+01 7.194506e+00 2.822230e+01
    endloop
  endfacet
  facet normal 8.899842e-01 -4.323529e-01 1.449109e-01
    outer loop
      vertex   -2.092900e+01 7.259259e+00 2.822230e+01
      vertex   -2.096045e+01 7.194506e+00 2.822230e+01
      vertex   -2.094516e+01 7.187400e+00 2.810719e+01
    endloop
  endfacet
  facet normal 9.043273e-01 -4.014884e-01 1.449109e-01
    outer loop
      vertex   -2.094516e+01 7.187400e+00 2.810719e+01
      vertex   -2.096045e+01 7.194506e+00 2.822230e+01
      vertex   -2.097414e+01 7.122133e+00 2.810719e+01
    endloop
  endfacet
  facet normal 9.104977e-01 -4.042278e-01 8.714295e-02
    outer loop
      vertex   -2.094516e+01 7.187400e+00 2.810719e+01
      vertex   -2.097414e+01 7.122133e+00 2.810719e+01
      vertex   -2.096480e+01 7.118179e+00 2.799129e+01
    endloop
  endfacet
  facet normal 9.238614e-01 -3.726745e-01 8.714295e-02
    outer loop
      vertex   -2.096480e+01 7.118179e+00 2.799129e+01
      vertex   -2.097414e+01 7.122133e+00 2.810719e+01
      vertex   -2.099139e+01 7.052277e+00 2.799129e+01
    endloop
  endfacet
  facet normal 4.023404e-01 -4.721063e-01 7.843710e-01
    outer loop
      vertex   -2.089978e+01 8.394736e+00 2.940709e+01
      vertex   -2.088507e+01 8.527157e+00 2.947925e+01
      vertex   -2.096016e+01 8.463164e+00 2.947925e+01
    endloop
  endfacet
  facet normal 5.088250e-01 -5.970553e-01 6.201790e-01
    outer loop
      vertex   -2.068894e+01 8.155785e+00 2.906932e+01
      vertex   -2.067044e+01 8.266348e+00 2.916058e+01
      vertex   -2.073668e+01 8.209891e+00 2.916058e+01
    endloop
  endfacet
  facet normal 4.845750e-01 -5.686004e-01 6.647410e-01
    outer loop
      vertex   -2.073668e+01 8.209891e+00 2.916058e+01
      vertex   -2.067044e+01 8.266348e+00 2.916058e+01
      vertex   -2.071958e+01 8.326067e+00 2.924748e+01
    endloop
  endfacet
  facet normal 6.028154e-01 -7.073438e-01 3.691590e-01
    outer loop
      vertex   -2.050690e+01 7.949476e+00 2.855904e+01
      vertex   -2.047704e+01 8.031350e+00 2.866716e+01
      vertex   -2.053532e+01 7.981684e+00 2.866716e+01
    endloop
  endfacet
  facet normal 5.878745e-01 -6.898121e-01 4.225669e-01
    outer loop
      vertex   -2.053532e+01 7.981684e+00 2.866716e+01
      vertex   -2.047704e+01 8.031350e+00 2.866716e+01
      vertex   -2.050829e+01 8.069314e+00 2.877260e+01
    endloop
  endfacet
  facet normal 6.461631e-01 -7.582079e-01 8.714295e-02
    outer loop
      vertex   -2.042934e+01 7.861572e+00 2.799129e+01
      vertex   -2.038170e+01 7.915494e+00 2.810719e+01
      vertex   -2.043605e+01 7.869175e+00 2.810719e+01
    endloop
  endfacet
  facet normal 6.417842e-01 -7.530697e-01 1.449109e-01
    outer loop
      vertex   -2.043605e+01 7.869175e+00 2.810719e+01
      vertex   -2.038170e+01 7.915494e+00 2.810719e+01
      vertex   -2.039241e+01 7.928513e+00 2.822230e+01
    endloop
  endfacet
  facet normal 4.183392e-01 -4.579895e-01 7.843710e-01
    outer loop
      vertex   -2.089978e+01 8.394736e+00 2.940709e+01
      vertex   -2.096016e+01 8.463164e+00 2.947925e+01
      vertex   -2.097031e+01 8.330315e+00 2.940709e+01
    endloop
  endfacet
  facet normal 4.183392e-01 -4.579895e-01 7.843710e-01
    outer loop
      vertex   -2.097031e+01 8.330315e+00 2.940709e+01
      vertex   -2.096016e+01 8.463164e+00 2.947925e+01
      vertex   -2.103300e+01 8.396627e+00 2.947925e+01
    endloop
  endfacet
  facet normal 4.338431e-01 -4.433309e-01 7.843710e-01
    outer loop
      vertex   -2.097031e+01 8.330315e+00 2.940709e+01
      vertex   -2.103300e+01 8.396627e+00 2.947925e+01
      vertex   -2.103858e+01 8.263507e+00 2.940709e+01
    endloop
  endfacet
  facet normal 4.338431e-01 -4.433309e-01 7.843710e-01
    outer loop
      vertex   -2.103858e+01 8.263507e+00 2.940709e+01
      vertex   -2.103300e+01 8.396627e+00 2.947925e+01
      vertex   -2.110352e+01 8.327623e+00 2.947925e+01
    endloop
  endfacet
  facet normal 5.524820e-01 -6.048463e-01 5.735195e-01
    outer loop
      vertex   -2.070553e+01 8.050269e+00 2.897402e+01
      vertex   -2.068894e+01 8.155785e+00 2.906932e+01
      vertex   -2.075137e+01 8.098757e+00 2.906932e+01
    endloop
  endfacet
  facet normal 5.290582e-01 -5.792024e-01 6.201790e-01
    outer loop
      vertex   -2.075137e+01 8.098757e+00 2.906932e+01
      vertex   -2.068894e+01 8.155785e+00 2.906932e+01
      vertex   -2.073668e+01 8.209891e+00 2.916058e+01
    endloop
  endfacet
  facet normal 6.402006e-01 -7.008789e-01 3.145028e-01
    outer loop
      vertex   -2.053721e+01 7.872241e+00 2.844861e+01
      vertex   -2.050690e+01 7.949476e+00 2.855904e+01
      vertex   -2.056235e+01 7.898831e+00 2.855904e+01
    endloop
  endfacet
  facet normal 6.267861e-01 -6.861930e-01 3.691590e-01
    outer loop
      vertex   -2.056235e+01 7.898831e+00 2.855904e+01
      vertex   -2.050690e+01 7.949476e+00 2.855904e+01
      vertex   -2.053532e+01 7.981684e+00 2.866716e+01
    endloop
  endfacet
  facet normal 6.718575e-01 -7.355363e-01 8.714295e-02
    outer loop
      vertex   -2.048181e+01 7.813647e+00 2.799129e+01
      vertex   -2.042934e+01 7.861572e+00 2.799129e+01
      vertex   -2.043605e+01 7.869175e+00 2.810719e+01
    endloop
  endfacet
  facet normal 4.483907e-01 -4.908893e-01 7.469762e-01
    outer loop
      vertex   -2.089978e+01 8.394736e+00 2.940709e+01
      vertex   -2.097031e+01 8.330315e+00 2.940709e+01
      vertex   -2.091060e+01 8.267165e+00 2.932975e+01
    endloop
  endfacet
  facet normal 4.650083e-01 -4.751776e-01 7.469762e-01
    outer loop
      vertex   -2.091060e+01 8.267165e+00 2.932975e+01
      vertex   -2.097031e+01 8.330315e+00 2.940709e+01
      vertex   -2.097673e+01 8.202448e+00 2.932975e+01
    endloop
  endfacet
  facet normal 4.945995e-01 -5.054160e-01 7.070545e-01
    outer loop
      vertex   -2.091060e+01 8.267165e+00 2.932975e+01
      vertex   -2.097673e+01 8.202448e+00 2.932975e+01
      vertex   -2.091819e+01 8.144651e+00 2.924748e+01
    endloop
  endfacet
  facet normal 5.116894e-01 -4.881065e-01 7.070545e-01
    outer loop
      vertex   -2.091819e+01 8.144651e+00 2.924748e+01
      vertex   -2.097673e+01 8.202448e+00 2.932975e+01
      vertex   -2.098011e+01 8.079745e+00 2.924748e+01
    endloop
  endfacet
  facet normal 5.405711e-01 -5.156571e-01 6.647410e-01
    outer loop
      vertex   -2.091819e+01 8.144651e+00 2.924748e+01
      vertex   -2.098011e+01 8.079745e+00 2.924748e+01
      vertex   -2.092323e+01 8.027332e+00 2.916058e+01
    endloop
  endfacet
  facet normal 5.579860e-01 -4.967605e-01 6.647410e-01
    outer loop
      vertex   -2.092323e+01 8.027332e+00 2.916058e+01
      vertex   -2.098011e+01 8.079745e+00 2.924748e+01
      vertex   -2.098111e+01 7.962322e+00 2.916058e+01
    endloop
  endfacet
  facet normal 5.859098e-01 -5.216203e-01 6.201790e-01
    outer loop
      vertex   -2.092323e+01 8.027332e+00 2.916058e+01
      vertex   -2.098111e+01 7.962322e+00 2.916058e+01
      vertex   -2.092640e+01 7.915275e+00 2.906932e+01
    endloop
  endfacet
  facet normal 6.035029e-01 -5.011608e-01 6.201790e-01
    outer loop
      vertex   -2.092640e+01 7.915275e+00 2.906932e+01
      vertex   -2.098111e+01 7.962322e+00 2.916058e+01
      vertex   -2.098042e+01 7.850223e+00 2.906932e+01
    endloop
  endfacet
  facet normal 6.302227e-01 -5.233495e-01 5.735195e-01
    outer loop
      vertex   -2.092640e+01 7.915275e+00 2.906932e+01
      vertex   -2.098042e+01 7.850223e+00 2.906932e+01
      vertex   -2.092836e+01 7.808482e+00 2.897402e+01
    endloop
  endfacet
  facet normal 6.478492e-01 -5.013650e-01 5.735195e-01
    outer loop
      vertex   -2.092836e+01 7.808482e+00 2.897402e+01
      vertex   -2.098042e+01 7.850223e+00 2.906932e+01
      vertex   -2.097871e+01 7.743425e+00 2.897402e+01
    endloop
  endfacet
  facet normal 6.731240e-01 -5.209249e-01 5.249203e-01
    outer loop
      vertex   -2.092836e+01 7.808482e+00 2.897402e+01
      vertex   -2.097871e+01 7.743425e+00 2.897402e+01
      vertex   -2.092977e+01 7.706882e+00 2.887500e+01
    endloop
  endfacet
  facet normal 6.906416e-01 -4.974664e-01 5.249203e-01
    outer loop
      vertex   -2.092977e+01 7.706882e+00 2.887500e+01
      vertex   -2.097871e+01 7.743425e+00 2.897402e+01
      vertex   -2.097662e+01 7.641837e+00 2.887500e+01
    endloop
  endfacet
  facet normal 7.142372e-01 -5.144622e-01 4.745460e-01
    outer loop
      vertex   -2.092977e+01 7.706882e+00 2.887500e+01
      vertex   -2.097662e+01 7.641837e+00 2.887500e+01
      vertex   -2.093127e+01 7.610342e+00 2.877260e+01
    endloop
  endfacet
  facet normal 7.315083e-01 -4.895935e-01 4.745460e-01
    outer loop
      vertex   -2.093127e+01 7.610342e+00 2.877260e+01
      vertex   -2.097662e+01 7.641837e+00 2.887500e+01
      vertex   -2.097480e+01 7.545302e+00 2.877260e+01
    endloop
  endfacet
  facet normal 7.531993e-01 -5.041111e-01 4.225669e-01
    outer loop
      vertex   -2.093127e+01 7.610342e+00 2.877260e+01
      vertex   -2.097480e+01 7.545302e+00 2.877260e+01
      vertex   -2.093348e+01 7.518662e+00 2.866716e+01
    endloop
  endfacet
  facet normal 7.700913e-01 -4.779086e-01 4.225669e-01
    outer loop
      vertex   -2.093348e+01 7.518662e+00 2.866716e+01
      vertex   -2.097480e+01 7.545302e+00 2.877260e+01
      vertex   -2.097385e+01 7.453601e+00 2.866716e+01
    endloop
  endfacet
  facet normal 7.896633e-01 -4.900547e-01 3.691590e-01
    outer loop
      vertex   -2.093348e+01 7.518662e+00 2.866716e+01
      vertex   -2.097385e+01 7.453601e+00 2.866716e+01
      vertex   -2.093697e+01 7.431583e+00 2.855904e+01
    endloop
  endfacet
  facet normal 8.060503e-01 -4.626063e-01 3.691590e-01
    outer loop
      vertex   -2.093697e+01 7.431583e+00 2.855904e+01
      vertex   -2.097385e+01 7.453601e+00 2.866716e+01
      vertex   -2.097435e+01 7.366453e+00 2.855904e+01
    endloop
  endfacet
  facet normal 8.233013e-01 -4.725070e-01 3.145028e-01
    outer loop
      vertex   -2.093697e+01 7.431583e+00 2.855904e+01
      vertex   -2.097435e+01 7.366453e+00 2.855904e+01
      vertex   -2.094230e+01 7.348787e+00 2.844861e+01
    endloop
  endfacet
  facet normal 8.390649e-01 -4.439122e-01 3.145028e-01
    outer loop
      vertex   -2.094230e+01 7.348787e+00 2.844861e+01
      vertex   -2.097435e+01 7.366453e+00 2.855904e+01
      vertex   -2.097683e+01 7.283523e+00 2.844861e+01
    endloop
  endfacet
  facet normal 8.538077e-01 -4.517119e-01 2.587833e-01
    outer loop
      vertex   -2.094230e+01 7.348787e+00 2.844861e+01
      vertex   -2.097683e+01 7.283523e+00 2.844861e+01
      vertex   -2.094998e+01 7.269902e+00 2.833623e+01
    endloop
  endfacet
  facet normal 8.688380e-01 -4.220801e-01 2.587833e-01
    outer loop
      vertex   -2.094998e+01 7.269902e+00 2.833623e+01
      vertex   -2.097683e+01 7.283523e+00 2.844861e+01
      vertex   -2.098179e+01 7.204420e+00 2.833623e+01
    endloop
  endfacet
  facet normal 8.809011e-01 -4.279403e-01 2.021889e-01
    outer loop
      vertex   -2.094998e+01 7.269902e+00 2.833623e+01
      vertex   -2.098179e+01 7.204420e+00 2.833623e+01
      vertex   -2.096045e+01 7.194506e+00 2.822230e+01
    endloop
  endfacet
  facet normal 8.950978e-01 -3.973909e-01 2.021889e-01
    outer loop
      vertex   -2.096045e+01 7.194506e+00 2.822230e+01
      vertex   -2.098179e+01 7.204420e+00 2.833623e+01
      vertex   -2.098967e+01 7.128709e+00 2.822230e+01
    endloop
  endfacet
  facet normal 9.043273e-01 -4.014884e-01 1.449109e-01
    outer loop
      vertex   -2.096045e+01 7.194506e+00 2.822230e+01
      vertex   -2.098967e+01 7.128709e+00 2.822230e+01
      vertex   -2.097414e+01 7.122133e+00 2.810719e+01
    endloop
  endfacet
  facet normal 9.176005e-01 -3.701489e-01 1.449109e-01
    outer loop
      vertex   -2.097414e+01 7.122133e+00 2.810719e+01
      vertex   -2.098967e+01 7.128709e+00 2.822230e+01
      vertex   -2.100085e+01 7.055908e+00 2.810719e+01
    endloop
  endfacet
  facet normal 9.238614e-01 -3.726745e-01 8.714295e-02
    outer loop
      vertex   -2.097414e+01 7.122133e+00 2.810719e+01
      vertex   -2.100085e+01 7.055908e+00 2.810719e+01
      vertex   -2.099139e+01 7.052277e+00 2.799129e+01
    endloop
  endfacet
  facet normal 9.361320e-01 -3.406801e-01 8.714295e-02
    outer loop
      vertex   -2.099139e+01 7.052277e+00 2.799129e+01
      vertex   -2.100085e+01 7.055908e+00 2.810719e+01
      vertex   -2.101569e+01 6.985500e+00 2.799129e+01
    endloop
  endfacet
  facet normal 4.650083e-01 -4.751776e-01 7.469762e-01
    outer loop
      vertex   -2.097673e+01 8.202448e+00 2.932975e+01
      vertex   -2.097031e+01 8.330315e+00 2.940709e+01
      vertex   -2.103858e+01 8.263507e+00 2.940709e+01
    endloop
  endfacet
  facet normal 5.953103e-01 -6.083291e-01 5.249203e-01
    outer loop
      vertex   -2.072086e+01 7.949823e+00 2.887500e+01
      vertex   -2.070553e+01 8.050269e+00 2.897402e+01
      vertex   -2.076432e+01 7.992733e+00 2.897402e+01
    endloop
  endfacet
  facet normal 5.729572e-01 -5.854873e-01 5.735195e-01
    outer loop
      vertex   -2.076432e+01 7.992733e+00 2.897402e+01
      vertex   -2.070553e+01 8.050269e+00 2.897402e+01
      vertex   -2.075137e+01 8.098757e+00 2.906932e+01
    endloop
  endfacet
  facet normal 6.755922e-01 -6.903668e-01 2.587833e-01
    outer loop
      vertex   -2.056855e+01 7.799444e+00 2.833623e+01
      vertex   -2.053721e+01 7.872241e+00 2.844861e+01
      vertex   -2.058998e+01 7.820599e+00 2.844861e+01
    endloop
  endfacet
  facet normal 6.639267e-01 -6.784462e-01 3.145028e-01
    outer loop
      vertex   -2.058998e+01 7.820599e+00 2.844861e+01
      vertex   -2.053721e+01 7.872241e+00 2.844861e+01
      vertex   -2.056235e+01 7.898831e+00 2.855904e+01
    endloop
  endfacet
  facet normal 5.116894e-01 -4.881065e-01 7.070545e-01
    outer loop
      vertex   -2.098011e+01 8.079745e+00 2.924748e+01
      vertex   -2.097673e+01 8.202448e+00 2.932975e+01
      vertex   -2.104060e+01 8.135494e+00 2.932975e+01
    endloop
  endfacet
  facet normal 4.810757e-01 -4.589037e-01 7.469762e-01
    outer loop
      vertex   -2.104060e+01 8.135494e+00 2.932975e+01
      vertex   -2.097673e+01 8.202448e+00 2.932975e+01
      vertex   -2.103858e+01 8.263507e+00 2.940709e+01
    endloop
  endfacet
  facet normal 6.369214e-01 -6.075667e-01 4.745460e-01
    outer loop
      vertex   -2.073559e+01 7.854401e+00 2.877260e+01
      vertex   -2.072086e+01 7.949823e+00 2.887500e+01
      vertex   -2.077619e+01 7.891820e+00 2.887500e+01
    endloop
  endfacet
  facet normal 6.158800e-01 -5.874951e-01 5.249203e-01
    outer loop
      vertex   -2.077619e+01 7.891820e+00 2.887500e+01
      vertex   -2.072086e+01 7.949823e+00 2.887500e+01
      vertex   -2.076432e+01 7.992733e+00 2.897402e+01
    endloop
  endfacet
  facet normal 7.086400e-01 -6.759800e-01 2.021889e-01
    outer loop
      vertex   -2.060150e+01 7.730825e+00 2.822230e+01
      vertex   -2.056855e+01 7.799444e+00 2.833623e+01
      vertex   -2.061880e+01 7.746768e+00 2.833623e+01
    endloop
  endfacet
  facet normal 6.989359e-01 -6.667231e-01 2.587833e-01
    outer loop
      vertex   -2.061880e+01 7.746768e+00 2.833623e+01
      vertex   -2.056855e+01 7.799444e+00 2.833623e+01
      vertex   -2.058998e+01 7.820599e+00 2.844861e+01
    endloop
  endfacet
  facet normal 5.281738e-01 -4.702195e-01 7.070545e-01
    outer loop
      vertex   -2.110213e+01 8.066384e+00 2.932975e+01
      vertex   -2.103975e+01 8.012748e+00 2.924748e+01
      vertex   -2.104060e+01 8.135494e+00 2.932975e+01
    endloop
  endfacet
  facet normal 5.281738e-01 -4.702195e-01 7.070545e-01
    outer loop
      vertex   -2.104060e+01 8.135494e+00 2.932975e+01
      vertex   -2.103975e+01 8.012748e+00 2.924748e+01
      vertex   -2.098011e+01 8.079745e+00 2.924748e+01
    endloop
  endfacet
  facet normal 6.769350e-01 -6.026577e-01 4.225669e-01
    outer loop
      vertex   -2.075035e+01 7.763891e+00 2.866716e+01
      vertex   -2.073559e+01 7.854401e+00 2.877260e+01
      vertex   -2.078763e+01 7.795947e+00 2.877260e+01
    endloop
  endfacet
  facet normal 6.574402e-01 -5.853020e-01 4.745460e-01
    outer loop
      vertex   -2.078763e+01 7.795947e+00 2.877260e+01
      vertex   -2.073559e+01 7.854401e+00 2.877260e+01
      vertex   -2.077619e+01 7.891820e+00 2.887500e+01
    endloop
  endfacet
  facet normal 7.390117e-01 -6.579229e-01 1.449109e-01
    outer loop
      vertex   -2.063658e+01 7.666062e+00 2.810719e+01
      vertex   -2.060150e+01 7.730825e+00 2.822230e+01
      vertex   -2.064937e+01 7.677056e+00 2.822230e+01
    endloop
  endfacet
  facet normal 7.314694e-01 -6.512082e-01 2.021889e-01
    outer loop
      vertex   -2.064937e+01 7.677056e+00 2.822230e+01
      vertex   -2.060150e+01 7.730825e+00 2.822230e+01
      vertex   -2.061880e+01 7.746768e+00 2.833623e+01
    endloop
  endfacet
  facet normal 5.579860e-01 -4.967605e-01 6.647410e-01
    outer loop
      vertex   -2.098011e+01 8.079745e+00 2.924748e+01
      vertex   -2.103975e+01 8.012748e+00 2.924748e+01
      vertex   -2.098111e+01 7.962322e+00 2.916058e+01
    endloop
  endfacet
  facet normal 5.747407e-01 -4.772761e-01 6.647410e-01
    outer loop
      vertex   -2.098111e+01 7.962322e+00 2.916058e+01
      vertex   -2.103975e+01 8.012748e+00 2.924748e+01
      vertex   -2.103672e+01 7.895360e+00 2.916058e+01
    endloop
  endfacet
  facet normal 6.035029e-01 -5.011608e-01 6.201790e-01
    outer loop
      vertex   -2.098111e+01 7.962322e+00 2.916058e+01
      vertex   -2.103672e+01 7.895360e+00 2.916058e+01
      vertex   -2.098042e+01 7.850223e+00 2.906932e+01
    endloop
  endfacet
  facet normal 6.203820e-01 -4.801084e-01 6.201790e-01
    outer loop
      vertex   -2.098042e+01 7.850223e+00 2.906932e+01
      vertex   -2.103672e+01 7.895360e+00 2.916058e+01
      vertex   -2.103217e+01 7.783351e+00 2.906932e+01
    endloop
  endfacet
  facet normal 6.478492e-01 -5.013650e-01 5.735195e-01
    outer loop
      vertex   -2.098042e+01 7.850223e+00 2.906932e+01
      vertex   -2.103217e+01 7.783351e+00 2.906932e+01
      vertex   -2.097871e+01 7.743425e+00 2.897402e+01
    endloop
  endfacet
  facet normal 6.647091e-01 -4.787873e-01 5.735195e-01
    outer loop
      vertex   -2.097871e+01 7.743425e+00 2.897402e+01
      vertex   -2.103217e+01 7.783351e+00 2.906932e+01
      vertex   -2.102678e+01 7.676676e+00 2.897402e+01
    endloop
  endfacet
  facet normal 6.906416e-01 -4.974664e-01 5.249203e-01
    outer loop
      vertex   -2.097871e+01 7.743425e+00 2.897402e+01
      vertex   -2.102678e+01 7.676676e+00 2.897402e+01
      vertex   -2.097662e+01 7.641837e+00 2.887500e+01
    endloop
  endfacet
  facet normal 7.073421e-01 -4.734193e-01 5.249203e-01
    outer loop
      vertex   -2.097662e+01 7.641837e+00 2.887500e+01
      vertex   -2.102678e+01 7.676676e+00 2.897402e+01
      vertex   -2.102121e+01 7.575220e+00 2.887500e+01
    endloop
  endfacet
  facet normal 7.315083e-01 -4.895935e-01 4.745460e-01
    outer loop
      vertex   -2.097662e+01 7.641837e+00 2.887500e+01
      vertex   -2.102121e+01 7.575220e+00 2.887500e+01
      vertex   -2.097480e+01 7.545302e+00 2.877260e+01
    endloop
  endfacet
  facet normal 7.479138e-01 -4.641455e-01 4.745460e-01
    outer loop
      vertex   -2.097480e+01 7.545302e+00 2.877260e+01
      vertex   -2.102121e+01 7.575220e+00 2.887500e+01
      vertex   -2.101607e+01 7.478804e+00 2.877260e+01
    endloop
  endfacet
  facet normal 7.700913e-01 -4.779086e-01 4.225669e-01
    outer loop
      vertex   -2.097480e+01 7.545302e+00 2.877260e+01
      vertex   -2.101607e+01 7.478804e+00 2.877260e+01
      vertex   -2.097385e+01 7.453601e+00 2.866716e+01
    endloop
  endfacet
  facet normal 7.860721e-01 -4.511405e-01 4.225669e-01
    outer loop
      vertex   -2.097385e+01 7.453601e+00 2.866716e+01
      vertex   -2.101607e+01 7.478804e+00 2.877260e+01
      vertex   -2.101197e+01 7.387190e+00 2.866716e+01
    endloop
  endfacet
  facet normal 8.060503e-01 -4.626063e-01 3.691590e-01
    outer loop
      vertex   -2.097385e+01 7.453601e+00 2.866716e+01
      vertex   -2.101197e+01 7.387190e+00 2.866716e+01
      vertex   -2.097435e+01 7.366453e+00 2.855904e+01
    endloop
  endfacet
  facet normal 8.214836e-01 -4.346106e-01 3.691590e-01
    outer loop
      vertex   -2.097435e+01 7.366453e+00 2.855904e+01
      vertex   -2.101197e+01 7.387190e+00 2.866716e+01
      vertex   -2.100947e+01 7.300077e+00 2.855904e+01
    endloop
  endfacet
  facet normal 8.390649e-01 -4.439122e-01 3.145028e-01
    outer loop
      vertex   -2.097435e+01 7.366453e+00 2.855904e+01
      vertex   -2.100947e+01 7.300077e+00 2.855904e+01
      vertex   -2.097683e+01 7.283523e+00 2.844861e+01
    endloop
  endfacet
  facet normal 8.538358e-01 -4.147921e-01 3.145028e-01
    outer loop
      vertex   -2.097683e+01 7.283523e+00 2.844861e+01
      vertex   -2.100947e+01 7.300077e+00 2.855904e+01
      vertex   -2.100910e+01 7.217110e+00 2.844861e+01
    endloop
  endfacet
  facet normal 8.688380e-01 -4.220801e-01 2.587833e-01
    outer loop
      vertex   -2.097683e+01 7.283523e+00 2.844861e+01
      vertex   -2.100910e+01 7.217110e+00 2.844861e+01
      vertex   -2.098179e+01 7.204420e+00 2.833623e+01
    endloop
  endfacet
  facet normal 8.828404e-01 -3.919490e-01 2.587833e-01
    outer loop
      vertex   -2.098179e+01 7.204420e+00 2.833623e+01
      vertex   -2.100910e+01 7.217110e+00 2.844861e+01
      vertex   -2.101133e+01 7.137883e+00 2.833623e+01
    endloop
  endfacet
  facet normal 8.950978e-01 -3.973909e-01 2.021889e-01
    outer loop
      vertex   -2.098179e+01 7.204420e+00 2.833623e+01
      vertex   -2.101133e+01 7.137883e+00 2.833623e+01
      vertex   -2.098967e+01 7.128709e+00 2.822230e+01
    endloop
  endfacet
  facet normal 9.082355e-01 -3.663712e-01 2.021889e-01
    outer loop
      vertex   -2.098967e+01 7.128709e+00 2.822230e+01
      vertex   -2.101133e+01 7.137883e+00 2.833623e+01
      vertex   -2.101660e+01 7.061946e+00 2.822230e+01
    endloop
  endfacet
  facet normal 9.176005e-01 -3.701489e-01 1.449109e-01
    outer loop
      vertex   -2.098967e+01 7.128709e+00 2.822230e+01
      vertex   -2.101660e+01 7.061946e+00 2.822230e+01
      vertex   -2.100085e+01 7.055908e+00 2.810719e+01
    endloop
  endfacet
  facet normal 9.297880e-01 -3.383714e-01 1.449109e-01
    outer loop
      vertex   -2.100085e+01 7.055908e+00 2.810719e+01
      vertex   -2.101660e+01 7.061946e+00 2.822230e+01
      vertex   -2.102528e+01 6.988803e+00 2.810719e+01
    endloop
  endfacet
  facet normal 9.361320e-01 -3.406801e-01 8.714295e-02
    outer loop
      vertex   -2.100085e+01 7.055908e+00 2.810719e+01
      vertex   -2.102528e+01 6.988803e+00 2.810719e+01
      vertex   -2.101569e+01 6.985500e+00 2.799129e+01
    endloop
  endfacet
  facet normal 9.472813e-01 -3.083248e-01 8.714302e-02
    outer loop
      vertex   -2.101569e+01 6.985500e+00 2.799129e+01
      vertex   -2.102528e+01 6.988803e+00 2.810719e+01
      vertex   -2.103763e+01 6.918102e+00 2.799129e+01
    endloop
  endfacet
  facet normal 7.149823e-01 -5.937355e-01 3.691590e-01
    outer loop
      vertex   -2.076576e+01 7.678114e+00 2.855904e+01
      vertex   -2.075035e+01 7.763891e+00 2.866716e+01
      vertex   -2.079927e+01 7.704983e+00 2.866716e+01
    endloop
  endfacet
  facet normal 6.972614e-01 -5.790197e-01 4.225669e-01
    outer loop
      vertex   -2.079927e+01 7.704983e+00 2.866716e+01
      vertex   -2.075035e+01 7.763891e+00 2.866716e+01
      vertex   -2.078763e+01 7.795947e+00 2.877260e+01
    endloop
  endfacet
  facet normal 7.663958e-01 -6.364303e-01 8.714295e-02
    outer loop
      vertex   -2.067429e+01 7.604782e+00 2.799129e+01
      vertex   -2.063658e+01 7.666062e+00 2.810719e+01
      vertex   -2.068221e+01 7.611125e+00 2.810719e+01
    endloop
  endfacet
  facet normal 7.612020e-01 -6.321173e-01 1.449109e-01
    outer loop
      vertex   -2.068221e+01 7.611125e+00 2.810719e+01
      vertex   -2.063658e+01 7.666062e+00 2.810719e+01
      vertex   -2.064937e+01 7.677056e+00 2.822230e+01
    endloop
  endfacet
  facet normal 6.203820e-01 -4.801084e-01 6.201790e-01
    outer loop
      vertex   -2.108999e+01 7.826526e+00 2.916058e+01
      vertex   -2.103217e+01 7.783351e+00 2.906932e+01
      vertex   -2.103672e+01 7.895360e+00 2.916058e+01
    endloop
  endfacet
  facet normal 7.507094e-01 -5.809676e-01 3.145028e-01
    outer loop
      vertex   -2.078240e+01 7.596832e+00 2.844861e+01
      vertex   -2.076576e+01 7.678114e+00 2.855904e+01
      vertex   -2.081172e+01 7.618727e+00 2.855904e+01
    endloop
  endfacet
  facet normal 7.349794e-01 -5.687943e-01 3.691590e-01
    outer loop
      vertex   -2.081172e+01 7.618727e+00 2.855904e+01
      vertex   -2.076576e+01 7.678114e+00 2.855904e+01
      vertex   -2.079927e+01 7.704983e+00 2.866716e+01
    endloop
  endfacet
  facet normal 7.878308e-01 -6.096956e-01 8.714295e-02
    outer loop
      vertex   -2.071779e+01 7.548584e+00 2.799129e+01
      vertex   -2.067429e+01 7.604782e+00 2.799129e+01
      vertex   -2.068221e+01 7.611125e+00 2.810719e+01
    endloop
  endfacet
  facet normal 7.837797e-01 -5.645534e-01 2.587833e-01
    outer loop
      vertex   -2.080082e+01 7.519745e+00 2.833623e+01
      vertex   -2.078240e+01 7.596832e+00 2.844861e+01
      vertex   -2.082555e+01 7.536921e+00 2.844861e+01
    endloop
  endfacet
  facet normal 7.702461e-01 -5.548052e-01 3.145028e-01
    outer loop
      vertex   -2.082555e+01 7.536921e+00 2.844861e+01
      vertex   -2.078240e+01 7.596832e+00 2.844861e+01
      vertex   -2.081172e+01 7.618727e+00 2.855904e+01
    endloop
  endfacet
  facet normal 8.138776e-01 -5.447228e-01 2.021889e-01
    outer loop
      vertex   -2.082154e+01 7.446499e+00 2.822230e+01
      vertex   -2.080082e+01 7.519745e+00 2.833623e+01
      vertex   -2.084131e+01 7.459246e+00 2.833623e+01
    endloop
  endfacet
  facet normal 8.027324e-01 -5.372633e-01 2.587833e-01
    outer loop
      vertex   -2.084131e+01 7.459246e+00 2.833623e+01
      vertex   -2.080082e+01 7.519745e+00 2.833623e+01
      vertex   -2.082555e+01 7.536921e+00 2.844861e+01
    endloop
  endfacet
  facet normal 8.407107e-01 -5.217340e-01 1.449109e-01
    outer loop
      vertex   -2.084502e+01 7.376687e+00 2.810719e+01
      vertex   -2.082154e+01 7.446499e+00 2.822230e+01
      vertex   -2.085950e+01 7.385330e+00 2.822230e+01
    endloop
  endfacet
  facet normal 8.321305e-01 -5.164093e-01 2.021889e-01
    outer loop
      vertex   -2.085950e+01 7.385330e+00 2.822230e+01
      vertex   -2.082154e+01 7.446499e+00 2.822230e+01
      vertex   -2.084131e+01 7.459246e+00 2.833623e+01
    endloop
  endfacet
  facet normal 7.232057e-01 -4.488120e-01 5.249203e-01
    outer loop
      vertex   -2.107254e+01 7.608312e+00 2.897402e+01
      vertex   -2.111592e+01 7.538416e+00 2.897402e+01
      vertex   -2.106348e+01 7.507108e+00 2.887500e+01
    endloop
  endfacet
  facet normal 7.382136e-01 -4.236737e-01 5.249203e-01
    outer loop
      vertex   -2.106348e+01 7.507108e+00 2.887500e+01
      vertex   -2.111592e+01 7.538416e+00 2.897402e+01
      vertex   -2.110338e+01 7.437583e+00 2.887500e+01
    endloop
  endfacet
  facet normal 7.634344e-01 -4.381484e-01 4.745460e-01
    outer loop
      vertex   -2.106348e+01 7.507108e+00 2.887500e+01
      vertex   -2.110338e+01 7.437583e+00 2.887500e+01
      vertex   -2.105502e+01 7.410927e+00 2.877260e+01
    endloop
  endfacet
  facet normal 8.640123e-01 -4.958718e-01 8.714295e-02
    outer loop
      vertex   -2.087169e+01 7.309857e+00 2.799129e+01
      vertex   -2.084502e+01 7.376687e+00 2.810719e+01
      vertex   -2.088057e+01 7.314752e+00 2.810719e+01
    endloop
  endfacet
  facet normal 8.581570e-01 -4.925113e-01 1.449109e-01
    outer loop
      vertex   -2.088057e+01 7.314752e+00 2.810719e+01
      vertex   -2.084502e+01 7.376687e+00 2.810719e+01
      vertex   -2.085950e+01 7.385330e+00 2.822230e+01
    endloop
  endfacet
  facet normal 8.805554e-01 -4.658629e-01 8.714295e-02
    outer loop
      vertex   -2.087169e+01 7.309857e+00 2.799129e+01
      vertex   -2.088057e+01 7.314752e+00 2.810719e+01
      vertex   -2.090492e+01 7.247045e+00 2.799129e+01
    endloop
  endfacet
  facet normal 8.675963e-01 -3.851812e-01 3.145028e-01
    outer loop
      vertex   -2.107275e+01 7.163898e+00 2.855904e+01
      vertex   -2.103906e+01 7.149626e+00 2.844861e+01
      vertex   -2.104228e+01 7.232531e+00 2.855904e+01
    endloop
  endfacet
  facet normal 8.494171e-01 -3.771103e-01 3.691590e-01
    outer loop
      vertex   -2.104228e+01 7.232531e+00 2.855904e+01
      vertex   -2.108123e+01 7.250633e+00 2.866716e+01
      vertex   -2.107275e+01 7.163898e+00 2.855904e+01
    endloop
  endfacet
  facet normal 8.494171e-01 -3.771103e-01 3.691590e-01
    outer loop
      vertex   -2.107275e+01 7.163898e+00 2.855904e+01
      vertex   -2.108123e+01 7.250633e+00 2.866716e+01
      vertex   -2.111230e+01 7.180649e+00 2.866716e+01
    endloop
  endfacet
  facet normal 8.658698e-01 -3.377182e-01 3.690745e-01
    outer loop
      vertex   -2.107275e+01 7.163898e+00 2.855904e+01
      vertex   -2.111230e+01 7.180649e+00 2.866716e+01
      vertex   -2.112500e+01 7.102023e+00 2.862500e+01
    endloop
  endfacet
  facet normal 8.920228e-01 -3.246278e-01 3.145028e-01
    outer loop
      vertex   -2.106668e+01 7.081153e+00 2.844861e+01
      vertex   -2.110084e+01 7.094257e+00 2.855904e+01
      vertex   -2.109193e+01 7.011769e+00 2.844861e+01
    endloop
  endfacet
  facet normal 8.920228e-01 -3.246278e-01 3.145028e-01
    outer loop
      vertex   -2.109193e+01 7.011769e+00 2.844861e+01
      vertex   -2.110084e+01 7.094257e+00 2.855904e+01
      vertex   -2.112652e+01 7.023691e+00 2.855904e+01
    endloop
  endfacet
  facet normal 9.026561e-01 -2.937684e-01 3.145029e-01
    outer loop
      vertex   -2.109193e+01 7.011769e+00 2.844861e+01
      vertex   -2.112652e+01 7.023691e+00 2.855904e+01
      vertex   -2.111476e+01 6.941611e+00 2.844861e+01
    endloop
  endfacet
  facet normal 9.026599e-01 -2.937617e-01 3.144983e-01
    outer loop
      vertex   -2.111476e+01 6.941611e+00 2.844861e+01
      vertex   -2.112652e+01 7.023691e+00 2.855904e+01
      vertex   -2.114976e+01 6.952303e+00 2.855904e+01
    endloop
  endfacet
  facet normal 9.122241e-01 -2.625497e-01 3.145074e-01
    outer loop
      vertex   -2.111476e+01 6.941611e+00 2.844861e+01
      vertex   -2.114976e+01 6.952303e+00 2.855904e+01
      vertex   -2.113520e+01 6.870604e+00 2.844861e+01
    endloop
  endfacet
  facet normal 9.122276e-01 -2.625429e-01 3.145028e-01
    outer loop
      vertex   -2.113520e+01 6.870604e+00 2.844861e+01
      vertex   -2.114976e+01 6.952303e+00 2.855904e+01
      vertex   -2.117053e+01 6.880118e+00 2.855904e+01
    endloop
  endfacet
  facet normal 9.207185e-01 -2.310094e-01 3.145028e-01
    outer loop
      vertex   -2.113520e+01 6.870604e+00 2.844861e+01
      vertex   -2.117053e+01 6.880118e+00 2.855904e+01
      vertex   -2.115317e+01 6.798989e+00 2.844861e+01
    endloop
  endfacet
  facet normal 9.076961e-01 -3.303317e-01 2.587833e-01
    outer loop
      vertex   -2.103856e+01 7.070370e+00 2.833623e+01
      vertex   -2.106668e+01 7.081153e+00 2.844861e+01
      vertex   -2.106346e+01 7.001960e+00 2.833623e+01
    endloop
  endfacet
  facet normal 9.076961e-01 -3.303317e-01 2.587833e-01
    outer loop
      vertex   -2.106346e+01 7.001960e+00 2.833623e+01
      vertex   -2.106668e+01 7.081153e+00 2.844861e+01
      vertex   -2.109193e+01 7.011769e+00 2.844861e+01
    endloop
  endfacet
  facet normal 9.185138e-01 -2.989373e-01 2.587834e-01
    outer loop
      vertex   -2.106346e+01 7.001960e+00 2.833623e+01
      vertex   -2.109193e+01 7.011769e+00 2.844861e+01
      vertex   -2.108596e+01 6.932818e+00 2.833623e+01
    endloop
  endfacet
  facet normal 9.185174e-01 -2.989304e-01 2.587788e-01
    outer loop
      vertex   -2.108596e+01 6.932818e+00 2.833623e+01
      vertex   -2.109193e+01 7.011769e+00 2.844861e+01
      vertex   -2.111476e+01 6.941611e+00 2.844861e+01
    endloop
  endfacet
  facet normal 9.282504e-01 -2.671702e-01 2.587879e-01
    outer loop
      vertex   -2.108596e+01 6.932818e+00 2.833623e+01
      vertex   -2.111476e+01 6.941611e+00 2.844861e+01
      vertex   -2.110612e+01 6.862775e+00 2.833623e+01
    endloop
  endfacet
  facet normal 9.282538e-01 -2.671632e-01 2.587833e-01
    outer loop
      vertex   -2.110612e+01 6.862775e+00 2.833623e+01
      vertex   -2.111476e+01 6.941611e+00 2.844861e+01
      vertex   -2.113520e+01 6.870604e+00 2.844861e+01
    endloop
  endfacet
  facet normal 9.368960e-01 -2.350683e-01 2.587833e-01
    outer loop
      vertex   -2.110612e+01 6.862775e+00 2.833623e+01
      vertex   -2.113520e+01 6.870604e+00 2.844861e+01
      vertex   -2.112384e+01 6.792164e+00 2.833623e+01
    endloop
  endfacet
  facet normal 9.368960e-01 -2.350683e-01 2.587833e-01
    outer loop
      vertex   -2.112384e+01 6.792164e+00 2.833623e+01
      vertex   -2.113520e+01 6.870604e+00 2.844861e+01
      vertex   -2.115317e+01 6.798989e+00 2.844861e+01
    endloop
  endfacet
  facet normal 9.202986e-01 -3.349180e-01 2.021889e-01
    outer loop
      vertex   -2.103856e+01 7.070370e+00 2.833623e+01
      vertex   -2.106346e+01 7.001960e+00 2.833623e+01
      vertex   -2.104122e+01 6.994296e+00 2.822230e+01
    endloop
  endfacet
  facet normal 9.312642e-01 -3.030951e-01 2.021890e-01
    outer loop
      vertex   -2.104122e+01 6.994296e+00 2.822230e+01
      vertex   -2.106346e+01 7.001960e+00 2.833623e+01
      vertex   -2.106346e+01 6.925954e+00 2.822230e+01
    endloop
  endfacet
  facet normal 9.408672e-01 -3.062206e-01 1.449062e-01
    outer loop
      vertex   -2.104122e+01 6.994296e+00 2.822230e+01
      vertex   -2.106346e+01 6.925954e+00 2.822230e+01
      vertex   -2.104733e+01 6.921043e+00 2.810719e+01
    endloop
  endfacet
  facet normal 9.508388e-01 -2.736879e-01 1.449156e-01
    outer loop
      vertex   -2.104733e+01 6.921043e+00 2.810719e+01
      vertex   -2.106346e+01 6.925954e+00 2.822230e+01
      vertex   -2.106712e+01 6.852274e+00 2.810719e+01
    endloop
  endfacet
  facet normal 9.573272e-01 -2.755555e-01 8.714290e-02
    outer loop
      vertex   -2.104733e+01 6.921043e+00 2.810719e+01
      vertex   -2.106712e+01 6.852274e+00 2.810719e+01
      vertex   -2.105733e+01 6.849638e+00 2.799129e+01
    endloop
  endfacet
  facet normal 9.662467e-01 -2.424325e-01 8.714295e-02
    outer loop
      vertex   -2.105733e+01 6.849638e+00 2.799129e+01
      vertex   -2.106712e+01 6.852274e+00 2.810719e+01
      vertex   -2.107463e+01 6.780713e+00 2.799129e+01
    endloop
  endfacet
  facet normal 9.312675e-01 -3.030881e-01 2.021843e-01
    outer loop
      vertex   -2.106346e+01 6.925954e+00 2.822230e+01
      vertex   -2.106346e+01 7.001960e+00 2.833623e+01
      vertex   -2.108596e+01 6.932818e+00 2.833623e+01
    endloop
  endfacet
  facet normal 9.411365e-01 -2.708871e-01 2.021935e-01
    outer loop
      vertex   -2.106346e+01 6.925954e+00 2.822230e+01
      vertex   -2.108596e+01 6.932818e+00 2.833623e+01
      vertex   -2.108341e+01 6.856658e+00 2.822230e+01
    endloop
  endfacet
  facet normal 9.411396e-01 -2.708800e-01 2.021888e-01
    outer loop
      vertex   -2.108341e+01 6.856658e+00 2.822230e+01
      vertex   -2.108596e+01 6.932818e+00 2.833623e+01
      vertex   -2.110612e+01 6.862775e+00 2.833623e+01
    endloop
  endfacet
  facet normal 9.499039e-01 -2.383320e-01 2.021889e-01
    outer loop
      vertex   -2.108341e+01 6.856658e+00 2.822230e+01
      vertex   -2.110612e+01 6.862775e+00 2.833623e+01
      vertex   -2.110092e+01 6.786832e+00 2.822230e+01
    endloop
  endfacet
  facet normal 9.499039e-01 -2.383320e-01 2.021889e-01
    outer loop
      vertex   -2.110092e+01 6.786832e+00 2.822230e+01
      vertex   -2.110612e+01 6.862775e+00 2.833623e+01
      vertex   -2.112384e+01 6.792164e+00 2.833623e+01
    endloop
  endfacet
  facet normal 9.596985e-01 -2.407895e-01 1.449109e-01
    outer loop
      vertex   -2.110092e+01 6.786832e+00 2.822230e+01
      vertex   -2.108450e+01 6.783011e+00 2.810719e+01
      vertex   -2.108341e+01 6.856658e+00 2.822230e+01
    endloop
  endfacet
  facet normal 9.596985e-01 -2.407895e-01 1.449109e-01
    outer loop
      vertex   -2.108341e+01 6.856658e+00 2.822230e+01
      vertex   -2.108450e+01 6.783011e+00 2.810719e+01
      vertex   -2.106712e+01 6.852274e+00 2.810719e+01
    endloop
  endfacet
  facet normal 9.508416e-01 -2.736806e-01 1.449108e-01
    outer loop
      vertex   -2.108341e+01 6.856658e+00 2.822230e+01
      vertex   -2.106712e+01 6.852274e+00 2.810719e+01
      vertex   -2.106346e+01 6.925954e+00 2.822230e+01
    endloop
  endfacet
  facet normal 9.662467e-01 -2.424325e-01 8.714295e-02
    outer loop
      vertex   -2.108450e+01 6.783011e+00 2.810719e+01
      vertex   -2.107463e+01 6.780713e+00 2.799129e+01
      vertex   -2.106712e+01 6.852274e+00 2.810719e+01
    endloop
  endfacet
  facet normal 9.396251e-01 -1.348575e-01 3.145125e-01
    outer loop
      vertex   -2.118172e+01 6.653778e+00 2.844861e+01
      vertex   -2.121786e+01 6.659528e+00 2.855904e+01
      vertex   -2.119216e+01 6.581032e+00 2.844861e+01
    endloop
  endfacet
  facet normal 9.396303e-01 -1.348429e-01 3.145033e-01
    outer loop
      vertex   -2.119216e+01 6.581032e+00 2.844861e+01
      vertex   -2.121786e+01 6.659528e+00 2.855904e+01
      vertex   -2.122846e+01 6.585609e+00 2.855904e+01
    endloop
  endfacet
  facet normal 9.437023e-01 -1.025374e-01 3.145028e-01
    outer loop
      vertex   -2.119216e+01 6.581032e+00 2.844861e+01
      vertex   -2.122846e+01 6.585609e+00 2.855904e+01
      vertex   -2.120013e+01 6.507629e+00 2.844861e+01
    endloop
  endfacet
  facet normal 9.437023e-01 -1.025374e-01 3.145028e-01
    outer loop
      vertex   -2.120013e+01 6.507629e+00 2.844861e+01
      vertex   -2.122846e+01 6.585609e+00 2.855904e+01
      vertex   -2.123658e+01 6.510955e+00 2.855904e+01
    endloop
  endfacet
  facet normal 9.561332e-01 -1.372424e-01 2.587930e-01
    outer loop
      vertex   -2.115198e+01 6.649058e+00 2.833623e+01
      vertex   -2.118172e+01 6.653778e+00 2.844861e+01
      vertex   -2.116228e+01 6.577265e+00 2.833623e+01
    endloop
  endfacet
  facet normal 9.561379e-01 -1.372274e-01 2.587837e-01
    outer loop
      vertex   -2.116228e+01 6.577265e+00 2.833623e+01
      vertex   -2.118172e+01 6.653778e+00 2.844861e+01
      vertex   -2.119216e+01 6.581032e+00 2.844861e+01
    endloop
  endfacet
  facet normal 9.602836e-01 -1.043391e-01 2.587833e-01
    outer loop
      vertex   -2.116228e+01 6.577265e+00 2.833623e+01
      vertex   -2.119216e+01 6.581032e+00 2.844861e+01
      vertex   -2.117015e+01 6.504891e+00 2.833623e+01
    endloop
  endfacet
  facet normal 9.602836e-01 -1.043391e-01 2.587833e-01
    outer loop
      vertex   -2.117015e+01 6.504891e+00 2.833623e+01
      vertex   -2.119216e+01 6.581032e+00 2.844861e+01
      vertex   -2.120013e+01 6.507629e+00 2.844861e+01
    endloop
  endfacet
  facet normal 9.694067e-01 -1.391634e-01 2.021986e-01
    outer loop
      vertex   -2.112874e+01 6.645383e+00 2.822230e+01
      vertex   -2.115198e+01 6.649058e+00 2.833623e+01
      vertex   -2.113894e+01 6.574322e+00 2.822230e+01
    endloop
  endfacet
  facet normal 9.694108e-01 -1.391482e-01 2.021891e-01
    outer loop
      vertex   -2.113894e+01 6.574322e+00 2.822230e+01
      vertex   -2.115198e+01 6.649058e+00 2.833623e+01
      vertex   -2.116228e+01 6.577265e+00 2.833623e+01
    endloop
  endfacet
  facet normal 9.736163e-01 -1.057877e-01 2.021889e-01
    outer loop
      vertex   -2.113894e+01 6.574322e+00 2.822230e+01
      vertex   -2.116228e+01 6.577265e+00 2.833623e+01
      vertex   -2.114672e+01 6.502753e+00 2.822230e+01
    endloop
  endfacet
  facet normal 9.736163e-01 -1.057877e-01 2.021889e-01
    outer loop
      vertex   -2.114672e+01 6.502753e+00 2.822230e+01
      vertex   -2.116228e+01 6.577265e+00 2.833623e+01
      vertex   -2.117015e+01 6.504891e+00 2.833623e+01
    endloop
  endfacet
  facet normal 9.794043e-01 -1.405986e-01 1.449110e-01
    outer loop
      vertex   -2.112874e+01 6.645383e+00 2.822230e+01
      vertex   -2.113894e+01 6.574322e+00 2.822230e+01
      vertex   -2.112221e+01 6.572212e+00 2.810719e+01
    endloop
  endfacet
  facet normal 9.836553e-01 -1.068785e-01 1.449109e-01
    outer loop
      vertex   -2.112221e+01 6.572212e+00 2.810719e+01
      vertex   -2.113894e+01 6.574322e+00 2.822230e+01
      vertex   -2.112993e+01 6.501220e+00 2.810719e+01
    endloop
  endfacet
  facet normal 9.903669e-01 -1.076078e-01 8.714295e-02
    outer loop
      vertex   -2.112221e+01 6.572212e+00 2.810719e+01
      vertex   -2.112993e+01 6.501220e+00 2.810719e+01
      vertex   -2.111983e+01 6.500298e+00 2.799129e+01
    endloop
  endfacet
  facet normal 9.836553e-01 -1.068785e-01 1.449109e-01
    outer loop
      vertex   -2.112993e+01 6.501220e+00 2.810719e+01
      vertex   -2.113894e+01 6.574322e+00 2.822230e+01
      vertex   -2.114672e+01 6.502753e+00 2.822230e+01
    endloop
  endfacet
  facet normal 4.391521e-01 -8.753657e-01 2.021889e-01
    outer loop
      vertex   -1.997885e+01 8.220245e+00 2.833623e+01
      vertex   -2.003301e+01 8.166758e+00 2.822230e+01
      vertex   -1.996867e+01 8.199039e+00 2.822230e+01
    endloop
  endfacet
  facet normal 4.436802e-01 -8.843917e-01 1.449109e-01
    outer loop
      vertex   -1.996867e+01 8.199039e+00 2.822230e+01
      vertex   -2.003301e+01 8.166758e+00 2.822230e+01
      vertex   -2.002519e+01 8.151819e+00 2.810719e+01
    endloop
  endfacet
  facet normal 3.947072e-01 -7.867734e-01 4.745460e-01
    outer loop
      vertex   -2.007152e+01 8.413181e+00 2.887500e+01
      vertex   -2.011757e+01 8.328317e+00 2.877260e+01
      vertex   -2.004762e+01 8.363411e+00 2.877260e+01
    endloop
  endfacet
  facet normal 4.064113e-01 -8.101031e-01 4.225669e-01
    outer loop
      vertex   -2.004762e+01 8.363411e+00 2.877260e+01
      vertex   -2.011757e+01 8.328317e+00 2.877260e+01
      vertex   -2.009477e+01 8.284756e+00 2.866716e+01
    endloop
  endfacet
  facet normal 3.170996e-01 -6.320774e-01 7.070545e-01
    outer loop
      vertex   -2.022721e+01 8.737298e+00 2.932975e+01
      vertex   -2.027177e+01 8.622922e+00 2.924748e+01
      vertex   -2.019159e+01 8.663145e+00 2.924748e+01
    endloop
  endfacet
  facet normal 3.349979e-01 -6.677543e-01 6.647410e-01
    outer loop
      vertex   -2.019159e+01 8.663145e+00 2.924748e+01
      vertex   -2.027177e+01 8.622922e+00 2.924748e+01
      vertex   -2.023590e+01 8.554399e+00 2.916058e+01
    endloop
  endfacet
  facet normal 2.572249e-01 -5.127286e-01 8.191122e-01
    outer loop
      vertex   -2.034561e+01 8.983801e+00 2.954598e+01
      vertex   -2.043673e+01 8.938092e+00 2.954598e+01
      vertex   -2.039253e+01 8.853658e+00 2.947925e+01
    endloop
  endfacet
  facet normal 1.239627e-01 -2.272423e-01 9.659163e-01
    outer loop
      vertex   -2.078572e+01 9.346126e+00 2.979098e+01
      vertex   -2.068037e+01 9.403597e+00 2.979098e+01
      vertex   -2.073248e+01 9.503159e+00 2.982109e+01
    endloop
  endfacet
  facet normal 1.160739e-01 -2.313712e-01 9.659163e-01
    outer loop
      vertex   -2.073248e+01 9.503159e+00 2.982109e+01
      vertex   -2.068037e+01 9.403597e+00 2.979098e+01
      vertex   -2.062176e+01 9.558706e+00 2.982109e+01
    endloop
  endfacet
  facet normal 9.068993e-02 -1.807730e-01 9.793347e-01
    outer loop
      vertex   -2.073248e+01 9.503159e+00 2.982109e+01
      vertex   -2.062176e+01 9.558706e+00 2.982109e+01
      vertex   -2.067109e+01 9.661408e+00 2.984462e+01
    endloop
  endfacet
  facet normal 1.160739e-01 -2.313712e-01 9.659163e-01
    outer loop
      vertex   -2.062176e+01 9.558706e+00 2.982109e+01
      vertex   -2.068037e+01 9.403597e+00 2.979098e+01
      vertex   -2.057310e+01 9.457410e+00 2.979098e+01
    endloop
  endfacet
  facet normal 3.908754e-02 -7.791353e-02 9.961936e-01
    outer loop
      vertex   -2.077111e+01 9.869639e+00 2.987162e+01
      vertex   -2.089244e+01 9.808771e+00 2.987162e+01
      vertex   -2.083869e+01 9.706089e+00 2.986148e+01
    endloop
  endfacet
  facet normal 3.844392e-01 -9.190281e-01 8.714295e-02
    outer loop
      vertex   -1.989647e+01 8.213647e+00 2.810719e+01
      vertex   -1.989240e+01 8.204362e+00 2.799129e+01
      vertex   -1.983059e+01 8.241205e+00 2.810719e+01
    endloop
  endfacet
  facet normal 3.844392e-01 -9.190281e-01 8.714295e-02
    outer loop
      vertex   -1.983059e+01 8.241205e+00 2.810719e+01
      vertex   -1.989240e+01 8.204362e+00 2.799129e+01
      vertex   -1.982684e+01 8.231785e+00 2.799129e+01
    endloop
  endfacet
  facet normal 3.526041e-01 -9.317062e-01 8.714295e-02
    outer loop
      vertex   -1.983059e+01 8.241205e+00 2.810719e+01
      vertex   -1.982684e+01 8.231785e+00 2.799129e+01
      vertex   -1.976381e+01 8.266481e+00 2.810719e+01
    endloop
  endfacet
  facet normal 3.526041e-01 -9.317062e-01 8.714295e-02
    outer loop
      vertex   -1.976381e+01 8.266481e+00 2.810719e+01
      vertex   -1.982684e+01 8.231785e+00 2.799129e+01
      vertex   -1.976038e+01 8.256937e+00 2.799129e+01
    endloop
  endfacet
  facet normal 3.203519e-01 -9.432819e-01 8.714295e-02
    outer loop
      vertex   -1.976381e+01 8.266481e+00 2.810719e+01
      vertex   -1.976038e+01 8.256937e+00 2.799129e+01
      vertex   -1.969619e+01 8.289444e+00 2.810719e+01
    endloop
  endfacet
  facet normal 3.818339e-01 -9.127999e-01 1.449109e-01
    outer loop
      vertex   -1.990325e+01 8.229088e+00 2.822230e+01
      vertex   -1.989647e+01 8.213647e+00 2.810719e+01
      vertex   -1.983683e+01 8.256870e+00 2.822230e+01
    endloop
  endfacet
  facet normal 3.818339e-01 -9.127999e-01 1.449109e-01
    outer loop
      vertex   -1.983683e+01 8.256870e+00 2.822230e+01
      vertex   -1.989647e+01 8.213647e+00 2.810719e+01
      vertex   -1.983059e+01 8.241205e+00 2.810719e+01
    endloop
  endfacet
  facet normal 3.502146e-01 -9.253921e-01 1.449109e-01
    outer loop
      vertex   -1.983683e+01 8.256870e+00 2.822230e+01
      vertex   -1.983059e+01 8.241205e+00 2.810719e+01
      vertex   -1.976950e+01 8.282351e+00 2.822230e+01
    endloop
  endfacet
  facet normal 3.502146e-01 -9.253921e-01 1.449109e-01
    outer loop
      vertex   -1.976950e+01 8.282351e+00 2.822230e+01
      vertex   -1.983059e+01 8.241205e+00 2.810719e+01
      vertex   -1.976381e+01 8.266481e+00 2.810719e+01
    endloop
  endfacet
  facet normal 3.181809e-01 -9.368894e-01 1.449109e-01
    outer loop
      vertex   -1.976950e+01 8.282351e+00 2.822230e+01
      vertex   -1.976381e+01 8.266481e+00 2.810719e+01
      vertex   -1.970134e+01 8.305501e+00 2.822230e+01
    endloop
  endfacet
  facet normal 3.181809e-01 -9.368894e-01 1.449109e-01
    outer loop
      vertex   -1.970134e+01 8.305501e+00 2.822230e+01
      vertex   -1.976381e+01 8.266481e+00 2.810719e+01
      vertex   -1.969619e+01 8.289444e+00 2.810719e+01
    endloop
  endfacet
  facet normal 2.857708e-01 -9.472782e-01 1.449109e-01
    outer loop
      vertex   -1.970134e+01 8.305501e+00 2.822230e+01
      vertex   -1.969619e+01 8.289444e+00 2.810719e+01
      vertex   -1.963242e+01 8.326293e+00 2.822230e+01
    endloop
  endfacet
  facet normal 3.779369e-01 -9.034840e-01 2.021889e-01
    outer loop
      vertex   -1.991270e+01 8.250632e+00 2.833623e+01
      vertex   -1.990325e+01 8.229088e+00 2.822230e+01
      vertex   -1.984554e+01 8.278726e+00 2.833623e+01
    endloop
  endfacet
  facet normal 3.779369e-01 -9.034840e-01 2.021889e-01
    outer loop
      vertex   -1.984554e+01 8.278726e+00 2.833623e+01
      vertex   -1.990325e+01 8.229088e+00 2.822230e+01
      vertex   -1.983683e+01 8.256870e+00 2.822230e+01
    endloop
  endfacet
  facet normal 3.466403e-01 -9.159477e-01 2.021889e-01
    outer loop
      vertex   -1.984554e+01 8.278726e+00 2.833623e+01
      vertex   -1.983683e+01 8.256870e+00 2.822230e+01
      vertex   -1.977745e+01 8.304493e+00 2.833623e+01
    endloop
  endfacet
  facet normal 3.466403e-01 -9.159477e-01 2.021889e-01
    outer loop
      vertex   -1.977745e+01 8.304493e+00 2.833623e+01
      vertex   -1.983683e+01 8.256870e+00 2.822230e+01
      vertex   -1.976950e+01 8.282351e+00 2.822230e+01
    endloop
  endfacet
  facet normal 3.149336e-01 -9.273276e-01 2.021889e-01
    outer loop
      vertex   -1.977745e+01 8.304493e+00 2.833623e+01
      vertex   -1.976950e+01 8.282351e+00 2.822230e+01
      vertex   -1.970852e+01 8.327904e+00 2.833623e+01
    endloop
  endfacet
  facet normal 3.149336e-01 -9.273276e-01 2.021889e-01
    outer loop
      vertex   -1.970852e+01 8.327904e+00 2.833623e+01
      vertex   -1.976950e+01 8.282351e+00 2.822230e+01
      vertex   -1.970134e+01 8.305501e+00 2.822230e+01
    endloop
  endfacet
  facet normal 2.828542e-01 -9.376103e-01 2.021889e-01
    outer loop
      vertex   -1.970852e+01 8.327904e+00 2.833623e+01
      vertex   -1.970134e+01 8.305501e+00 2.822230e+01
      vertex   -1.963882e+01 8.348930e+00 2.833623e+01
    endloop
  endfacet
  facet normal 2.828542e-01 -9.376103e-01 2.021889e-01
    outer loop
      vertex   -1.963882e+01 8.348930e+00 2.833623e+01
      vertex   -1.970134e+01 8.305501e+00 2.822230e+01
      vertex   -1.963242e+01 8.326293e+00 2.822230e+01
    endloop
  endfacet
  facet normal 2.504402e-01 -9.467837e-01 2.021889e-01
    outer loop
      vertex   -1.963882e+01 8.348930e+00 2.833623e+01
      vertex   -1.963242e+01 8.326293e+00 2.822230e+01
      vertex   -1.956844e+01 8.367546e+00 2.833623e+01
    endloop
  endfacet
  facet normal 3.727615e-01 -8.911117e-01 2.587833e-01
    outer loop
      vertex   -1.992479e+01 8.278207e+00 2.844861e+01
      vertex   -1.991270e+01 8.250632e+00 2.833623e+01
      vertex   -1.985668e+01 8.306700e+00 2.844861e+01
    endloop
  endfacet
  facet normal 3.727615e-01 -8.911117e-01 2.587833e-01
    outer loop
      vertex   -1.985668e+01 8.306700e+00 2.844861e+01
      vertex   -1.991270e+01 8.250632e+00 2.833623e+01
      vertex   -1.984554e+01 8.278726e+00 2.833623e+01
    endloop
  endfacet
  facet normal 3.418934e-01 -9.034047e-01 2.587833e-01
    outer loop
      vertex   -1.985668e+01 8.306700e+00 2.844861e+01
      vertex   -1.984554e+01 8.278726e+00 2.833623e+01
      vertex   -1.978762e+01 8.332834e+00 2.844861e+01
    endloop
  endfacet
  facet normal 3.418934e-01 -9.034047e-01 2.587833e-01
    outer loop
      vertex   -1.978762e+01 8.332834e+00 2.844861e+01
      vertex   -1.984554e+01 8.278726e+00 2.833623e+01
      vertex   -1.977745e+01 8.304493e+00 2.833623e+01
    endloop
  endfacet
  facet normal 3.106209e-01 -9.146288e-01 2.587833e-01
    outer loop
      vertex   -1.978762e+01 8.332834e+00 2.844861e+01
      vertex   -1.977745e+01 8.304493e+00 2.833623e+01
      vertex   -1.971771e+01 8.356578e+00 2.844861e+01
    endloop
  endfacet
  facet normal 3.106209e-01 -9.146288e-01 2.587833e-01
    outer loop
      vertex   -1.971771e+01 8.356578e+00 2.844861e+01
      vertex   -1.977745e+01 8.304493e+00 2.833623e+01
      vertex   -1.970852e+01 8.327904e+00 2.833623e+01
    endloop
  endfacet
  facet normal 2.789808e-01 -9.247707e-01 2.587833e-01
    outer loop
      vertex   -1.971771e+01 8.356578e+00 2.844861e+01
      vertex   -1.970852e+01 8.327904e+00 2.833623e+01
      vertex   -1.964702e+01 8.377903e+00 2.844861e+01
    endloop
  endfacet
  facet normal 2.789808e-01 -9.247707e-01 2.587833e-01
    outer loop
      vertex   -1.964702e+01 8.377903e+00 2.844861e+01
      vertex   -1.970852e+01 8.327904e+00 2.833623e+01
      vertex   -1.963882e+01 8.348930e+00 2.833623e+01
    endloop
  endfacet
  facet normal 2.470107e-01 -9.338185e-01 2.587833e-01
    outer loop
      vertex   -1.964702e+01 8.377903e+00 2.844861e+01
      vertex   -1.963882e+01 8.348930e+00 2.833623e+01
      vertex   -1.957564e+01 8.396784e+00 2.844861e+01
    endloop
  endfacet
  facet normal 2.470107e-01 -9.338185e-01 2.587833e-01
    outer loop
      vertex   -1.957564e+01 8.396784e+00 2.844861e+01
      vertex   -1.963882e+01 8.348930e+00 2.833623e+01
      vertex   -1.956844e+01 8.367546e+00 2.833623e+01
    endloop
  endfacet
  facet normal 2.148608e-01 -9.417355e-01 2.587838e-01
    outer loop
      vertex   -1.957564e+01 8.396784e+00 2.844861e+01
      vertex   -1.956844e+01 8.367546e+00 2.833623e+01
      vertex   -1.949796e+01 8.383627e+00 2.833623e+01
    endloop
  endfacet
  facet normal 3.663250e-01 -8.757248e-01 3.145028e-01
    outer loop
      vertex   -1.993949e+01 8.311718e+00 2.855904e+01
      vertex   -1.992479e+01 8.278207e+00 2.844861e+01
      vertex   -1.987022e+01 8.340697e+00 2.855904e+01
    endloop
  endfacet
  facet normal 3.663250e-01 -8.757248e-01 3.145028e-01
    outer loop
      vertex   -1.987022e+01 8.340697e+00 2.855904e+01
      vertex   -1.992479e+01 8.278207e+00 2.844861e+01
      vertex   -1.985668e+01 8.306700e+00 2.844861e+01
    endloop
  endfacet
  facet normal 3.359899e-01 -8.878056e-01 3.145028e-01
    outer loop
      vertex   -1.987022e+01 8.340697e+00 2.855904e+01
      vertex   -1.985668e+01 8.306700e+00 2.844861e+01
      vertex   -1.979998e+01 8.367277e+00 2.855904e+01
    endloop
  endfacet
  facet normal 3.359899e-01 -8.878056e-01 3.145028e-01
    outer loop
      vertex   -1.979998e+01 8.367277e+00 2.855904e+01
      vertex   -1.985668e+01 8.306700e+00 2.844861e+01
      vertex   -1.978762e+01 8.332834e+00 2.844861e+01
    endloop
  endfacet
  facet normal 3.052574e-01 -8.988359e-01 3.145028e-01
    outer loop
      vertex   -1.979998e+01 8.367277e+00 2.855904e+01
      vertex   -1.978762e+01 8.332834e+00 2.844861e+01
      vertex   -1.972888e+01 8.391425e+00 2.855904e+01
    endloop
  endfacet
  facet normal 3.052574e-01 -8.988359e-01 3.145028e-01
    outer loop
      vertex   -1.972888e+01 8.391425e+00 2.855904e+01
      vertex   -1.978762e+01 8.332834e+00 2.844861e+01
      vertex   -1.971771e+01 8.356578e+00 2.844861e+01
    endloop
  endfacet
  facet normal 2.741637e-01 -9.088027e-01 3.145028e-01
    outer loop
      vertex   -1.972888e+01 8.391425e+00 2.855904e+01
      vertex   -1.971771e+01 8.356578e+00 2.844861e+01
      vertex   -1.965699e+01 8.413113e+00 2.855904e+01
    endloop
  endfacet
  facet normal 2.741637e-01 -9.088027e-01 3.145028e-01
    outer loop
      vertex   -1.965699e+01 8.413113e+00 2.855904e+01
      vertex   -1.971771e+01 8.356578e+00 2.844861e+01
      vertex   -1.964702e+01 8.377903e+00 2.844861e+01
    endloop
  endfacet
  facet normal 2.427455e-01 -9.176942e-01 3.145028e-01
    outer loop
      vertex   -1.965699e+01 8.413113e+00 2.855904e+01
      vertex   -1.964702e+01 8.377903e+00 2.844861e+01
      vertex   -1.958439e+01 8.432317e+00 2.855904e+01
    endloop
  endfacet
  facet normal 2.427455e-01 -9.176942e-01 3.145028e-01
    outer loop
      vertex   -1.958439e+01 8.432317e+00 2.855904e+01
      vertex   -1.964702e+01 8.377903e+00 2.844861e+01
      vertex   -1.957564e+01 8.396784e+00 2.844861e+01
    endloop
  endfacet
  facet normal 2.111459e-01 -9.254756e-01 3.145034e-01
    outer loop
      vertex   -1.958439e+01 8.432317e+00 2.855904e+01
      vertex   -1.957564e+01 8.396784e+00 2.844861e+01
      vertex   -1.950413e+01 8.413098e+00 2.844861e+01
    endloop
  endfacet
  facet normal 2.148561e-01 -9.417374e-01 2.587808e-01
    outer loop
      vertex   -1.950413e+01 8.413098e+00 2.844861e+01
      vertex   -1.957564e+01 8.396784e+00 2.844861e+01
      vertex   -1.949796e+01 8.383627e+00 2.833623e+01
    endloop
  endfacet
  facet normal 1.823450e-01 -9.485674e-01 2.587859e-01
    outer loop
      vertex   -1.950413e+01 8.413098e+00 2.844861e+01
      vertex   -1.949796e+01 8.383627e+00 2.833623e+01
      vertex   -1.942597e+01 8.397465e+00 2.833623e+01
    endloop
  endfacet
  facet normal 3.586492e-01 -8.573753e-01 3.691590e-01
    outer loop
      vertex   -1.995675e+01 8.351053e+00 2.866716e+01
      vertex   -1.993949e+01 8.311718e+00 2.855904e+01
      vertex   -1.988611e+01 8.380602e+00 2.866716e+01
    endloop
  endfacet
  facet normal 3.586492e-01 -8.573753e-01 3.691590e-01
    outer loop
      vertex   -1.988611e+01 8.380602e+00 2.866716e+01
      vertex   -1.993949e+01 8.311718e+00 2.855904e+01
      vertex   -1.987022e+01 8.340697e+00 2.855904e+01
    endloop
  endfacet
  facet normal 3.289498e-01 -8.692029e-01 3.691590e-01
    outer loop
      vertex   -1.988611e+01 8.380602e+00 2.866716e+01
      vertex   -1.987022e+01 8.340697e+00 2.855904e+01
      vertex   -1.981449e+01 8.407705e+00 2.866716e+01
    endloop
  endfacet
  facet normal 3.289498e-01 -8.692029e-01 3.691590e-01
    outer loop
      vertex   -1.981449e+01 8.407705e+00 2.866716e+01
      vertex   -1.987022e+01 8.340697e+00 2.855904e+01
      vertex   -1.979998e+01 8.367277e+00 2.855904e+01
    endloop
  endfacet
  facet normal 2.988612e-01 -8.800021e-01 3.691590e-01
    outer loop
      vertex   -1.981449e+01 8.407705e+00 2.866716e+01
      vertex   -1.979998e+01 8.367277e+00 2.855904e+01
      vertex   -1.974199e+01 8.432328e+00 2.866716e+01
    endloop
  endfacet
  facet normal 2.988612e-01 -8.800021e-01 3.691590e-01
    outer loop
      vertex   -1.974199e+01 8.432328e+00 2.866716e+01
      vertex   -1.979998e+01 8.367277e+00 2.855904e+01
      vertex   -1.972888e+01 8.391425e+00 2.855904e+01
    endloop
  endfacet
  facet normal 2.684190e-01 -8.897600e-01 3.691590e-01
    outer loop
      vertex   -1.974199e+01 8.432328e+00 2.866716e+01
      vertex   -1.972888e+01 8.391425e+00 2.855904e+01
      vertex   -1.966868e+01 8.454443e+00 2.866716e+01
    endloop
  endfacet
  facet normal 2.684190e-01 -8.897600e-01 3.691590e-01
    outer loop
      vertex   -1.966868e+01 8.454443e+00 2.866716e+01
      vertex   -1.972888e+01 8.391425e+00 2.855904e+01
      vertex   -1.965699e+01 8.413113e+00 2.855904e+01
    endloop
  endfacet
  facet normal 2.376592e-01 -8.984652e-01 3.691590e-01
    outer loop
      vertex   -1.966868e+01 8.454443e+00 2.866716e+01
      vertex   -1.965699e+01 8.413113e+00 2.855904e+01
      vertex   -1.959466e+01 8.474024e+00 2.866716e+01
    endloop
  endfacet
  facet normal 2.376592e-01 -8.984652e-01 3.691590e-01
    outer loop
      vertex   -1.959466e+01 8.474024e+00 2.866716e+01
      vertex   -1.965699e+01 8.413113e+00 2.855904e+01
      vertex   -1.958439e+01 8.432317e+00 2.855904e+01
    endloop
  endfacet
  facet normal 2.067170e-01 -9.060846e-01 3.691596e-01
    outer loop
      vertex   -1.959466e+01 8.474024e+00 2.866716e+01
      vertex   -1.958439e+01 8.432317e+00 2.855904e+01
      vertex   -1.951164e+01 8.448914e+00 2.855904e+01
    endloop
  endfacet
  facet normal 2.111413e-01 -9.254776e-01 3.145004e-01
    outer loop
      vertex   -1.951164e+01 8.448914e+00 2.855904e+01
      vertex   -1.958439e+01 8.432317e+00 2.855904e+01
      vertex   -1.950413e+01 8.413098e+00 2.844861e+01
    endloop
  endfacet
  facet normal 1.791916e-01 -9.321892e-01 3.145053e-01
    outer loop
      vertex   -1.951164e+01 8.448914e+00 2.855904e+01
      vertex   -1.950413e+01 8.413098e+00 2.844861e+01
      vertex   -1.943114e+01 8.427128e+00 2.844861e+01
    endloop
  endfacet
  facet normal 1.823402e-01 -9.485692e-01 2.587829e-01
    outer loop
      vertex   -1.943114e+01 8.427128e+00 2.844861e+01
      vertex   -1.950413e+01 8.413098e+00 2.844861e+01
      vertex   -1.942597e+01 8.397465e+00 2.833623e+01
    endloop
  endfacet
  facet normal 1.494997e-01 -9.542961e-01 2.587833e-01
    outer loop
      vertex   -1.943114e+01 8.427128e+00 2.844861e+01
      vertex   -1.942597e+01 8.397465e+00 2.833623e+01
      vertex   -1.935820e+01 8.438556e+00 2.844861e+01
    endloop
  endfacet
  facet normal 3.497600e-01 -8.361251e-01 4.225669e-01
    outer loop
      vertex   -1.997650e+01 8.396078e+00 2.877260e+01
      vertex   -1.995675e+01 8.351053e+00 2.866716e+01
      vertex   -1.990430e+01 8.426280e+00 2.877260e+01
    endloop
  endfacet
  facet normal 3.497600e-01 -8.361251e-01 4.225669e-01
    outer loop
      vertex   -1.990430e+01 8.426280e+00 2.877260e+01
      vertex   -1.995675e+01 8.351053e+00 2.866716e+01
      vertex   -1.988611e+01 8.380602e+00 2.866716e+01
    endloop
  endfacet
  facet normal 3.207967e-01 -8.476595e-01 4.225669e-01
    outer loop
      vertex   -1.990430e+01 8.426280e+00 2.877260e+01
      vertex   -1.988611e+01 8.380602e+00 2.866716e+01
      vertex   -1.983110e+01 8.453981e+00 2.877260e+01
    endloop
  endfacet
  facet normal 3.207967e-01 -8.476595e-01 4.225669e-01
    outer loop
      vertex   -1.983110e+01 8.453981e+00 2.877260e+01
      vertex   -1.988611e+01 8.380602e+00 2.866716e+01
      vertex   -1.981449e+01 8.407705e+00 2.866716e+01
    endloop
  endfacet
  facet normal 2.914538e-01 -8.581910e-01 4.225669e-01
    outer loop
      vertex   -1.983110e+01 8.453981e+00 2.877260e+01
      vertex   -1.981449e+01 8.407705e+00 2.866716e+01
      vertex   -1.975700e+01 8.479148e+00 2.877260e+01
    endloop
  endfacet
  facet normal 2.914538e-01 -8.581910e-01 4.225669e-01
    outer loop
      vertex   -1.975700e+01 8.479148e+00 2.877260e+01
      vertex   -1.981449e+01 8.407705e+00 2.866716e+01
      vertex   -1.974199e+01 8.432328e+00 2.866716e+01
    endloop
  endfacet
  facet normal 2.617661e-01 -8.677071e-01 4.225669e-01
    outer loop
      vertex   -1.975700e+01 8.479148e+00 2.877260e+01
      vertex   -1.974199e+01 8.432328e+00 2.866716e+01
      vertex   -1.968207e+01 8.501752e+00 2.877260e+01
    endloop
  endfacet
  facet normal 2.617661e-01 -8.677071e-01 4.225669e-01
    outer loop
      vertex   -1.968207e+01 8.501752e+00 2.877260e+01
      vertex   -1.974199e+01 8.432328e+00 2.866716e+01
      vertex   -1.966868e+01 8.454443e+00 2.866716e+01
    endloop
  endfacet
  facet normal 2.317687e-01 -8.761966e-01 4.225669e-01
    outer loop
      vertex   -1.968207e+01 8.501752e+00 2.877260e+01
      vertex   -1.966868e+01 8.454443e+00 2.866716e+01
      vertex   -1.960641e+01 8.521766e+00 2.877260e+01
    endloop
  endfacet
  facet normal 2.317687e-01 -8.761966e-01 4.225669e-01
    outer loop
      vertex   -1.960641e+01 8.521766e+00 2.877260e+01
      vertex   -1.966868e+01 8.454443e+00 2.866716e+01
      vertex   -1.959466e+01 8.474024e+00 2.866716e+01
    endloop
  endfacet
  facet normal 2.015888e-01 -8.836281e-01 4.225675e-01
    outer loop
      vertex   -1.960641e+01 8.521766e+00 2.877260e+01
      vertex   -1.959466e+01 8.474024e+00 2.866716e+01
      vertex   -1.952045e+01 8.490952e+00 2.866716e+01
    endloop
  endfacet
  facet normal 2.067125e-01 -9.060868e-01 3.691567e-01
    outer loop
      vertex   -1.952045e+01 8.490952e+00 2.866716e+01
      vertex   -1.959466e+01 8.474024e+00 2.866716e+01
      vertex   -1.951164e+01 8.448914e+00 2.855904e+01
    endloop
  endfacet
  facet normal 1.754321e-01 -9.126574e-01 3.691614e-01
    outer loop
      vertex   -1.952045e+01 8.490952e+00 2.866716e+01
      vertex   -1.951164e+01 8.448914e+00 2.855904e+01
      vertex   -1.943743e+01 8.463179e+00 2.855904e+01
    endloop
  endfacet
  facet normal 1.791869e-01 -9.321912e-01 3.145023e-01
    outer loop
      vertex   -1.943743e+01 8.463179e+00 2.855904e+01
      vertex   -1.951164e+01 8.448914e+00 2.855904e+01
      vertex   -1.943114e+01 8.427128e+00 2.844861e+01
    endloop
  endfacet
  facet normal 1.469182e-01 -9.378182e-01 3.145028e-01
    outer loop
      vertex   -1.943743e+01 8.463179e+00 2.855904e+01
      vertex   -1.943114e+01 8.427128e+00 2.844861e+01
      vertex   -1.936324e+01 8.474801e+00 2.855904e+01
    endloop
  endfacet
  facet normal 1.469182e-01 -9.378182e-01 3.145028e-01
    outer loop
      vertex   -1.936324e+01 8.474801e+00 2.855904e+01
      vertex   -1.943114e+01 8.427128e+00 2.844861e+01
      vertex   -1.935820e+01 8.438556e+00 2.844861e+01
    endloop
  endfacet
  facet normal 1.145775e-01 -9.423163e-01 3.145028e-01
    outer loop
      vertex   -1.936324e+01 8.474801e+00 2.855904e+01
      vertex   -1.935820e+01 8.438556e+00 2.844861e+01
      vertex   -1.928870e+01 8.483865e+00 2.855904e+01
    endloop
  endfacet
  facet normal 3.396874e-01 -8.120459e-01 4.745460e-01
    outer loop
      vertex   -1.999868e+01 8.446642e+00 2.887500e+01
      vertex   -1.997650e+01 8.396078e+00 2.877260e+01
      vertex   -1.992473e+01 8.477576e+00 2.887500e+01
    endloop
  endfacet
  facet normal 3.396874e-01 -8.120459e-01 4.745460e-01
    outer loop
      vertex   -1.992473e+01 8.477576e+00 2.887500e+01
      vertex   -1.997650e+01 8.396078e+00 2.877260e+01
      vertex   -1.990430e+01 8.426280e+00 2.877260e+01
    endloop
  endfacet
  facet normal 3.115582e-01 -8.232482e-01 4.745460e-01
    outer loop
      vertex   -1.992473e+01 8.477576e+00 2.887500e+01
      vertex   -1.990430e+01 8.426280e+00 2.877260e+01
      vertex   -1.984976e+01 8.505950e+00 2.887500e+01
    endloop
  endfacet
  facet normal 3.115582e-01 -8.232482e-01 4.745460e-01
    outer loop
      vertex   -1.984976e+01 8.505950e+00 2.887500e+01
      vertex   -1.990430e+01 8.426280e+00 2.877260e+01
      vertex   -1.983110e+01 8.453981e+00 2.877260e+01
    endloop
  endfacet
  facet normal 2.830604e-01 -8.334764e-01 4.745460e-01
    outer loop
      vertex   -1.984976e+01 8.505950e+00 2.887500e+01
      vertex   -1.983110e+01 8.453981e+00 2.877260e+01
      vertex   -1.977385e+01 8.531728e+00 2.887500e+01
    endloop
  endfacet
  facet normal 2.830604e-01 -8.334764e-01 4.745460e-01
    outer loop
      vertex   -1.977385e+01 8.531728e+00 2.887500e+01
      vertex   -1.983110e+01 8.453981e+00 2.877260e+01
      vertex   -1.975700e+01 8.479148e+00 2.877260e+01
    endloop
  endfacet
  facet normal 2.542277e-01 -8.427185e-01 4.745460e-01
    outer loop
      vertex   -1.977385e+01 8.531728e+00 2.887500e+01
      vertex   -1.975700e+01 8.479148e+00 2.877260e+01
      vertex   -1.969711e+01 8.554880e+00 2.887500e+01
    endloop
  endfacet
  facet normal 2.542277e-01 -8.427185e-01 4.745460e-01
    outer loop
      vertex   -1.969711e+01 8.554880e+00 2.887500e+01
      vertex   -1.975700e+01 8.479148e+00 2.877260e+01
      vertex   -1.968207e+01 8.501752e+00 2.877260e+01
    endloop
  endfacet
  facet normal 2.250941e-01 -8.509634e-01 4.745460e-01
    outer loop
      vertex   -1.969711e+01 8.554880e+00 2.887500e+01
      vertex   -1.968207e+01 8.501752e+00 2.877260e+01
      vertex   -1.961961e+01 8.575379e+00 2.887500e+01
    endloop
  endfacet
  facet normal 2.250941e-01 -8.509634e-01 4.745460e-01
    outer loop
      vertex   -1.961961e+01 8.575379e+00 2.887500e+01
      vertex   -1.968207e+01 8.501752e+00 2.877260e+01
      vertex   -1.960641e+01 8.521766e+00 2.877260e+01
    endloop
  endfacet
  facet normal 1.957789e-01 -8.581819e-01 4.745466e-01
    outer loop
      vertex   -1.961961e+01 8.575379e+00 2.887500e+01
      vertex   -1.960641e+01 8.521766e+00 2.877260e+01
      vertex   -1.953055e+01 8.539073e+00 2.877260e+01
    endloop
  endfacet
  facet normal 2.015845e-01 -8.836304e-01 4.225647e-01
    outer loop
      vertex   -1.953055e+01 8.539073e+00 2.877260e+01
      vertex   -1.960641e+01 8.521766e+00 2.877260e+01
      vertex   -1.952045e+01 8.490952e+00 2.866716e+01
    endloop
  endfacet
  facet normal 1.710793e-01 -8.900377e-01 4.225692e-01
    outer loop
      vertex   -1.953055e+01 8.539073e+00 2.877260e+01
      vertex   -1.952045e+01 8.490952e+00 2.866716e+01
      vertex   -1.944481e+01 8.505493e+00 2.866716e+01
    endloop
  endfacet
  facet normal 1.754276e-01 -9.126594e-01 3.691584e-01
    outer loop
      vertex   -1.944481e+01 8.505493e+00 2.866716e+01
      vertex   -1.952045e+01 8.490952e+00 2.866716e+01
      vertex   -1.943743e+01 8.463179e+00 2.855904e+01
    endloop
  endfacet
  facet normal 1.438398e-01 -9.181676e-01 3.691590e-01
    outer loop
      vertex   -1.944481e+01 8.505493e+00 2.866716e+01
      vertex   -1.943743e+01 8.463179e+00 2.855904e+01
      vertex   -1.936916e+01 8.517344e+00 2.866716e+01
    endloop
  endfacet
  facet normal 1.438398e-01 -9.181676e-01 3.691590e-01
    outer loop
      vertex   -1.936916e+01 8.517344e+00 2.866716e+01
      vertex   -1.943743e+01 8.463179e+00 2.855904e+01
      vertex   -1.936324e+01 8.474801e+00 2.855904e+01
    endloop
  endfacet
  facet normal 1.121767e-01 -9.225714e-01 3.691590e-01
    outer loop
      vertex   -1.936916e+01 8.517344e+00 2.866716e+01
      vertex   -1.936324e+01 8.474801e+00 2.855904e+01
      vertex   -1.929315e+01 8.526587e+00 2.866716e+01
    endloop
  endfacet
  facet normal 1.121767e-01 -9.225714e-01 3.691590e-01
    outer loop
      vertex   -1.929315e+01 8.526587e+00 2.866716e+01
      vertex   -1.936324e+01 8.474801e+00 2.855904e+01
      vertex   -1.928870e+01 8.483865e+00 2.855904e+01
    endloop
  endfacet
  facet normal 8.038085e-02 -9.258837e-01 3.691590e-01
    outer loop
      vertex   -1.929315e+01 8.526587e+00 2.866716e+01
      vertex   -1.928870e+01 8.483865e+00 2.855904e+01
      vertex   -1.921686e+01 8.533209e+00 2.866716e+01
    endloop
  endfacet
  facet normal 3.284655e-01 -7.852191e-01 5.249203e-01
    outer loop
      vertex   -2.002322e+01 8.502572e+00 2.897402e+01
      vertex   -1.999868e+01 8.446642e+00 2.887500e+01
      vertex   -1.994732e+01 8.534318e+00 2.897402e+01
    endloop
  endfacet
  facet normal 3.284655e-01 -7.852191e-01 5.249203e-01
    outer loop
      vertex   -1.994732e+01 8.534318e+00 2.897402e+01
      vertex   -1.999868e+01 8.446642e+00 2.887500e+01
      vertex   -1.992473e+01 8.477576e+00 2.887500e+01
    endloop
  endfacet
  facet normal 3.012656e-01 -7.960513e-01 5.249203e-01
    outer loop
      vertex   -1.994732e+01 8.534318e+00 2.897402e+01
      vertex   -1.992473e+01 8.477576e+00 2.887500e+01
      vertex   -1.987039e+01 8.563435e+00 2.897402e+01
    endloop
  endfacet
  facet normal 3.012656e-01 -7.960513e-01 5.249203e-01
    outer loop
      vertex   -1.987039e+01 8.563435e+00 2.897402e+01
      vertex   -1.992473e+01 8.477576e+00 2.887500e+01
      vertex   -1.984976e+01 8.505950e+00 2.887500e+01
    endloop
  endfacet
  facet normal 2.737092e-01 -8.059416e-01 5.249203e-01
    outer loop
      vertex   -1.987039e+01 8.563435e+00 2.897402e+01
      vertex   -1.984976e+01 8.505950e+00 2.887500e+01
      vertex   -1.979249e+01 8.589888e+00 2.897402e+01
    endloop
  endfacet
  facet normal 2.737092e-01 -8.059416e-01 5.249203e-01
    outer loop
      vertex   -1.979249e+01 8.589888e+00 2.897402e+01
      vertex   -1.984976e+01 8.505950e+00 2.887500e+01
      vertex   -1.977385e+01 8.531728e+00 2.887500e+01
    endloop
  endfacet
  facet normal 2.458290e-01 -8.148784e-01 5.249203e-01
    outer loop
      vertex   -1.979249e+01 8.589888e+00 2.897402e+01
      vertex   -1.977385e+01 8.531728e+00 2.887500e+01
      vertex   -1.971374e+01 8.613647e+00 2.897402e+01
    endloop
  endfacet
  facet normal 2.458290e-01 -8.148784e-01 5.249203e-01
    outer loop
      vertex   -1.971374e+01 8.613647e+00 2.897402e+01
      vertex   -1.977385e+01 8.531728e+00 2.887500e+01
      vertex   -1.969711e+01 8.554880e+00 2.887500e+01
    endloop
  endfacet
  facet normal 2.176579e-01 -8.228509e-01 5.249203e-01
    outer loop
      vertex   -1.971374e+01 8.613647e+00 2.897402e+01
      vertex   -1.969711e+01 8.554880e+00 2.887500e+01
      vertex   -1.963421e+01 8.634683e+00 2.897402e+01
    endloop
  endfacet
  facet normal 2.176579e-01 -8.228509e-01 5.249203e-01
    outer loop
      vertex   -1.963421e+01 8.634683e+00 2.897402e+01
      vertex   -1.969711e+01 8.554880e+00 2.887500e+01
      vertex   -1.961961e+01 8.575379e+00 2.887500e+01
    endloop
  endfacet
  facet normal 1.893068e-01 -8.298319e-01 5.249209e-01
    outer loop
      vertex   -1.963421e+01 8.634683e+00 2.897402e+01
      vertex   -1.961961e+01 8.575379e+00 2.887500e+01
      vertex   -1.954188e+01 8.593111e+00 2.887500e+01
    endloop
  endfacet
  facet normal 1.957748e-01 -8.581843e-01 4.745439e-01
    outer loop
      vertex   -1.954188e+01 8.593111e+00 2.887500e+01
      vertex   -1.961961e+01 8.575379e+00 2.887500e+01
      vertex   -1.953055e+01 8.539073e+00 2.877260e+01
    endloop
  endfacet
  facet normal 1.661480e-01 -8.644067e-01 4.745481e-01
    outer loop
      vertex   -1.954188e+01 8.593111e+00 2.887500e+01
      vertex   -1.953055e+01 8.539073e+00 2.877260e+01
      vertex   -1.945325e+01 8.553930e+00 2.877260e+01
    endloop
  endfacet
  facet normal 1.710749e-01 -8.900399e-01 4.225663e-01
    outer loop
      vertex   -1.945325e+01 8.553930e+00 2.877260e+01
      vertex   -1.953055e+01 8.539073e+00 2.877260e+01
      vertex   -1.944481e+01 8.505493e+00 2.866716e+01
    endloop
  endfacet
  facet normal 1.402747e-01 -8.954106e-01 4.225669e-01
    outer loop
      vertex   -1.945325e+01 8.553930e+00 2.877260e+01
      vertex   -1.944481e+01 8.505493e+00 2.866716e+01
      vertex   -1.937593e+01 8.566043e+00 2.877260e+01
    endloop
  endfacet
  facet normal 1.402747e-01 -8.954106e-01 4.225669e-01
    outer loop
      vertex   -1.937593e+01 8.566043e+00 2.877260e+01
      vertex   -1.944481e+01 8.505493e+00 2.866716e+01
      vertex   -1.936916e+01 8.517344e+00 2.866716e+01
    endloop
  endfacet
  facet normal 1.093964e-01 -8.997053e-01 4.225669e-01
    outer loop
      vertex   -1.937593e+01 8.566043e+00 2.877260e+01
      vertex   -1.936916e+01 8.517344e+00 2.866716e+01
      vertex   -1.929824e+01 8.575489e+00 2.877260e+01
    endloop
  endfacet
  facet normal 1.093964e-01 -8.997053e-01 4.225669e-01
    outer loop
      vertex   -1.929824e+01 8.575489e+00 2.877260e+01
      vertex   -1.936916e+01 8.517344e+00 2.866716e+01
      vertex   -1.929315e+01 8.526587e+00 2.866716e+01
    endloop
  endfacet
  facet normal 7.838859e-02 -9.029355e-01 4.225669e-01
    outer loop
      vertex   -1.929824e+01 8.575489e+00 2.877260e+01
      vertex   -1.929315e+01 8.526587e+00 2.866716e+01
      vertex   -1.922027e+01 8.582258e+00 2.877260e+01
    endloop
  endfacet
  facet normal 7.838859e-02 -9.029355e-01 4.225669e-01
    outer loop
      vertex   -1.922027e+01 8.582258e+00 2.877260e+01
      vertex   -1.929315e+01 8.526587e+00 2.866716e+01
      vertex   -1.921686e+01 8.533209e+00 2.866716e+01
    endloop
  endfacet
  facet normal 4.728808e-02 -9.050973e-01 4.225669e-01
    outer loop
      vertex   -1.922027e+01 8.582258e+00 2.877260e+01
      vertex   -1.921686e+01 8.533209e+00 2.866716e+01
      vertex   -1.914212e+01 8.586341e+00 2.877260e+01
    endloop
  endfacet
  facet normal 3.161321e-01 -7.557353e-01 5.735195e-01
    outer loop
      vertex   -2.005002e+01 8.563680e+00 2.906932e+01
      vertex   -2.002322e+01 8.502572e+00 2.897402e+01
      vertex   -1.997201e+01 8.596312e+00 2.906932e+01
    endloop
  endfacet
  facet normal 3.161321e-01 -7.557353e-01 5.735195e-01
    outer loop
      vertex   -1.997201e+01 8.596312e+00 2.906932e+01
      vertex   -2.002322e+01 8.502572e+00 2.897402e+01
      vertex   -1.994732e+01 8.534318e+00 2.897402e+01
    endloop
  endfacet
  facet normal 2.899535e-01 -7.661608e-01 5.735195e-01
    outer loop
      vertex   -1.997201e+01 8.596312e+00 2.906932e+01
      vertex   -1.994732e+01 8.534318e+00 2.897402e+01
      vertex   -1.989293e+01 8.626241e+00 2.906932e+01
    endloop
  endfacet
  facet normal 2.899535e-01 -7.661608e-01 5.735195e-01
    outer loop
      vertex   -1.989293e+01 8.626241e+00 2.906932e+01
      vertex   -1.994732e+01 8.534318e+00 2.897402e+01
      vertex   -1.987039e+01 8.563435e+00 2.897402e+01
    endloop
  endfacet
  facet normal 2.634318e-01 -7.756797e-01 5.735195e-01
    outer loop
      vertex   -1.989293e+01 8.626241e+00 2.906932e+01
      vertex   -1.987039e+01 8.563435e+00 2.897402e+01
      vertex   -1.981286e+01 8.653433e+00 2.906932e+01
    endloop
  endfacet
  facet normal 2.634318e-01 -7.756797e-01 5.735195e-01
    outer loop
      vertex   -1.981286e+01 8.653433e+00 2.906932e+01
      vertex   -1.987039e+01 8.563435e+00 2.897402e+01
      vertex   -1.979249e+01 8.589888e+00 2.897402e+01
    endloop
  endfacet
  facet normal 2.365985e-01 -7.842809e-01 5.735195e-01
    outer loop
      vertex   -1.981286e+01 8.653433e+00 2.906932e+01
      vertex   -1.979249e+01 8.589888e+00 2.897402e+01
      vertex   -1.973191e+01 8.677855e+00 2.906932e+01
    endloop
  endfacet
  facet normal 2.365985e-01 -7.842809e-01 5.735195e-01
    outer loop
      vertex   -1.973191e+01 8.677855e+00 2.906932e+01
      vertex   -1.979249e+01 8.589888e+00 2.897402e+01
      vertex   -1.971374e+01 8.613647e+00 2.897402e+01
    endloop
  endfacet
  facet normal 2.094852e-01 -7.919541e-01 5.735195e-01
    outer loop
      vertex   -1.973191e+01 8.677855e+00 2.906932e+01
      vertex   -1.971374e+01 8.613647e+00 2.897402e+01
      vertex   -1.965016e+01 8.699478e+00 2.906932e+01
    endloop
  endfacet
  facet normal 2.094852e-01 -7.919541e-01 5.735195e-01
    outer loop
      vertex   -1.965016e+01 8.699478e+00 2.906932e+01
      vertex   -1.971374e+01 8.613647e+00 2.897402e+01
      vertex   -1.963421e+01 8.634683e+00 2.897402e+01
    endloop
  endfacet
  facet normal 1.821945e-01 -7.986738e-01 5.735201e-01
    outer loop
      vertex   -1.965016e+01 8.699478e+00 2.906932e+01
      vertex   -1.963421e+01 8.634683e+00 2.897402e+01
      vertex   -1.955442e+01 8.652885e+00 2.897402e+01
    endloop
  endfacet
  facet normal 1.893029e-01 -8.298344e-01 5.249183e-01
    outer loop
      vertex   -1.955442e+01 8.652885e+00 2.897402e+01
      vertex   -1.963421e+01 8.634683e+00 2.897402e+01
      vertex   -1.954188e+01 8.593111e+00 2.887500e+01
    endloop
  endfacet
  facet normal 1.606547e-01 -8.358508e-01 5.249224e-01
    outer loop
      vertex   -1.955442e+01 8.652885e+00 2.897402e+01
      vertex   -1.954188e+01 8.593111e+00 2.887500e+01
      vertex   -1.946273e+01 8.608324e+00 2.887500e+01
    endloop
  endfacet
  facet normal 1.661438e-01 -8.644090e-01 4.745454e-01
    outer loop
      vertex   -1.946273e+01 8.608324e+00 2.887500e+01
      vertex   -1.954188e+01 8.593111e+00 2.887500e+01
      vertex   -1.945325e+01 8.553930e+00 2.877260e+01
    endloop
  endfacet
  facet normal 1.362350e-01 -8.696241e-01 4.745460e-01
    outer loop
      vertex   -1.946273e+01 8.608324e+00 2.887500e+01
      vertex   -1.945325e+01 8.553930e+00 2.877260e+01
      vertex   -1.938354e+01 8.620731e+00 2.887500e+01
    endloop
  endfacet
  facet normal 1.362350e-01 -8.696241e-01 4.745460e-01
    outer loop
      vertex   -1.938354e+01 8.620731e+00 2.887500e+01
      vertex   -1.945325e+01 8.553930e+00 2.877260e+01
      vertex   -1.937593e+01 8.566043e+00 2.877260e+01
    endloop
  endfacet
  facet normal 1.062459e-01 -8.737951e-01 4.745460e-01
    outer loop
      vertex   -1.938354e+01 8.620731e+00 2.887500e+01
      vertex   -1.937593e+01 8.566043e+00 2.877260e+01
      vertex   -1.930396e+01 8.630406e+00 2.887500e+01
    endloop
  endfacet
  facet normal 1.062459e-01 -8.737951e-01 4.745460e-01
    outer loop
      vertex   -1.930396e+01 8.630406e+00 2.887500e+01
      vertex   -1.937593e+01 8.566043e+00 2.877260e+01
      vertex   -1.929824e+01 8.575489e+00 2.877260e+01
    endloop
  endfacet
  facet normal 7.613112e-02 -8.769322e-01 4.745460e-01
    outer loop
      vertex   -1.930396e+01 8.630406e+00 2.887500e+01
      vertex   -1.929824e+01 8.575489e+00 2.877260e+01
      vertex   -1.922410e+01 8.637340e+00 2.887500e+01
    endloop
  endfacet
  facet normal 7.613112e-02 -8.769322e-01 4.745460e-01
    outer loop
      vertex   -1.922410e+01 8.637340e+00 2.887500e+01
      vertex   -1.929824e+01 8.575489e+00 2.877260e+01
      vertex   -1.922027e+01 8.582258e+00 2.877260e+01
    endloop
  endfacet
  facet normal 4.592625e-02 -8.790318e-01 4.745460e-01
    outer loop
      vertex   -1.922410e+01 8.637340e+00 2.887500e+01
      vertex   -1.922027e+01 8.582258e+00 2.877260e+01
      vertex   -1.914405e+01 8.641522e+00 2.887500e+01
    endloop
  endfacet
  facet normal 4.592625e-02 -8.790318e-01 4.745460e-01
    outer loop
      vertex   -1.914405e+01 8.641522e+00 2.887500e+01
      vertex   -1.922027e+01 8.582258e+00 2.877260e+01
      vertex   -1.914212e+01 8.586341e+00 2.877260e+01
    endloop
  endfacet
  facet normal 1.566705e-02 -8.800913e-01 4.745460e-01
    outer loop
      vertex   -1.914405e+01 8.641522e+00 2.887500e+01
      vertex   -1.914212e+01 8.586341e+00 2.877260e+01
      vertex   -1.906390e+01 8.642949e+00 2.887500e+01
    endloop
  endfacet
  facet normal 3.027289e-01 -7.236941e-01 6.201790e-01
    outer loop
      vertex   -2.007901e+01 8.629759e+00 2.916058e+01
      vertex   -2.005002e+01 8.563680e+00 2.906932e+01
      vertex   -1.999871e+01 8.663349e+00 2.916058e+01
    endloop
  endfacet
  facet normal 3.027289e-01 -7.236941e-01 6.201790e-01
    outer loop
      vertex   -1.999871e+01 8.663349e+00 2.916058e+01
      vertex   -2.005002e+01 8.563680e+00 2.906932e+01
      vertex   -1.997201e+01 8.596312e+00 2.906932e+01
    endloop
  endfacet
  facet normal 2.776602e-01 -7.336776e-01 6.201790e-01
    outer loop
      vertex   -1.999871e+01 8.663349e+00 2.916058e+01
      vertex   -1.997201e+01 8.596312e+00 2.906932e+01
      vertex   -1.991731e+01 8.694157e+00 2.916058e+01
    endloop
  endfacet
  facet normal 2.776602e-01 -7.336776e-01 6.201790e-01
    outer loop
      vertex   -1.991731e+01 8.694157e+00 2.916058e+01
      vertex   -1.997201e+01 8.596312e+00 2.906932e+01
      vertex   -1.989293e+01 8.626241e+00 2.906932e+01
    endloop
  endfacet
  facet normal 2.522630e-01 -7.427929e-01 6.201790e-01
    outer loop
      vertex   -1.991731e+01 8.694157e+00 2.916058e+01
      vertex   -1.989293e+01 8.626241e+00 2.906932e+01
      vertex   -1.983489e+01 8.722146e+00 2.916058e+01
    endloop
  endfacet
  facet normal 2.522630e-01 -7.427929e-01 6.201790e-01
    outer loop
      vertex   -1.983489e+01 8.722146e+00 2.916058e+01
      vertex   -1.989293e+01 8.626241e+00 2.906932e+01
      vertex   -1.981286e+01 8.653433e+00 2.906932e+01
    endloop
  endfacet
  facet normal 2.265673e-01 -7.510294e-01 6.201790e-01
    outer loop
      vertex   -1.983489e+01 8.722146e+00 2.916058e+01
      vertex   -1.981286e+01 8.653433e+00 2.906932e+01
      vertex   -1.975156e+01 8.747285e+00 2.916058e+01
    endloop
  endfacet
  facet normal 2.265673e-01 -7.510294e-01 6.201790e-01
    outer loop
      vertex   -1.975156e+01 8.747285e+00 2.916058e+01
      vertex   -1.981286e+01 8.653433e+00 2.906932e+01
      vertex   -1.973191e+01 8.677855e+00 2.906932e+01
    endloop
  endfacet
  facet normal 2.006036e-01 -7.583773e-01 6.201790e-01
    outer loop
      vertex   -1.975156e+01 8.747285e+00 2.916058e+01
      vertex   -1.973191e+01 8.677855e+00 2.906932e+01
      vertex   -1.966741e+01 8.769543e+00 2.916058e+01
    endloop
  endfacet
  facet normal 2.006036e-01 -7.583773e-01 6.201790e-01
    outer loop
      vertex   -1.966741e+01 8.769543e+00 2.916058e+01
      vertex   -1.973191e+01 8.677855e+00 2.906932e+01
      vertex   -1.965016e+01 8.699478e+00 2.906932e+01
    endloop
  endfacet
  facet normal 1.744659e-01 -7.648130e-01 6.201796e-01
    outer loop
      vertex   -1.966741e+01 8.769543e+00 2.916058e+01
      vertex   -1.965016e+01 8.699478e+00 2.906932e+01
      vertex   -1.956812e+01 8.718193e+00 2.906932e+01
    endloop
  endfacet
  facet normal 1.821907e-01 -7.986765e-01 5.735176e-01
    outer loop
      vertex   -1.956812e+01 8.718193e+00 2.906932e+01
      vertex   -1.965016e+01 8.699478e+00 2.906932e+01
      vertex   -1.955442e+01 8.652885e+00 2.897402e+01
    endloop
  endfacet
  facet normal 1.546182e-01 -8.044665e-01 5.735215e-01
    outer loop
      vertex   -1.956812e+01 8.718193e+00 2.906932e+01
      vertex   -1.955442e+01 8.652885e+00 2.897402e+01
      vertex   -1.947322e+01 8.668492e+00 2.897402e+01
    endloop
  endfacet
  facet normal 1.606507e-01 -8.358532e-01 5.249197e-01
    outer loop
      vertex   -1.947322e+01 8.668492e+00 2.897402e+01
      vertex   -1.955442e+01 8.652885e+00 2.897402e+01
      vertex   -1.946273e+01 8.608324e+00 2.887500e+01
    endloop
  endfacet
  facet normal 1.317343e-01 -8.408952e-01 5.249203e-01
    outer loop
      vertex   -1.947322e+01 8.668492e+00 2.897402e+01
      vertex   -1.946273e+01 8.608324e+00 2.887500e+01
      vertex   -1.939195e+01 8.681224e+00 2.897402e+01
    endloop
  endfacet
  facet normal 1.317343e-01 -8.408952e-01 5.249203e-01
    outer loop
      vertex   -1.939195e+01 8.681224e+00 2.897402e+01
      vertex   -1.946273e+01 8.608324e+00 2.887500e+01
      vertex   -1.938354e+01 8.620731e+00 2.887500e+01
    endloop
  endfacet
  facet normal 1.027360e-01 -8.449284e-01 5.249203e-01
    outer loop
      vertex   -1.939195e+01 8.681224e+00 2.897402e+01
      vertex   -1.938354e+01 8.620731e+00 2.887500e+01
      vertex   -1.931029e+01 8.691153e+00 2.897402e+01
    endloop
  endfacet
  facet normal 1.027360e-01 -8.449284e-01 5.249203e-01
    outer loop
      vertex   -1.931029e+01 8.691153e+00 2.897402e+01
      vertex   -1.938354e+01 8.620731e+00 2.887500e+01
      vertex   -1.930396e+01 8.630406e+00 2.887500e+01
    endloop
  endfacet
  facet normal 7.361604e-02 -8.479619e-01 5.249203e-01
    outer loop
      vertex   -1.931029e+01 8.691153e+00 2.897402e+01
      vertex   -1.930396e+01 8.630406e+00 2.887500e+01
      vertex   -1.922834e+01 8.698268e+00 2.897402e+01
    endloop
  endfacet
  facet normal 7.361604e-02 -8.479619e-01 5.249203e-01
    outer loop
      vertex   -1.922834e+01 8.698268e+00 2.897402e+01
      vertex   -1.930396e+01 8.630406e+00 2.887500e+01
      vertex   -1.922410e+01 8.637340e+00 2.887500e+01
    endloop
  endfacet
  facet normal 4.440903e-02 -8.499921e-01 5.249203e-01
    outer loop
      vertex   -1.922834e+01 8.698268e+00 2.897402e+01
      vertex   -1.922410e+01 8.637340e+00 2.887500e+01
      vertex   -1.914618e+01 8.702560e+00 2.897402e+01
    endloop
  endfacet
  facet normal 4.440903e-02 -8.499921e-01 5.249203e-01
    outer loop
      vertex   -1.914618e+01 8.702560e+00 2.897402e+01
      vertex   -1.922410e+01 8.637340e+00 2.887500e+01
      vertex   -1.914405e+01 8.641522e+00 2.887500e+01
    endloop
  endfacet
  facet normal 1.514947e-02 -8.510165e-01 5.249203e-01
    outer loop
      vertex   -1.914618e+01 8.702560e+00 2.897402e+01
      vertex   -1.914405e+01 8.641522e+00 2.887500e+01
      vertex   -1.906394e+01 8.704024e+00 2.897402e+01
    endloop
  endfacet
  facet normal 1.514947e-02 -8.510165e-01 5.249203e-01
    outer loop
      vertex   -1.906394e+01 8.704024e+00 2.897402e+01
      vertex   -1.914405e+01 8.641522e+00 2.887500e+01
      vertex   -1.906390e+01 8.642949e+00 2.887500e+01
    endloop
  endfacet
  facet normal -1.412801e-02 -8.510341e-01 5.249203e-01
    outer loop
      vertex   -1.906394e+01 8.704024e+00 2.897402e+01
      vertex   -1.906390e+01 8.642949e+00 2.887500e+01
      vertex   -1.898168e+01 8.702658e+00 2.897402e+01
    endloop
  endfacet
  facet normal 2.883012e-01 -6.892038e-01 6.647410e-01
    outer loop
      vertex   -2.011008e+01 8.700586e+00 2.924748e+01
      vertex   -2.007901e+01 8.629759e+00 2.916058e+01
      vertex   -2.002733e+01 8.735202e+00 2.924748e+01
    endloop
  endfacet
  facet normal 2.883012e-01 -6.892038e-01 6.647410e-01
    outer loop
      vertex   -2.002733e+01 8.735202e+00 2.924748e+01
      vertex   -2.007901e+01 8.629759e+00 2.916058e+01
      vertex   -1.999871e+01 8.663349e+00 2.916058e+01
    endloop
  endfacet
  facet normal 2.644273e-01 -6.987114e-01 6.647410e-01
    outer loop
      vertex   -2.002733e+01 8.735202e+00 2.924748e+01
      vertex   -1.999871e+01 8.663349e+00 2.916058e+01
      vertex   -1.994343e+01 8.766952e+00 2.924748e+01
    endloop
  endfacet
  facet normal 2.644273e-01 -6.987114e-01 6.647410e-01
    outer loop
      vertex   -1.994343e+01 8.766952e+00 2.924748e+01
      vertex   -1.999871e+01 8.663349e+00 2.916058e+01
      vertex   -1.991731e+01 8.694157e+00 2.916058e+01
    endloop
  endfacet
  facet normal 2.402405e-01 -7.073924e-01 6.647410e-01
    outer loop
      vertex   -1.994343e+01 8.766952e+00 2.924748e+01
      vertex   -1.991731e+01 8.694157e+00 2.916058e+01
      vertex   -1.985850e+01 8.795797e+00 2.924748e+01
    endloop
  endfacet
  facet normal 2.402405e-01 -7.073924e-01 6.647410e-01
    outer loop
      vertex   -1.985850e+01 8.795797e+00 2.924748e+01
      vertex   -1.991731e+01 8.694157e+00 2.916058e+01
      vertex   -1.983489e+01 8.722146e+00 2.916058e+01
    endloop
  endfacet
  facet normal 2.157694e-01 -7.152363e-01 6.647410e-01
    outer loop
      vertex   -1.985850e+01 8.795797e+00 2.924748e+01
      vertex   -1.983489e+01 8.722146e+00 2.916058e+01
      vertex   -1.977262e+01 8.821704e+00 2.924748e+01
    endloop
  endfacet
  facet normal 2.157694e-01 -7.152363e-01 6.647410e-01
    outer loop
      vertex   -1.977262e+01 8.821704e+00 2.924748e+01
      vertex   -1.983489e+01 8.722146e+00 2.916058e+01
      vertex   -1.975156e+01 8.747285e+00 2.916058e+01
    endloop
  endfacet
  facet normal 1.910430e-01 -7.222340e-01 6.647410e-01
    outer loop
      vertex   -1.977262e+01 8.821704e+00 2.924748e+01
      vertex   -1.975156e+01 8.747285e+00 2.916058e+01
      vertex   -1.968590e+01 8.844642e+00 2.924748e+01
    endloop
  endfacet
  facet normal 1.910430e-01 -7.222340e-01 6.647410e-01
    outer loop
      vertex   -1.968590e+01 8.844642e+00 2.924748e+01
      vertex   -1.975156e+01 8.747285e+00 2.916058e+01
      vertex   -1.966741e+01 8.769543e+00 2.916058e+01
    endloop
  endfacet
  facet normal 1.661473e-01 -7.283638e-01 6.647415e-01
    outer loop
      vertex   -1.968590e+01 8.844642e+00 2.924748e+01
      vertex   -1.966741e+01 8.769543e+00 2.916058e+01
      vertex   -1.958294e+01 8.788813e+00 2.916058e+01
    endloop
  endfacet
  facet normal 1.744624e-01 -7.648157e-01 6.201772e-01
    outer loop
      vertex   -1.958294e+01 8.788813e+00 2.916058e+01
      vertex   -1.966741e+01 8.769543e+00 2.916058e+01
      vertex   -1.956812e+01 8.718193e+00 2.906932e+01
    endloop
  endfacet
  facet normal 1.480587e-01 -7.703598e-01 6.201809e-01
    outer loop
      vertex   -1.958294e+01 8.788813e+00 2.916058e+01
      vertex   -1.956812e+01 8.718193e+00 2.906932e+01
      vertex   -1.948468e+01 8.734229e+00 2.906932e+01
    endloop
  endfacet
  facet normal 1.546143e-01 -8.044690e-01 5.735190e-01
    outer loop
      vertex   -1.948468e+01 8.734229e+00 2.906932e+01
      vertex   -1.956812e+01 8.718193e+00 2.906932e+01
      vertex   -1.947322e+01 8.668492e+00 2.897402e+01
    endloop
  endfacet
  facet normal 1.267879e-01 -8.093208e-01 5.735195e-01
    outer loop
      vertex   -1.948468e+01 8.734229e+00 2.906932e+01
      vertex   -1.947322e+01 8.668492e+00 2.897402e+01
      vertex   -1.940114e+01 8.747317e+00 2.906932e+01
    endloop
  endfacet
  facet normal 1.267879e-01 -8.093208e-01 5.735195e-01
    outer loop
      vertex   -1.940114e+01 8.747317e+00 2.906932e+01
      vertex   -1.947322e+01 8.668492e+00 2.897402e+01
      vertex   -1.939195e+01 8.681224e+00 2.897402e+01
    endloop
  endfacet
  facet normal 9.887838e-02 -8.132026e-01 5.735195e-01
    outer loop
      vertex   -1.940114e+01 8.747317e+00 2.906932e+01
      vertex   -1.939195e+01 8.681224e+00 2.897402e+01
      vertex   -1.931720e+01 8.757523e+00 2.906932e+01
    endloop
  endfacet
  facet normal 9.887838e-02 -8.132026e-01 5.735195e-01
    outer loop
      vertex   -1.931720e+01 8.757523e+00 2.906932e+01
      vertex   -1.939195e+01 8.681224e+00 2.897402e+01
      vertex   -1.931029e+01 8.691153e+00 2.897402e+01
    endloop
  endfacet
  facet normal 7.085187e-02 -8.161222e-01 5.735195e-01
    outer loop
      vertex   -1.931720e+01 8.757523e+00 2.906932e+01
      vertex   -1.931029e+01 8.691153e+00 2.897402e+01
      vertex   -1.923296e+01 8.764836e+00 2.906932e+01
    endloop
  endfacet
  facet normal 7.085187e-02 -8.161222e-01 5.735195e-01
    outer loop
      vertex   -1.923296e+01 8.764836e+00 2.906932e+01
      vertex   -1.931029e+01 8.691153e+00 2.897402e+01
      vertex   -1.922834e+01 8.698268e+00 2.897402e+01
    endloop
  endfacet
  facet normal 4.274154e-02 -8.180761e-01 5.735195e-01
    outer loop
      vertex   -1.923296e+01 8.764836e+00 2.906932e+01
      vertex   -1.922834e+01 8.698268e+00 2.897402e+01
      vertex   -1.914852e+01 8.769248e+00 2.906932e+01
    endloop
  endfacet
  facet normal 4.274154e-02 -8.180761e-01 5.735195e-01
    outer loop
      vertex   -1.914852e+01 8.769248e+00 2.906932e+01
      vertex   -1.922834e+01 8.698268e+00 2.897402e+01
      vertex   -1.914618e+01 8.702560e+00 2.897402e+01
    endloop
  endfacet
  facet normal 1.458063e-02 -8.190621e-01 5.735195e-01
    outer loop
      vertex   -1.914852e+01 8.769248e+00 2.906932e+01
      vertex   -1.914618e+01 8.702560e+00 2.897402e+01
      vertex   -1.906398e+01 8.770753e+00 2.906932e+01
    endloop
  endfacet
  facet normal 1.458063e-02 -8.190621e-01 5.735195e-01
    outer loop
      vertex   -1.906398e+01 8.770753e+00 2.906932e+01
      vertex   -1.914618e+01 8.702560e+00 2.897402e+01
      vertex   -1.906394e+01 8.704024e+00 2.897402e+01
    endloop
  endfacet
  facet normal -1.359753e-02 -8.190790e-01 5.735195e-01
    outer loop
      vertex   -1.906398e+01 8.770753e+00 2.906932e+01
      vertex   -1.906394e+01 8.704024e+00 2.897402e+01
      vertex   -1.897943e+01 8.769350e+00 2.906932e+01
    endloop
  endfacet
  facet normal -1.359753e-02 -8.190790e-01 5.735195e-01
    outer loop
      vertex   -1.897943e+01 8.769350e+00 2.906932e+01
      vertex   -1.906394e+01 8.704024e+00 2.897402e+01
      vertex   -1.898168e+01 8.702658e+00 2.897402e+01
    endloop
  endfacet
  facet normal -4.175960e-02 -8.181268e-01 5.735195e-01
    outer loop
      vertex   -1.897943e+01 8.769350e+00 2.906932e+01
      vertex   -1.898168e+01 8.702658e+00 2.897402e+01
      vertex   -1.889498e+01 8.765039e+00 2.906932e+01
    endloop
  endfacet
  facet normal 2.728978e-01 -6.523808e-01 7.070545e-01
    outer loop
      vertex   -2.014312e+01 8.775921e+00 2.932975e+01
      vertex   -2.011008e+01 8.700586e+00 2.924748e+01
      vertex   -2.005776e+01 8.811628e+00 2.932975e+01
    endloop
  endfacet
  facet normal 2.728978e-01 -6.523808e-01 7.070545e-01
    outer loop
      vertex   -2.005776e+01 8.811628e+00 2.932975e+01
      vertex   -2.011008e+01 8.700586e+00 2.924748e+01
      vertex   -2.002733e+01 8.735202e+00 2.924748e+01
    endloop
  endfacet
  facet normal 2.502994e-01 -6.613805e-01 7.070545e-01
    outer loop
      vertex   -2.005776e+01 8.811628e+00 2.932975e+01
      vertex   -2.002733e+01 8.735202e+00 2.924748e+01
      vertex   -1.997122e+01 8.844379e+00 2.932975e+01
    endloop
  endfacet
  facet normal 2.502994e-01 -6.613805e-01 7.070545e-01
    outer loop
      vertex   -1.997122e+01 8.844379e+00 2.932975e+01
      vertex   -2.002733e+01 8.735202e+00 2.924748e+01
      vertex   -1.994343e+01 8.766952e+00 2.924748e+01
    endloop
  endfacet
  facet normal 2.274048e-01 -6.695976e-01 7.070545e-01
    outer loop
      vertex   -1.997122e+01 8.844379e+00 2.932975e+01
      vertex   -1.994343e+01 8.766952e+00 2.924748e+01
      vertex   -1.988361e+01 8.874135e+00 2.932975e+01
    endloop
  endfacet
  facet normal 2.274048e-01 -6.695976e-01 7.070545e-01
    outer loop
      vertex   -1.988361e+01 8.874135e+00 2.932975e+01
      vertex   -1.994343e+01 8.766952e+00 2.924748e+01
      vertex   -1.985850e+01 8.795797e+00 2.924748e+01
    endloop
  endfacet
  facet normal 2.042412e-01 -6.770225e-01 7.070545e-01
    outer loop
      vertex   -1.988361e+01 8.874135e+00 2.932975e+01
      vertex   -1.985850e+01 8.795797e+00 2.924748e+01
      vertex   -1.979502e+01 8.900859e+00 2.932975e+01
    endloop
  endfacet
  facet normal 2.042412e-01 -6.770225e-01 7.070545e-01
    outer loop
      vertex   -1.979502e+01 8.900859e+00 2.932975e+01
      vertex   -1.985850e+01 8.795797e+00 2.924748e+01
      vertex   -1.977262e+01 8.821704e+00 2.924748e+01
    endloop
  endfacet
  facet normal 1.808359e-01 -6.836463e-01 7.070545e-01
    outer loop
      vertex   -1.979502e+01 8.900859e+00 2.932975e+01
      vertex   -1.977262e+01 8.821704e+00 2.924748e+01
      vertex   -1.970557e+01 8.924521e+00 2.932975e+01
    endloop
  endfacet
  facet normal 1.808359e-01 -6.836463e-01 7.070545e-01
    outer loop
      vertex   -1.970557e+01 8.924521e+00 2.932975e+01
      vertex   -1.977262e+01 8.821704e+00 2.924748e+01
      vertex   -1.968590e+01 8.844642e+00 2.924748e+01
    endloop
  endfacet
  facet normal 1.572668e-01 -6.894494e-01 7.070549e-01
    outer loop
      vertex   -1.970557e+01 8.924521e+00 2.932975e+01
      vertex   -1.968590e+01 8.844642e+00 2.924748e+01
      vertex   -1.959882e+01 8.864507e+00 2.924748e+01
    endloop
  endfacet
  facet normal 1.661440e-01 -7.283666e-01 6.647393e-01
    outer loop
      vertex   -1.959882e+01 8.864507e+00 2.924748e+01
      vertex   -1.968590e+01 8.844642e+00 2.924748e+01
      vertex   -1.958294e+01 8.788813e+00 2.916058e+01
    endloop
  endfacet
  facet normal 1.409986e-01 -7.336460e-01 6.647427e-01
    outer loop
      vertex   -1.959882e+01 8.864507e+00 2.924748e+01
      vertex   -1.958294e+01 8.788813e+00 2.916058e+01
      vertex   -1.949707e+01 8.805315e+00 2.916058e+01
    endloop
  endfacet
  facet normal 1.480551e-01 -7.703624e-01 6.201785e-01
    outer loop
      vertex   -1.949707e+01 8.805315e+00 2.916058e+01
      vertex   -1.958294e+01 8.788813e+00 2.916058e+01
      vertex   -1.948468e+01 8.734229e+00 2.906932e+01
    endloop
  endfacet
  facet normal 1.214124e-01 -7.750077e-01 6.201790e-01
    outer loop
      vertex   -1.949707e+01 8.805315e+00 2.916058e+01
      vertex   -1.948468e+01 8.734229e+00 2.906932e+01
      vertex   -1.941108e+01 8.818786e+00 2.916058e+01
    endloop
  endfacet
  facet normal 1.214124e-01 -7.750077e-01 6.201790e-01
    outer loop
      vertex   -1.941108e+01 8.818786e+00 2.916058e+01
      vertex   -1.948468e+01 8.734229e+00 2.906932e+01
      vertex   -1.940114e+01 8.747317e+00 2.906932e+01
    endloop
  endfacet
  facet normal 9.468619e-02 -7.787249e-01 6.201790e-01
    outer loop
      vertex   -1.941108e+01 8.818786e+00 2.916058e+01
      vertex   -1.940114e+01 8.747317e+00 2.906932e+01
      vertex   -1.932468e+01 8.829292e+00 2.916058e+01
    endloop
  endfacet
  facet normal 9.468619e-02 -7.787249e-01 6.201790e-01
    outer loop
      vertex   -1.932468e+01 8.829292e+00 2.916058e+01
      vertex   -1.940114e+01 8.747317e+00 2.906932e+01
      vertex   -1.931720e+01 8.757523e+00 2.906932e+01
    endloop
  endfacet
  facet normal 6.784794e-02 -7.815207e-01 6.201790e-01
    outer loop
      vertex   -1.932468e+01 8.829292e+00 2.916058e+01
      vertex   -1.931720e+01 8.757523e+00 2.906932e+01
      vertex   -1.923797e+01 8.836820e+00 2.916058e+01
    endloop
  endfacet
  facet normal 6.784794e-02 -7.815207e-01 6.201790e-01
    outer loop
      vertex   -1.923797e+01 8.836820e+00 2.916058e+01
      vertex   -1.931720e+01 8.757523e+00 2.906932e+01
      vertex   -1.923296e+01 8.764836e+00 2.906932e+01
    endloop
  endfacet
  facet normal 4.092941e-02 -7.833918e-01 6.201790e-01
    outer loop
      vertex   -1.923797e+01 8.836820e+00 2.916058e+01
      vertex   -1.923296e+01 8.764836e+00 2.906932e+01
      vertex   -1.915104e+01 8.841361e+00 2.916058e+01
    endloop
  endfacet
  facet normal 4.092941e-02 -7.833918e-01 6.201790e-01
    outer loop
      vertex   -1.915104e+01 8.841361e+00 2.916058e+01
      vertex   -1.923296e+01 8.764836e+00 2.906932e+01
      vertex   -1.914852e+01 8.769248e+00 2.906932e+01
    endloop
  endfacet
  facet normal 1.396245e-02 -7.843360e-01 6.201790e-01
    outer loop
      vertex   -1.915104e+01 8.841361e+00 2.916058e+01
      vertex   -1.914852e+01 8.769248e+00 2.906932e+01
      vertex   -1.906402e+01 8.842911e+00 2.916058e+01
    endloop
  endfacet
  facet normal 1.396245e-02 -7.843360e-01 6.201790e-01
    outer loop
      vertex   -1.906402e+01 8.842911e+00 2.916058e+01
      vertex   -1.914852e+01 8.769248e+00 2.906932e+01
      vertex   -1.906398e+01 8.770753e+00 2.906932e+01
    endloop
  endfacet
  facet normal -1.302103e-02 -7.843522e-01 6.201790e-01
    outer loop
      vertex   -1.906402e+01 8.842911e+00 2.916058e+01
      vertex   -1.906398e+01 8.770753e+00 2.906932e+01
      vertex   -1.897699e+01 8.841466e+00 2.916058e+01
    endloop
  endfacet
  facet normal -1.302103e-02 -7.843522e-01 6.201790e-01
    outer loop
      vertex   -1.897699e+01 8.841466e+00 2.916058e+01
      vertex   -1.906398e+01 8.770753e+00 2.906932e+01
      vertex   -1.897943e+01 8.769350e+00 2.906932e+01
    endloop
  endfacet
  facet normal -3.998910e-02 -7.834404e-01 6.201790e-01
    outer loop
      vertex   -1.897699e+01 8.841466e+00 2.916058e+01
      vertex   -1.897943e+01 8.769350e+00 2.906932e+01
      vertex   -1.889006e+01 8.837029e+00 2.916058e+01
    endloop
  endfacet
  facet normal -3.998910e-02 -7.834404e-01 6.201790e-01
    outer loop
      vertex   -1.889006e+01 8.837029e+00 2.916058e+01
      vertex   -1.897943e+01 8.769350e+00 2.906932e+01
      vertex   -1.889498e+01 8.765039e+00 2.906932e+01
    endloop
  endfacet
  facet normal -6.690986e-02 -7.816016e-01 6.201790e-01
    outer loop
      vertex   -1.889006e+01 8.837029e+00 2.916058e+01
      vertex   -1.889498e+01 8.765039e+00 2.906932e+01
      vertex   -1.880334e+01 8.829605e+00 2.916058e+01
    endloop
  endfacet
  facet normal 2.565707e-01 -6.133498e-01 7.469762e-01
    outer loop
      vertex   -2.017804e+01 8.855508e+00 2.940709e+01
      vertex   -2.014312e+01 8.775921e+00 2.932975e+01
      vertex   -2.008992e+01 8.892369e+00 2.940709e+01
    endloop
  endfacet
  facet normal 2.565707e-01 -6.133498e-01 7.469762e-01
    outer loop
      vertex   -2.008992e+01 8.892369e+00 2.940709e+01
      vertex   -2.014312e+01 8.775921e+00 2.932975e+01
      vertex   -2.005776e+01 8.811628e+00 2.932975e+01
    endloop
  endfacet
  facet normal 2.353243e-01 -6.218110e-01 7.469762e-01
    outer loop
      vertex   -2.008992e+01 8.892369e+00 2.940709e+01
      vertex   -2.005776e+01 8.811628e+00 2.932975e+01
      vertex   -2.000058e+01 8.926178e+00 2.940709e+01
    endloop
  endfacet
  facet normal 2.353243e-01 -6.218110e-01 7.469762e-01
    outer loop
      vertex   -2.000058e+01 8.926178e+00 2.940709e+01
      vertex   -2.005776e+01 8.811628e+00 2.932975e+01
      vertex   -1.997122e+01 8.844379e+00 2.932975e+01
    endloop
  endfacet
  facet normal 2.137995e-01 -6.295366e-01 7.469762e-01
    outer loop
      vertex   -2.000058e+01 8.926178e+00 2.940709e+01
      vertex   -1.997122e+01 8.844379e+00 2.932975e+01
      vertex   -1.991014e+01 8.956895e+00 2.940709e+01
    endloop
  endfacet
  facet normal 2.137995e-01 -6.295366e-01 7.469762e-01
    outer loop
      vertex   -1.991014e+01 8.956895e+00 2.940709e+01
      vertex   -1.997122e+01 8.844379e+00 2.932975e+01
      vertex   -1.988361e+01 8.874135e+00 2.932975e+01
    endloop
  endfacet
  facet normal 1.920218e-01 -6.365172e-01 7.469762e-01
    outer loop
      vertex   -1.991014e+01 8.956895e+00 2.940709e+01
      vertex   -1.988361e+01 8.874135e+00 2.932975e+01
      vertex   -1.981869e+01 8.984483e+00 2.940709e+01
    endloop
  endfacet
  facet normal 1.920218e-01 -6.365172e-01 7.469762e-01
    outer loop
      vertex   -1.981869e+01 8.984483e+00 2.940709e+01
      vertex   -1.988361e+01 8.874135e+00 2.932975e+01
      vertex   -1.979502e+01 8.900859e+00 2.932975e+01
    endloop
  endfacet
  facet normal 1.700168e-01 -6.427447e-01 7.469762e-01
    outer loop
      vertex   -1.981869e+01 8.984483e+00 2.940709e+01
      vertex   -1.979502e+01 8.900859e+00 2.932975e+01
      vertex   -1.972634e+01 9.008909e+00 2.940709e+01
    endloop
  endfacet
  facet normal 1.700168e-01 -6.427447e-01 7.469762e-01
    outer loop
      vertex   -1.972634e+01 9.008909e+00 2.940709e+01
      vertex   -1.979502e+01 8.900859e+00 2.932975e+01
      vertex   -1.970557e+01 8.924521e+00 2.932975e+01
    endloop
  endfacet
  facet normal 1.478543e-01 -6.482014e-01 7.469766e-01
    outer loop
      vertex   -1.972634e+01 9.008909e+00 2.940709e+01
      vertex   -1.970557e+01 8.924521e+00 2.932975e+01
      vertex   -1.961571e+01 8.945018e+00 2.932975e+01
    endloop
  endfacet
  facet normal 1.572636e-01 -6.894522e-01 7.070529e-01
    outer loop
      vertex   -1.961571e+01 8.945018e+00 2.932975e+01
      vertex   -1.970557e+01 8.924521e+00 2.932975e+01
      vertex   -1.959882e+01 8.864507e+00 2.924748e+01
    endloop
  endfacet
  facet normal 1.334617e-01 -6.944492e-01 7.070561e-01
    outer loop
      vertex   -1.961571e+01 8.945018e+00 2.932975e+01
      vertex   -1.959882e+01 8.864507e+00 2.924748e+01
      vertex   -1.951036e+01 8.881507e+00 2.924748e+01
    endloop
  endfacet
  facet normal 1.409952e-01 -7.336487e-01 6.647405e-01
    outer loop
      vertex   -1.951036e+01 8.881507e+00 2.924748e+01
      vertex   -1.959882e+01 8.864507e+00 2.924748e+01
      vertex   -1.949707e+01 8.805315e+00 2.916058e+01
    endloop
  endfacet
  facet normal 1.156260e-01 -7.380718e-01 6.647410e-01
    outer loop
      vertex   -1.951036e+01 8.881507e+00 2.924748e+01
      vertex   -1.949707e+01 8.805315e+00 2.916058e+01
      vertex   -1.942174e+01 8.895390e+00 2.924748e+01
    endloop
  endfacet
  facet normal 1.156260e-01 -7.380718e-01 6.647410e-01
    outer loop
      vertex   -1.942174e+01 8.895390e+00 2.924748e+01
      vertex   -1.949707e+01 8.805315e+00 2.916058e+01
      vertex   -1.941108e+01 8.818786e+00 2.916058e+01
    endloop
  endfacet
  facet normal 9.017356e-02 -7.416119e-01 6.647410e-01
    outer loop
      vertex   -1.942174e+01 8.895390e+00 2.924748e+01
      vertex   -1.941108e+01 8.818786e+00 2.916058e+01
      vertex   -1.933269e+01 8.906217e+00 2.924748e+01
    endloop
  endfacet
  facet normal 9.017356e-02 -7.416119e-01 6.647410e-01
    outer loop
      vertex   -1.933269e+01 8.906217e+00 2.924748e+01
      vertex   -1.941108e+01 8.818786e+00 2.916058e+01
      vertex   -1.932468e+01 8.829292e+00 2.916058e+01
    endloop
  endfacet
  facet normal 6.461439e-02 -7.442744e-01 6.647410e-01
    outer loop
      vertex   -1.933269e+01 8.906217e+00 2.924748e+01
      vertex   -1.932468e+01 8.829292e+00 2.916058e+01
      vertex   -1.924333e+01 8.913976e+00 2.924748e+01
    endloop
  endfacet
  facet normal 6.461439e-02 -7.442744e-01 6.647410e-01
    outer loop
      vertex   -1.924333e+01 8.913976e+00 2.924748e+01
      vertex   -1.932468e+01 8.829292e+00 2.916058e+01
      vertex   -1.923797e+01 8.836820e+00 2.916058e+01
    endloop
  endfacet
  facet normal 3.897876e-02 -7.460563e-01 6.647410e-01
    outer loop
      vertex   -1.924333e+01 8.913976e+00 2.924748e+01
      vertex   -1.923797e+01 8.836820e+00 2.916058e+01
      vertex   -1.915375e+01 8.918656e+00 2.924748e+01
    endloop
  endfacet
  facet normal 3.897876e-02 -7.460563e-01 6.647410e-01
    outer loop
      vertex   -1.915375e+01 8.918656e+00 2.924748e+01
      vertex   -1.923797e+01 8.836820e+00 2.916058e+01
      vertex   -1.915104e+01 8.841361e+00 2.916058e+01
    endloop
  endfacet
  facet normal 1.329702e-02 -7.469556e-01 6.647410e-01
    outer loop
      vertex   -1.915375e+01 8.918656e+00 2.924748e+01
      vertex   -1.915104e+01 8.841361e+00 2.916058e+01
      vertex   -1.906406e+01 8.920252e+00 2.924748e+01
    endloop
  endfacet
  facet normal 1.329702e-02 -7.469556e-01 6.647410e-01
    outer loop
      vertex   -1.906406e+01 8.920252e+00 2.924748e+01
      vertex   -1.915104e+01 8.841361e+00 2.916058e+01
      vertex   -1.906402e+01 8.842911e+00 2.916058e+01
    endloop
  endfacet
  facet normal -1.240046e-02 -7.469710e-01 6.647410e-01
    outer loop
      vertex   -1.906406e+01 8.920252e+00 2.924748e+01
      vertex   -1.906402e+01 8.842911e+00 2.916058e+01
      vertex   -1.897438e+01 8.918763e+00 2.924748e+01
    endloop
  endfacet
  facet normal -1.240046e-02 -7.469710e-01 6.647410e-01
    outer loop
      vertex   -1.897438e+01 8.918763e+00 2.924748e+01
      vertex   -1.906402e+01 8.842911e+00 2.916058e+01
      vertex   -1.897699e+01 8.841466e+00 2.916058e+01
    endloop
  endfacet
  facet normal -3.808327e-02 -7.461026e-01 6.647410e-01
    outer loop
      vertex   -1.897438e+01 8.918763e+00 2.924748e+01
      vertex   -1.897699e+01 8.841466e+00 2.916058e+01
      vertex   -1.888479e+01 8.914191e+00 2.924748e+01
    endloop
  endfacet
  facet normal -3.808327e-02 -7.461026e-01 6.647410e-01
    outer loop
      vertex   -1.888479e+01 8.914191e+00 2.924748e+01
      vertex   -1.897699e+01 8.841466e+00 2.916058e+01
      vertex   -1.889006e+01 8.837029e+00 2.916058e+01
    endloop
  endfacet
  facet normal -6.372102e-02 -7.443514e-01 6.647410e-01
    outer loop
      vertex   -1.888479e+01 8.914191e+00 2.924748e+01
      vertex   -1.889006e+01 8.837029e+00 2.916058e+01
      vertex   -1.879542e+01 8.906540e+00 2.924748e+01
    endloop
  endfacet
  facet normal -6.372102e-02 -7.443514e-01 6.647410e-01
    outer loop
      vertex   -1.879542e+01 8.906540e+00 2.924748e+01
      vertex   -1.889006e+01 8.837029e+00 2.916058e+01
      vertex   -1.880334e+01 8.829605e+00 2.916058e+01
    endloop
  endfacet
  facet normal -8.928337e-02 -7.417196e-01 6.647410e-01
    outer loop
      vertex   -1.879542e+01 8.906540e+00 2.924748e+01
      vertex   -1.880334e+01 8.829605e+00 2.916058e+01
      vertex   -1.870636e+01 8.895820e+00 2.924748e+01
    endloop
  endfacet
  facet normal 2.393751e-01 -5.722426e-01 7.843710e-01
    outer loop
      vertex   -2.021470e+01 8.939079e+00 2.947925e+01
      vertex   -2.017804e+01 8.855508e+00 2.940709e+01
      vertex   -2.012368e+01 8.977152e+00 2.947925e+01
    endloop
  endfacet
  facet normal 2.393751e-01 -5.722426e-01 7.843710e-01
    outer loop
      vertex   -2.012368e+01 8.977152e+00 2.947925e+01
      vertex   -2.017804e+01 8.855508e+00 2.940709e+01
      vertex   -2.008992e+01 8.892369e+00 2.940709e+01
    endloop
  endfacet
  facet normal 2.195527e-01 -5.801368e-01 7.843710e-01
    outer loop
      vertex   -2.012368e+01 8.977152e+00 2.947925e+01
      vertex   -2.008992e+01 8.892369e+00 2.940709e+01
      vertex   -2.003141e+01 9.012072e+00 2.947925e+01
    endloop
  endfacet
  facet normal 2.195527e-01 -5.801368e-01 7.843710e-01
    outer loop
      vertex   -2.003141e+01 9.012072e+00 2.947925e+01
      vertex   -2.008992e+01 8.892369e+00 2.940709e+01
      vertex   -2.000058e+01 8.926178e+00 2.940709e+01
    endloop
  endfacet
  facet normal 1.994705e-01 -5.873445e-01 7.843710e-01
    outer loop
      vertex   -2.003141e+01 9.012072e+00 2.947925e+01
      vertex   -2.000058e+01 8.926178e+00 2.940709e+01
      vertex   -1.993799e+01 9.043798e+00 2.947925e+01
    endloop
  endfacet
  facet normal 1.994705e-01 -5.873445e-01 7.843710e-01
    outer loop
      vertex   -1.993799e+01 9.043798e+00 2.947925e+01
      vertex   -2.000058e+01 8.926178e+00 2.940709e+01
      vertex   -1.991014e+01 8.956895e+00 2.940709e+01
    endloop
  endfacet
  facet normal 1.791523e-01 -5.938573e-01 7.843710e-01
    outer loop
      vertex   -1.993799e+01 9.043798e+00 2.947925e+01
      vertex   -1.991014e+01 8.956895e+00 2.940709e+01
      vertex   -1.984354e+01 9.072292e+00 2.947925e+01
    endloop
  endfacet
  facet normal 1.791523e-01 -5.938573e-01 7.843710e-01
    outer loop
      vertex   -1.984354e+01 9.072292e+00 2.947925e+01
      vertex   -1.991014e+01 8.956895e+00 2.940709e+01
      vertex   -1.981869e+01 8.984483e+00 2.940709e+01
    endloop
  endfacet
  facet normal 1.586221e-01 -5.996675e-01 7.843710e-01
    outer loop
      vertex   -1.984354e+01 9.072292e+00 2.947925e+01
      vertex   -1.981869e+01 8.984483e+00 2.940709e+01
      vertex   -1.974816e+01 9.097521e+00 2.947925e+01
    endloop
  endfacet
  facet normal 1.586221e-01 -5.996675e-01 7.843710e-01
    outer loop
      vertex   -1.974816e+01 9.097521e+00 2.947925e+01
      vertex   -1.981869e+01 8.984483e+00 2.940709e+01
      vertex   -1.972634e+01 9.008909e+00 2.940709e+01
    endloop
  endfacet
  facet normal 1.379419e-01 -6.047591e-01 7.843713e-01
    outer loop
      vertex   -1.974816e+01 9.097521e+00 2.947925e+01
      vertex   -1.972634e+01 9.008909e+00 2.940709e+01
      vertex   -1.963355e+01 9.030074e+00 2.940709e+01
    endloop
  endfacet
  facet normal 1.478514e-01 -6.482042e-01 7.469748e-01
    outer loop
      vertex   -1.963355e+01 9.030074e+00 2.940709e+01
      vertex   -1.972634e+01 9.008909e+00 2.940709e+01
      vertex   -1.961571e+01 8.945018e+00 2.932975e+01
    endloop
  endfacet
  facet normal 1.254734e-01 -6.529017e-01 7.469777e-01
    outer loop
      vertex   -1.963355e+01 9.030074e+00 2.940709e+01
      vertex   -1.961571e+01 8.945018e+00 2.932975e+01
      vertex   -1.952448e+01 8.962549e+00 2.932975e+01
    endloop
  endfacet
  facet normal 1.334584e-01 -6.944519e-01 7.070541e-01
    outer loop
      vertex   -1.952448e+01 8.962549e+00 2.932975e+01
      vertex   -1.961571e+01 8.945018e+00 2.932975e+01
      vertex   -1.951036e+01 8.881507e+00 2.924748e+01
    endloop
  endfacet
  facet normal 1.094484e-01 -6.986380e-01 7.070545e-01
    outer loop
      vertex   -1.952448e+01 8.962549e+00 2.932975e+01
      vertex   -1.951036e+01 8.881507e+00 2.924748e+01
      vertex   -1.943307e+01 8.976870e+00 2.932975e+01
    endloop
  endfacet
  facet normal 1.094484e-01 -6.986380e-01 7.070545e-01
    outer loop
      vertex   -1.943307e+01 8.976870e+00 2.932975e+01
      vertex   -1.951036e+01 8.881507e+00 2.924748e+01
      vertex   -1.942174e+01 8.895390e+00 2.924748e+01
    endloop
  endfacet
  facet normal 8.535575e-02 -7.019889e-01 7.070545e-01
    outer loop
      vertex   -1.943307e+01 8.976870e+00 2.932975e+01
      vertex   -1.942174e+01 8.895390e+00 2.924748e+01
      vertex   -1.934122e+01 8.988039e+00 2.932975e+01
    endloop
  endfacet
  facet normal 8.535575e-02 -7.019889e-01 7.070545e-01
    outer loop
      vertex   -1.934122e+01 8.988039e+00 2.932975e+01
      vertex   -1.942174e+01 8.895390e+00 2.924748e+01
      vertex   -1.933269e+01 8.906217e+00 2.924748e+01
    endloop
  endfacet
  facet normal 6.116216e-02 -7.045092e-01 7.070545e-01
    outer loop
      vertex   -1.934122e+01 8.988039e+00 2.932975e+01
      vertex   -1.933269e+01 8.906217e+00 2.924748e+01
      vertex   -1.924903e+01 8.996042e+00 2.932975e+01
    endloop
  endfacet
  facet normal 6.116216e-02 -7.045092e-01 7.070545e-01
    outer loop
      vertex   -1.924903e+01 8.996042e+00 2.932975e+01
      vertex   -1.933269e+01 8.906217e+00 2.924748e+01
      vertex   -1.924333e+01 8.913976e+00 2.924748e+01
    endloop
  endfacet
  facet normal 3.689620e-02 -7.061959e-01 7.070545e-01
    outer loop
      vertex   -1.924903e+01 8.996042e+00 2.932975e+01
      vertex   -1.924333e+01 8.913976e+00 2.924748e+01
      vertex   -1.915663e+01 9.000869e+00 2.932975e+01
    endloop
  endfacet
  facet normal 3.689620e-02 -7.061959e-01 7.070545e-01
    outer loop
      vertex   -1.915663e+01 9.000869e+00 2.932975e+01
      vertex   -1.924333e+01 8.913976e+00 2.924748e+01
      vertex   -1.915375e+01 8.918656e+00 2.924748e+01
    endloop
  endfacet
  facet normal 1.258658e-02 -7.070471e-01 7.070545e-01
    outer loop
      vertex   -1.915663e+01 9.000869e+00 2.932975e+01
      vertex   -1.915375e+01 8.918656e+00 2.924748e+01
      vertex   -1.906411e+01 9.002516e+00 2.932975e+01
    endloop
  endfacet
  facet normal 1.258658e-02 -7.070471e-01 7.070545e-01
    outer loop
      vertex   -1.906411e+01 9.002516e+00 2.932975e+01
      vertex   -1.915375e+01 8.918656e+00 2.924748e+01
      vertex   -1.906406e+01 8.920252e+00 2.924748e+01
    endloop
  endfacet
  facet normal -1.173793e-02 -7.070617e-01 7.070545e-01
    outer loop
      vertex   -1.906411e+01 9.002516e+00 2.932975e+01
      vertex   -1.906406e+01 8.920252e+00 2.924748e+01
      vertex   -1.897160e+01 9.000980e+00 2.932975e+01
    endloop
  endfacet
  facet normal -1.173793e-02 -7.070617e-01 7.070545e-01
    outer loop
      vertex   -1.897160e+01 9.000980e+00 2.932975e+01
      vertex   -1.906406e+01 8.920252e+00 2.924748e+01
      vertex   -1.897438e+01 8.918763e+00 2.924748e+01
    endloop
  endfacet
  facet normal -3.604855e-02 -7.062397e-01 7.070545e-01
    outer loop
      vertex   -1.897160e+01 9.000980e+00 2.932975e+01
      vertex   -1.897438e+01 8.918763e+00 2.924748e+01
      vertex   -1.887919e+01 8.996264e+00 2.932975e+01
    endloop
  endfacet
  facet normal -3.604855e-02 -7.062397e-01 7.070545e-01
    outer loop
      vertex   -1.887919e+01 8.996264e+00 2.932975e+01
      vertex   -1.897438e+01 8.918763e+00 2.924748e+01
      vertex   -1.888479e+01 8.914191e+00 2.924748e+01
    endloop
  endfacet
  facet normal -6.031652e-02 -7.045821e-01 7.070545e-01
    outer loop
      vertex   -1.887919e+01 8.996264e+00 2.932975e+01
      vertex   -1.888479e+01 8.914191e+00 2.924748e+01
      vertex   -1.878699e+01 8.988371e+00 2.932975e+01
    endloop
  endfacet
  facet normal -6.031652e-02 -7.045821e-01 7.070545e-01
    outer loop
      vertex   -1.878699e+01 8.988371e+00 2.932975e+01
      vertex   -1.888479e+01 8.914191e+00 2.924748e+01
      vertex   -1.879542e+01 8.906540e+00 2.924748e+01
    endloop
  endfacet
  facet normal -8.451312e-02 -7.020908e-01 7.070545e-01
    outer loop
      vertex   -1.878699e+01 8.988371e+00 2.932975e+01
      vertex   -1.879542e+01 8.906540e+00 2.924748e+01
      vertex   -1.869513e+01 8.977313e+00 2.932975e+01
    endloop
  endfacet
  facet normal -8.451312e-02 -7.020908e-01 7.070545e-01
    outer loop
      vertex   -1.869513e+01 8.977313e+00 2.932975e+01
      vertex   -1.879542e+01 8.906540e+00 2.924748e+01
      vertex   -1.870636e+01 8.895820e+00 2.924748e+01
    endloop
  endfacet
  facet normal -1.086097e-01 -6.987688e-01 7.070545e-01
    outer loop
      vertex   -1.869513e+01 8.977313e+00 2.932975e+01
      vertex   -1.870636e+01 8.895820e+00 2.924748e+01
      vertex   -1.860370e+01 8.963102e+00 2.932975e+01
    endloop
  endfacet
  facet normal 2.213693e-01 -5.291983e-01 8.191122e-01
    outer loop
      vertex   -2.025298e+01 9.026350e+00 2.954598e+01
      vertex   -2.021470e+01 8.939079e+00 2.947925e+01
      vertex   -2.015894e+01 9.065688e+00 2.954598e+01
    endloop
  endfacet
  facet normal 2.213693e-01 -5.291983e-01 8.191122e-01
    outer loop
      vertex   -2.015894e+01 9.065688e+00 2.954598e+01
      vertex   -2.021470e+01 8.939079e+00 2.947925e+01
      vertex   -2.012368e+01 8.977152e+00 2.947925e+01
    endloop
  endfacet
  facet normal 2.030379e-01 -5.364987e-01 8.191122e-01
    outer loop
      vertex   -2.015894e+01 9.065688e+00 2.954598e+01
      vertex   -2.012368e+01 8.977152e+00 2.947925e+01
      vertex   -2.006360e+01 9.101769e+00 2.954598e+01
    endloop
  endfacet
  facet normal 2.030379e-01 -5.364987e-01 8.191122e-01
    outer loop
      vertex   -2.006360e+01 9.101769e+00 2.954598e+01
      vertex   -2.012368e+01 8.977152e+00 2.947925e+01
      vertex   -2.003141e+01 9.012072e+00 2.947925e+01
    endloop
  endfacet
  facet normal 1.844663e-01 -5.431643e-01 8.191122e-01
    outer loop
      vertex   -2.006360e+01 9.101769e+00 2.954598e+01
      vertex   -2.003141e+01 9.012072e+00 2.947925e+01
      vertex   -1.996708e+01 9.134549e+00 2.954598e+01
    endloop
  endfacet
  facet normal 1.844663e-01 -5.431643e-01 8.191122e-01
    outer loop
      vertex   -1.996708e+01 9.134549e+00 2.954598e+01
      vertex   -2.003141e+01 9.012072e+00 2.947925e+01
      vertex   -1.993799e+01 9.043798e+00 2.947925e+01
    endloop
  endfacet
  facet normal 1.656764e-01 -5.491872e-01 8.191122e-01
    outer loop
      vertex   -1.996708e+01 9.134549e+00 2.954598e+01
      vertex   -1.993799e+01 9.043798e+00 2.947925e+01
      vertex   -1.986949e+01 9.163990e+00 2.954598e+01
    endloop
  endfacet
  facet normal 1.656764e-01 -5.491872e-01 8.191122e-01
    outer loop
      vertex   -1.986949e+01 9.163990e+00 2.954598e+01
      vertex   -1.993799e+01 9.043798e+00 2.947925e+01
      vertex   -1.984354e+01 9.072292e+00 2.947925e+01
    endloop
  endfacet
  facet normal 1.466905e-01 -5.545603e-01 8.191122e-01
    outer loop
      vertex   -1.986949e+01 9.163990e+00 2.954598e+01
      vertex   -1.984354e+01 9.072292e+00 2.947925e+01
      vertex   -1.977094e+01 9.190057e+00 2.954598e+01
    endloop
  endfacet
  facet normal 1.466905e-01 -5.545603e-01 8.191122e-01
    outer loop
      vertex   -1.977094e+01 9.190057e+00 2.954598e+01
      vertex   -1.984354e+01 9.072292e+00 2.947925e+01
      vertex   -1.974816e+01 9.097521e+00 2.947925e+01
    endloop
  endfacet
  facet normal 1.275629e-01 -5.592696e-01 8.191124e-01
    outer loop
      vertex   -1.977094e+01 9.190057e+00 2.954598e+01
      vertex   -1.974816e+01 9.097521e+00 2.947925e+01
      vertex   -1.965229e+01 9.119388e+00 2.947925e+01
    endloop
  endfacet
  facet normal 1.379392e-01 -6.047619e-01 7.843697e-01
    outer loop
      vertex   -1.965229e+01 9.119388e+00 2.947925e+01
      vertex   -1.974816e+01 9.097521e+00 2.947925e+01
      vertex   -1.963355e+01 9.030074e+00 2.940709e+01
    endloop
  endfacet
  facet normal 1.170609e-01 -6.091442e-01 7.843724e-01
    outer loop
      vertex   -1.965229e+01 9.119388e+00 2.947925e+01
      vertex   -1.963355e+01 9.030074e+00 2.940709e+01
      vertex   -1.953941e+01 9.048166e+00 2.940709e+01
    endloop
  endfacet
  facet normal 1.254704e-01 -6.529044e-01 7.469759e-01
    outer loop
      vertex   -1.953941e+01 9.048166e+00 2.940709e+01
      vertex   -1.963355e+01 9.030074e+00 2.940709e+01
      vertex   -1.952448e+01 8.962549e+00 2.932975e+01
    endloop
  endfacet
  facet normal 1.029002e-01 -6.568394e-01 7.469762e-01
    outer loop
      vertex   -1.953941e+01 9.048166e+00 2.940709e+01
      vertex   -1.952448e+01 8.962549e+00 2.932975e+01
      vertex   -1.944504e+01 9.062950e+00 2.940709e+01
    endloop
  endfacet
  facet normal 1.029002e-01 -6.568394e-01 7.469762e-01
    outer loop
      vertex   -1.944504e+01 9.062950e+00 2.940709e+01
      vertex   -1.952448e+01 8.962549e+00 2.932975e+01
      vertex   -1.943307e+01 8.976870e+00 2.932975e+01
    endloop
  endfacet
  facet normal 8.024904e-02 -6.599898e-01 7.469762e-01
    outer loop
      vertex   -1.944504e+01 9.062950e+00 2.940709e+01
      vertex   -1.943307e+01 8.976870e+00 2.932975e+01
      vertex   -1.935022e+01 9.074479e+00 2.940709e+01
    endloop
  endfacet
  facet normal 8.024904e-02 -6.599898e-01 7.469762e-01
    outer loop
      vertex   -1.935022e+01 9.074479e+00 2.940709e+01
      vertex   -1.943307e+01 8.976870e+00 2.932975e+01
      vertex   -1.934122e+01 8.988039e+00 2.932975e+01
    endloop
  endfacet
  facet normal 5.750291e-02 -6.623594e-01 7.469762e-01
    outer loop
      vertex   -1.935022e+01 9.074479e+00 2.940709e+01
      vertex   -1.934122e+01 8.988039e+00 2.932975e+01
      vertex   -1.925506e+01 9.082740e+00 2.940709e+01
    endloop
  endfacet
  facet normal 5.750291e-02 -6.623594e-01 7.469762e-01
    outer loop
      vertex   -1.925506e+01 9.082740e+00 2.940709e+01
      vertex   -1.934122e+01 8.988039e+00 2.932975e+01
      vertex   -1.924903e+01 8.996042e+00 2.932975e+01
    endloop
  endfacet
  facet normal 3.468875e-02 -6.639452e-01 7.469762e-01
    outer loop
      vertex   -1.925506e+01 9.082740e+00 2.940709e+01
      vertex   -1.924903e+01 8.996042e+00 2.932975e+01
      vertex   -1.915967e+01 9.087724e+00 2.940709e+01
    endloop
  endfacet
  facet normal 3.468875e-02 -6.639452e-01 7.469762e-01
    outer loop
      vertex   -1.915967e+01 9.087724e+00 2.940709e+01
      vertex   -1.924903e+01 8.996042e+00 2.932975e+01
      vertex   -1.915663e+01 9.000869e+00 2.932975e+01
    endloop
  endfacet
  facet normal 1.183354e-02 -6.647454e-01 7.469762e-01
    outer loop
      vertex   -1.915967e+01 9.087724e+00 2.940709e+01
      vertex   -1.915663e+01 9.000869e+00 2.932975e+01
      vertex   -1.906417e+01 9.089424e+00 2.940709e+01
    endloop
  endfacet
  facet normal 1.183354e-02 -6.647454e-01 7.469762e-01
    outer loop
      vertex   -1.906417e+01 9.089424e+00 2.940709e+01
      vertex   -1.915663e+01 9.000869e+00 2.932975e+01
      vertex   -1.906411e+01 9.002516e+00 2.932975e+01
    endloop
  endfacet
  facet normal -1.103566e-02 -6.647591e-01 7.469762e-01
    outer loop
      vertex   -1.906417e+01 9.089424e+00 2.940709e+01
      vertex   -1.906411e+01 9.002516e+00 2.932975e+01
      vertex   -1.896866e+01 9.087839e+00 2.940709e+01
    endloop
  endfacet
  facet normal -1.103566e-02 -6.647591e-01 7.469762e-01
    outer loop
      vertex   -1.896866e+01 9.087839e+00 2.940709e+01
      vertex   -1.906411e+01 9.002516e+00 2.932975e+01
      vertex   -1.897160e+01 9.000980e+00 2.932975e+01
    endloop
  endfacet
  facet normal -3.389181e-02 -6.639863e-01 7.469762e-01
    outer loop
      vertex   -1.896866e+01 9.087839e+00 2.940709e+01
      vertex   -1.897160e+01 9.000980e+00 2.932975e+01
      vertex   -1.887327e+01 9.082970e+00 2.940709e+01
    endloop
  endfacet
  facet normal -3.389181e-02 -6.639863e-01 7.469762e-01
    outer loop
      vertex   -1.887327e+01 9.082970e+00 2.940709e+01
      vertex   -1.897160e+01 9.000980e+00 2.932975e+01
      vertex   -1.887919e+01 8.996264e+00 2.932975e+01
    endloop
  endfacet
  facet normal -5.670786e-02 -6.624279e-01 7.469762e-01
    outer loop
      vertex   -1.887327e+01 9.082970e+00 2.940709e+01
      vertex   -1.887919e+01 8.996264e+00 2.932975e+01
      vertex   -1.877809e+01 9.074822e+00 2.940709e+01
    endloop
  endfacet
  facet normal -5.670786e-02 -6.624279e-01 7.469762e-01
    outer loop
      vertex   -1.877809e+01 9.074822e+00 2.940709e+01
      vertex   -1.887919e+01 8.996264e+00 2.932975e+01
      vertex   -1.878699e+01 8.988371e+00 2.932975e+01
    endloop
  endfacet
  facet normal -7.945682e-02 -6.600857e-01 7.469762e-01
    outer loop
      vertex   -1.877809e+01 9.074822e+00 2.940709e+01
      vertex   -1.878699e+01 8.988371e+00 2.932975e+01
      vertex   -1.868326e+01 9.063407e+00 2.940709e+01
    endloop
  endfacet
  facet normal -7.945682e-02 -6.600857e-01 7.469762e-01
    outer loop
      vertex   -1.868326e+01 9.063407e+00 2.940709e+01
      vertex   -1.878699e+01 8.988371e+00 2.932975e+01
      vertex   -1.869513e+01 8.977313e+00 2.932975e+01
    endloop
  endfacet
  facet normal -1.021118e-01 -6.569625e-01 7.469762e-01
    outer loop
      vertex   -1.868326e+01 9.063407e+00 2.940709e+01
      vertex   -1.869513e+01 8.977313e+00 2.932975e+01
      vertex   -1.858887e+01 9.048736e+00 2.940709e+01
    endloop
  endfacet
  facet normal -1.021118e-01 -6.569625e-01 7.469762e-01
    outer loop
      vertex   -1.858887e+01 9.048736e+00 2.940709e+01
      vertex   -1.869513e+01 8.977313e+00 2.932975e+01
      vertex   -1.860370e+01 8.963102e+00 2.932975e+01
    endloop
  endfacet
  facet normal -1.246459e-01 -6.530620e-01 7.469762e-01
    outer loop
      vertex   -1.858887e+01 9.048736e+00 2.940709e+01
      vertex   -1.860370e+01 8.963102e+00 2.932975e+01
      vertex   -1.849505e+01 9.030828e+00 2.940709e+01
    endloop
  endfacet
  facet normal 2.026140e-01 -4.843625e-01 8.510820e-01
    outer loop
      vertex   -2.029276e+01 9.117027e+00 2.960705e+01
      vertex   -2.025298e+01 9.026350e+00 2.954598e+01
      vertex   -2.019557e+01 9.157680e+00 2.960705e+01
    endloop
  endfacet
  facet normal 2.026140e-01 -4.843625e-01 8.510820e-01
    outer loop
      vertex   -2.019557e+01 9.157680e+00 2.960705e+01
      vertex   -2.025298e+01 9.026350e+00 2.954598e+01
      vertex   -2.015894e+01 9.065688e+00 2.954598e+01
    endloop
  endfacet
  facet normal 1.858357e-01 -4.910444e-01 8.510820e-01
    outer loop
      vertex   -2.019557e+01 9.157680e+00 2.960705e+01
      vertex   -2.015894e+01 9.065688e+00 2.954598e+01
      vertex   -2.009705e+01 9.194966e+00 2.960705e+01
    endloop
  endfacet
  facet normal 1.858357e-01 -4.910444e-01 8.510820e-01
    outer loop
      vertex   -2.009705e+01 9.194966e+00 2.960705e+01
      vertex   -2.015894e+01 9.065688e+00 2.954598e+01
      vertex   -2.006360e+01 9.101769e+00 2.954598e+01
    endloop
  endfacet
  facet normal 1.688376e-01 -4.971452e-01 8.510820e-01
    outer loop
      vertex   -2.009705e+01 9.194966e+00 2.960705e+01
      vertex   -2.006360e+01 9.101769e+00 2.954598e+01
      vertex   -1.999730e+01 9.228841e+00 2.960705e+01
    endloop
  endfacet
  facet normal 1.688376e-01 -4.971452e-01 8.510820e-01
    outer loop
      vertex   -1.999730e+01 9.228841e+00 2.960705e+01
      vertex   -2.006360e+01 9.101769e+00 2.954598e+01
      vertex   -1.996708e+01 9.134549e+00 2.954598e+01
    endloop
  endfacet
  facet normal 1.516396e-01 -5.026578e-01 8.510820e-01
    outer loop
      vertex   -1.999730e+01 9.228841e+00 2.960705e+01
      vertex   -1.996708e+01 9.134549e+00 2.954598e+01
      vertex   -1.989645e+01 9.259266e+00 2.960705e+01
    endloop
  endfacet
  facet normal 1.516396e-01 -5.026578e-01 8.510820e-01
    outer loop
      vertex   -1.989645e+01 9.259266e+00 2.960705e+01
      vertex   -1.996708e+01 9.134549e+00 2.954598e+01
      vertex   -1.986949e+01 9.163990e+00 2.954598e+01
    endloop
  endfacet
  facet normal 1.342623e-01 -5.075757e-01 8.510820e-01
    outer loop
      vertex   -1.989645e+01 9.259266e+00 2.960705e+01
      vertex   -1.986949e+01 9.163990e+00 2.954598e+01
      vertex   -1.979461e+01 9.286204e+00 2.960705e+01
    endloop
  endfacet
  facet normal 1.342623e-01 -5.075757e-01 8.510820e-01
    outer loop
      vertex   -1.979461e+01 9.286204e+00 2.960705e+01
      vertex   -1.986949e+01 9.163990e+00 2.954598e+01
      vertex   -1.977094e+01 9.190057e+00 2.954598e+01
    endloop
  endfacet
  facet normal 1.167526e-01 -5.118866e-01 8.510822e-01
    outer loop
      vertex   -1.979461e+01 9.286204e+00 2.960705e+01
      vertex   -1.977094e+01 9.190057e+00 2.954598e+01
      vertex   -1.967186e+01 9.212657e+00 2.954598e+01
    endloop
  endfacet
  facet normal 1.275605e-01 -5.592723e-01 8.191110e-01
    outer loop
      vertex   -1.967186e+01 9.212657e+00 2.954598e+01
      vertex   -1.977094e+01 9.190057e+00 2.954598e+01
      vertex   -1.965229e+01 9.119388e+00 2.947925e+01
    endloop
  endfacet
  facet normal 1.082526e-01 -5.633246e-01 8.191134e-01
    outer loop
      vertex   -1.967186e+01 9.212657e+00 2.954598e+01
      vertex   -1.965229e+01 9.119388e+00 2.947925e+01
      vertex   -1.955508e+01 9.138068e+00 2.947925e+01
    endloop
  endfacet
  facet normal 1.170581e-01 -6.091469e-01 7.843707e-01
    outer loop
      vertex   -1.955508e+01 9.138068e+00 2.947925e+01
      vertex   -1.965229e+01 9.119388e+00 2.947925e+01
      vertex   -1.953941e+01 9.048166e+00 2.940709e+01
    endloop
  endfacet
  facet normal 9.600376e-02 -6.128176e-01 7.843710e-01
    outer loop
      vertex   -1.955508e+01 9.138068e+00 2.947925e+01
      vertex   -1.953941e+01 9.048166e+00 2.940709e+01
      vertex   -1.945761e+01 9.153338e+00 2.947925e+01
    endloop
  endfacet
  facet normal 9.600376e-02 -6.128176e-01 7.843710e-01
    outer loop
      vertex   -1.945761e+01 9.153338e+00 2.947925e+01
      vertex   -1.953941e+01 9.048166e+00 2.940709e+01
      vertex   -1.944504e+01 9.062950e+00 2.940709e+01
    endloop
  endfacet
  facet normal 7.487069e-02 -6.157568e-01 7.843710e-01
    outer loop
      vertex   -1.945761e+01 9.153338e+00 2.947925e+01
      vertex   -1.944504e+01 9.062950e+00 2.940709e+01
      vertex   -1.935968e+01 9.165246e+00 2.947925e+01
    endloop
  endfacet
  facet normal 7.487069e-02 -6.157568e-01 7.843710e-01
    outer loop
      vertex   -1.935968e+01 9.165246e+00 2.947925e+01
      vertex   -1.944504e+01 9.062950e+00 2.940709e+01
      vertex   -1.935022e+01 9.074479e+00 2.940709e+01
    endloop
  endfacet
  facet normal 5.364902e-02 -6.179675e-01 7.843710e-01
    outer loop
      vertex   -1.935968e+01 9.165246e+00 2.947925e+01
      vertex   -1.935022e+01 9.074479e+00 2.940709e+01
      vertex   -1.926139e+01 9.173779e+00 2.947925e+01
    endloop
  endfacet
  facet normal 5.364902e-02 -6.179675e-01 7.843710e-01
    outer loop
      vertex   -1.926139e+01 9.173779e+00 2.947925e+01
      vertex   -1.935022e+01 9.074479e+00 2.940709e+01
      vertex   -1.925506e+01 9.082740e+00 2.940709e+01
    endloop
  endfacet
  facet normal 3.236388e-02 -6.194471e-01 7.843710e-01
    outer loop
      vertex   -1.926139e+01 9.173779e+00 2.947925e+01
      vertex   -1.925506e+01 9.082740e+00 2.940709e+01
      vertex   -1.916286e+01 9.178926e+00 2.947925e+01
    endloop
  endfacet
  facet normal 3.236388e-02 -6.194471e-01 7.843710e-01
    outer loop
      vertex   -1.916286e+01 9.178926e+00 2.947925e+01
      vertex   -1.925506e+01 9.082740e+00 2.940709e+01
      vertex   -1.915967e+01 9.087724e+00 2.940709e+01
    endloop
  endfacet
  facet normal 1.104045e-02 -6.201937e-01 7.843710e-01
    outer loop
      vertex   -1.916286e+01 9.178926e+00 2.947925e+01
      vertex   -1.915967e+01 9.087724e+00 2.940709e+01
      vertex   -1.906422e+01 9.180682e+00 2.947925e+01
    endloop
  endfacet
  facet normal 1.104045e-02 -6.201937e-01 7.843710e-01
    outer loop
      vertex   -1.906422e+01 9.180682e+00 2.947925e+01
      vertex   -1.915967e+01 9.087724e+00 2.940709e+01
      vertex   -1.906417e+01 9.089424e+00 2.940709e+01
    endloop
  endfacet
  facet normal -1.029605e-02 -6.202065e-01 7.843710e-01
    outer loop
      vertex   -1.906422e+01 9.180682e+00 2.947925e+01
      vertex   -1.906417e+01 9.089424e+00 2.940709e+01
      vertex   -1.896558e+01 9.179045e+00 2.947925e+01
    endloop
  endfacet
  facet normal -1.029605e-02 -6.202065e-01 7.843710e-01
    outer loop
      vertex   -1.896558e+01 9.179045e+00 2.947925e+01
      vertex   -1.906417e+01 9.089424e+00 2.940709e+01
      vertex   -1.896866e+01 9.087839e+00 2.940709e+01
    endloop
  endfacet
  facet normal -3.162036e-02 -6.194855e-01 7.843710e-01
    outer loop
      vertex   -1.896558e+01 9.179045e+00 2.947925e+01
      vertex   -1.896866e+01 9.087839e+00 2.940709e+01
      vertex   -1.886705e+01 9.174015e+00 2.947925e+01
    endloop
  endfacet
  facet normal -3.162036e-02 -6.194855e-01 7.843710e-01
    outer loop
      vertex   -1.886705e+01 9.174015e+00 2.947925e+01
      vertex   -1.896866e+01 9.087839e+00 2.940709e+01
      vertex   -1.887327e+01 9.082970e+00 2.940709e+01
    endloop
  endfacet
  facet normal -5.290726e-02 -6.180315e-01 7.843710e-01
    outer loop
      vertex   -1.886705e+01 9.174015e+00 2.947925e+01
      vertex   -1.887327e+01 9.082970e+00 2.940709e+01
      vertex   -1.876875e+01 9.165600e+00 2.947925e+01
    endloop
  endfacet
  facet normal -5.290726e-02 -6.180315e-01 7.843710e-01
    outer loop
      vertex   -1.876875e+01 9.165600e+00 2.947925e+01
      vertex   -1.887327e+01 9.082970e+00 2.940709e+01
      vertex   -1.877809e+01 9.074822e+00 2.940709e+01
    endloop
  endfacet
  facet normal -7.413156e-02 -6.158463e-01 7.843710e-01
    outer loop
      vertex   -1.876875e+01 9.165600e+00 2.947925e+01
      vertex   -1.877809e+01 9.074822e+00 2.940709e+01
      vertex   -1.867080e+01 9.153810e+00 2.947925e+01
    endloop
  endfacet
  facet normal -7.413156e-02 -6.158463e-01 7.843710e-01
    outer loop
      vertex   -1.867080e+01 9.153810e+00 2.947925e+01
      vertex   -1.877809e+01 9.074822e+00 2.940709e+01
      vertex   -1.868326e+01 9.063407e+00 2.940709e+01
    endloop
  endfacet
  facet normal -9.526815e-02 -6.129324e-01 7.843710e-01
    outer loop
      vertex   -1.867080e+01 9.153810e+00 2.947925e+01
      vertex   -1.868326e+01 9.063407e+00 2.940709e+01
      vertex   -1.857331e+01 9.138657e+00 2.947925e+01
    endloop
  endfacet
  facet normal -9.526815e-02 -6.129324e-01 7.843710e-01
    outer loop
      vertex   -1.857331e+01 9.138657e+00 2.947925e+01
      vertex   -1.868326e+01 9.063407e+00 2.940709e+01
      vertex   -1.858887e+01 9.048736e+00 2.940709e+01
    endloop
  endfacet
  facet normal -1.162920e-01 -6.092932e-01 7.843710e-01
    outer loop
      vertex   -1.857331e+01 9.138657e+00 2.947925e+01
      vertex   -1.858887e+01 9.048736e+00 2.940709e+01
      vertex   -1.847640e+01 9.120161e+00 2.947925e+01
    endloop
  endfacet
  facet normal -1.162920e-01 -6.092932e-01 7.843710e-01
    outer loop
      vertex   -1.847640e+01 9.120161e+00 2.947925e+01
      vertex   -1.858887e+01 9.048736e+00 2.940709e+01
      vertex   -1.849505e+01 9.030828e+00 2.940709e+01
    endloop
  endfacet
  facet normal -1.371783e-01 -6.049332e-01 7.843710e-01
    outer loop
      vertex   -1.847640e+01 9.120161e+00 2.947925e+01
      vertex   -1.849505e+01 9.030828e+00 2.940709e+01
      vertex   -1.838018e+01 9.098342e+00 2.947925e+01
    endloop
  endfacet
  facet normal 1.831727e-01 -4.378869e-01 8.801721e-01
    outer loop
      vertex   -2.033389e+01 9.210803e+00 2.966227e+01
      vertex   -2.029276e+01 9.117027e+00 2.960705e+01
      vertex   -2.023346e+01 9.252815e+00 2.966227e+01
    endloop
  endfacet
  facet normal 1.831727e-01 -4.378869e-01 8.801721e-01
    outer loop
      vertex   -2.023346e+01 9.252815e+00 2.966227e+01
      vertex   -2.029276e+01 9.117027e+00 2.960705e+01
      vertex   -2.019557e+01 9.157680e+00 2.960705e+01
    endloop
  endfacet
  facet normal 1.680043e-01 -4.439276e-01 8.801721e-01
    outer loop
      vertex   -2.023346e+01 9.252815e+00 2.966227e+01
      vertex   -2.019557e+01 9.157680e+00 2.960705e+01
      vertex   -2.013164e+01 9.291347e+00 2.966227e+01
    endloop
  endfacet
  facet normal 1.680043e-01 -4.439276e-01 8.801721e-01
    outer loop
      vertex   -2.013164e+01 9.291347e+00 2.966227e+01
      vertex   -2.019557e+01 9.157680e+00 2.960705e+01
      vertex   -2.009705e+01 9.194966e+00 2.960705e+01
    endloop
  endfacet
  facet normal 1.526372e-01 -4.494430e-01 8.801721e-01
    outer loop
      vertex   -2.013164e+01 9.291347e+00 2.966227e+01
      vertex   -2.009705e+01 9.194966e+00 2.960705e+01
      vertex   -2.002856e+01 9.326356e+00 2.966227e+01
    endloop
  endfacet
  facet normal 1.526372e-01 -4.494430e-01 8.801721e-01
    outer loop
      vertex   -2.002856e+01 9.326356e+00 2.966227e+01
      vertex   -2.009705e+01 9.194966e+00 2.960705e+01
      vertex   -1.999730e+01 9.228841e+00 2.960705e+01
    endloop
  endfacet
  facet normal 1.370895e-01 -4.544267e-01 8.801721e-01
    outer loop
      vertex   -2.002856e+01 9.326356e+00 2.966227e+01
      vertex   -1.999730e+01 9.228841e+00 2.960705e+01
      vertex   -1.992434e+01 9.357798e+00 2.966227e+01
    endloop
  endfacet
  facet normal 1.370895e-01 -4.544267e-01 8.801721e-01
    outer loop
      vertex   -1.992434e+01 9.357798e+00 2.966227e+01
      vertex   -1.999730e+01 9.228841e+00 2.960705e+01
      vertex   -1.989645e+01 9.259266e+00 2.960705e+01
    endloop
  endfacet
  facet normal 1.213795e-01 -4.588727e-01 8.801721e-01
    outer loop
      vertex   -1.992434e+01 9.357798e+00 2.966227e+01
      vertex   -1.989645e+01 9.259266e+00 2.960705e+01
      vertex   -1.981909e+01 9.385637e+00 2.966227e+01
    endloop
  endfacet
  facet normal 1.213795e-01 -4.588727e-01 8.801721e-01
    outer loop
      vertex   -1.981909e+01 9.385637e+00 2.966227e+01
      vertex   -1.989645e+01 9.259266e+00 2.960705e+01
      vertex   -1.979461e+01 9.286204e+00 2.960705e+01
    endloop
  endfacet
  facet normal 1.055476e-01 -4.627705e-01 8.801722e-01
    outer loop
      vertex   -1.981909e+01 9.385637e+00 2.966227e+01
      vertex   -1.979461e+01 9.286204e+00 2.960705e+01
      vertex   -1.969219e+01 9.309565e+00 2.960705e+01
    endloop
  endfacet
  facet normal 1.167504e-01 -5.118893e-01 8.510809e-01
    outer loop
      vertex   -1.969219e+01 9.309565e+00 2.960705e+01
      vertex   -1.979461e+01 9.286204e+00 2.960705e+01
      vertex   -1.967186e+01 9.212657e+00 2.954598e+01
    endloop
  endfacet
  facet normal 9.907828e-02 -5.155978e-01 8.510831e-01
    outer loop
      vertex   -1.969219e+01 9.309565e+00 2.960705e+01
      vertex   -1.967186e+01 9.212657e+00 2.954598e+01
      vertex   -1.957145e+01 9.231951e+00 2.954598e+01
    endloop
  endfacet
  facet normal 1.082501e-01 -5.633272e-01 8.191119e-01
    outer loop
      vertex   -1.957145e+01 9.231951e+00 2.954598e+01
      vertex   -1.967186e+01 9.212657e+00 2.954598e+01
      vertex   -1.955508e+01 9.138068e+00 2.947925e+01
    endloop
  endfacet
  facet normal 8.878233e-02 -5.667212e-01 8.191122e-01
    outer loop
      vertex   -1.957145e+01 9.231951e+00 2.954598e+01
      vertex   -1.955508e+01 9.138068e+00 2.947925e+01
      vertex   -1.947074e+01 9.247728e+00 2.954598e+01
    endloop
  endfacet
  facet normal 8.878233e-02 -5.667212e-01 8.191122e-01
    outer loop
      vertex   -1.947074e+01 9.247728e+00 2.954598e+01
      vertex   -1.955508e+01 9.138068e+00 2.947925e+01
      vertex   -1.945761e+01 9.153338e+00 2.947925e+01
    endloop
  endfacet
  facet normal 6.923889e-02 -5.694394e-01 8.191122e-01
    outer loop
      vertex   -1.947074e+01 9.247728e+00 2.954598e+01
      vertex   -1.945761e+01 9.153338e+00 2.947925e+01
      vertex   -1.936955e+01 9.260032e+00 2.954598e+01
    endloop
  endfacet
  facet normal 6.923889e-02 -5.694394e-01 8.191122e-01
    outer loop
      vertex   -1.936955e+01 9.260032e+00 2.954598e+01
      vertex   -1.945761e+01 9.153338e+00 2.947925e+01
      vertex   -1.935968e+01 9.165246e+00 2.947925e+01
    endloop
  endfacet
  facet normal 4.961352e-02 -5.714838e-01 8.191122e-01
    outer loop
      vertex   -1.936955e+01 9.260032e+00 2.954598e+01
      vertex   -1.935968e+01 9.165246e+00 2.947925e+01
      vertex   -1.926800e+01 9.268849e+00 2.954598e+01
    endloop
  endfacet
  facet normal 4.961352e-02 -5.714838e-01 8.191122e-01
    outer loop
      vertex   -1.926800e+01 9.268849e+00 2.954598e+01
      vertex   -1.935968e+01 9.165246e+00 2.947925e+01
      vertex   -1.926139e+01 9.173779e+00 2.947925e+01
    endloop
  endfacet
  facet normal 2.992946e-02 -5.728520e-01 8.191122e-01
    outer loop
      vertex   -1.926800e+01 9.268849e+00 2.954598e+01
      vertex   -1.926139e+01 9.173779e+00 2.947925e+01
      vertex   -1.916620e+01 9.274167e+00 2.954598e+01
    endloop
  endfacet
  facet normal 2.992946e-02 -5.728520e-01 8.191122e-01
    outer loop
      vertex   -1.916620e+01 9.274167e+00 2.954598e+01
      vertex   -1.926139e+01 9.173779e+00 2.947925e+01
      vertex   -1.916286e+01 9.178926e+00 2.947925e+01
    endloop
  endfacet
  facet normal 1.020998e-02 -5.735425e-01 8.191122e-01
    outer loop
      vertex   -1.916620e+01 9.274167e+00 2.954598e+01
      vertex   -1.916286e+01 9.178926e+00 2.947925e+01
      vertex   -1.906428e+01 9.275982e+00 2.954598e+01
    endloop
  endfacet
  facet normal 1.020998e-02 -5.735425e-01 8.191122e-01
    outer loop
      vertex   -1.906428e+01 9.275982e+00 2.954598e+01
      vertex   -1.916286e+01 9.178926e+00 2.947925e+01
      vertex   -1.906422e+01 9.180682e+00 2.947925e+01
    endloop
  endfacet
  facet normal -9.521574e-03 -5.735543e-01 8.191122e-01
    outer loop
      vertex   -1.906428e+01 9.275982e+00 2.954598e+01
      vertex   -1.906422e+01 9.180682e+00 2.947925e+01
      vertex   -1.896236e+01 9.274289e+00 2.954598e+01
    endloop
  endfacet
  facet normal -9.521574e-03 -5.735543e-01 8.191122e-01
    outer loop
      vertex   -1.896236e+01 9.274289e+00 2.954598e+01
      vertex   -1.906422e+01 9.180682e+00 2.947925e+01
      vertex   -1.896558e+01 9.179045e+00 2.947925e+01
    endloop
  endfacet
  facet normal -2.924187e-02 -5.728876e-01 8.191122e-01
    outer loop
      vertex   -1.896236e+01 9.274289e+00 2.954598e+01
      vertex   -1.896558e+01 9.179045e+00 2.947925e+01
      vertex   -1.886055e+01 9.269093e+00 2.954598e+01
    endloop
  endfacet
  facet normal -2.924187e-02 -5.728876e-01 8.191122e-01
    outer loop
      vertex   -1.886055e+01 9.269093e+00 2.954598e+01
      vertex   -1.896558e+01 9.179045e+00 2.947925e+01
      vertex   -1.886705e+01 9.174015e+00 2.947925e+01
    endloop
  endfacet
  facet normal -4.892756e-02 -5.715429e-01 8.191122e-01
    outer loop
      vertex   -1.886055e+01 9.269093e+00 2.954598e+01
      vertex   -1.886705e+01 9.174015e+00 2.947925e+01
      vertex   -1.875899e+01 9.260399e+00 2.954598e+01
    endloop
  endfacet
  facet normal -4.892756e-02 -5.715429e-01 8.191122e-01
    outer loop
      vertex   -1.875899e+01 9.260399e+00 2.954598e+01
      vertex   -1.886705e+01 9.174015e+00 2.947925e+01
      vertex   -1.876875e+01 9.165600e+00 2.947925e+01
    endloop
  endfacet
  facet normal -6.855536e-02 -5.695221e-01 8.191122e-01
    outer loop
      vertex   -1.875899e+01 9.260399e+00 2.954598e+01
      vertex   -1.876875e+01 9.165600e+00 2.947925e+01
      vertex   -1.865778e+01 9.248216e+00 2.954598e+01
    endloop
  endfacet
  facet normal -6.855536e-02 -5.695221e-01 8.191122e-01
    outer loop
      vertex   -1.865778e+01 9.248216e+00 2.954598e+01
      vertex   -1.876875e+01 9.165600e+00 2.947925e+01
      vertex   -1.867080e+01 9.153810e+00 2.947925e+01
    endloop
  endfacet
  facet normal -8.810205e-02 -5.668274e-01 8.191122e-01
    outer loop
      vertex   -1.865778e+01 9.248216e+00 2.954598e+01
      vertex   -1.867080e+01 9.153810e+00 2.947925e+01
      vertex   -1.855705e+01 9.232560e+00 2.954598e+01
    endloop
  endfacet
  facet normal -8.810205e-02 -5.668274e-01 8.191122e-01
    outer loop
      vertex   -1.855705e+01 9.232560e+00 2.954598e+01
      vertex   -1.867080e+01 9.153810e+00 2.947925e+01
      vertex   -1.857331e+01 9.138657e+00 2.947925e+01
    endloop
  endfacet
  facet normal -1.075445e-01 -5.634620e-01 8.191122e-01
    outer loop
      vertex   -1.855705e+01 9.232560e+00 2.954598e+01
      vertex   -1.857331e+01 9.138657e+00 2.947925e+01
      vertex   -1.845693e+01 9.213449e+00 2.954598e+01
    endloop
  endfacet
  facet normal -1.075445e-01 -5.634620e-01 8.191122e-01
    outer loop
      vertex   -1.845693e+01 9.213449e+00 2.954598e+01
      vertex   -1.857331e+01 9.138657e+00 2.947925e+01
      vertex   -1.847640e+01 9.120161e+00 2.947925e+01
    endloop
  endfacet
  facet normal -1.268597e-01 -5.594299e-01 8.191122e-01
    outer loop
      vertex   -1.845693e+01 9.213449e+00 2.954598e+01
      vertex   -1.847640e+01 9.120161e+00 2.947925e+01
      vertex   -1.835751e+01 9.190906e+00 2.954598e+01
    endloop
  endfacet
  facet normal -1.268597e-01 -5.594299e-01 8.191122e-01
    outer loop
      vertex   -1.835751e+01 9.190906e+00 2.954598e+01
      vertex   -1.847640e+01 9.120161e+00 2.947925e+01
      vertex   -1.838018e+01 9.098342e+00 2.947925e+01
    endloop
  endfacet
  facet normal -1.460248e-01 -5.547360e-01 8.191122e-01
    outer loop
      vertex   -1.835751e+01 9.190906e+00 2.954598e+01
      vertex   -1.838018e+01 9.098342e+00 2.947925e+01
      vertex   -1.825893e+01 9.164957e+00 2.954598e+01
    endloop
  endfacet
  facet normal 1.631113e-01 -3.899286e-01 9.062838e-01
    outer loop
      vertex   -2.037625e+01 9.307360e+00 2.971143e+01
      vertex   -2.033389e+01 9.210803e+00 2.966227e+01
      vertex   -2.027247e+01 9.350771e+00 2.971143e+01
    endloop
  endfacet
  facet normal 1.631113e-01 -3.899286e-01 9.062838e-01
    outer loop
      vertex   -2.027247e+01 9.350771e+00 2.971143e+01
      vertex   -2.033389e+01 9.210803e+00 2.966227e+01
      vertex   -2.023346e+01 9.252815e+00 2.966227e+01
    endloop
  endfacet
  facet normal 1.496042e-01 -3.953077e-01 9.062838e-01
    outer loop
      vertex   -2.027247e+01 9.350771e+00 2.971143e+01
      vertex   -2.023346e+01 9.252815e+00 2.966227e+01
      vertex   -2.016726e+01 9.390588e+00 2.971143e+01
    endloop
  endfacet
  facet normal 1.496042e-01 -3.953077e-01 9.062838e-01
    outer loop
      vertex   -2.016726e+01 9.390588e+00 2.971143e+01
      vertex   -2.023346e+01 9.252815e+00 2.966227e+01
      vertex   -2.013164e+01 9.291347e+00 2.966227e+01
    endloop
  endfacet
  facet normal 1.359201e-01 -4.002191e-01 9.062838e-01
    outer loop
      vertex   -2.016726e+01 9.390588e+00 2.971143e+01
      vertex   -2.013164e+01 9.291347e+00 2.966227e+01
      vertex   -2.006075e+01 9.426762e+00 2.971143e+01
    endloop
  endfacet
  facet normal 1.359201e-01 -4.002191e-01 9.062838e-01
    outer loop
      vertex   -2.006075e+01 9.426762e+00 2.971143e+01
      vertex   -2.013164e+01 9.291347e+00 2.966227e+01
      vertex   -2.002856e+01 9.326356e+00 2.966227e+01
    endloop
  endfacet
  facet normal 1.220752e-01 -4.046570e-01 9.062838e-01
    outer loop
      vertex   -2.006075e+01 9.426762e+00 2.971143e+01
      vertex   -2.002856e+01 9.326356e+00 2.966227e+01
      vertex   -1.995305e+01 9.459252e+00 2.971143e+01
    endloop
  endfacet
  facet normal 1.220752e-01 -4.046570e-01 9.062838e-01
    outer loop
      vertex   -1.995305e+01 9.459252e+00 2.971143e+01
      vertex   -2.002856e+01 9.326356e+00 2.966227e+01
      vertex   -1.992434e+01 9.357798e+00 2.966227e+01
    endloop
  endfacet
  facet normal 1.080858e-01 -4.086160e-01 9.062838e-01
    outer loop
      vertex   -1.995305e+01 9.459252e+00 2.971143e+01
      vertex   -1.992434e+01 9.357798e+00 2.966227e+01
      vertex   -1.984430e+01 9.488019e+00 2.971143e+01
    endloop
  endfacet
  facet normal 1.080858e-01 -4.086160e-01 9.062838e-01
    outer loop
      vertex   -1.984430e+01 9.488019e+00 2.971143e+01
      vertex   -1.992434e+01 9.357798e+00 2.966227e+01
      vertex   -1.981909e+01 9.385637e+00 2.966227e+01
    endloop
  endfacet
  facet normal 9.398564e-02 -4.120875e-01 9.062840e-01
    outer loop
      vertex   -1.984430e+01 9.488019e+00 2.971143e+01
      vertex   -1.981909e+01 9.385637e+00 2.966227e+01
      vertex   -1.971321e+01 9.409786e+00 2.966227e+01
    endloop
  endfacet
  facet normal 1.055456e-01 -4.627730e-01 8.801711e-01
    outer loop
      vertex   -1.971321e+01 9.409786e+00 2.966227e+01
      vertex   -1.981909e+01 9.385637e+00 2.966227e+01
      vertex   -1.969219e+01 9.309565e+00 2.960705e+01
    endloop
  endfacet
  facet normal 8.956905e-02 -4.661254e-01 8.801730e-01
    outer loop
      vertex   -1.971321e+01 9.409786e+00 2.966227e+01
      vertex   -1.969219e+01 9.309565e+00 2.960705e+01
      vertex   -1.958846e+01 9.329498e+00 2.960705e+01
    endloop
  endfacet
  facet normal 9.907599e-02 -5.156004e-01 8.510818e-01
    outer loop
      vertex   -1.958846e+01 9.329498e+00 2.960705e+01
      vertex   -1.969219e+01 9.309565e+00 2.960705e+01
      vertex   -1.957145e+01 9.231951e+00 2.954598e+01
    endloop
  endfacet
  facet normal 8.126033e-02 -5.187063e-01 8.510820e-01
    outer loop
      vertex   -1.958846e+01 9.329498e+00 2.960705e+01
      vertex   -1.957145e+01 9.231951e+00 2.954598e+01
      vertex   -1.948438e+01 9.345802e+00 2.960705e+01
    endloop
  endfacet
  facet normal 8.126033e-02 -5.187063e-01 8.510820e-01
    outer loop
      vertex   -1.948438e+01 9.345802e+00 2.960705e+01
      vertex   -1.957145e+01 9.231951e+00 2.954598e+01
      vertex   -1.947074e+01 9.247728e+00 2.954598e+01
    endloop
  endfacet
  facet normal 6.337269e-02 -5.211942e-01 8.510820e-01
    outer loop
      vertex   -1.948438e+01 9.345802e+00 2.960705e+01
      vertex   -1.947074e+01 9.247728e+00 2.954598e+01
      vertex   -1.937981e+01 9.358517e+00 2.960705e+01
    endloop
  endfacet
  facet normal 6.337269e-02 -5.211942e-01 8.510820e-01
    outer loop
      vertex   -1.937981e+01 9.358517e+00 2.960705e+01
      vertex   -1.947074e+01 9.247728e+00 2.954598e+01
      vertex   -1.936955e+01 9.260032e+00 2.954598e+01
    endloop
  endfacet
  facet normal 4.541007e-02 -5.230654e-01 8.510820e-01
    outer loop
      vertex   -1.937981e+01 9.358517e+00 2.960705e+01
      vertex   -1.936955e+01 9.260032e+00 2.954598e+01
      vertex   -1.927486e+01 9.367628e+00 2.960705e+01
    endloop
  endfacet
  facet normal 4.541007e-02 -5.230654e-01 8.510820e-01
    outer loop
      vertex   -1.927486e+01 9.367628e+00 2.960705e+01
      vertex   -1.936955e+01 9.260032e+00 2.954598e+01
      vertex   -1.926800e+01 9.268849e+00 2.954598e+01
    endloop
  endfacet
  facet normal 2.739372e-02 -5.243177e-01 8.510820e-01
    outer loop
      vertex   -1.927486e+01 9.367628e+00 2.960705e+01
      vertex   -1.926800e+01 9.268849e+00 2.954598e+01
      vertex   -1.916966e+01 9.373124e+00 2.960705e+01
    endloop
  endfacet
  facet normal 2.739372e-02 -5.243177e-01 8.510820e-01
    outer loop
      vertex   -1.916966e+01 9.373124e+00 2.960705e+01
      vertex   -1.926800e+01 9.268849e+00 2.954598e+01
      vertex   -1.916620e+01 9.274167e+00 2.954598e+01
    endloop
  endfacet
  facet normal 9.344952e-03 -5.249497e-01 8.510820e-01
    outer loop
      vertex   -1.916966e+01 9.373124e+00 2.960705e+01
      vertex   -1.916620e+01 9.274167e+00 2.954598e+01
      vertex   -1.906434e+01 9.374999e+00 2.960705e+01
    endloop
  endfacet
  facet normal 9.344952e-03 -5.249497e-01 8.510820e-01
    outer loop
      vertex   -1.906434e+01 9.374999e+00 2.960705e+01
      vertex   -1.916620e+01 9.274167e+00 2.954598e+01
      vertex   -1.906428e+01 9.275982e+00 2.954598e+01
    endloop
  endfacet
  facet normal -8.714868e-03 -5.249605e-01 8.510820e-01
    outer loop
      vertex   -1.906434e+01 9.374999e+00 2.960705e+01
      vertex   -1.906428e+01 9.275982e+00 2.954598e+01
      vertex   -1.895901e+01 9.373251e+00 2.960705e+01
    endloop
  endfacet
  facet normal -8.714868e-03 -5.249605e-01 8.510820e-01
    outer loop
      vertex   -1.895901e+01 9.373251e+00 2.960705e+01
      vertex   -1.906428e+01 9.275982e+00 2.954598e+01
      vertex   -1.896236e+01 9.274289e+00 2.954598e+01
    endloop
  endfacet
  facet normal -2.676438e-02 -5.243502e-01 8.510820e-01
    outer loop
      vertex   -1.895901e+01 9.373251e+00 2.960705e+01
      vertex   -1.896236e+01 9.274289e+00 2.954598e+01
      vertex   -1.885380e+01 9.367881e+00 2.960705e+01
    endloop
  endfacet
  facet normal -2.676438e-02 -5.243502e-01 8.510820e-01
    outer loop
      vertex   -1.885380e+01 9.367881e+00 2.960705e+01
      vertex   -1.896236e+01 9.274289e+00 2.954598e+01
      vertex   -1.886055e+01 9.269093e+00 2.954598e+01
    endloop
  endfacet
  facet normal -4.478222e-02 -5.231195e-01 8.510820e-01
    outer loop
      vertex   -1.885380e+01 9.367881e+00 2.960705e+01
      vertex   -1.886055e+01 9.269093e+00 2.954598e+01
      vertex   -1.874885e+01 9.358896e+00 2.960705e+01
    endloop
  endfacet
  facet normal -4.478222e-02 -5.231195e-01 8.510820e-01
    outer loop
      vertex   -1.874885e+01 9.358896e+00 2.960705e+01
      vertex   -1.886055e+01 9.269093e+00 2.954598e+01
      vertex   -1.875899e+01 9.260399e+00 2.954598e+01
    endloop
  endfacet
  facet normal -6.274707e-02 -5.212699e-01 8.510820e-01
    outer loop
      vertex   -1.874885e+01 9.358896e+00 2.960705e+01
      vertex   -1.875899e+01 9.260399e+00 2.954598e+01
      vertex   -1.864426e+01 9.346306e+00 2.960705e+01
    endloop
  endfacet
  facet normal -6.274707e-02 -5.212699e-01 8.510820e-01
    outer loop
      vertex   -1.864426e+01 9.346306e+00 2.960705e+01
      vertex   -1.875899e+01 9.260399e+00 2.954598e+01
      vertex   -1.865778e+01 9.248216e+00 2.954598e+01
    endloop
  endfacet
  facet normal -8.063769e-02 -5.188035e-01 8.510820e-01
    outer loop
      vertex   -1.864426e+01 9.346306e+00 2.960705e+01
      vertex   -1.865778e+01 9.248216e+00 2.954598e+01
      vertex   -1.854017e+01 9.330127e+00 2.960705e+01
    endloop
  endfacet
  facet normal -8.063769e-02 -5.188035e-01 8.510820e-01
    outer loop
      vertex   -1.854017e+01 9.330127e+00 2.960705e+01
      vertex   -1.865778e+01 9.248216e+00 2.954598e+01
      vertex   -1.855705e+01 9.232560e+00 2.954598e+01
    endloop
  endfacet
  facet normal -9.843289e-02 -5.157232e-01 8.510820e-01
    outer loop
      vertex   -1.854017e+01 9.330127e+00 2.960705e+01
      vertex   -1.855705e+01 9.232560e+00 2.954598e+01
      vertex   -1.843669e+01 9.310378e+00 2.960705e+01
    endloop
  endfacet
  facet normal -9.843289e-02 -5.157232e-01 8.510820e-01
    outer loop
      vertex   -1.843669e+01 9.310378e+00 2.960705e+01
      vertex   -1.855705e+01 9.232560e+00 2.954598e+01
      vertex   -1.845693e+01 9.213449e+00 2.954598e+01
    endloop
  endfacet
  facet normal -1.161116e-01 -5.120328e-01 8.510820e-01
    outer loop
      vertex   -1.843669e+01 9.310378e+00 2.960705e+01
      vertex   -1.845693e+01 9.213449e+00 2.954598e+01
      vertex   -1.833396e+01 9.287081e+00 2.960705e+01
    endloop
  endfacet
  facet normal -1.161116e-01 -5.120328e-01 8.510820e-01
    outer loop
      vertex   -1.833396e+01 9.287081e+00 2.960705e+01
      vertex   -1.845693e+01 9.213449e+00 2.954598e+01
      vertex   -1.835751e+01 9.190906e+00 2.954598e+01
    endloop
  endfacet
  facet normal -1.336530e-01 -5.077365e-01 8.510820e-01
    outer loop
      vertex   -1.833396e+01 9.287081e+00 2.960705e+01
      vertex   -1.835751e+01 9.190906e+00 2.954598e+01
      vertex   -1.823209e+01 9.260265e+00 2.960705e+01
    endloop
  endfacet
  facet normal -1.336530e-01 -5.077365e-01 8.510820e-01
    outer loop
      vertex   -1.823209e+01 9.260265e+00 2.960705e+01
      vertex   -1.835751e+01 9.190906e+00 2.954598e+01
      vertex   -1.825893e+01 9.164957e+00 2.954598e+01
    endloop
  endfacet
  facet normal -1.510362e-01 -5.028395e-01 8.510820e-01
    outer loop
      vertex   -1.823209e+01 9.260265e+00 2.960705e+01
      vertex   -1.825893e+01 9.164957e+00 2.954598e+01
      vertex   -1.813120e+01 9.229961e+00 2.960705e+01
    endloop
  endfacet
  facet normal 1.424975e-01 -3.406501e-01 9.293288e-01
    outer loop
      vertex   -2.041968e+01 9.406372e+00 2.975439e+01
      vertex   -2.037625e+01 9.307360e+00 2.971143e+01
      vertex   -2.031247e+01 9.451218e+00 2.975439e+01
    endloop
  endfacet
  facet normal 1.424975e-01 -3.406501e-01 9.293288e-01
    outer loop
      vertex   -2.031247e+01 9.451218e+00 2.975439e+01
      vertex   -2.037625e+01 9.307360e+00 2.971143e+01
      vertex   -2.027247e+01 9.350771e+00 2.971143e+01
    endloop
  endfacet
  facet normal 1.306974e-01 -3.453494e-01 9.293288e-01
    outer loop
      vertex   -2.031247e+01 9.451218e+00 2.975439e+01
      vertex   -2.027247e+01 9.350771e+00 2.971143e+01
      vertex   -2.020379e+01 9.492351e+00 2.975439e+01
    endloop
  endfacet
  facet normal 1.306974e-01 -3.453494e-01 9.293288e-01
    outer loop
      vertex   -2.020379e+01 9.492351e+00 2.975439e+01
      vertex   -2.027247e+01 9.350771e+00 2.971143e+01
      vertex   -2.016726e+01 9.390588e+00 2.971143e+01
    endloop
  endfacet
  facet normal 1.187427e-01 -3.496401e-01 9.293288e-01
    outer loop
      vertex   -2.020379e+01 9.492351e+00 2.975439e+01
      vertex   -2.016726e+01 9.390588e+00 2.971143e+01
      vertex   -2.009375e+01 9.529722e+00 2.975439e+01
    endloop
  endfacet
  facet normal 1.187427e-01 -3.496401e-01 9.293288e-01
    outer loop
      vertex   -2.009375e+01 9.529722e+00 2.975439e+01
      vertex   -2.016726e+01 9.390588e+00 2.971143e+01
      vertex   -2.006075e+01 9.426762e+00 2.971143e+01
    endloop
  endfacet
  facet normal 1.066475e-01 -3.535171e-01 9.293288e-01
    outer loop
      vertex   -2.009375e+01 9.529722e+00 2.975439e+01
      vertex   -2.006075e+01 9.426762e+00 2.971143e+01
      vertex   -1.998249e+01 9.563285e+00 2.975439e+01
    endloop
  endfacet
  facet normal 1.066475e-01 -3.535171e-01 9.293288e-01
    outer loop
      vertex   -1.998249e+01 9.563285e+00 2.975439e+01
      vertex   -2.006075e+01 9.426762e+00 2.971143e+01
      vertex   -1.995305e+01 9.459252e+00 2.971143e+01
    endloop
  endfacet
  facet normal 9.442610e-02 -3.569758e-01 9.293288e-01
    outer loop
      vertex   -1.998249e+01 9.563285e+00 2.975439e+01
      vertex   -1.995305e+01 9.459252e+00 2.971143e+01
      vertex   -1.987014e+01 9.593003e+00 2.975439e+01
    endloop
  endfacet
  facet normal 9.442610e-02 -3.569758e-01 9.293288e-01
    outer loop
      vertex   -1.987014e+01 9.593003e+00 2.975439e+01
      vertex   -1.995305e+01 9.459252e+00 2.971143e+01
      vertex   -1.984430e+01 9.488019e+00 2.971143e+01
    endloop
  endfacet
  facet normal 8.210602e-02 -3.600090e-01 9.293289e-01
    outer loop
      vertex   -1.987014e+01 9.593003e+00 2.975439e+01
      vertex   -1.984430e+01 9.488019e+00 2.971143e+01
      vertex   -1.973485e+01 9.512979e+00 2.971143e+01
    endloop
  endfacet
  facet normal 9.398392e-02 -4.120898e-01 9.062831e-01
    outer loop
      vertex   -1.973485e+01 9.512979e+00 2.971143e+01
      vertex   -1.984430e+01 9.488019e+00 2.971143e+01
      vertex   -1.971321e+01 9.409786e+00 2.966227e+01
    endloop
  endfacet
  facet normal 7.975708e-02 -4.150747e-01 9.062846e-01
    outer loop
      vertex   -1.973485e+01 9.512979e+00 2.971143e+01
      vertex   -1.971321e+01 9.409786e+00 2.966227e+01
      vertex   -1.960604e+01 9.430378e+00 2.966227e+01
    endloop
  endfacet
  facet normal 8.956700e-02 -4.661278e-01 8.801719e-01
    outer loop
      vertex   -1.960604e+01 9.430378e+00 2.966227e+01
      vertex   -1.971321e+01 9.409786e+00 2.966227e+01
      vertex   -1.958846e+01 9.329498e+00 2.960705e+01
    endloop
  endfacet
  facet normal 7.346322e-02 -4.689353e-01 8.801721e-01
    outer loop
      vertex   -1.960604e+01 9.430378e+00 2.966227e+01
      vertex   -1.958846e+01 9.329498e+00 2.960705e+01
      vertex   -1.949849e+01 9.447227e+00 2.966227e+01
    endloop
  endfacet
  facet normal 7.346322e-02 -4.689353e-01 8.801721e-01
    outer loop
      vertex   -1.949849e+01 9.447227e+00 2.966227e+01
      vertex   -1.958846e+01 9.329498e+00 2.960705e+01
      vertex   -1.948438e+01 9.345802e+00 2.960705e+01
    endloop
  endfacet
  facet normal 5.729194e-02 -4.711844e-01 8.801721e-01
    outer loop
      vertex   -1.949849e+01 9.447227e+00 2.966227e+01
      vertex   -1.948438e+01 9.345802e+00 2.960705e+01
      vertex   -1.939042e+01 9.460368e+00 2.966227e+01
    endloop
  endfacet
  facet normal 5.729194e-02 -4.711844e-01 8.801721e-01
    outer loop
      vertex   -1.939042e+01 9.460368e+00 2.966227e+01
      vertex   -1.948438e+01 9.345802e+00 2.960705e+01
      vertex   -1.937981e+01 9.358517e+00 2.960705e+01
    endloop
  endfacet
  facet normal 4.105287e-02 -4.728761e-01 8.801721e-01
    outer loop
      vertex   -1.939042e+01 9.460368e+00 2.966227e+01
      vertex   -1.937981e+01 9.358517e+00 2.960705e+01
      vertex   -1.928196e+01 9.469783e+00 2.966227e+01
    endloop
  endfacet
  facet normal 4.105287e-02 -4.728761e-01 8.801721e-01
    outer loop
      vertex   -1.928196e+01 9.469783e+00 2.966227e+01
      vertex   -1.937981e+01 9.358517e+00 2.960705e+01
      vertex   -1.927486e+01 9.367628e+00 2.960705e+01
    endloop
  endfacet
  facet normal 2.476523e-02 -4.740083e-01 8.801721e-01
    outer loop
      vertex   -1.928196e+01 9.469783e+00 2.966227e+01
      vertex   -1.927486e+01 9.367628e+00 2.960705e+01
      vertex   -1.917325e+01 9.475463e+00 2.966227e+01
    endloop
  endfacet
  facet normal 2.476523e-02 -4.740083e-01 8.801721e-01
    outer loop
      vertex   -1.917325e+01 9.475463e+00 2.966227e+01
      vertex   -1.927486e+01 9.367628e+00 2.960705e+01
      vertex   -1.916966e+01 9.373124e+00 2.960705e+01
    endloop
  endfacet
  facet normal 8.448283e-03 -4.745796e-01 8.801721e-01
    outer loop
      vertex   -1.917325e+01 9.475463e+00 2.966227e+01
      vertex   -1.916966e+01 9.373124e+00 2.960705e+01
      vertex   -1.906440e+01 9.477401e+00 2.966227e+01
    endloop
  endfacet
  facet normal 8.448283e-03 -4.745796e-01 8.801721e-01
    outer loop
      vertex   -1.906440e+01 9.477401e+00 2.966227e+01
      vertex   -1.916966e+01 9.373124e+00 2.960705e+01
      vertex   -1.906434e+01 9.374999e+00 2.960705e+01
    endloop
  endfacet
  facet normal -7.878657e-03 -4.745894e-01 8.801721e-01
    outer loop
      vertex   -1.906440e+01 9.477401e+00 2.966227e+01
      vertex   -1.906434e+01 9.374999e+00 2.960705e+01
      vertex   -1.895555e+01 9.475594e+00 2.966227e+01
    endloop
  endfacet
  facet normal -7.878657e-03 -4.745894e-01 8.801721e-01
    outer loop
      vertex   -1.895555e+01 9.475594e+00 2.966227e+01
      vertex   -1.906434e+01 9.374999e+00 2.960705e+01
      vertex   -1.895901e+01 9.373251e+00 2.960705e+01
    endloop
  endfacet
  facet normal -2.419627e-02 -4.740376e-01 8.801721e-01
    outer loop
      vertex   -1.895555e+01 9.475594e+00 2.966227e+01
      vertex   -1.895901e+01 9.373251e+00 2.960705e+01
      vertex   -1.884683e+01 9.470045e+00 2.966227e+01
    endloop
  endfacet
  facet normal -2.419627e-02 -4.740376e-01 8.801721e-01
    outer loop
      vertex   -1.884683e+01 9.470045e+00 2.966227e+01
      vertex   -1.895901e+01 9.373251e+00 2.960705e+01
      vertex   -1.885380e+01 9.367881e+00 2.960705e+01
    endloop
  endfacet
  facet normal -4.048526e-02 -4.729250e-01 8.801721e-01
    outer loop
      vertex   -1.884683e+01 9.470045e+00 2.966227e+01
      vertex   -1.885380e+01 9.367881e+00 2.960705e+01
      vertex   -1.873836e+01 9.460759e+00 2.966227e+01
    endloop
  endfacet
  facet normal -4.048526e-02 -4.729250e-01 8.801721e-01
    outer loop
      vertex   -1.873836e+01 9.460759e+00 2.966227e+01
      vertex   -1.885380e+01 9.367881e+00 2.960705e+01
      vertex   -1.874885e+01 9.358896e+00 2.960705e+01
    endloop
  endfacet
  facet normal -5.672635e-02 -4.712529e-01 8.801721e-01
    outer loop
      vertex   -1.873836e+01 9.460759e+00 2.966227e+01
      vertex   -1.874885e+01 9.358896e+00 2.960705e+01
      vertex   -1.863027e+01 9.447748e+00 2.966227e+01
    endloop
  endfacet
  facet normal -5.672635e-02 -4.712529e-01 8.801721e-01
    outer loop
      vertex   -1.863027e+01 9.447748e+00 2.966227e+01
      vertex   -1.874885e+01 9.358896e+00 2.960705e+01
      vertex   -1.864426e+01 9.346306e+00 2.960705e+01
    endloop
  endfacet
  facet normal -7.290032e-02 -4.690231e-01 8.801721e-01
    outer loop
      vertex   -1.863027e+01 9.447748e+00 2.966227e+01
      vertex   -1.864426e+01 9.346306e+00 2.960705e+01
      vertex   -1.852270e+01 9.431028e+00 2.966227e+01
    endloop
  endfacet
  facet normal -7.290032e-02 -4.690231e-01 8.801721e-01
    outer loop
      vertex   -1.852270e+01 9.431028e+00 2.966227e+01
      vertex   -1.864426e+01 9.346306e+00 2.960705e+01
      vertex   -1.854017e+01 9.330127e+00 2.960705e+01
    endloop
  endfacet
  facet normal -8.898804e-02 -4.662384e-01 8.801721e-01
    outer loop
      vertex   -1.852270e+01 9.431028e+00 2.966227e+01
      vertex   -1.854017e+01 9.330127e+00 2.960705e+01
      vertex   -1.841577e+01 9.410618e+00 2.966227e+01
    endloop
  endfacet
  facet normal -8.898804e-02 -4.662384e-01 8.801721e-01
    outer loop
      vertex   -1.841577e+01 9.410618e+00 2.966227e+01
      vertex   -1.854017e+01 9.330127e+00 2.960705e+01
      vertex   -1.843669e+01 9.310378e+00 2.960705e+01
    endloop
  endfacet
  facet normal -1.049705e-01 -4.629021e-01 8.801721e-01
    outer loop
      vertex   -1.841577e+01 9.410618e+00 2.966227e+01
      vertex   -1.843669e+01 9.310378e+00 2.960705e+01
      vertex   -1.830960e+01 9.386543e+00 2.966227e+01
    endloop
  endfacet
  facet normal -1.049705e-01 -4.629021e-01 8.801721e-01
    outer loop
      vertex   -1.830960e+01 9.386543e+00 2.966227e+01
      vertex   -1.843669e+01 9.310378e+00 2.960705e+01
      vertex   -1.833396e+01 9.287081e+00 2.960705e+01
    endloop
  endfacet
  facet normal -1.208287e-01 -4.590181e-01 8.801721e-01
    outer loop
      vertex   -1.830960e+01 9.386543e+00 2.966227e+01
      vertex   -1.833396e+01 9.287081e+00 2.960705e+01
      vertex   -1.820432e+01 9.358830e+00 2.966227e+01
    endloop
  endfacet
  facet normal -1.208287e-01 -4.590181e-01 8.801721e-01
    outer loop
      vertex   -1.820432e+01 9.358830e+00 2.966227e+01
      vertex   -1.833396e+01 9.287081e+00 2.960705e+01
      vertex   -1.823209e+01 9.260265e+00 2.960705e+01
    endloop
  endfacet
  facet normal -1.365439e-01 -4.545909e-01 8.801721e-01
    outer loop
      vertex   -1.820432e+01 9.358830e+00 2.966227e+01
      vertex   -1.823209e+01 9.260265e+00 2.960705e+01
      vertex   -1.810006e+01 9.327513e+00 2.966227e+01
    endloop
  endfacet
  facet normal -1.365439e-01 -4.545909e-01 8.801721e-01
    outer loop
      vertex   -1.810006e+01 9.327513e+00 2.966227e+01
      vertex   -1.823209e+01 9.260265e+00 2.960705e+01
      vertex   -1.813120e+01 9.229961e+00 2.960705e+01
    endloop
  endfacet
  facet normal -1.520977e-01 -4.496259e-01 8.801721e-01
    outer loop
      vertex   -1.810006e+01 9.327513e+00 2.966227e+01
      vertex   -1.813120e+01 9.229961e+00 2.960705e+01
      vertex   -1.799693e+01 9.292629e+00 2.966227e+01
    endloop
  endfacet
  facet normal 1.214013e-01 -2.902180e-01 9.492287e-01
    outer loop
      vertex   -2.046405e+01 9.507503e+00 2.979098e+01
      vertex   -2.041968e+01 9.406372e+00 2.975439e+01
      vertex   -2.035333e+01 9.553816e+00 2.979098e+01
    endloop
  endfacet
  facet normal 1.214013e-01 -2.902180e-01 9.492287e-01
    outer loop
      vertex   -2.035333e+01 9.553816e+00 2.979098e+01
      vertex   -2.041968e+01 9.406372e+00 2.975439e+01
      vertex   -2.031247e+01 9.451218e+00 2.975439e+01
    endloop
  endfacet
  facet normal 1.113482e-01 -2.942216e-01 9.492287e-01
    outer loop
      vertex   -2.035333e+01 9.553816e+00 2.979098e+01
      vertex   -2.031247e+01 9.451218e+00 2.975439e+01
      vertex   -2.024109e+01 9.596293e+00 2.979098e+01
    endloop
  endfacet
  facet normal 1.113482e-01 -2.942216e-01 9.492287e-01
    outer loop
      vertex   -2.024109e+01 9.596293e+00 2.979098e+01
      vertex   -2.031247e+01 9.451218e+00 2.975439e+01
      vertex   -2.020379e+01 9.492351e+00 2.975439e+01
    endloop
  endfacet
  facet normal 1.011633e-01 -2.978771e-01 9.492287e-01
    outer loop
      vertex   -2.024109e+01 9.596293e+00 2.979098e+01
      vertex   -2.020379e+01 9.492351e+00 2.975439e+01
      vertex   -2.012746e+01 9.634885e+00 2.979098e+01
    endloop
  endfacet
  facet normal 1.011633e-01 -2.978771e-01 9.492287e-01
    outer loop
      vertex   -2.012746e+01 9.634885e+00 2.979098e+01
      vertex   -2.020379e+01 9.492351e+00 2.975439e+01
      vertex   -2.009375e+01 9.529722e+00 2.975439e+01
    endloop
  endfacet
  facet normal 9.085872e-02 -3.011801e-01 9.492287e-01
    outer loop
      vertex   -2.012746e+01 9.634885e+00 2.979098e+01
      vertex   -2.009375e+01 9.529722e+00 2.975439e+01
      vertex   -2.001256e+01 9.669546e+00 2.979098e+01
    endloop
  endfacet
  facet normal 9.085872e-02 -3.011801e-01 9.492287e-01
    outer loop
      vertex   -2.001256e+01 9.669546e+00 2.979098e+01
      vertex   -2.009375e+01 9.529722e+00 2.975439e+01
      vertex   -1.998249e+01 9.563285e+00 2.975439e+01
    endloop
  endfacet
  facet normal 8.044665e-02 -3.041268e-01 9.492287e-01
    outer loop
      vertex   -2.001256e+01 9.669546e+00 2.979098e+01
      vertex   -1.998249e+01 9.563285e+00 2.975439e+01
      vertex   -1.989654e+01 9.700235e+00 2.979098e+01
    endloop
  endfacet
  facet normal 8.044665e-02 -3.041268e-01 9.492287e-01
    outer loop
      vertex   -1.989654e+01 9.700235e+00 2.979098e+01
      vertex   -1.998249e+01 9.563285e+00 2.975439e+01
      vertex   -1.987014e+01 9.593003e+00 2.975439e+01
    endloop
  endfacet
  facet normal 6.994893e-02 -3.067113e-01 9.492288e-01
    outer loop
      vertex   -1.989654e+01 9.700235e+00 2.979098e+01
      vertex   -1.987014e+01 9.593003e+00 2.975439e+01
      vertex   -1.975705e+01 9.618796e+00 2.975439e+01
    endloop
  endfacet
  facet normal 8.210454e-02 -3.600111e-01 9.293282e-01
    outer loop
      vertex   -1.975705e+01 9.618796e+00 2.975439e+01
      vertex   -1.987014e+01 9.593003e+00 2.975439e+01
      vertex   -1.973485e+01 9.512979e+00 2.971143e+01
    endloop
  endfacet
  facet normal 6.967561e-02 -3.626185e-01 9.293294e-01
    outer loop
      vertex   -1.975705e+01 9.618796e+00 2.975439e+01
      vertex   -1.973485e+01 9.512979e+00 2.971143e+01
      vertex   -1.962415e+01 9.534250e+00 2.971143e+01
    endloop
  endfacet
  facet normal 7.975528e-02 -4.150770e-01 9.062837e-01
    outer loop
      vertex   -1.962415e+01 9.534250e+00 2.971143e+01
      vertex   -1.973485e+01 9.512979e+00 2.971143e+01
      vertex   -1.960604e+01 9.430378e+00 2.966227e+01
    endloop
  endfacet
  facet normal 6.541738e-02 -4.175765e-01 9.062838e-01
    outer loop
      vertex   -1.962415e+01 9.534250e+00 2.971143e+01
      vertex   -1.960604e+01 9.430378e+00 2.966227e+01
      vertex   -1.951301e+01 9.551661e+00 2.971143e+01
    endloop
  endfacet
  facet normal 6.541738e-02 -4.175765e-01 9.062838e-01
    outer loop
      vertex   -1.951301e+01 9.551661e+00 2.971143e+01
      vertex   -1.960604e+01 9.430378e+00 2.966227e+01
      vertex   -1.949849e+01 9.447227e+00 2.966227e+01
    endloop
  endfacet
  facet normal 5.101721e-02 -4.195794e-01 9.062838e-01
    outer loop
      vertex   -1.951301e+01 9.551661e+00 2.971143e+01
      vertex   -1.949849e+01 9.447227e+00 2.966227e+01
      vertex   -1.940134e+01 9.565239e+00 2.971143e+01
    endloop
  endfacet
  facet normal 5.101721e-02 -4.195794e-01 9.062838e-01
    outer loop
      vertex   -1.940134e+01 9.565239e+00 2.971143e+01
      vertex   -1.949849e+01 9.447227e+00 2.966227e+01
      vertex   -1.939042e+01 9.460368e+00 2.966227e+01
    endloop
  endfacet
  facet normal 3.655668e-02 -4.210858e-01 9.062838e-01
    outer loop
      vertex   -1.940134e+01 9.565239e+00 2.971143e+01
      vertex   -1.939042e+01 9.460368e+00 2.966227e+01
      vertex   -1.928927e+01 9.574968e+00 2.971143e+01
    endloop
  endfacet
  facet normal 3.655668e-02 -4.210858e-01 9.062838e-01
    outer loop
      vertex   -1.928927e+01 9.574968e+00 2.971143e+01
      vertex   -1.939042e+01 9.460368e+00 2.966227e+01
      vertex   -1.928196e+01 9.469783e+00 2.966227e+01
    endloop
  endfacet
  facet normal 2.205289e-02 -4.220939e-01 9.062838e-01
    outer loop
      vertex   -1.928927e+01 9.574968e+00 2.971143e+01
      vertex   -1.928196e+01 9.469783e+00 2.966227e+01
      vertex   -1.917694e+01 9.580838e+00 2.971143e+01
    endloop
  endfacet
  facet normal 2.205289e-02 -4.220939e-01 9.062838e-01
    outer loop
      vertex   -1.917694e+01 9.580838e+00 2.971143e+01
      vertex   -1.928196e+01 9.469783e+00 2.966227e+01
      vertex   -1.917325e+01 9.475463e+00 2.966227e+01
    endloop
  endfacet
  facet normal 7.523010e-03 -4.226027e-01 9.062838e-01
    outer loop
      vertex   -1.917694e+01 9.580838e+00 2.971143e+01
      vertex   -1.917325e+01 9.475463e+00 2.966227e+01
      vertex   -1.906446e+01 9.582840e+00 2.971143e+01
    endloop
  endfacet
  facet normal 7.523010e-03 -4.226027e-01 9.062838e-01
    outer loop
      vertex   -1.906446e+01 9.582840e+00 2.971143e+01
      vertex   -1.917325e+01 9.475463e+00 2.966227e+01
      vertex   -1.906440e+01 9.477401e+00 2.966227e+01
    endloop
  endfacet
  facet normal -7.015770e-03 -4.226114e-01 9.062838e-01
    outer loop
      vertex   -1.906446e+01 9.582840e+00 2.971143e+01
      vertex   -1.906440e+01 9.477401e+00 2.966227e+01
      vertex   -1.895199e+01 9.580973e+00 2.971143e+01
    endloop
  endfacet
  facet normal -7.015770e-03 -4.226114e-01 9.062838e-01
    outer loop
      vertex   -1.895199e+01 9.580973e+00 2.971143e+01
      vertex   -1.906440e+01 9.477401e+00 2.966227e+01
      vertex   -1.895555e+01 9.475594e+00 2.966227e+01
    endloop
  endfacet
  facet normal -2.154625e-02 -4.221201e-01 9.062838e-01
    outer loop
      vertex   -1.895199e+01 9.580973e+00 2.971143e+01
      vertex   -1.895555e+01 9.475594e+00 2.966227e+01
      vertex   -1.883964e+01 9.575238e+00 2.971143e+01
    endloop
  endfacet
  facet normal -2.154625e-02 -4.221201e-01 9.062838e-01
    outer loop
      vertex   -1.883964e+01 9.575238e+00 2.971143e+01
      vertex   -1.895555e+01 9.475594e+00 2.966227e+01
      vertex   -1.884683e+01 9.470045e+00 2.966227e+01
    endloop
  endfacet
  facet normal -3.605124e-02 -4.211293e-01 9.062838e-01
    outer loop
      vertex   -1.883964e+01 9.575238e+00 2.971143e+01
      vertex   -1.884683e+01 9.470045e+00 2.966227e+01
      vertex   -1.872756e+01 9.565643e+00 2.971143e+01
    endloop
  endfacet
  facet normal -3.605124e-02 -4.211293e-01 9.062838e-01
    outer loop
      vertex   -1.872756e+01 9.565643e+00 2.971143e+01
      vertex   -1.884683e+01 9.470045e+00 2.966227e+01
      vertex   -1.873836e+01 9.460759e+00 2.966227e+01
    endloop
  endfacet
  facet normal -5.051357e-02 -4.196403e-01 9.062838e-01
    outer loop
      vertex   -1.872756e+01 9.565643e+00 2.971143e+01
      vertex   -1.873836e+01 9.460759e+00 2.966227e+01
      vertex   -1.861587e+01 9.552199e+00 2.971143e+01
    endloop
  endfacet
  facet normal -5.051357e-02 -4.196403e-01 9.062838e-01
    outer loop
      vertex   -1.861587e+01 9.552199e+00 2.971143e+01
      vertex   -1.873836e+01 9.460759e+00 2.966227e+01
      vertex   -1.863027e+01 9.447748e+00 2.966227e+01
    endloop
  endfacet
  facet normal -6.491613e-02 -4.176548e-01 9.062838e-01
    outer loop
      vertex   -1.861587e+01 9.552199e+00 2.971143e+01
      vertex   -1.863027e+01 9.447748e+00 2.966227e+01
      vertex   -1.850472e+01 9.534922e+00 2.971143e+01
    endloop
  endfacet
  facet normal -6.491613e-02 -4.176548e-01 9.062838e-01
    outer loop
      vertex   -1.850472e+01 9.534922e+00 2.971143e+01
      vertex   -1.863027e+01 9.447748e+00 2.966227e+01
      vertex   -1.852270e+01 9.431028e+00 2.966227e+01
    endloop
  endfacet
  facet normal -7.924189e-02 -4.151751e-01 9.062838e-01
    outer loop
      vertex   -1.850472e+01 9.534922e+00 2.971143e+01
      vertex   -1.852270e+01 9.431028e+00 2.966227e+01
      vertex   -1.839422e+01 9.513832e+00 2.971143e+01
    endloop
  endfacet
  facet normal -7.924189e-02 -4.151751e-01 9.062838e-01
    outer loop
      vertex   -1.839422e+01 9.513832e+00 2.971143e+01
      vertex   -1.852270e+01 9.431028e+00 2.966227e+01
      vertex   -1.841577e+01 9.410618e+00 2.966227e+01
    endloop
  endfacet
  facet normal -9.347388e-02 -4.122041e-01 9.062838e-01
    outer loop
      vertex   -1.839422e+01 9.513832e+00 2.971143e+01
      vertex   -1.841577e+01 9.410618e+00 2.966227e+01
      vertex   -1.828451e+01 9.488955e+00 2.971143e+01
    endloop
  endfacet
  facet normal -9.347388e-02 -4.122041e-01 9.062838e-01
    outer loop
      vertex   -1.828451e+01 9.488955e+00 2.971143e+01
      vertex   -1.841577e+01 9.410618e+00 2.966227e+01
      vertex   -1.830960e+01 9.386543e+00 2.966227e+01
    endloop
  endfacet
  facet normal -1.075953e-01 -4.087455e-01 9.062838e-01
    outer loop
      vertex   -1.828451e+01 9.488955e+00 2.971143e+01
      vertex   -1.830960e+01 9.386543e+00 2.966227e+01
      vertex   -1.817573e+01 9.460319e+00 2.971143e+01
    endloop
  endfacet
  facet normal -1.075953e-01 -4.087455e-01 9.062838e-01
    outer loop
      vertex   -1.817573e+01 9.460319e+00 2.971143e+01
      vertex   -1.830960e+01 9.386543e+00 2.966227e+01
      vertex   -1.820432e+01 9.358830e+00 2.966227e+01
    endloop
  endfacet
  facet normal -1.215894e-01 -4.048032e-01 9.062838e-01
    outer loop
      vertex   -1.817573e+01 9.460319e+00 2.971143e+01
      vertex   -1.820432e+01 9.358830e+00 2.966227e+01
      vertex   -1.806799e+01 9.427958e+00 2.971143e+01
    endloop
  endfacet
  facet normal -1.215894e-01 -4.048032e-01 9.062838e-01
    outer loop
      vertex   -1.806799e+01 9.427958e+00 2.971143e+01
      vertex   -1.820432e+01 9.358830e+00 2.966227e+01
      vertex   -1.810006e+01 9.327513e+00 2.966227e+01
    endloop
  endfacet
  facet normal -1.354396e-01 -4.003820e-01 9.062838e-01
    outer loop
      vertex   -1.806799e+01 9.427958e+00 2.971143e+01
      vertex   -1.810006e+01 9.327513e+00 2.966227e+01
      vertex   -1.796143e+01 9.391912e+00 2.971143e+01
    endloop
  endfacet
  facet normal -1.354396e-01 -4.003820e-01 9.062838e-01
    outer loop
      vertex   -1.796143e+01 9.391912e+00 2.971143e+01
      vertex   -1.810006e+01 9.327513e+00 2.966227e+01
      vertex   -1.799693e+01 9.292629e+00 2.966227e+01
    endloop
  endfacet
  facet normal -1.491296e-01 -3.954870e-01 9.062838e-01
    outer loop
      vertex   -1.796143e+01 9.391912e+00 2.971143e+01
      vertex   -1.799693e+01 9.292629e+00 2.966227e+01
      vertex   -1.785618e+01 9.352222e+00 2.971143e+01
    endloop
  endfacet
  facet normal 9.989393e-02 -2.388033e-01 9.659163e-01
    outer loop
      vertex   -2.050919e+01 9.610412e+00 2.982109e+01
      vertex   -2.046405e+01 9.507503e+00 2.979098e+01
      vertex   -2.039491e+01 9.658216e+00 2.982109e+01
    endloop
  endfacet
  facet normal 9.989393e-02 -2.388033e-01 9.659163e-01
    outer loop
      vertex   -2.039491e+01 9.658216e+00 2.982109e+01
      vertex   -2.046405e+01 9.507503e+00 2.979098e+01
      vertex   -2.035333e+01 9.553816e+00 2.979098e+01
    endloop
  endfacet
  facet normal 9.162181e-02 -2.420976e-01 9.659163e-01
    outer loop
      vertex   -2.039491e+01 9.658216e+00 2.982109e+01
      vertex   -2.035333e+01 9.553816e+00 2.979098e+01
      vertex   -2.027905e+01 9.702062e+00 2.982109e+01
    endloop
  endfacet
  facet normal 9.162181e-02 -2.420976e-01 9.659163e-01
    outer loop
      vertex   -2.027905e+01 9.702062e+00 2.982109e+01
      vertex   -2.035333e+01 9.553816e+00 2.979098e+01
      vertex   -2.024109e+01 9.596293e+00 2.979098e+01
    endloop
  endfacet
  facet normal 8.324128e-02 -2.451054e-01 9.659163e-01
    outer loop
      vertex   -2.027905e+01 9.702062e+00 2.982109e+01
      vertex   -2.024109e+01 9.596293e+00 2.979098e+01
      vertex   -2.016176e+01 9.741897e+00 2.982109e+01
    endloop
  endfacet
  facet normal 8.324128e-02 -2.451054e-01 9.659163e-01
    outer loop
      vertex   -2.016176e+01 9.741897e+00 2.982109e+01
      vertex   -2.024109e+01 9.596293e+00 2.979098e+01
      vertex   -2.012746e+01 9.634885e+00 2.979098e+01
    endloop
  endfacet
  facet normal 7.476226e-02 -2.478233e-01 9.659163e-01
    outer loop
      vertex   -2.016176e+01 9.741897e+00 2.982109e+01
      vertex   -2.012746e+01 9.634885e+00 2.979098e+01
      vertex   -2.004316e+01 9.777674e+00 2.982109e+01
    endloop
  endfacet
  facet normal 7.476226e-02 -2.478233e-01 9.659163e-01
    outer loop
      vertex   -2.004316e+01 9.777674e+00 2.982109e+01
      vertex   -2.012746e+01 9.634885e+00 2.979098e+01
      vertex   -2.001256e+01 9.669546e+00 2.979098e+01
    endloop
  endfacet
  facet normal 6.619479e-02 -2.502480e-01 9.659163e-01
    outer loop
      vertex   -2.004316e+01 9.777674e+00 2.982109e+01
      vertex   -2.001256e+01 9.669546e+00 2.979098e+01
      vertex   -1.992341e+01 9.809351e+00 2.982109e+01
    endloop
  endfacet
  facet normal 6.619479e-02 -2.502480e-01 9.659163e-01
    outer loop
      vertex   -1.992341e+01 9.809351e+00 2.982109e+01
      vertex   -2.001256e+01 9.669546e+00 2.979098e+01
      vertex   -1.989654e+01 9.700235e+00 2.979098e+01
    endloop
  endfacet
  facet normal 5.755553e-02 -2.523749e-01 9.659163e-01
    outer loop
      vertex   -1.992341e+01 9.809351e+00 2.982109e+01
      vertex   -1.989654e+01 9.700235e+00 2.979098e+01
      vertex   -1.977972e+01 9.726878e+00 2.979098e+01
    endloop
  endfacet
  facet normal 6.994769e-02 -3.067132e-01 9.492283e-01
    outer loop
      vertex   -1.977972e+01 9.726878e+00 2.979098e+01
      vertex   -1.989654e+01 9.700235e+00 2.979098e+01
      vertex   -1.975705e+01 9.618796e+00 2.975439e+01
    endloop
  endfacet
  facet normal 5.935876e-02 -3.089343e-01 9.492292e-01
    outer loop
      vertex   -1.977972e+01 9.726878e+00 2.979098e+01
      vertex   -1.975705e+01 9.618796e+00 2.975439e+01
      vertex   -1.964272e+01 9.640763e+00 2.975439e+01
    endloop
  endfacet
  facet normal 6.967405e-02 -3.626206e-01 9.293287e-01
    outer loop
      vertex   -1.964272e+01 9.640763e+00 2.975439e+01
      vertex   -1.975705e+01 9.618796e+00 2.975439e+01
      vertex   -1.962415e+01 9.534250e+00 2.971143e+01
    endloop
  endfacet
  facet normal 5.715004e-02 -3.648039e-01 9.293288e-01
    outer loop
      vertex   -1.964272e+01 9.640763e+00 2.975439e+01
      vertex   -1.962415e+01 9.534250e+00 2.971143e+01
      vertex   -1.952791e+01 9.658749e+00 2.975439e+01
    endloop
  endfacet
  facet normal 5.715004e-02 -3.648039e-01 9.293288e-01
    outer loop
      vertex   -1.952791e+01 9.658749e+00 2.975439e+01
      vertex   -1.962415e+01 9.534250e+00 2.971143e+01
      vertex   -1.951301e+01 9.551661e+00 2.971143e+01
    endloop
  endfacet
  facet normal 4.456974e-02 -3.665536e-01 9.293288e-01
    outer loop
      vertex   -1.952791e+01 9.658749e+00 2.975439e+01
      vertex   -1.951301e+01 9.551661e+00 2.971143e+01
      vertex   -1.941255e+01 9.672776e+00 2.975439e+01
    endloop
  endfacet
  facet normal 4.456974e-02 -3.665536e-01 9.293288e-01
    outer loop
      vertex   -1.941255e+01 9.672776e+00 2.975439e+01
      vertex   -1.951301e+01 9.551661e+00 2.971143e+01
      vertex   -1.940134e+01 9.565239e+00 2.971143e+01
    endloop
  endfacet
  facet normal 3.193670e-02 -3.678696e-01 9.293288e-01
    outer loop
      vertex   -1.941255e+01 9.672776e+00 2.975439e+01
      vertex   -1.940134e+01 9.565239e+00 2.971143e+01
      vertex   -1.929677e+01 9.682827e+00 2.975439e+01
    endloop
  endfacet
  facet normal 3.193670e-02 -3.678696e-01 9.293288e-01
    outer loop
      vertex   -1.929677e+01 9.682827e+00 2.975439e+01
      vertex   -1.940134e+01 9.565239e+00 2.971143e+01
      vertex   -1.928927e+01 9.574968e+00 2.971143e+01
    endloop
  endfacet
  facet normal 1.926588e-02 -3.687504e-01 9.293288e-01
    outer loop
      vertex   -1.929677e+01 9.682827e+00 2.975439e+01
      vertex   -1.928927e+01 9.574968e+00 2.971143e+01
      vertex   -1.918072e+01 9.688891e+00 2.975439e+01
    endloop
  endfacet
  facet normal 1.926588e-02 -3.687504e-01 9.293288e-01
    outer loop
      vertex   -1.918072e+01 9.688891e+00 2.975439e+01
      vertex   -1.928927e+01 9.574968e+00 2.971143e+01
      vertex   -1.917694e+01 9.580838e+00 2.971143e+01
    endloop
  endfacet
  facet normal 6.572264e-03 -3.691948e-01 9.293288e-01
    outer loop
      vertex   -1.918072e+01 9.688891e+00 2.975439e+01
      vertex   -1.917694e+01 9.580838e+00 2.971143e+01
      vertex   -1.906453e+01 9.690959e+00 2.975439e+01
    endloop
  endfacet
  facet normal 6.572264e-03 -3.691948e-01 9.293288e-01
    outer loop
      vertex   -1.906453e+01 9.690959e+00 2.975439e+01
      vertex   -1.917694e+01 9.580838e+00 2.971143e+01
      vertex   -1.906446e+01 9.582840e+00 2.971143e+01
    endloop
  endfacet
  facet normal -6.129129e-03 -3.692024e-01 9.293288e-01
    outer loop
      vertex   -1.906453e+01 9.690959e+00 2.975439e+01
      vertex   -1.906446e+01 9.582840e+00 2.971143e+01
      vertex   -1.894833e+01 9.689030e+00 2.975439e+01
    endloop
  endfacet
  facet normal -6.129129e-03 -3.692024e-01 9.293288e-01
    outer loop
      vertex   -1.894833e+01 9.689030e+00 2.975439e+01
      vertex   -1.906446e+01 9.582840e+00 2.971143e+01
      vertex   -1.895199e+01 9.580973e+00 2.971143e+01
    endloop
  endfacet
  facet normal -1.882327e-02 -3.687732e-01 9.293288e-01
    outer loop
      vertex   -1.894833e+01 9.689030e+00 2.975439e+01
      vertex   -1.895199e+01 9.580973e+00 2.971143e+01
      vertex   -1.883227e+01 9.683106e+00 2.975439e+01
    endloop
  endfacet
  facet normal -1.882327e-02 -3.687732e-01 9.293288e-01
    outer loop
      vertex   -1.883227e+01 9.683106e+00 2.975439e+01
      vertex   -1.895199e+01 9.580973e+00 2.971143e+01
      vertex   -1.883964e+01 9.575238e+00 2.971143e+01
    endloop
  endfacet
  facet normal -3.149514e-02 -3.679077e-01 9.293288e-01
    outer loop
      vertex   -1.883227e+01 9.683106e+00 2.975439e+01
      vertex   -1.883964e+01 9.575238e+00 2.971143e+01
      vertex   -1.871649e+01 9.673194e+00 2.975439e+01
    endloop
  endfacet
  facet normal -3.149514e-02 -3.679077e-01 9.293288e-01
    outer loop
      vertex   -1.871649e+01 9.673194e+00 2.975439e+01
      vertex   -1.883964e+01 9.575238e+00 2.971143e+01
      vertex   -1.872756e+01 9.565643e+00 2.971143e+01
    endloop
  endfacet
  facet normal -4.412974e-02 -3.666068e-01 9.293288e-01
    outer loop
      vertex   -1.871649e+01 9.673194e+00 2.975439e+01
      vertex   -1.872756e+01 9.565643e+00 2.971143e+01
      vertex   -1.860111e+01 9.659306e+00 2.975439e+01
    endloop
  endfacet
  facet normal -4.412974e-02 -3.666068e-01 9.293288e-01
    outer loop
      vertex   -1.860111e+01 9.659306e+00 2.975439e+01
      vertex   -1.872756e+01 9.565643e+00 2.971143e+01
      vertex   -1.861587e+01 9.552199e+00 2.971143e+01
    endloop
  endfacet
  facet normal -5.671214e-02 -3.648722e-01 9.293288e-01
    outer loop
      vertex   -1.860111e+01 9.659306e+00 2.975439e+01
      vertex   -1.861587e+01 9.552199e+00 2.971143e+01
      vertex   -1.848628e+01 9.641457e+00 2.975439e+01
    endloop
  endfacet
  facet normal -5.671214e-02 -3.648722e-01 9.293288e-01
    outer loop
      vertex   -1.848628e+01 9.641457e+00 2.975439e+01
      vertex   -1.861587e+01 9.552199e+00 2.971143e+01
      vertex   -1.850472e+01 9.534922e+00 2.971143e+01
    endloop
  endfacet
  facet normal -6.922743e-02 -3.627059e-01 9.293288e-01
    outer loop
      vertex   -1.848628e+01 9.641457e+00 2.975439e+01
      vertex   -1.850472e+01 9.534922e+00 2.971143e+01
      vertex   -1.837213e+01 9.619670e+00 2.975439e+01
    endloop
  endfacet
  facet normal -6.922743e-02 -3.627059e-01 9.293288e-01
    outer loop
      vertex   -1.837213e+01 9.619670e+00 2.975439e+01
      vertex   -1.850472e+01 9.534922e+00 2.971143e+01
      vertex   -1.839422e+01 9.513832e+00 2.971143e+01
    endloop
  endfacet
  facet normal -8.166081e-02 -3.601104e-01 9.293288e-01
    outer loop
      vertex   -1.837213e+01 9.619670e+00 2.975439e+01
      vertex   -1.839422e+01 9.513832e+00 2.971143e+01
      vertex   -1.825879e+01 9.593970e+00 2.975439e+01
    endloop
  endfacet
  facet normal -8.166081e-02 -3.601104e-01 9.293288e-01
    outer loop
      vertex   -1.825879e+01 9.593970e+00 2.975439e+01
      vertex   -1.839422e+01 9.513832e+00 2.971143e+01
      vertex   -1.828451e+01 9.488955e+00 2.971143e+01
    endloop
  endfacet
  facet normal -9.399757e-02 -3.570889e-01 9.293288e-01
    outer loop
      vertex   -1.825879e+01 9.593970e+00 2.975439e+01
      vertex   -1.828451e+01 9.488955e+00 2.971143e+01
      vertex   -1.814641e+01 9.564387e+00 2.975439e+01
    endloop
  endfacet
  facet normal -9.399757e-02 -3.570889e-01 9.293288e-01
    outer loop
      vertex   -1.814641e+01 9.564387e+00 2.975439e+01
      vertex   -1.828451e+01 9.488955e+00 2.971143e+01
      vertex   -1.817573e+01 9.460319e+00 2.971143e+01
    endloop
  endfacet
  facet normal -1.062231e-01 -3.536448e-01 9.293288e-01
    outer loop
      vertex   -1.814641e+01 9.564387e+00 2.975439e+01
      vertex   -1.817573e+01 9.460319e+00 2.971143e+01
      vertex   -1.803511e+01 9.530957e+00 2.975439e+01
    endloop
  endfacet
  facet normal -1.062231e-01 -3.536448e-01 9.293288e-01
    outer loop
      vertex   -1.803511e+01 9.530957e+00 2.975439e+01
      vertex   -1.817573e+01 9.460319e+00 2.971143e+01
      vertex   -1.806799e+01 9.427958e+00 2.971143e+01
    endloop
  endfacet
  facet normal -1.183230e-01 -3.497823e-01 9.293288e-01
    outer loop
      vertex   -1.803511e+01 9.530957e+00 2.975439e+01
      vertex   -1.806799e+01 9.427958e+00 2.971143e+01
      vertex   -1.792503e+01 9.493719e+00 2.975439e+01
    endloop
  endfacet
  facet normal -1.183230e-01 -3.497823e-01 9.293288e-01
    outer loop
      vertex   -1.792503e+01 9.493719e+00 2.975439e+01
      vertex   -1.806799e+01 9.427958e+00 2.971143e+01
      vertex   -1.796143e+01 9.391912e+00 2.971143e+01
    endloop
  endfacet
  facet normal -1.302828e-01 -3.455060e-01 9.293288e-01
    outer loop
      vertex   -1.792503e+01 9.493719e+00 2.975439e+01
      vertex   -1.796143e+01 9.391912e+00 2.971143e+01
      vertex   -1.781629e+01 9.452716e+00 2.975439e+01
    endloop
  endfacet
  facet normal -1.302828e-01 -3.455060e-01 9.293288e-01
    outer loop
      vertex   -1.781629e+01 9.452716e+00 2.975439e+01
      vertex   -1.796143e+01 9.391912e+00 2.971143e+01
      vertex   -1.785618e+01 9.352222e+00 2.971143e+01
    endloop
  endfacet
  facet normal -1.420886e-01 -3.408209e-01 9.293288e-01
    outer loop
      vertex   -1.781629e+01 9.452716e+00 2.975439e+01
      vertex   -1.785618e+01 9.352222e+00 2.971143e+01
      vertex   -1.770903e+01 9.407999e+00 2.975439e+01
    endloop
  endfacet
  facet normal 7.804829e-02 -1.865798e-01 9.793347e-01
    outer loop
      vertex   -2.055496e+01 9.714750e+00 2.984462e+01
      vertex   -2.050919e+01 9.610412e+00 2.982109e+01
      vertex   -2.043706e+01 9.764066e+00 2.984462e+01
    endloop
  endfacet
  facet normal 7.804829e-02 -1.865798e-01 9.793347e-01
    outer loop
      vertex   -2.043706e+01 9.764066e+00 2.984462e+01
      vertex   -2.050919e+01 9.610412e+00 2.982109e+01
      vertex   -2.039491e+01 9.658216e+00 2.982109e+01
    endloop
  endfacet
  facet normal 7.158519e-02 -1.891537e-01 9.793347e-01
    outer loop
      vertex   -2.043706e+01 9.764066e+00 2.984462e+01
      vertex   -2.039491e+01 9.658216e+00 2.982109e+01
      vertex   -2.031754e+01 9.809299e+00 2.984462e+01
    endloop
  endfacet
  facet normal 7.158519e-02 -1.891537e-01 9.793347e-01
    outer loop
      vertex   -2.031754e+01 9.809299e+00 2.984462e+01
      vertex   -2.039491e+01 9.658216e+00 2.982109e+01
      vertex   -2.027905e+01 9.702062e+00 2.982109e+01
    endloop
  endfacet
  facet normal 6.503739e-02 -1.915038e-01 9.793347e-01
    outer loop
      vertex   -2.031754e+01 9.809299e+00 2.984462e+01
      vertex   -2.027905e+01 9.702062e+00 2.982109e+01
      vertex   -2.019654e+01 9.850394e+00 2.984462e+01
    endloop
  endfacet
  facet normal 6.503739e-02 -1.915038e-01 9.793347e-01
    outer loop
      vertex   -2.019654e+01 9.850394e+00 2.984462e+01
      vertex   -2.027905e+01 9.702062e+00 2.982109e+01
      vertex   -2.016176e+01 9.741897e+00 2.982109e+01
    endloop
  endfacet
  facet normal 5.841263e-02 -1.936273e-01 9.793347e-01
    outer loop
      vertex   -2.019654e+01 9.850394e+00 2.984462e+01
      vertex   -2.016176e+01 9.741897e+00 2.982109e+01
      vertex   -2.007419e+01 9.887304e+00 2.984462e+01
    endloop
  endfacet
  facet normal 5.841263e-02 -1.936273e-01 9.793347e-01
    outer loop
      vertex   -2.007419e+01 9.887304e+00 2.984462e+01
      vertex   -2.016176e+01 9.741897e+00 2.982109e+01
      vertex   -2.004316e+01 9.777674e+00 2.982109e+01
    endloop
  endfacet
  facet normal 5.171877e-02 -1.955217e-01 9.793347e-01
    outer loop
      vertex   -2.007419e+01 9.887304e+00 2.984462e+01
      vertex   -2.004316e+01 9.777674e+00 2.982109e+01
      vertex   -1.995065e+01 9.919983e+00 2.984462e+01
    endloop
  endfacet
  facet normal 5.171877e-02 -1.955217e-01 9.793347e-01
    outer loop
      vertex   -1.995065e+01 9.919983e+00 2.984462e+01
      vertex   -2.004316e+01 9.777674e+00 2.982109e+01
      vertex   -1.992341e+01 9.809351e+00 2.982109e+01
    endloop
  endfacet
  facet normal 4.496779e-02 -1.971837e-01 9.793347e-01
    outer loop
      vertex   -1.995065e+01 9.919983e+00 2.984462e+01
      vertex   -1.992341e+01 9.809351e+00 2.982109e+01
      vertex   -1.980278e+01 9.836861e+00 2.982109e+01
    endloop
  endfacet
  facet normal 5.755452e-02 -2.523765e-01 9.659159e-01
    outer loop
      vertex   -1.980278e+01 9.836861e+00 2.982109e+01
      vertex   -1.992341e+01 9.809351e+00 2.982109e+01
      vertex   -1.977972e+01 9.726878e+00 2.979098e+01
    endloop
  endfacet
  facet normal 4.884147e-02 -2.542039e-01 9.659166e-01
    outer loop
      vertex   -1.980278e+01 9.836861e+00 2.982109e+01
      vertex   -1.977972e+01 9.726878e+00 2.979098e+01
      vertex   -1.966168e+01 9.749556e+00 2.979098e+01
    endloop
  endfacet
  facet normal 5.935745e-02 -3.089362e-01 9.492287e-01
    outer loop
      vertex   -1.966168e+01 9.749556e+00 2.979098e+01
      vertex   -1.977972e+01 9.726878e+00 2.979098e+01
      vertex   -1.964272e+01 9.640763e+00 2.975439e+01
    endloop
  endfacet
  facet normal 4.868918e-02 -3.107960e-01 9.492287e-01
    outer loop
      vertex   -1.966168e+01 9.749556e+00 2.979098e+01
      vertex   -1.964272e+01 9.640763e+00 2.975439e+01
      vertex   -1.954312e+01 9.768130e+00 2.979098e+01
    endloop
  endfacet
  facet normal 4.868918e-02 -3.107960e-01 9.492287e-01
    outer loop
      vertex   -1.954312e+01 9.768130e+00 2.979098e+01
      vertex   -1.964272e+01 9.640763e+00 2.975439e+01
      vertex   -1.952791e+01 9.658749e+00 2.975439e+01
    endloop
  endfacet
  facet normal 3.797135e-02 -3.122867e-01 9.492287e-01
    outer loop
      vertex   -1.954312e+01 9.768130e+00 2.979098e+01
      vertex   -1.952791e+01 9.658749e+00 2.975439e+01
      vertex   -1.942399e+01 9.782616e+00 2.979098e+01
    endloop
  endfacet
  facet normal 3.797135e-02 -3.122867e-01 9.492287e-01
    outer loop
      vertex   -1.942399e+01 9.782616e+00 2.979098e+01
      vertex   -1.952791e+01 9.658749e+00 2.975439e+01
      vertex   -1.941255e+01 9.672776e+00 2.975439e+01
    endloop
  endfacet
  facet normal 2.720859e-02 -3.134078e-01 9.492287e-01
    outer loop
      vertex   -1.942399e+01 9.782616e+00 2.979098e+01
      vertex   -1.941255e+01 9.672776e+00 2.975439e+01
      vertex   -1.930443e+01 9.792995e+00 2.979098e+01
    endloop
  endfacet
  facet normal 2.720859e-02 -3.134078e-01 9.492287e-01
    outer loop
      vertex   -1.930443e+01 9.792995e+00 2.979098e+01
      vertex   -1.941255e+01 9.672776e+00 2.975439e+01
      vertex   -1.929677e+01 9.682827e+00 2.975439e+01
    endloop
  endfacet
  facet normal 1.641364e-02 -3.141582e-01 9.492287e-01
    outer loop
      vertex   -1.930443e+01 9.792995e+00 2.979098e+01
      vertex   -1.929677e+01 9.682827e+00 2.975439e+01
      vertex   -1.918458e+01 9.799257e+00 2.979098e+01
    endloop
  endfacet
  facet normal 1.641364e-02 -3.141582e-01 9.492287e-01
    outer loop
      vertex   -1.918458e+01 9.799257e+00 2.979098e+01
      vertex   -1.929677e+01 9.682827e+00 2.975439e+01
      vertex   -1.918072e+01 9.688891e+00 2.975439e+01
    endloop
  endfacet
  facet normal 5.599264e-03 -3.145368e-01 9.492287e-01
    outer loop
      vertex   -1.918458e+01 9.799257e+00 2.979098e+01
      vertex   -1.918072e+01 9.688891e+00 2.975439e+01
      vertex   -1.906459e+01 9.801393e+00 2.979098e+01
    endloop
  endfacet
  facet normal 5.599264e-03 -3.145368e-01 9.492287e-01
    outer loop
      vertex   -1.906459e+01 9.801393e+00 2.979098e+01
      vertex   -1.918072e+01 9.688891e+00 2.975439e+01
      vertex   -1.906453e+01 9.690959e+00 2.975439e+01
    endloop
  endfacet
  facet normal -5.221733e-03 -3.145433e-01 9.492287e-01
    outer loop
      vertex   -1.906459e+01 9.801393e+00 2.979098e+01
      vertex   -1.906453e+01 9.690959e+00 2.975439e+01
      vertex   -1.894460e+01 9.799401e+00 2.979098e+01
    endloop
  endfacet
  facet normal -5.221733e-03 -3.145433e-01 9.492287e-01
    outer loop
      vertex   -1.894460e+01 9.799401e+00 2.979098e+01
      vertex   -1.906453e+01 9.690959e+00 2.975439e+01
      vertex   -1.894833e+01 9.689030e+00 2.975439e+01
    endloop
  endfacet
  facet normal -1.603655e-02 -3.141777e-01 9.492287e-01
    outer loop
      vertex   -1.894460e+01 9.799401e+00 2.979098e+01
      vertex   -1.894833e+01 9.689030e+00 2.975439e+01
      vertex   -1.882475e+01 9.793283e+00 2.979098e+01
    endloop
  endfacet
  facet normal -1.603655e-02 -3.141777e-01 9.492287e-01
    outer loop
      vertex   -1.882475e+01 9.793283e+00 2.979098e+01
      vertex   -1.894833e+01 9.689030e+00 2.975439e+01
      vertex   -1.883227e+01 9.683106e+00 2.975439e+01
    endloop
  endfacet
  facet normal -2.683240e-02 -3.134403e-01 9.492287e-01
    outer loop
      vertex   -1.882475e+01 9.793283e+00 2.979098e+01
      vertex   -1.883227e+01 9.683106e+00 2.975439e+01
      vertex   -1.870518e+01 9.783047e+00 2.979098e+01
    endloop
  endfacet
  facet normal -2.683240e-02 -3.134403e-01 9.492287e-01
    outer loop
      vertex   -1.870518e+01 9.783047e+00 2.979098e+01
      vertex   -1.883227e+01 9.683106e+00 2.975439e+01
      vertex   -1.871649e+01 9.673194e+00 2.975439e+01
    endloop
  endfacet
  facet normal -3.759649e-02 -3.123320e-01 9.492287e-01
    outer loop
      vertex   -1.870518e+01 9.783047e+00 2.979098e+01
      vertex   -1.871649e+01 9.673194e+00 2.975439e+01
      vertex   -1.858603e+01 9.768705e+00 2.979098e+01
    endloop
  endfacet
  facet normal -3.759649e-02 -3.123320e-01 9.492287e-01
    outer loop
      vertex   -1.858603e+01 9.768705e+00 2.979098e+01
      vertex   -1.871649e+01 9.673194e+00 2.975439e+01
      vertex   -1.860111e+01 9.659306e+00 2.975439e+01
    endloop
  endfacet
  facet normal -4.831611e-02 -3.108542e-01 9.492287e-01
    outer loop
      vertex   -1.858603e+01 9.768705e+00 2.979098e+01
      vertex   -1.860111e+01 9.659306e+00 2.975439e+01
      vertex   -1.846744e+01 9.750273e+00 2.979098e+01
    endloop
  endfacet
  facet normal -4.831611e-02 -3.108542e-01 9.492287e-01
    outer loop
      vertex   -1.846744e+01 9.750273e+00 2.979098e+01
      vertex   -1.860111e+01 9.659306e+00 2.975439e+01
      vertex   -1.848628e+01 9.641457e+00 2.975439e+01
    endloop
  endfacet
  facet normal -5.897855e-02 -3.090086e-01 9.492287e-01
    outer loop
      vertex   -1.846744e+01 9.750273e+00 2.979098e+01
      vertex   -1.848628e+01 9.641457e+00 2.975439e+01
      vertex   -1.834956e+01 9.727774e+00 2.979098e+01
    endloop
  endfacet
  facet normal -5.897855e-02 -3.090086e-01 9.492287e-01
    outer loop
      vertex   -1.834956e+01 9.727774e+00 2.979098e+01
      vertex   -1.848628e+01 9.641457e+00 2.975439e+01
      vertex   -1.837213e+01 9.619670e+00 2.975439e+01
    endloop
  endfacet
  facet normal -6.957122e-02 -3.067974e-01 9.492287e-01
    outer loop
      vertex   -1.834956e+01 9.727774e+00 2.979098e+01
      vertex   -1.837213e+01 9.619670e+00 2.975439e+01
      vertex   -1.823252e+01 9.701234e+00 2.979098e+01
    endloop
  endfacet
  facet normal -6.957122e-02 -3.067974e-01 9.492287e-01
    outer loop
      vertex   -1.823252e+01 9.701234e+00 2.979098e+01
      vertex   -1.837213e+01 9.619670e+00 2.975439e+01
      vertex   -1.825879e+01 9.593970e+00 2.975439e+01
    endloop
  endfacet
  facet normal -8.008156e-02 -3.042231e-01 9.492287e-01
    outer loop
      vertex   -1.823252e+01 9.701234e+00 2.979098e+01
      vertex   -1.825879e+01 9.593970e+00 2.975439e+01
      vertex   -1.811647e+01 9.670684e+00 2.979098e+01
    endloop
  endfacet
  facet normal -8.008156e-02 -3.042231e-01 9.492287e-01
    outer loop
      vertex   -1.811647e+01 9.670684e+00 2.979098e+01
      vertex   -1.825879e+01 9.593970e+00 2.975439e+01
      vertex   -1.814641e+01 9.564387e+00 2.975439e+01
    endloop
  endfacet
  facet normal -9.049716e-02 -3.012890e-01 9.492287e-01
    outer loop
      vertex   -1.811647e+01 9.670684e+00 2.979098e+01
      vertex   -1.814641e+01 9.564387e+00 2.975439e+01
      vertex   -1.800153e+01 9.636161e+00 2.979098e+01
    endloop
  endfacet
  facet normal -9.049716e-02 -3.012890e-01 9.492287e-01
    outer loop
      vertex   -1.800153e+01 9.636161e+00 2.979098e+01
      vertex   -1.814641e+01 9.564387e+00 2.975439e+01
      vertex   -1.803511e+01 9.530957e+00 2.975439e+01
    endloop
  endfacet
  facet normal -1.008057e-01 -2.979983e-01 9.492287e-01
    outer loop
      vertex   -1.800153e+01 9.636161e+00 2.979098e+01
      vertex   -1.803511e+01 9.530957e+00 2.975439e+01
      vertex   -1.788785e+01 9.597705e+00 2.979098e+01
    endloop
  endfacet
  facet normal -1.008057e-01 -2.979983e-01 9.492287e-01
    outer loop
      vertex   -1.788785e+01 9.597705e+00 2.979098e+01
      vertex   -1.803511e+01 9.530957e+00 2.975439e+01
      vertex   -1.792503e+01 9.493719e+00 2.975439e+01
    endloop
  endfacet
  facet normal -1.109949e-01 -2.943551e-01 9.492287e-01
    outer loop
      vertex   -1.788785e+01 9.597705e+00 2.979098e+01
      vertex   -1.792503e+01 9.493719e+00 2.975439e+01
      vertex   -1.777556e+01 9.555363e+00 2.979098e+01
    endloop
  endfacet
  facet normal -1.109949e-01 -2.943551e-01 9.492287e-01
    outer loop
      vertex   -1.777556e+01 9.555363e+00 2.979098e+01
      vertex   -1.792503e+01 9.493719e+00 2.975439e+01
      vertex   -1.781629e+01 9.452716e+00 2.975439e+01
    endloop
  endfacet
  facet normal -1.210528e-01 -2.903635e-01 9.492287e-01
    outer loop
      vertex   -1.777556e+01 9.555363e+00 2.979098e+01
      vertex   -1.781629e+01 9.452716e+00 2.975439e+01
      vertex   -1.766479e+01 9.509183e+00 2.979098e+01
    endloop
  endfacet
  facet normal -1.210528e-01 -2.903635e-01 9.492287e-01
    outer loop
      vertex   -1.766479e+01 9.509183e+00 2.979098e+01
      vertex   -1.781629e+01 9.452716e+00 2.975439e+01
      vertex   -1.770903e+01 9.407999e+00 2.975439e+01
    endloop
  endfacet
  facet normal -1.309675e-01 -2.860285e-01 9.492287e-01
    outer loop
      vertex   -1.766479e+01 9.509183e+00 2.979098e+01
      vertex   -1.770903e+01 9.407999e+00 2.975439e+01
      vertex   -1.755567e+01 9.459221e+00 2.979098e+01
    endloop
  endfacet
  facet normal 3.363897e-02 -8.041625e-02 9.961936e-01
    outer loop
      vertex   -2.052253e+01 9.978680e+00 2.987162e+01
      vertex   -2.064776e+01 9.926297e+00 2.987162e+01
      vertex   -2.060120e+01 9.820164e+00 2.986148e+01
    endloop
  endfacet
  facet normal 5.593835e-02 -1.337245e-01 9.894386e-01
    outer loop
      vertex   -2.060120e+01 9.820164e+00 2.986148e+01
      vertex   -2.055496e+01 9.714750e+00 2.984462e+01
      vertex   -2.047965e+01 9.871008e+00 2.986148e+01
    endloop
  endfacet
  facet normal 5.593835e-02 -1.337245e-01 9.894386e-01
    outer loop
      vertex   -2.047965e+01 9.871008e+00 2.986148e+01
      vertex   -2.055496e+01 9.714750e+00 2.984462e+01
      vertex   -2.043706e+01 9.764066e+00 2.984462e+01
    endloop
  endfacet
  facet normal 5.130615e-02 -1.355692e-01 9.894386e-01
    outer loop
      vertex   -2.047965e+01 9.871008e+00 2.986148e+01
      vertex   -2.043706e+01 9.764066e+00 2.984462e+01
      vertex   -2.035643e+01 9.917643e+00 2.986148e+01
    endloop
  endfacet
  facet normal 5.130615e-02 -1.355692e-01 9.894386e-01
    outer loop
      vertex   -2.035643e+01 9.917643e+00 2.986148e+01
      vertex   -2.043706e+01 9.764066e+00 2.984462e+01
      vertex   -2.031754e+01 9.809299e+00 2.984462e+01
    endloop
  endfacet
  facet normal 4.661325e-02 -1.372535e-01 9.894386e-01
    outer loop
      vertex   -2.035643e+01 9.917643e+00 2.986148e+01
      vertex   -2.031754e+01 9.809299e+00 2.984462e+01
      vertex   -2.023167e+01 9.960011e+00 2.986148e+01
    endloop
  endfacet
  facet normal 4.661325e-02 -1.372535e-01 9.894386e-01
    outer loop
      vertex   -2.023167e+01 9.960011e+00 2.986148e+01
      vertex   -2.031754e+01 9.809299e+00 2.984462e+01
      vertex   -2.019654e+01 9.850394e+00 2.984462e+01
    endloop
  endfacet
  facet normal 4.186519e-02 -1.387755e-01 9.894386e-01
    outer loop
      vertex   -2.023167e+01 9.960011e+00 2.986148e+01
      vertex   -2.019654e+01 9.850394e+00 2.984462e+01
      vertex   -2.010554e+01 9.998064e+00 2.986148e+01
    endloop
  endfacet
  facet normal 4.186519e-02 -1.387755e-01 9.894386e-01
    outer loop
      vertex   -2.010554e+01 9.998064e+00 2.986148e+01
      vertex   -2.019654e+01 9.850394e+00 2.984462e+01
      vertex   -2.007419e+01 9.887304e+00 2.984462e+01
    endloop
  endfacet
  facet normal 3.706759e-02 -1.401332e-01 9.894386e-01
    outer loop
      vertex   -2.010554e+01 9.998064e+00 2.986148e+01
      vertex   -2.007419e+01 9.887304e+00 2.984462e+01
      vertex   -1.997816e+01 1.003176e+01 2.986148e+01
    endloop
  endfacet
  facet normal 3.706759e-02 -1.401332e-01 9.894386e-01
    outer loop
      vertex   -1.997816e+01 1.003176e+01 2.986148e+01
      vertex   -2.007419e+01 9.887304e+00 2.984462e+01
      vertex   -1.995065e+01 9.919983e+00 2.984462e+01
    endloop
  endfacet
  facet normal 3.222834e-02 -1.413246e-01 9.894386e-01
    outer loop
      vertex   -1.997816e+01 1.003176e+01 2.986148e+01
      vertex   -1.995065e+01 9.919983e+00 2.984462e+01
      vertex   -1.982616e+01 9.948371e+00 2.984462e+01
    endloop
  endfacet
  facet normal 4.496701e-02 -1.971850e-01 9.793345e-01
    outer loop
      vertex   -1.982616e+01 9.948371e+00 2.984462e+01
      vertex   -1.995065e+01 9.919983e+00 2.984462e+01
      vertex   -1.980278e+01 9.836861e+00 2.982109e+01
    endloop
  endfacet
  facet normal 3.815937e-02 -1.986126e-01 9.793349e-01
    outer loop
      vertex   -1.982616e+01 9.948371e+00 2.984462e+01
      vertex   -1.980278e+01 9.836861e+00 2.982109e+01
      vertex   -1.968098e+01 9.860261e+00 2.982109e+01
    endloop
  endfacet
  facet normal 4.884041e-02 -2.542055e-01 9.659162e-01
    outer loop
      vertex   -1.968098e+01 9.860261e+00 2.982109e+01
      vertex   -1.980278e+01 9.836861e+00 2.982109e+01
      vertex   -1.966168e+01 9.749556e+00 2.979098e+01
    endloop
  endfacet
  facet normal 4.006344e-02 -2.557356e-01 9.659163e-01
    outer loop
      vertex   -1.968098e+01 9.860261e+00 2.982109e+01
      vertex   -1.966168e+01 9.749556e+00 2.979098e+01
      vertex   -1.955860e+01 9.879434e+00 2.982109e+01
    endloop
  endfacet
  facet normal 4.006344e-02 -2.557356e-01 9.659163e-01
    outer loop
      vertex   -1.955860e+01 9.879434e+00 2.982109e+01
      vertex   -1.966168e+01 9.749556e+00 2.979098e+01
      vertex   -1.954312e+01 9.768130e+00 2.979098e+01
    endloop
  endfacet
  facet normal 3.124437e-02 -2.569622e-01 9.659163e-01
    outer loop
      vertex   -1.955860e+01 9.879434e+00 2.982109e+01
      vertex   -1.954312e+01 9.768130e+00 2.979098e+01
      vertex   -1.943563e+01 9.894386e+00 2.982109e+01
    endloop
  endfacet
  facet normal 3.124437e-02 -2.569622e-01 9.659163e-01
    outer loop
      vertex   -1.943563e+01 9.894386e+00 2.982109e+01
      vertex   -1.954312e+01 9.768130e+00 2.979098e+01
      vertex   -1.942399e+01 9.782616e+00 2.979098e+01
    endloop
  endfacet
  facet normal 2.238834e-02 -2.578848e-01 9.659163e-01
    outer loop
      vertex   -1.943563e+01 9.894386e+00 2.982109e+01
      vertex   -1.942399e+01 9.782616e+00 2.979098e+01
      vertex   -1.931222e+01 9.905100e+00 2.982109e+01
    endloop
  endfacet
  facet normal 2.238834e-02 -2.578848e-01 9.659163e-01
    outer loop
      vertex   -1.931222e+01 9.905100e+00 2.982109e+01
      vertex   -1.942399e+01 9.782616e+00 2.979098e+01
      vertex   -1.930443e+01 9.792995e+00 2.979098e+01
    endloop
  endfacet
  facet normal 1.350581e-02 -2.585022e-01 9.659163e-01
    outer loop
      vertex   -1.931222e+01 9.905100e+00 2.982109e+01
      vertex   -1.930443e+01 9.792995e+00 2.979098e+01
      vertex   -1.918852e+01 9.911563e+00 2.982109e+01
    endloop
  endfacet
  facet normal 1.350581e-02 -2.585022e-01 9.659163e-01
    outer loop
      vertex   -1.918852e+01 9.911563e+00 2.982109e+01
      vertex   -1.930443e+01 9.792995e+00 2.979098e+01
      vertex   -1.918458e+01 9.799257e+00 2.979098e+01
    endloop
  endfacet
  facet normal 4.607303e-03 -2.588138e-01 9.659163e-01
    outer loop
      vertex   -1.918852e+01 9.911563e+00 2.982109e+01
      vertex   -1.918458e+01 9.799257e+00 2.979098e+01
      vertex   -1.906466e+01 9.913768e+00 2.982109e+01
    endloop
  endfacet
  facet normal 4.607303e-03 -2.588138e-01 9.659163e-01
    outer loop
      vertex   -1.906466e+01 9.913768e+00 2.982109e+01
      vertex   -1.918458e+01 9.799257e+00 2.979098e+01
      vertex   -1.906459e+01 9.801393e+00 2.979098e+01
    endloop
  endfacet
  facet normal -4.296655e-03 -2.588191e-01 9.659163e-01
    outer loop
      vertex   -1.906466e+01 9.913768e+00 2.982109e+01
      vertex   -1.906459e+01 9.801393e+00 2.979098e+01
      vertex   -1.894080e+01 9.911711e+00 2.982109e+01
    endloop
  endfacet
  facet normal -4.296655e-03 -2.588191e-01 9.659163e-01
    outer loop
      vertex   -1.894080e+01 9.911711e+00 2.982109e+01
      vertex   -1.906459e+01 9.801393e+00 2.979098e+01
      vertex   -1.894460e+01 9.799401e+00 2.979098e+01
    endloop
  endfacet
  facet normal -1.319553e-02 -2.585182e-01 9.659163e-01
    outer loop
      vertex   -1.894080e+01 9.911711e+00 2.982109e+01
      vertex   -1.894460e+01 9.799401e+00 2.979098e+01
      vertex   -1.881709e+01 9.905397e+00 2.982109e+01
    endloop
  endfacet
  facet normal -1.319553e-02 -2.585182e-01 9.659163e-01
    outer loop
      vertex   -1.881709e+01 9.905397e+00 2.982109e+01
      vertex   -1.894460e+01 9.799401e+00 2.979098e+01
      vertex   -1.882475e+01 9.793283e+00 2.979098e+01
    endloop
  endfacet
  facet normal -2.207879e-02 -2.579115e-01 9.659163e-01
    outer loop
      vertex   -1.881709e+01 9.905397e+00 2.982109e+01
      vertex   -1.882475e+01 9.793283e+00 2.979098e+01
      vertex   -1.869367e+01 9.894831e+00 2.982109e+01
    endloop
  endfacet
  facet normal -2.207879e-02 -2.579115e-01 9.659163e-01
    outer loop
      vertex   -1.869367e+01 9.894831e+00 2.982109e+01
      vertex   -1.882475e+01 9.793283e+00 2.979098e+01
      vertex   -1.870518e+01 9.783047e+00 2.979098e+01
    endloop
  endfacet
  facet normal -3.093593e-02 -2.569995e-01 9.659163e-01
    outer loop
      vertex   -1.869367e+01 9.894831e+00 2.982109e+01
      vertex   -1.870518e+01 9.783047e+00 2.979098e+01
      vertex   -1.857068e+01 9.880027e+00 2.982109e+01
    endloop
  endfacet
  facet normal -3.093593e-02 -2.569995e-01 9.659163e-01
    outer loop
      vertex   -1.857068e+01 9.880027e+00 2.982109e+01
      vertex   -1.870518e+01 9.783047e+00 2.979098e+01
      vertex   -1.858603e+01 9.768705e+00 2.979098e+01
    endloop
  endfacet
  facet normal -3.975647e-02 -2.557835e-01 9.659163e-01
    outer loop
      vertex   -1.857068e+01 9.880027e+00 2.982109e+01
      vertex   -1.858603e+01 9.768705e+00 2.979098e+01
      vertex   -1.844827e+01 9.861001e+00 2.982109e+01
    endloop
  endfacet
  facet normal -3.975647e-02 -2.557835e-01 9.659163e-01
    outer loop
      vertex   -1.844827e+01 9.861001e+00 2.982109e+01
      vertex   -1.858603e+01 9.768705e+00 2.979098e+01
      vertex   -1.846744e+01 9.750273e+00 2.979098e+01
    endloop
  endfacet
  facet normal -4.852996e-02 -2.542649e-01 9.659163e-01
    outer loop
      vertex   -1.844827e+01 9.861001e+00 2.982109e+01
      vertex   -1.846744e+01 9.750273e+00 2.979098e+01
      vertex   -1.832660e+01 9.837777e+00 2.982109e+01
    endloop
  endfacet
  facet normal -4.852996e-02 -2.542649e-01 9.659163e-01
    outer loop
      vertex   -1.832660e+01 9.837777e+00 2.982109e+01
      vertex   -1.846744e+01 9.750273e+00 2.979098e+01
      vertex   -1.834956e+01 9.727774e+00 2.979098e+01
    endloop
  endfacet
  facet normal -5.724604e-02 -2.524454e-01 9.659163e-01
    outer loop
      vertex   -1.832660e+01 9.837777e+00 2.982109e+01
      vertex   -1.834956e+01 9.727774e+00 2.979098e+01
      vertex   -1.820579e+01 9.810382e+00 2.982109e+01
    endloop
  endfacet
  facet normal -5.724604e-02 -2.524454e-01 9.659163e-01
    outer loop
      vertex   -1.820579e+01 9.810382e+00 2.982109e+01
      vertex   -1.834956e+01 9.727774e+00 2.979098e+01
      vertex   -1.823252e+01 9.701234e+00 2.979098e+01
    endloop
  endfacet
  facet normal -6.589438e-02 -2.503272e-01 9.659163e-01
    outer loop
      vertex   -1.820579e+01 9.810382e+00 2.982109e+01
      vertex   -1.823252e+01 9.701234e+00 2.979098e+01
      vertex   -1.808600e+01 9.778849e+00 2.982109e+01
    endloop
  endfacet
  facet normal -6.589438e-02 -2.503272e-01 9.659163e-01
    outer loop
      vertex   -1.808600e+01 9.778849e+00 2.982109e+01
      vertex   -1.823252e+01 9.701234e+00 2.979098e+01
      vertex   -1.811647e+01 9.670684e+00 2.979098e+01
    endloop
  endfacet
  facet normal -7.446476e-02 -2.479129e-01 9.659163e-01
    outer loop
      vertex   -1.808600e+01 9.778849e+00 2.982109e+01
      vertex   -1.811647e+01 9.670684e+00 2.979098e+01
      vertex   -1.796736e+01 9.743213e+00 2.982109e+01
    endloop
  endfacet
  facet normal -7.446476e-02 -2.479129e-01 9.659163e-01
    outer loop
      vertex   -1.796736e+01 9.743213e+00 2.982109e+01
      vertex   -1.811647e+01 9.670684e+00 2.979098e+01
      vertex   -1.800153e+01 9.636161e+00 2.979098e+01
    endloop
  endfacet
  facet normal -8.294703e-02 -2.452052e-01 9.659163e-01
    outer loop
      vertex   -1.796736e+01 9.743213e+00 2.982109e+01
      vertex   -1.800153e+01 9.636161e+00 2.979098e+01
      vertex   -1.785001e+01 9.703519e+00 2.982109e+01
    endloop
  endfacet
  facet normal -8.294703e-02 -2.452052e-01 9.659163e-01
    outer loop
      vertex   -1.785001e+01 9.703519e+00 2.982109e+01
      vertex   -1.800153e+01 9.636161e+00 2.979098e+01
      vertex   -1.788785e+01 9.597705e+00 2.979098e+01
    endloop
  endfacet
  facet normal -9.133116e-02 -2.422074e-01 9.659163e-01
    outer loop
      vertex   -1.785001e+01 9.703519e+00 2.982109e+01
      vertex   -1.788785e+01 9.597705e+00 2.979098e+01
      vertex   -1.773411e+01 9.659813e+00 2.982109e+01
    endloop
  endfacet
  facet normal -9.133116e-02 -2.422074e-01 9.659163e-01
    outer loop
      vertex   -1.773411e+01 9.659813e+00 2.982109e+01
      vertex   -1.788785e+01 9.597705e+00 2.979098e+01
      vertex   -1.777556e+01 9.555363e+00 2.979098e+01
    endloop
  endfacet
  facet normal -9.960723e-02 -2.389230e-01 9.659163e-01
    outer loop
      vertex   -1.773411e+01 9.659813e+00 2.982109e+01
      vertex   -1.777556e+01 9.555363e+00 2.979098e+01
      vertex   -1.761977e+01 9.612146e+00 2.982109e+01
    endloop
  endfacet
  facet normal -9.960723e-02 -2.389230e-01 9.659163e-01
    outer loop
      vertex   -1.761977e+01 9.612146e+00 2.982109e+01
      vertex   -1.777556e+01 9.555363e+00 2.979098e+01
      vertex   -1.766479e+01 9.509183e+00 2.979098e+01
    endloop
  endfacet
  facet normal -1.077654e-01 -2.353559e-01 9.659163e-01
    outer loop
      vertex   -1.761977e+01 9.612146e+00 2.982109e+01
      vertex   -1.766479e+01 9.509183e+00 2.979098e+01
      vertex   -1.750714e+01 9.560575e+00 2.982109e+01
    endloop
  endfacet
  facet normal -1.077654e-01 -2.353559e-01 9.659163e-01
    outer loop
      vertex   -1.750714e+01 9.560575e+00 2.982109e+01
      vertex   -1.766479e+01 9.509183e+00 2.979098e+01
      vertex   -1.755567e+01 9.459221e+00 2.979098e+01
    endloop
  endfacet
  facet normal -1.157961e-01 -2.315104e-01 9.659163e-01
    outer loop
      vertex   -1.750714e+01 9.560575e+00 2.982109e+01
      vertex   -1.755567e+01 9.459221e+00 2.979098e+01
      vertex   -1.739635e+01 9.505161e+00 2.982109e+01
    endloop
  endfacet
  facet normal 3.085336e-02 -8.152561e-02 9.961936e-01
    outer loop
      vertex   -2.039558e+01 1.002673e+01 2.987162e+01
      vertex   -2.052253e+01 9.978680e+00 2.987162e+01
      vertex   -2.047965e+01 9.871008e+00 2.986148e+01
    endloop
  endfacet
  facet normal 3.363897e-02 -8.041625e-02 9.961936e-01
    outer loop
      vertex   -2.047965e+01 9.871008e+00 2.986148e+01
      vertex   -2.052253e+01 9.978680e+00 2.987162e+01
      vertex   -2.060120e+01 9.820164e+00 2.986148e+01
    endloop
  endfacet
  facet normal 3.085336e-02 -8.152561e-02 9.961936e-01
    outer loop
      vertex   -2.039558e+01 1.002673e+01 2.987162e+01
      vertex   -2.047965e+01 9.871008e+00 2.986148e+01
      vertex   -2.035643e+01 9.917643e+00 2.986148e+01
    endloop
  endfacet
  facet normal 2.803124e-02 -8.253850e-02 9.961936e-01
    outer loop
      vertex   -2.039558e+01 1.002673e+01 2.987162e+01
      vertex   -2.035643e+01 9.917643e+00 2.986148e+01
      vertex   -2.026705e+01 1.007038e+01 2.987162e+01
    endloop
  endfacet
  facet normal 2.803124e-02 -8.253850e-02 9.961936e-01
    outer loop
      vertex   -2.026705e+01 1.007038e+01 2.987162e+01
      vertex   -2.035643e+01 9.917643e+00 2.986148e+01
      vertex   -2.023167e+01 9.960011e+00 2.986148e+01
    endloop
  endfacet
  facet normal 2.517596e-02 -8.345373e-02 9.961936e-01
    outer loop
      vertex   -2.026705e+01 1.007038e+01 2.987162e+01
      vertex   -2.023167e+01 9.960011e+00 2.986148e+01
      vertex   -2.013710e+01 1.010958e+01 2.987162e+01
    endloop
  endfacet
  facet normal 2.517596e-02 -8.345373e-02 9.961936e-01
    outer loop
      vertex   -2.013710e+01 1.010958e+01 2.987162e+01
      vertex   -2.023167e+01 9.960011e+00 2.986148e+01
      vertex   -2.010554e+01 9.998064e+00 2.986148e+01
    endloop
  endfacet
  facet normal 2.229089e-02 -8.427022e-02 9.961936e-01
    outer loop
      vertex   -2.013710e+01 1.010958e+01 2.987162e+01
      vertex   -2.010554e+01 9.998064e+00 2.986148e+01
      vertex   -2.000587e+01 1.014429e+01 2.987162e+01
    endloop
  endfacet
  facet normal 2.229089e-02 -8.427022e-02 9.961936e-01
    outer loop
      vertex   -2.000587e+01 1.014429e+01 2.987162e+01
      vertex   -2.010554e+01 9.998064e+00 2.986148e+01
      vertex   -1.997816e+01 1.003176e+01 2.986148e+01
    endloop
  endfacet
  facet normal 1.938033e-02 -8.498679e-02 9.961936e-01
    outer loop
      vertex   -2.000587e+01 1.014429e+01 2.987162e+01
      vertex   -1.997816e+01 1.003176e+01 2.986148e+01
      vertex   -1.984979e+01 1.006103e+01 2.986148e+01
    endloop
  endfacet
  facet normal 3.222779e-02 -1.413256e-01 9.894384e-01
    outer loop
      vertex   -1.984979e+01 1.006103e+01 2.986148e+01
      vertex   -1.997816e+01 1.003176e+01 2.986148e+01
      vertex   -1.982616e+01 9.948371e+00 2.984462e+01
    endloop
  endfacet
  facet normal 2.734863e-02 -1.423487e-01 9.894387e-01
    outer loop
      vertex   -1.984979e+01 1.006103e+01 2.986148e+01
      vertex   -1.982616e+01 9.948371e+00 2.984462e+01
      vertex   -1.970055e+01 9.972504e+00 2.984462e+01
    endloop
  endfacet
  facet normal 3.815855e-02 -1.986139e-01 9.793347e-01
    outer loop
      vertex   -1.970055e+01 9.972504e+00 2.984462e+01
      vertex   -1.982616e+01 9.948371e+00 2.984462e+01
      vertex   -1.968098e+01 9.860261e+00 2.982109e+01
    endloop
  endfacet
  facet normal 3.130204e-02 -1.998092e-01 9.793347e-01
    outer loop
      vertex   -1.970055e+01 9.972504e+00 2.984462e+01
      vertex   -1.968098e+01 9.860261e+00 2.982109e+01
      vertex   -1.957430e+01 9.992283e+00 2.984462e+01
    endloop
  endfacet
  facet normal 3.130204e-02 -1.998092e-01 9.793347e-01
    outer loop
      vertex   -1.957430e+01 9.992283e+00 2.984462e+01
      vertex   -1.968098e+01 9.860261e+00 2.982109e+01
      vertex   -1.955860e+01 9.879434e+00 2.982109e+01
    endloop
  endfacet
  facet normal 2.441160e-02 -2.007676e-01 9.793347e-01
    outer loop
      vertex   -1.957430e+01 9.992283e+00 2.984462e+01
      vertex   -1.955860e+01 9.879434e+00 2.982109e+01
      vertex   -1.944744e+01 1.000771e+01 2.984462e+01
    endloop
  endfacet
  facet normal 2.441160e-02 -2.007676e-01 9.793347e-01
    outer loop
      vertex   -1.944744e+01 1.000771e+01 2.984462e+01
      vertex   -1.955860e+01 9.879434e+00 2.982109e+01
      vertex   -1.943563e+01 9.894386e+00 2.982109e+01
    endloop
  endfacet
  facet normal 1.749227e-02 -2.014884e-01 9.793347e-01
    outer loop
      vertex   -1.944744e+01 1.000771e+01 2.984462e+01
      vertex   -1.943563e+01 9.894386e+00 2.982109e+01
      vertex   -1.932012e+01 1.001876e+01 2.984462e+01
    endloop
  endfacet
  facet normal 1.749227e-02 -2.014884e-01 9.793347e-01
    outer loop
      vertex   -1.932012e+01 1.001876e+01 2.984462e+01
      vertex   -1.943563e+01 9.894386e+00 2.982109e+01
      vertex   -1.931222e+01 9.905100e+00 2.982109e+01
    endloop
  endfacet
  facet normal 1.055225e-02 -2.019708e-01 9.793347e-01
    outer loop
      vertex   -1.932012e+01 1.001876e+01 2.984462e+01
      vertex   -1.931222e+01 9.905100e+00 2.982109e+01
      vertex   -1.919250e+01 1.002543e+01 2.984462e+01
    endloop
  endfacet
  facet normal 1.055225e-02 -2.019708e-01 9.793347e-01
    outer loop
      vertex   -1.919250e+01 1.002543e+01 2.984462e+01
      vertex   -1.931222e+01 9.905100e+00 2.982109e+01
      vertex   -1.918852e+01 9.911563e+00 2.982109e+01
    endloop
  endfacet
  facet normal 3.599740e-03 -2.022142e-01 9.793347e-01
    outer loop
      vertex   -1.919250e+01 1.002543e+01 2.984462e+01
      vertex   -1.918852e+01 9.911563e+00 2.982109e+01
      vertex   -1.906473e+01 1.002770e+01 2.984462e+01
    endloop
  endfacet
  facet normal 3.599740e-03 -2.022142e-01 9.793347e-01
    outer loop
      vertex   -1.906473e+01 1.002770e+01 2.984462e+01
      vertex   -1.918852e+01 9.911563e+00 2.982109e+01
      vertex   -1.906466e+01 9.913768e+00 2.982109e+01
    endloop
  endfacet
  facet normal -3.357027e-03 -2.022184e-01 9.793347e-01
    outer loop
      vertex   -1.906473e+01 1.002770e+01 2.984462e+01
      vertex   -1.906466e+01 9.913768e+00 2.982109e+01
      vertex   -1.893695e+01 1.002558e+01 2.984462e+01
    endloop
  endfacet
  facet normal -3.357027e-03 -2.022184e-01 9.793347e-01
    outer loop
      vertex   -1.893695e+01 1.002558e+01 2.984462e+01
      vertex   -1.906466e+01 9.913768e+00 2.982109e+01
      vertex   -1.894080e+01 9.911711e+00 2.982109e+01
    endloop
  endfacet
  facet normal -1.030982e-02 -2.019833e-01 9.793347e-01
    outer loop
      vertex   -1.893695e+01 1.002558e+01 2.984462e+01
      vertex   -1.894080e+01 9.911711e+00 2.982109e+01
      vertex   -1.880933e+01 1.001907e+01 2.984462e+01
    endloop
  endfacet
  facet normal -1.030982e-02 -2.019833e-01 9.793347e-01
    outer loop
      vertex   -1.880933e+01 1.001907e+01 2.984462e+01
      vertex   -1.894080e+01 9.911711e+00 2.982109e+01
      vertex   -1.881709e+01 9.905397e+00 2.982109e+01
    endloop
  endfacet
  facet normal -1.725042e-02 -2.015092e-01 9.793347e-01
    outer loop
      vertex   -1.880933e+01 1.001907e+01 2.984462e+01
      vertex   -1.881709e+01 9.905397e+00 2.982109e+01
      vertex   -1.868200e+01 1.000817e+01 2.984462e+01
    endloop
  endfacet
  facet normal -1.725042e-02 -2.015092e-01 9.793347e-01
    outer loop
      vertex   -1.868200e+01 1.000817e+01 2.984462e+01
      vertex   -1.881709e+01 9.905397e+00 2.982109e+01
      vertex   -1.869367e+01 9.894831e+00 2.982109e+01
    endloop
  endfacet
  facet normal -2.417060e-02 -2.007967e-01 9.793347e-01
    outer loop
      vertex   -1.868200e+01 1.000817e+01 2.984462e+01
      vertex   -1.869367e+01 9.894831e+00 2.982109e+01
      vertex   -1.855512e+01 9.992894e+00 2.984462e+01
    endloop
  endfacet
  facet normal -2.417060e-02 -2.007967e-01 9.793347e-01
    outer loop
      vertex   -1.855512e+01 9.992894e+00 2.984462e+01
      vertex   -1.869367e+01 9.894831e+00 2.982109e+01
      vertex   -1.857068e+01 9.880027e+00 2.982109e+01
    endloop
  endfacet
  facet normal -3.106219e-02 -1.998467e-01 9.793347e-01
    outer loop
      vertex   -1.855512e+01 9.992894e+00 2.984462e+01
      vertex   -1.857068e+01 9.880027e+00 2.982109e+01
      vertex   -1.842884e+01 9.973267e+00 2.984462e+01
    endloop
  endfacet
  facet normal -3.106219e-02 -1.998467e-01 9.793347e-01
    outer loop
      vertex   -1.842884e+01 9.973267e+00 2.984462e+01
      vertex   -1.857068e+01 9.880027e+00 2.982109e+01
      vertex   -1.844827e+01 9.861001e+00 2.982109e+01
    endloop
  endfacet
  facet normal -3.791703e-02 -1.986601e-01 9.793347e-01
    outer loop
      vertex   -1.842884e+01 9.973267e+00 2.984462e+01
      vertex   -1.844827e+01 9.861001e+00 2.982109e+01
      vertex   -1.830331e+01 9.949308e+00 2.984462e+01
    endloop
  endfacet
  facet normal -3.791703e-02 -1.986601e-01 9.793347e-01
    outer loop
      vertex   -1.830331e+01 9.949308e+00 2.984462e+01
      vertex   -1.844827e+01 9.861001e+00 2.982109e+01
      vertex   -1.832660e+01 9.837777e+00 2.982109e+01
    endloop
  endfacet
  facet normal -4.472700e-02 -1.972386e-01 9.793347e-01
    outer loop
      vertex   -1.830331e+01 9.949308e+00 2.984462e+01
      vertex   -1.832660e+01 9.837777e+00 2.982109e+01
      vertex   -1.817869e+01 9.921047e+00 2.984462e+01
    endloop
  endfacet
  facet normal -4.472700e-02 -1.972386e-01 9.793347e-01
    outer loop
      vertex   -1.817869e+01 9.921047e+00 2.984462e+01
      vertex   -1.832660e+01 9.837777e+00 2.982109e+01
      vertex   -1.820579e+01 9.810382e+00 2.982109e+01
    endloop
  endfacet
  facet normal -5.148405e-02 -1.955836e-01 9.793347e-01
    outer loop
      vertex   -1.817869e+01 9.921047e+00 2.984462e+01
      vertex   -1.820579e+01 9.810382e+00 2.982109e+01
      vertex   -1.805510e+01 9.888515e+00 2.984462e+01
    endloop
  endfacet
  facet normal -5.148405e-02 -1.955836e-01 9.793347e-01
    outer loop
      vertex   -1.805510e+01 9.888515e+00 2.984462e+01
      vertex   -1.820579e+01 9.810382e+00 2.982109e+01
      vertex   -1.808600e+01 9.778849e+00 2.982109e+01
    endloop
  endfacet
  facet normal -5.818019e-02 -1.936972e-01 9.793347e-01
    outer loop
      vertex   -1.805510e+01 9.888515e+00 2.984462e+01
      vertex   -1.808600e+01 9.778849e+00 2.982109e+01
      vertex   -1.793271e+01 9.851753e+00 2.984462e+01
    endloop
  endfacet
  facet normal -5.818019e-02 -1.936972e-01 9.793347e-01
    outer loop
      vertex   -1.793271e+01 9.851753e+00 2.984462e+01
      vertex   -1.808600e+01 9.778849e+00 2.982109e+01
      vertex   -1.796736e+01 9.743213e+00 2.982109e+01
    endloop
  endfacet
  facet normal -6.480749e-02 -1.915817e-01 9.793347e-01
    outer loop
      vertex   -1.793271e+01 9.851753e+00 2.984462e+01
      vertex   -1.796736e+01 9.743213e+00 2.982109e+01
      vertex   -1.781165e+01 9.810803e+00 2.984462e+01
    endloop
  endfacet
  facet normal -6.480749e-02 -1.915817e-01 9.793347e-01
    outer loop
      vertex   -1.781165e+01 9.810803e+00 2.984462e+01
      vertex   -1.796736e+01 9.743213e+00 2.982109e+01
      vertex   -1.785001e+01 9.703519e+00 2.982109e+01
    endloop
  endfacet
  facet normal -7.135810e-02 -1.892395e-01 9.793347e-01
    outer loop
      vertex   -1.781165e+01 9.810803e+00 2.984462e+01
      vertex   -1.785001e+01 9.703519e+00 2.982109e+01
      vertex   -1.769208e+01 9.765714e+00 2.984462e+01
    endloop
  endfacet
  facet normal -7.135810e-02 -1.892395e-01 9.793347e-01
    outer loop
      vertex   -1.769208e+01 9.765714e+00 2.984462e+01
      vertex   -1.785001e+01 9.703519e+00 2.982109e+01
      vertex   -1.773411e+01 9.659813e+00 2.982109e+01
    endloop
  endfacet
  facet normal -7.782429e-02 -1.866733e-01 9.793347e-01
    outer loop
      vertex   -1.769208e+01 9.765714e+00 2.984462e+01
      vertex   -1.773411e+01 9.659813e+00 2.982109e+01
      vertex   -1.757413e+01 9.716539e+00 2.984462e+01
    endloop
  endfacet
  facet normal -7.782429e-02 -1.866733e-01 9.793347e-01
    outer loop
      vertex   -1.757413e+01 9.716539e+00 2.984462e+01
      vertex   -1.773411e+01 9.659813e+00 2.982109e+01
      vertex   -1.761977e+01 9.612146e+00 2.982109e+01
    endloop
  endfacet
  facet normal -8.419840e-02 -1.838863e-01 9.793347e-01
    outer loop
      vertex   -1.757413e+01 9.716539e+00 2.984462e+01
      vertex   -1.761977e+01 9.612146e+00 2.982109e+01
      vertex   -1.745793e+01 9.663336e+00 2.984462e+01
    endloop
  endfacet
  facet normal -8.419840e-02 -1.838863e-01 9.793347e-01
    outer loop
      vertex   -1.745793e+01 9.663336e+00 2.984462e+01
      vertex   -1.761977e+01 9.612146e+00 2.982109e+01
      vertex   -1.750714e+01 9.560575e+00 2.982109e+01
    endloop
  endfacet
  facet normal -9.047289e-02 -1.808818e-01 9.793347e-01
    outer loop
      vertex   -1.745793e+01 9.663336e+00 2.984462e+01
      vertex   -1.750714e+01 9.560575e+00 2.982109e+01
      vertex   -1.734364e+01 9.606169e+00 2.984462e+01
    endloop
  endfacet
  facet normal -9.047289e-02 -1.808818e-01 9.793347e-01
    outer loop
      vertex   -1.734364e+01 9.606169e+00 2.984462e+01
      vertex   -1.750714e+01 9.560575e+00 2.982109e+01
      vertex   -1.739635e+01 9.505161e+00 2.982109e+01
    endloop
  endfacet
  facet normal -9.664033e-02 -1.776632e-01 9.793347e-01
    outer loop
      vertex   -1.734364e+01 9.606169e+00 2.984462e+01
      vertex   -1.739635e+01 9.505161e+00 2.982109e+01
      vertex   -1.723138e+01 9.545104e+00 2.984462e+01
    endloop
  endfacet
  facet normal 2.547489e-01 -9.630727e-01 8.714295e-02
    outer loop
      vertex   -1.962506e+01 8.300313e+00 2.799129e+01
      vertex   -1.955636e+01 8.318484e+00 2.799129e+01
      vertex   -1.955879e+01 8.328330e+00 2.810719e+01
    endloop
  endfacet
  facet normal 2.216070e-01 -9.712345e-01 8.714315e-02
    outer loop
      vertex   -1.955879e+01 8.328330e+00 2.810719e+01
      vertex   -1.955636e+01 8.318484e+00 2.799129e+01
      vertex   -1.948763e+01 8.334168e+00 2.799129e+01
    endloop
  endfacet
  facet normal 2.216020e-01 -9.712359e-01 8.714002e-02
    outer loop
      vertex   -1.955879e+01 8.328330e+00 2.810719e+01
      vertex   -1.948763e+01 8.334168e+00 2.799129e+01
      vertex   -1.948969e+01 8.344095e+00 2.810719e+01
    endloop
  endfacet
  facet normal 1.880727e-01 -9.782813e-01 8.714594e-02
    outer loop
      vertex   -1.948969e+01 8.344095e+00 2.810719e+01
      vertex   -1.948763e+01 8.334168e+00 2.799129e+01
      vertex   -1.941730e+01 8.347689e+00 2.799129e+01
    endloop
  endfacet
  facet normal 1.880677e-01 -9.782825e-01 8.714276e-02
    outer loop
      vertex   -1.948969e+01 8.344095e+00 2.810719e+01
      vertex   -1.941730e+01 8.347689e+00 2.799129e+01
      vertex   -1.941904e+01 8.357678e+00 2.810719e+01
    endloop
  endfacet
  facet normal 1.541831e-01 -9.841919e-01 8.714295e-02
    outer loop
      vertex   -1.941904e+01 8.357678e+00 2.810719e+01
      vertex   -1.941730e+01 8.347689e+00 2.799129e+01
      vertex   -1.934849e+01 8.368730e+00 2.810719e+01
    endloop
  endfacet
  facet normal 1.531382e-01 -9.775221e-01 1.449109e-01
    outer loop
      vertex   -1.941904e+01 8.357678e+00 2.810719e+01
      vertex   -1.934849e+01 8.368730e+00 2.810719e+01
      vertex   -1.935081e+01 8.385431e+00 2.822230e+01
    endloop
  endfacet
  facet normal 1.194283e-01 -9.822106e-01 1.449109e-01
    outer loop
      vertex   -1.935081e+01 8.385431e+00 2.822230e+01
      vertex   -1.934849e+01 8.368730e+00 2.810719e+01
      vertex   -1.927935e+01 8.394120e+00 2.822230e+01
    endloop
  endfacet
  facet normal 1.182094e-01 -9.721863e-01 2.021889e-01
    outer loop
      vertex   -1.935081e+01 8.385431e+00 2.822230e+01
      vertex   -1.927935e+01 8.394120e+00 2.822230e+01
      vertex   -1.928178e+01 8.417519e+00 2.833623e+01
    endloop
  endfacet
  facet normal 8.470364e-02 -9.756767e-01 2.021889e-01
    outer loop
      vertex   -1.928178e+01 8.417519e+00 2.833623e+01
      vertex   -1.927935e+01 8.394120e+00 2.822230e+01
      vertex   -1.920926e+01 8.423816e+00 2.833623e+01
    endloop
  endfacet
  facet normal 8.354371e-02 -9.623158e-01 2.587833e-01
    outer loop
      vertex   -1.928178e+01 8.417519e+00 2.833623e+01
      vertex   -1.920926e+01 8.423816e+00 2.833623e+01
      vertex   -1.921135e+01 8.453854e+00 2.844861e+01
    endloop
  endfacet
  facet normal 5.039791e-02 -9.646197e-01 2.587833e-01
    outer loop
      vertex   -1.921135e+01 8.453854e+00 2.844861e+01
      vertex   -1.920926e+01 8.423816e+00 2.833623e+01
      vertex   -1.913761e+01 8.457706e+00 2.844861e+01
    endloop
  endfacet
  facet normal 4.952769e-02 -9.479636e-01 3.145028e-01
    outer loop
      vertex   -1.921135e+01 8.453854e+00 2.844861e+01
      vertex   -1.913761e+01 8.457706e+00 2.844861e+01
      vertex   -1.913889e+01 8.494278e+00 2.855904e+01
    endloop
  endfacet
  facet normal 1.689562e-02 -9.491062e-01 3.145028e-01
    outer loop
      vertex   -1.913889e+01 8.494278e+00 2.855904e+01
      vertex   -1.913761e+01 8.457706e+00 2.844861e+01
      vertex   -1.906381e+01 8.495614e+00 2.855904e+01
    endloop
  endfacet
  facet normal 1.654160e-02 -9.292190e-01 3.691590e-01
    outer loop
      vertex   -1.913889e+01 8.494278e+00 2.855904e+01
      vertex   -1.906381e+01 8.495614e+00 2.855904e+01
      vertex   -1.906384e+01 8.538567e+00 2.866716e+01
    endloop
  endfacet
  facet normal -1.542628e-02 -9.292382e-01 3.691590e-01
    outer loop
      vertex   -1.906384e+01 8.538567e+00 2.866716e+01
      vertex   -1.906381e+01 8.495614e+00 2.855904e+01
      vertex   -1.898728e+01 8.537296e+00 2.866716e+01
    endloop
  endfacet
  facet normal -1.504394e-02 -9.062069e-01 4.225669e-01
    outer loop
      vertex   -1.906384e+01 8.538567e+00 2.866716e+01
      vertex   -1.898728e+01 8.537296e+00 2.866716e+01
      vertex   -1.898561e+01 8.586435e+00 2.877260e+01
    endloop
  endfacet
  facet normal -4.620169e-02 -9.051534e-01 4.225669e-01
    outer loop
      vertex   -1.898561e+01 8.586435e+00 2.877260e+01
      vertex   -1.898728e+01 8.537296e+00 2.866716e+01
      vertex   -1.890745e+01 8.582446e+00 2.877260e+01
    endloop
  endfacet
  facet normal -4.487115e-02 -8.790863e-01 4.745460e-01
    outer loop
      vertex   -1.898561e+01 8.586435e+00 2.877260e+01
      vertex   -1.890745e+01 8.582446e+00 2.877260e+01
      vertex   -1.890369e+01 8.637532e+00 2.887500e+01
    endloop
  endfacet
  facet normal -7.507851e-02 -8.770230e-01 4.745460e-01
    outer loop
      vertex   -1.890369e+01 8.637532e+00 2.887500e+01
      vertex   -1.890745e+01 8.582446e+00 2.877260e+01
      vertex   -1.882382e+01 8.630695e+00 2.887500e+01
    endloop
  endfacet
  facet normal -7.259821e-02 -8.480496e-01 5.249203e-01
    outer loop
      vertex   -1.890369e+01 8.637532e+00 2.887500e+01
      vertex   -1.882382e+01 8.630695e+00 2.887500e+01
      vertex   -1.881757e+01 8.691449e+00 2.897402e+01
    endloop
  endfacet
  facet normal -1.017217e-01 -8.450511e-01 5.249203e-01
    outer loop
      vertex   -1.881757e+01 8.691449e+00 2.897402e+01
      vertex   -1.882382e+01 8.630695e+00 2.887500e+01
      vertex   -1.873589e+01 8.681617e+00 2.897402e+01
    endloop
  endfacet
  facet normal -9.790225e-02 -8.133207e-01 5.735195e-01
    outer loop
      vertex   -1.881757e+01 8.691449e+00 2.897402e+01
      vertex   -1.873589e+01 8.681617e+00 2.897402e+01
      vertex   -1.872678e+01 8.747721e+00 2.906932e+01
    endloop
  endfacet
  facet normal -1.258164e-01 -8.094724e-01 5.735195e-01
    outer loop
      vertex   -1.872678e+01 8.747721e+00 2.906932e+01
      vertex   -1.873589e+01 8.681617e+00 2.897402e+01
      vertex   -1.864323e+01 8.734734e+00 2.906932e+01
    endloop
  endfacet
  facet normal -1.204821e-01 -7.751529e-01 6.201790e-01
    outer loop
      vertex   -1.872678e+01 8.747721e+00 2.906932e+01
      vertex   -1.864323e+01 8.734734e+00 2.906932e+01
      vertex   -1.863092e+01 8.805835e+00 2.916058e+01
    endloop
  endfacet
  facet normal -1.470702e-01 -7.705507e-01 6.201790e-01
    outer loop
      vertex   -1.863092e+01 8.805835e+00 2.916058e+01
      vertex   -1.864323e+01 8.734734e+00 2.906932e+01
      vertex   -1.854542e+01 8.789516e+00 2.916058e+01
    endloop
  endfacet
  facet normal -1.400610e-01 -7.338272e-01 6.647410e-01
    outer loop
      vertex   -1.863092e+01 8.805835e+00 2.916058e+01
      vertex   -1.854542e+01 8.789516e+00 2.916058e+01
      vertex   -1.852962e+01 8.865226e+00 2.924748e+01
    endloop
  endfacet
  facet normal -1.652163e-01 -7.285760e-01 6.647410e-01
    outer loop
      vertex   -1.852962e+01 8.865226e+00 2.924748e+01
      vertex   -1.854542e+01 8.789516e+00 2.916058e+01
      vertex   -1.844214e+01 8.845389e+00 2.924748e+01
    endloop
  endfacet
  facet normal -1.563891e-01 -6.896495e-01 7.070545e-01
    outer loop
      vertex   -1.852962e+01 8.865226e+00 2.924748e+01
      vertex   -1.844214e+01 8.845389e+00 2.924748e+01
      vertex   -1.842257e+01 8.925291e+00 2.932975e+01
    endloop
  endfacet
  facet normal -1.800153e-01 -6.838629e-01 7.070545e-01
    outer loop
      vertex   -1.842257e+01 8.925291e+00 2.932975e+01
      vertex   -1.844214e+01 8.845389e+00 2.924748e+01
      vertex   -1.833309e+01 8.901737e+00 2.932975e+01
    endloop
  endfacet
  facet normal -1.692452e-01 -6.429483e-01 7.469762e-01
    outer loop
      vertex   -1.842257e+01 8.925291e+00 2.932975e+01
      vertex   -1.833309e+01 8.901737e+00 2.932975e+01
      vertex   -1.830952e+01 8.985389e+00 2.940709e+01
    endloop
  endfacet
  facet normal -1.912576e-01 -6.367472e-01 7.469762e-01
    outer loop
      vertex   -1.830952e+01 8.985389e+00 2.940709e+01
      vertex   -1.833309e+01 8.901737e+00 2.932975e+01
      vertex   -1.821804e+01 8.957911e+00 2.940709e+01
    endloop
  endfacet
  facet normal -1.784394e-01 -5.940719e-01 7.843710e-01
    outer loop
      vertex   -1.830952e+01 8.985389e+00 2.940709e+01
      vertex   -1.821804e+01 8.957911e+00 2.940709e+01
      vertex   -1.819029e+01 9.044847e+00 2.947925e+01
    endloop
  endfacet
  facet normal -1.987654e-01 -5.875835e-01 7.843710e-01
    outer loop
      vertex   -1.819029e+01 9.044847e+00 2.947925e+01
      vertex   -1.821804e+01 8.957911e+00 2.940709e+01
      vertex   -1.809683e+01 9.013233e+00 2.947925e+01
    endloop
  endfacet
  facet normal -1.838142e-01 -5.433853e-01 8.191122e-01
    outer loop
      vertex   -1.819029e+01 9.044847e+00 2.947925e+01
      vertex   -1.809683e+01 9.013233e+00 2.947925e+01
      vertex   -1.806475e+01 9.102968e+00 2.954598e+01
    endloop
  endfacet
  facet normal -2.023938e-01 -5.367420e-01 8.191122e-01
    outer loop
      vertex   -1.806475e+01 9.102968e+00 2.954598e+01
      vertex   -1.809683e+01 9.013233e+00 2.947925e+01
      vertex   -1.796937e+01 9.067002e+00 2.954598e+01
    endloop
  endfacet
  facet normal -1.852462e-01 -4.912671e-01 8.510820e-01
    outer loop
      vertex   -1.806475e+01 9.102968e+00 2.954598e+01
      vertex   -1.796937e+01 9.067002e+00 2.954598e+01
      vertex   -1.793284e+01 9.159038e+00 2.960705e+01
    endloop
  endfacet
  facet normal -2.020325e-01 -4.846054e-01 8.510820e-01
    outer loop
      vertex   -1.793284e+01 9.159038e+00 2.960705e+01
      vertex   -1.796937e+01 9.067002e+00 2.954598e+01
      vertex   -1.783561e+01 9.118502e+00 2.960705e+01
    endloop
  endfacet
  facet normal -1.826470e-01 -4.381064e-01 8.801721e-01
    outer loop
      vertex   -1.793284e+01 9.159038e+00 2.960705e+01
      vertex   -1.783561e+01 9.118502e+00 2.960705e+01
      vertex   -1.779459e+01 9.212327e+00 2.966227e+01
    endloop
  endfacet
  facet normal -1.976065e-01 -4.315655e-01 8.801721e-01
    outer loop
      vertex   -1.779459e+01 9.212327e+00 2.966227e+01
      vertex   -1.783561e+01 9.118502e+00 2.960705e+01
      vertex   -1.769560e+01 9.167005e+00 2.966227e+01
    endloop
  endfacet
  facet normal -1.759642e-01 -3.842996e-01 9.062838e-01
    outer loop
      vertex   -1.779459e+01 9.212327e+00 2.966227e+01
      vertex   -1.769560e+01 9.167005e+00 2.966227e+01
      vertex   -1.765007e+01 9.262103e+00 2.971143e+01
    endloop
  endfacet
  facet normal -1.890771e-01 -3.780204e-01 9.062838e-01
    outer loop
      vertex   -1.765007e+01 9.262103e+00 2.971143e+01
      vertex   -1.769560e+01 9.167005e+00 2.966227e+01
      vertex   -1.754946e+01 9.211781e+00 2.971143e+01
    endloop
  endfacet
  facet normal -1.651819e-01 -3.302468e-01 9.293288e-01
    outer loop
      vertex   -1.765007e+01 9.262103e+00 2.971143e+01
      vertex   -1.754946e+01 9.211781e+00 2.971143e+01
      vertex   -1.749944e+01 9.307633e+00 2.975439e+01
    endloop
  endfacet
  facet normal -1.764421e-01 -3.243705e-01 9.293288e-01
    outer loop
      vertex   -1.749944e+01 9.307633e+00 2.975439e+01
      vertex   -1.754946e+01 9.211781e+00 2.971143e+01
      vertex   -1.739735e+01 9.252103e+00 2.975439e+01
    endloop
  endfacet
  facet normal -1.503205e-01 -2.763486e-01 9.492287e-01
    outer loop
      vertex   -1.749944e+01 9.307633e+00 2.975439e+01
      vertex   -1.739735e+01 9.252103e+00 2.975439e+01
      vertex   -1.734292e+01 9.348192e+00 2.979098e+01
    endloop
  endfacet
  facet normal -1.597359e-01 -2.710152e-01 9.492287e-01
    outer loop
      vertex   -1.734292e+01 9.348192e+00 2.979098e+01
      vertex   -1.739735e+01 9.252103e+00 2.975439e+01
      vertex   -1.723953e+01 9.287255e+00 2.979098e+01
    endloop
  endfacet
  facet normal -1.314372e-01 -2.230024e-01 9.659163e-01
    outer loop
      vertex   -1.734292e+01 9.348192e+00 2.979098e+01
      vertex   -1.723953e+01 9.287255e+00 2.979098e+01
      vertex   -1.718082e+01 9.383070e+00 2.982109e+01
    endloop
  endfacet
  facet normal 8.616093e-02 -9.924628e-01 8.714295e-02
    outer loop
      vertex   -1.927655e+01 8.367265e+00 2.799129e+01
      vertex   -1.920575e+01 8.373411e+00 2.799129e+01
      vertex   -1.920646e+01 8.383526e+00 2.810719e+01
    endloop
  endfacet
  facet normal 5.197676e-02 -9.948389e-01 8.714295e-02
    outer loop
      vertex   -1.920646e+01 8.383526e+00 2.810719e+01
      vertex   -1.920575e+01 8.373411e+00 2.799129e+01
      vertex   -1.913514e+01 8.387252e+00 2.810719e+01
    endloop
  endfacet
  facet normal 5.162452e-02 -9.880970e-01 1.449109e-01
    outer loop
      vertex   -1.920646e+01 8.383526e+00 2.810719e+01
      vertex   -1.913514e+01 8.387252e+00 2.810719e+01
      vertex   -1.913573e+01 8.404103e+00 2.822230e+01
    endloop
  endfacet
  facet normal 1.761092e-02 -9.892880e-01 1.449109e-01
    outer loop
      vertex   -1.913573e+01 8.404103e+00 2.822230e+01
      vertex   -1.913514e+01 8.387252e+00 2.810719e+01
      vertex   -1.906376e+01 8.405384e+00 2.822230e+01
    endloop
  endfacet
  facet normal 1.743119e-02 -9.791914e-01 2.021889e-01
    outer loop
      vertex   -1.913573e+01 8.404103e+00 2.822230e+01
      vertex   -1.906376e+01 8.405384e+00 2.822230e+01
      vertex   -1.906377e+01 8.428910e+00 2.833623e+01
    endloop
  endfacet
  facet normal -1.625589e-02 -9.792116e-01 2.021889e-01
    outer loop
      vertex   -1.906377e+01 8.428910e+00 2.833623e+01
      vertex   -1.906376e+01 8.405384e+00 2.822230e+01
      vertex   -1.899098e+01 8.427702e+00 2.833623e+01
    endloop
  endfacet
  facet normal -1.603328e-02 -9.658023e-01 2.587833e-01
    outer loop
      vertex   -1.906377e+01 8.428910e+00 2.833623e+01
      vertex   -1.899098e+01 8.427702e+00 2.833623e+01
      vertex   -1.898996e+01 8.457795e+00 2.844861e+01
    endloop
  endfacet
  facet normal -4.924008e-02 -9.646795e-01 2.587833e-01
    outer loop
      vertex   -1.898996e+01 8.457795e+00 2.844861e+01
      vertex   -1.899098e+01 8.427702e+00 2.833623e+01
      vertex   -1.891622e+01 8.454031e+00 2.844861e+01
    endloop
  endfacet
  facet normal -4.838985e-02 -9.480224e-01 3.145028e-01
    outer loop
      vertex   -1.898996e+01 8.457795e+00 2.844861e+01
      vertex   -1.891622e+01 8.454031e+00 2.844861e+01
      vertex   -1.891373e+01 8.490540e+00 2.855904e+01
    endloop
  endfacet
  facet normal -8.096601e-02 -9.457973e-01 3.145028e-01
    outer loop
      vertex   -1.891373e+01 8.490540e+00 2.855904e+01
      vertex   -1.891622e+01 8.454031e+00 2.844861e+01
      vertex   -1.883891e+01 8.484135e+00 2.855904e+01
    endloop
  endfacet
  facet normal -7.926948e-02 -9.259795e-01 3.691590e-01
    outer loop
      vertex   -1.891373e+01 8.490540e+00 2.855904e+01
      vertex   -1.883891e+01 8.484135e+00 2.855904e+01
      vertex   -1.883451e+01 8.526862e+00 2.866716e+01
    endloop
  endfacet
  facet normal -1.110693e-01 -9.227054e-01 3.691590e-01
    outer loop
      vertex   -1.883451e+01 8.526862e+00 2.866716e+01
      vertex   -1.883891e+01 8.484135e+00 2.855904e+01
      vertex   -1.875849e+01 8.517711e+00 2.866716e+01
    endloop
  endfacet
  facet normal -1.083164e-01 -8.998360e-01 4.225669e-01
    outer loop
      vertex   -1.883451e+01 8.526862e+00 2.866716e+01
      vertex   -1.875849e+01 8.517711e+00 2.866716e+01
      vertex   -1.875177e+01 8.566417e+00 2.877260e+01
    endloop
  endfacet
  facet normal -1.391999e-01 -8.955784e-01 4.225669e-01
    outer loop
      vertex   -1.875177e+01 8.566417e+00 2.877260e+01
      vertex   -1.875849e+01 8.517711e+00 2.866716e+01
      vertex   -1.867444e+01 8.554397e+00 2.877260e+01
    endloop
  endfacet
  facet normal -1.351911e-01 -8.697870e-01 4.745460e-01
    outer loop
      vertex   -1.875177e+01 8.566417e+00 2.877260e+01
      vertex   -1.867444e+01 8.554397e+00 2.877260e+01
      vertex   -1.866502e+01 8.608803e+00 2.887500e+01
    endloop
  endfacet
  facet normal -1.650252e-01 -8.646229e-01 4.745460e-01
    outer loop
      vertex   -1.866502e+01 8.608803e+00 2.887500e+01
      vertex   -1.867444e+01 8.554397e+00 2.877260e+01
      vertex   -1.858628e+01 8.593774e+00 2.887500e+01
    endloop
  endfacet
  facet normal -1.595734e-01 -8.360592e-01 5.249203e-01
    outer loop
      vertex   -1.866502e+01 8.608803e+00 2.887500e+01
      vertex   -1.858628e+01 8.593774e+00 2.887500e+01
      vertex   -1.857380e+01 8.653560e+00 2.897402e+01
    endloop
  endfacet
  facet normal -1.882331e-01 -8.300765e-01 5.249203e-01
    outer loop
      vertex   -1.857380e+01 8.653560e+00 2.897402e+01
      vertex   -1.858628e+01 8.593774e+00 2.887500e+01
      vertex   -1.849358e+01 8.635368e+00 2.897402e+01
    endloop
  endfacet
  facet normal -1.811653e-01 -7.989083e-01 5.735195e-01
    outer loop
      vertex   -1.857380e+01 8.653560e+00 2.897402e+01
      vertex   -1.849358e+01 8.635368e+00 2.897402e+01
      vertex   -1.847770e+01 8.700181e+00 2.906932e+01
    endloop
  endfacet
  facet normal -2.085345e-01 -7.922050e-01 5.735195e-01
    outer loop
      vertex   -1.847770e+01 8.700181e+00 2.906932e+01
      vertex   -1.849358e+01 8.635368e+00 2.897402e+01
      vertex   -1.839593e+01 8.678656e+00 2.906932e+01
    endloop
  endfacet
  facet normal -1.996932e-01 -7.586176e-01 6.201790e-01
    outer loop
      vertex   -1.847770e+01 8.700181e+00 2.906932e+01
      vertex   -1.839593e+01 8.678656e+00 2.906932e+01
      vertex   -1.837636e+01 8.748111e+00 2.916058e+01
    endloop
  endfacet
  facet normal -2.256657e-01 -7.513008e-01 6.201790e-01
    outer loop
      vertex   -1.837636e+01 8.748111e+00 2.916058e+01
      vertex   -1.839593e+01 8.678656e+00 2.906932e+01
      vertex   -1.829300e+01 8.723072e+00 2.916058e+01
    endloop
  endfacet
  facet normal -2.149108e-01 -7.154948e-01 6.647410e-01
    outer loop
      vertex   -1.837636e+01 8.748111e+00 2.916058e+01
      vertex   -1.829300e+01 8.723072e+00 2.916058e+01
      vertex   -1.826948e+01 8.796750e+00 2.924748e+01
    endloop
  endfacet
  facet normal -2.393912e-01 -7.076802e-01 6.647410e-01
    outer loop
      vertex   -1.826948e+01 8.796750e+00 2.924748e+01
      vertex   -1.829300e+01 8.723072e+00 2.916058e+01
      vertex   -1.818451e+01 8.768007e+00 2.924748e+01
    endloop
  endfacet
  facet normal -2.266010e-01 -6.698701e-01 7.070545e-01
    outer loop
      vertex   -1.826948e+01 8.796750e+00 2.924748e+01
      vertex   -1.818451e+01 8.768007e+00 2.924748e+01
      vertex   -1.815682e+01 8.845468e+00 2.932975e+01
    endloop
  endfacet
  facet normal -2.495054e-01 -6.616805e-01 7.070545e-01
    outer loop
      vertex   -1.815682e+01 8.845468e+00 2.932975e+01
      vertex   -1.818451e+01 8.768007e+00 2.924748e+01
      vertex   -1.807024e+01 8.812821e+00 2.932975e+01
    endloop
  endfacet
  facet normal -2.345778e-01 -6.220930e-01 7.469762e-01
    outer loop
      vertex   -1.815682e+01 8.845468e+00 2.932975e+01
      vertex   -1.807024e+01 8.812821e+00 2.932975e+01
      vertex   -1.803818e+01 8.893601e+00 2.940709e+01
    endloop
  endfacet
  facet normal -2.558343e-01 -6.136573e-01 7.469762e-01
    outer loop
      vertex   -1.803818e+01 8.893601e+00 2.940709e+01
      vertex   -1.807024e+01 8.812821e+00 2.932975e+01
      vertex   -1.795002e+01 8.856845e+00 2.940709e+01
    endloop
  endfacet
  facet normal -2.386881e-01 -5.725295e-01 7.843710e-01
    outer loop
      vertex   -1.803818e+01 8.893601e+00 2.940709e+01
      vertex   -1.795002e+01 8.856845e+00 2.940709e+01
      vertex   -1.791346e+01 8.940460e+00 2.947925e+01
    endloop
  endfacet
  facet normal -2.582376e-01 -5.639818e-01 7.843710e-01
    outer loop
      vertex   -1.791346e+01 8.940460e+00 2.947925e+01
      vertex   -1.795002e+01 8.856845e+00 2.940709e+01
      vertex   -1.782375e+01 8.899387e+00 2.947925e+01
    endloop
  endfacet
  facet normal -2.388129e-01 -5.215589e-01 8.191122e-01
    outer loop
      vertex   -1.791346e+01 8.940460e+00 2.947925e+01
      vertex   -1.782375e+01 8.899387e+00 2.947925e+01
      vertex   -1.778260e+01 8.985339e+00 2.954598e+01
    endloop
  endfacet
  facet normal -2.566093e-01 -5.130370e-01 8.191122e-01
    outer loop
      vertex   -1.778260e+01 8.985339e+00 2.954598e+01
      vertex   -1.782375e+01 8.899387e+00 2.947925e+01
      vertex   -1.769143e+01 8.939739e+00 2.954598e+01
    endloop
  endfacet
  facet normal -2.348683e-01 -4.695704e-01 8.510820e-01
    outer loop
      vertex   -1.778260e+01 8.985339e+00 2.954598e+01
      vertex   -1.769143e+01 8.939739e+00 2.954598e+01
      vertex   -1.764562e+01 9.027522e+00 2.960705e+01
    endloop
  endfacet
  facet normal -2.508790e-01 -4.612149e-01 8.510820e-01
    outer loop
      vertex   -1.764562e+01 9.027522e+00 2.960705e+01
      vertex   -1.769143e+01 8.939739e+00 2.954598e+01
      vertex   -1.755308e+01 8.977186e+00 2.960705e+01
    endloop
  endfacet
  facet normal -2.268066e-01 -4.169603e-01 8.801721e-01
    outer loop
      vertex   -1.764562e+01 9.027522e+00 2.960705e+01
      vertex   -1.755308e+01 8.977186e+00 2.960705e+01
      vertex   -1.750261e+01 9.066286e+00 2.966227e+01
    endloop
  endfacet
  facet normal -2.410127e-01 -4.089132e-01 8.801721e-01
    outer loop
      vertex   -1.750261e+01 9.066286e+00 2.966227e+01
      vertex   -1.755308e+01 8.977186e+00 2.960705e+01
      vertex   -1.740882e+01 9.011008e+00 2.966227e+01
    endloop
  endfacet
  facet normal -2.146165e-01 -3.641282e-01 9.062838e-01
    outer loop
      vertex   -1.750261e+01 9.066286e+00 2.966227e+01
      vertex   -1.740882e+01 9.011008e+00 2.966227e+01
      vertex   -1.735373e+01 9.100909e+00 2.971143e+01
    endloop
  endfacet
  facet normal 1.773109e-02 -9.960380e-01 8.714295e-02
    outer loop
      vertex   -1.913479e+01 8.377119e+00 2.799129e+01
      vertex   -1.906375e+01 8.388523e+00 2.810719e+01
      vertex   -1.913514e+01 8.387252e+00 2.810719e+01
    endloop
  endfacet
  facet normal 1.761092e-02 -9.892880e-01 1.449109e-01
    outer loop
      vertex   -1.913514e+01 8.387252e+00 2.810719e+01
      vertex   -1.906375e+01 8.388523e+00 2.810719e+01
      vertex   -1.906376e+01 8.405384e+00 2.822230e+01
    endloop
  endfacet
  facet normal -1.625589e-02 -9.792116e-01 2.021889e-01
    outer loop
      vertex   -1.899098e+01 8.427702e+00 2.833623e+01
      vertex   -1.906376e+01 8.405384e+00 2.822230e+01
      vertex   -1.899178e+01 8.404189e+00 2.822230e+01
    endloop
  endfacet
  facet normal -1.642351e-02 -9.893084e-01 1.449109e-01
    outer loop
      vertex   -1.899178e+01 8.404189e+00 2.822230e+01
      vertex   -1.906376e+01 8.405384e+00 2.822230e+01
      vertex   -1.906375e+01 8.388523e+00 2.810719e+01
    endloop
  endfacet
  facet normal 5.197676e-02 -9.948389e-01 8.714295e-02
    outer loop
      vertex   -1.920575e+01 8.373411e+00 2.799129e+01
      vertex   -1.913479e+01 8.377119e+00 2.799129e+01
      vertex   -1.913514e+01 8.387252e+00 2.810719e+01
    endloop
  endfacet
  facet normal -4.924008e-02 -9.646795e-01 2.587833e-01
    outer loop
      vertex   -1.891622e+01 8.454031e+00 2.844861e+01
      vertex   -1.899098e+01 8.427702e+00 2.833623e+01
      vertex   -1.891828e+01 8.423990e+00 2.833623e+01
    endloop
  endfacet
  facet normal -4.992373e-02 -9.780732e-01 2.021889e-01
    outer loop
      vertex   -1.891828e+01 8.423990e+00 2.833623e+01
      vertex   -1.899098e+01 8.427702e+00 2.833623e+01
      vertex   -1.899178e+01 8.404189e+00 2.822230e+01
    endloop
  endfacet
  facet normal -8.496965e-02 -9.925655e-01 8.714295e-02
    outer loop
      vertex   -1.892172e+01 8.373581e+00 2.799129e+01
      vertex   -1.885092e+01 8.367520e+00 2.799129e+01
      vertex   -1.884988e+01 8.377607e+00 2.810719e+01
    endloop
  endfacet
  facet normal -1.190561e-01 -9.890560e-01 8.714295e-02
    outer loop
      vertex   -1.884988e+01 8.377607e+00 2.810719e+01
      vertex   -1.885092e+01 8.367520e+00 2.799129e+01
      vertex   -1.877898e+01 8.369072e+00 2.810719e+01
    endloop
  endfacet
  facet normal -1.182493e-01 -9.823533e-01 1.449109e-01
    outer loop
      vertex   -1.884988e+01 8.377607e+00 2.810719e+01
      vertex   -1.877898e+01 8.369072e+00 2.810719e+01
      vertex   -1.877668e+01 8.385775e+00 2.822230e+01
    endloop
  endfacet
  facet normal -1.519648e-01 -9.777052e-01 1.449109e-01
    outer loop
      vertex   -1.877668e+01 8.385775e+00 2.822230e+01
      vertex   -1.877898e+01 8.369072e+00 2.810719e+01
      vertex   -1.870554e+01 8.374719e+00 2.822230e+01
    endloop
  endfacet
  facet normal -1.504139e-01 -9.677269e-01 2.021889e-01
    outer loop
      vertex   -1.877668e+01 8.385775e+00 2.822230e+01
      vertex   -1.870554e+01 8.374719e+00 2.822230e+01
      vertex   -1.870153e+01 8.397900e+00 2.833623e+01
    endloop
  endfacet
  facet normal -1.836074e-01 -9.619813e-01 2.021889e-01
    outer loop
      vertex   -1.870153e+01 8.397900e+00 2.833623e+01
      vertex   -1.870554e+01 8.374719e+00 2.822230e+01
      vertex   -1.863002e+01 8.384251e+00 2.833623e+01
    endloop
  endfacet
  facet normal -1.810931e-01 -9.488079e-01 2.587833e-01
    outer loop
      vertex   -1.870153e+01 8.397900e+00 2.833623e+01
      vertex   -1.863002e+01 8.384251e+00 2.833623e+01
      vertex   -1.862387e+01 8.413727e+00 2.844861e+01
    endloop
  endfacet
  facet normal -2.136178e-01 -9.420184e-01 2.587833e-01
    outer loop
      vertex   -1.862387e+01 8.413727e+00 2.844861e+01
      vertex   -1.863002e+01 8.384251e+00 2.833623e+01
      vertex   -1.855186e+01 8.397398e+00 2.844861e+01
    endloop
  endfacet
  facet normal -2.099292e-01 -9.257525e-01 3.145028e-01
    outer loop
      vertex   -1.862387e+01 8.413727e+00 2.844861e+01
      vertex   -1.855186e+01 8.397398e+00 2.844861e+01
      vertex   -1.854316e+01 8.432941e+00 2.855904e+01
    endloop
  endfacet
  facet normal -2.416439e-01 -9.179849e-01 3.145028e-01
    outer loop
      vertex   -1.854316e+01 8.432941e+00 2.855904e+01
      vertex   -1.855186e+01 8.397398e+00 2.844861e+01
      vertex   -1.847054e+01 8.413825e+00 2.855904e+01
    endloop
  endfacet
  facet normal -2.365806e-01 -8.987498e-01 3.691590e-01
    outer loop
      vertex   -1.854316e+01 8.432941e+00 2.855904e+01
      vertex   -1.847054e+01 8.413825e+00 2.855904e+01
      vertex   -1.845889e+01 8.455169e+00 2.866716e+01
    endloop
  endfacet
  facet normal -2.673508e-01 -8.900816e-01 3.691590e-01
    outer loop
      vertex   -1.845889e+01 8.455169e+00 2.866716e+01
      vertex   -1.847054e+01 8.413825e+00 2.855904e+01
      vertex   -1.838555e+01 8.433142e+00 2.866716e+01
    endloop
  endfacet
  facet normal -2.607245e-01 -8.680207e-01 4.225669e-01
    outer loop
      vertex   -1.845889e+01 8.455169e+00 2.866716e+01
      vertex   -1.838555e+01 8.433142e+00 2.866716e+01
      vertex   -1.837060e+01 8.479980e+00 2.877260e+01
    endloop
  endfacet
  facet normal -2.904236e-01 -8.585402e-01 4.225669e-01
    outer loop
      vertex   -1.837060e+01 8.479980e+00 2.877260e+01
      vertex   -1.838555e+01 8.433142e+00 2.866716e+01
      vertex   -1.829647e+01 8.454902e+00 2.877260e+01
    endloop
  endfacet
  facet normal -2.820598e-01 -8.338156e-01 4.745460e-01
    outer loop
      vertex   -1.837060e+01 8.479980e+00 2.877260e+01
      vertex   -1.829647e+01 8.454902e+00 2.877260e+01
      vertex   -1.827788e+01 8.506893e+00 2.887500e+01
    endloop
  endfacet
  facet normal -3.105699e-01 -8.236216e-01 4.745460e-01
    outer loop
      vertex   -1.827788e+01 8.506893e+00 2.887500e+01
      vertex   -1.829647e+01 8.454902e+00 2.877260e+01
      vertex   -1.820287e+01 8.478610e+00 2.887500e+01
    endloop
  endfacet
  facet normal -3.003099e-01 -7.964124e-01 5.249203e-01
    outer loop
      vertex   -1.827788e+01 8.506893e+00 2.887500e+01
      vertex   -1.820287e+01 8.478610e+00 2.887500e+01
      vertex   -1.818034e+01 8.535378e+00 2.897402e+01
    endloop
  endfacet
  facet normal -3.275228e-01 -7.856128e-01 5.249203e-01
    outer loop
      vertex   -1.818034e+01 8.535378e+00 2.897402e+01
      vertex   -1.820287e+01 8.478610e+00 2.887500e+01
      vertex   -1.810441e+01 8.503724e+00 2.897402e+01
    endloop
  endfacet
  facet normal -3.152248e-01 -7.561142e-01 5.735195e-01
    outer loop
      vertex   -1.818034e+01 8.535378e+00 2.897402e+01
      vertex   -1.810441e+01 8.503724e+00 2.897402e+01
      vertex   -1.807768e+01 8.564864e+00 2.906932e+01
    endloop
  endfacet
  facet normal -3.410429e-01 -7.448256e-01 5.735195e-01
    outer loop
      vertex   -1.807768e+01 8.564864e+00 2.906932e+01
      vertex   -1.810441e+01 8.503724e+00 2.897402e+01
      vertex   -1.800080e+01 8.529661e+00 2.906932e+01
    endloop
  endfacet
  facet normal -3.265836e-01 -7.132469e-01 6.201790e-01
    outer loop
      vertex   -1.807768e+01 8.564864e+00 2.906932e+01
      vertex   -1.800080e+01 8.529661e+00 2.906932e+01
      vertex   -1.796964e+01 8.594742e+00 2.916058e+01
    endloop
  endfacet
  facet normal -3.509206e-01 -7.015929e-01 6.201790e-01
    outer loop
      vertex   -1.796964e+01 8.594742e+00 2.916058e+01
      vertex   -1.800080e+01 8.529661e+00 2.906932e+01
      vertex   -1.789179e+01 8.555805e+00 2.916058e+01
    endloop
  endfacet
  facet normal -3.341962e-01 -6.681559e-01 6.647410e-01
    outer loop
      vertex   -1.796964e+01 8.594742e+00 2.916058e+01
      vertex   -1.789179e+01 8.555805e+00 2.916058e+01
      vertex   -1.785601e+01 8.624372e+00 2.924748e+01
    endloop
  endfacet
  facet normal -3.569780e-01 -6.562668e-01 6.647410e-01
    outer loop
      vertex   -1.785601e+01 8.624372e+00 2.924748e+01
      vertex   -1.789179e+01 8.555805e+00 2.916058e+01
      vertex   -1.777721e+01 8.581510e+00 2.924748e+01
    endloop
  endfacet
  facet normal -3.379053e-01 -6.212036e-01 7.070545e-01
    outer loop
      vertex   -1.785601e+01 8.624372e+00 2.924748e+01
      vertex   -1.777721e+01 8.581510e+00 2.924748e+01
      vertex   -1.773666e+01 8.653088e+00 2.932975e+01
    endloop
  endfacet
  facet normal -3.590701e-01 -6.092148e-01 7.070545e-01
    outer loop
      vertex   -1.773666e+01 8.653088e+00 2.932975e+01
      vertex   -1.777721e+01 8.581510e+00 2.924748e+01
      vertex   -1.765695e+01 8.606104e+00 2.932975e+01
    endloop
  endfacet
  facet normal -3.375874e-01 -5.727663e-01 7.469762e-01
    outer loop
      vertex   -1.773666e+01 8.653088e+00 2.932975e+01
      vertex   -1.765695e+01 8.606104e+00 2.932975e+01
      vertex   -1.761154e+01 8.680205e+00 2.940709e+01
    endloop
  endfacet
  facet normal -8.238862e-02 -9.624153e-01 2.587833e-01
    outer loop
      vertex   -1.891622e+01 8.454031e+00 2.844861e+01
      vertex   -1.891828e+01 8.423990e+00 2.833623e+01
      vertex   -1.884266e+01 8.447733e+00 2.844861e+01
    endloop
  endfacet
  facet normal -8.096601e-02 -9.457973e-01 3.145028e-01
    outer loop
      vertex   -1.891622e+01 8.454031e+00 2.844861e+01
      vertex   -1.884266e+01 8.447733e+00 2.844861e+01
      vertex   -1.883891e+01 8.484135e+00 2.855904e+01
    endloop
  endfacet
  facet normal -1.134464e-01 -9.424531e-01 3.145028e-01
    outer loop
      vertex   -1.883891e+01 8.484135e+00 2.855904e+01
      vertex   -1.884266e+01 8.447733e+00 2.844861e+01
      vertex   -1.876436e+01 8.475160e+00 2.855904e+01
    endloop
  endfacet
  facet normal -1.110693e-01 -9.227054e-01 3.691590e-01
    outer loop
      vertex   -1.883891e+01 8.484135e+00 2.855904e+01
      vertex   -1.876436e+01 8.475160e+00 2.855904e+01
      vertex   -1.875849e+01 8.517711e+00 2.866716e+01
    endloop
  endfacet
  facet normal -1.427376e-01 -9.183396e-01 3.691590e-01
    outer loop
      vertex   -1.875849e+01 8.517711e+00 2.866716e+01
      vertex   -1.876436e+01 8.475160e+00 2.855904e+01
      vertex   -1.868283e+01 8.505951e+00 2.866716e+01
    endloop
  endfacet
  facet normal -1.391999e-01 -8.955784e-01 4.225669e-01
    outer loop
      vertex   -1.875849e+01 8.517711e+00 2.866716e+01
      vertex   -1.868283e+01 8.505951e+00 2.866716e+01
      vertex   -1.867444e+01 8.554397e+00 2.877260e+01
    endloop
  endfacet
  facet normal -1.699186e-01 -8.902611e-01 4.225669e-01
    outer loop
      vertex   -1.867444e+01 8.554397e+00 2.877260e+01
      vertex   -1.868283e+01 8.505951e+00 2.866716e+01
      vertex   -1.859757e+01 8.539725e+00 2.877260e+01
    endloop
  endfacet
  facet normal -1.650252e-01 -8.646229e-01 4.745460e-01
    outer loop
      vertex   -1.867444e+01 8.554397e+00 2.877260e+01
      vertex   -1.859757e+01 8.539725e+00 2.877260e+01
      vertex   -1.858628e+01 8.593774e+00 2.887500e+01
    endloop
  endfacet
  facet normal -1.946641e-01 -8.584358e-01 4.745460e-01
    outer loop
      vertex   -1.858628e+01 8.593774e+00 2.887500e+01
      vertex   -1.859757e+01 8.539725e+00 2.877260e+01
      vertex   -1.850811e+01 8.576046e+00 2.887500e+01
    endloop
  endfacet
  facet normal -1.882331e-01 -8.300765e-01 5.249203e-01
    outer loop
      vertex   -1.858628e+01 8.593774e+00 2.887500e+01
      vertex   -1.850811e+01 8.576046e+00 2.887500e+01
      vertex   -1.849358e+01 8.635368e+00 2.897402e+01
    endloop
  endfacet
  facet normal -2.166701e-01 -8.231116e-01 5.249203e-01
    outer loop
      vertex   -1.849358e+01 8.635368e+00 2.897402e+01
      vertex   -1.850811e+01 8.576046e+00 2.887500e+01
      vertex   -1.841402e+01 8.614427e+00 2.897402e+01
    endloop
  endfacet
  facet normal -2.085345e-01 -7.922050e-01 5.735195e-01
    outer loop
      vertex   -1.849358e+01 8.635368e+00 2.897402e+01
      vertex   -1.841402e+01 8.614427e+00 2.897402e+01
      vertex   -1.839593e+01 8.678656e+00 2.906932e+01
    endloop
  endfacet
  facet normal -2.356570e-01 -7.845643e-01 5.735195e-01
    outer loop
      vertex   -1.839593e+01 8.678656e+00 2.906932e+01
      vertex   -1.841402e+01 8.614427e+00 2.897402e+01
      vertex   -1.831495e+01 8.654332e+00 2.906932e+01
    endloop
  endfacet
  facet normal -2.256657e-01 -7.513008e-01 6.201790e-01
    outer loop
      vertex   -1.839593e+01 8.678656e+00 2.906932e+01
      vertex   -1.831495e+01 8.654332e+00 2.906932e+01
      vertex   -1.829300e+01 8.723072e+00 2.916058e+01
    endloop
  endfacet
  facet normal -2.513713e-01 -7.430952e-01 6.201790e-01
    outer loop
      vertex   -1.829300e+01 8.723072e+00 2.916058e+01
      vertex   -1.831495e+01 8.654332e+00 2.906932e+01
      vertex   -1.821055e+01 8.695181e+00 2.916058e+01
    endloop
  endfacet
  facet normal -2.393912e-01 -7.076802e-01 6.647410e-01
    outer loop
      vertex   -1.829300e+01 8.723072e+00 2.916058e+01
      vertex   -1.821055e+01 8.695181e+00 2.916058e+01
      vertex   -1.818451e+01 8.768007e+00 2.924748e+01
    endloop
  endfacet
  facet normal -2.635884e-01 -6.990283e-01 6.647410e-01
    outer loop
      vertex   -1.818451e+01 8.768007e+00 2.924748e+01
      vertex   -1.821055e+01 8.695181e+00 2.916058e+01
      vertex   -1.810058e+01 8.736358e+00 2.924748e+01
    endloop
  endfacet
  facet normal -2.495054e-01 -6.616805e-01 7.070545e-01
    outer loop
      vertex   -1.818451e+01 8.768007e+00 2.924748e+01
      vertex   -1.810058e+01 8.736358e+00 2.924748e+01
      vertex   -1.807024e+01 8.812821e+00 2.932975e+01
    endloop
  endfacet
  facet normal -2.721146e-01 -6.527079e-01 7.070545e-01
    outer loop
      vertex   -1.807024e+01 8.812821e+00 2.932975e+01
      vertex   -1.810058e+01 8.736358e+00 2.924748e+01
      vertex   -1.798483e+01 8.777216e+00 2.932975e+01
    endloop
  endfacet
  facet normal -2.558343e-01 -6.136573e-01 7.469762e-01
    outer loop
      vertex   -1.807024e+01 8.812821e+00 2.932975e+01
      vertex   -1.798483e+01 8.777216e+00 2.932975e+01
      vertex   -1.795002e+01 8.856845e+00 2.940709e+01
    endloop
  endfacet
  facet normal -2.767882e-01 -6.044955e-01 7.469762e-01
    outer loop
      vertex   -1.795002e+01 8.856845e+00 2.940709e+01
      vertex   -1.798483e+01 8.777216e+00 2.932975e+01
      vertex   -1.786317e+01 8.817079e+00 2.940709e+01
    endloop
  endfacet
  facet normal -2.582376e-01 -5.639818e-01 7.843710e-01
    outer loop
      vertex   -1.795002e+01 8.856845e+00 2.940709e+01
      vertex   -1.786317e+01 8.817079e+00 2.940709e+01
      vertex   -1.782375e+01 8.899387e+00 2.947925e+01
    endloop
  endfacet
  facet normal -2.774815e-01 -5.547667e-01 7.843710e-01
    outer loop
      vertex   -1.782375e+01 8.899387e+00 2.947925e+01
      vertex   -1.786317e+01 8.817079e+00 2.940709e+01
      vertex   -1.773552e+01 8.855253e+00 2.947925e+01
    endloop
  endfacet
  facet normal -2.566093e-01 -5.130370e-01 8.191122e-01
    outer loop
      vertex   -1.782375e+01 8.899387e+00 2.947925e+01
      vertex   -1.773552e+01 8.855253e+00 2.947925e+01
      vertex   -1.769143e+01 8.939739e+00 2.954598e+01
    endloop
  endfacet
  facet normal -2.741020e-01 -5.039080e-01 8.191122e-01
    outer loop
      vertex   -1.769143e+01 8.939739e+00 2.954598e+01
      vertex   -1.773552e+01 8.855253e+00 2.947925e+01
      vertex   -1.760188e+01 8.891030e+00 2.954598e+01
    endloop
  endfacet
  facet normal -2.508790e-01 -4.612149e-01 8.510820e-01
    outer loop
      vertex   -1.769143e+01 8.939739e+00 2.954598e+01
      vertex   -1.760188e+01 8.891030e+00 2.954598e+01
      vertex   -1.755308e+01 8.977186e+00 2.960705e+01
    endloop
  endfacet
  facet normal -2.665929e-01 -4.523137e-01 8.510820e-01
    outer loop
      vertex   -1.755308e+01 8.977186e+00 2.960705e+01
      vertex   -1.760188e+01 8.891030e+00 2.954598e+01
      vertex   -1.746233e+01 8.923697e+00 2.960705e+01
    endloop
  endfacet
  facet normal -2.410127e-01 -4.089132e-01 8.801721e-01
    outer loop
      vertex   -1.755308e+01 8.977186e+00 2.960705e+01
      vertex   -1.746233e+01 8.923697e+00 2.960705e+01
      vertex   -1.740882e+01 9.011008e+00 2.966227e+01
    endloop
  endfacet
  facet normal -1.530017e-01 -9.843762e-01 8.714295e-02
    outer loop
      vertex   -1.878037e+01 8.359028e+00 2.799129e+01
      vertex   -1.870842e+01 8.358105e+00 2.810719e+01
      vertex   -1.877898e+01 8.369072e+00 2.810719e+01
    endloop
  endfacet
  facet normal -1.519648e-01 -9.777052e-01 1.449109e-01
    outer loop
      vertex   -1.877898e+01 8.369072e+00 2.810719e+01
      vertex   -1.870842e+01 8.358105e+00 2.810719e+01
      vertex   -1.870554e+01 8.374719e+00 2.822230e+01
    endloop
  endfacet
  facet normal -1.836074e-01 -9.619813e-01 2.021889e-01
    outer loop
      vertex   -1.863002e+01 8.384251e+00 2.833623e+01
      vertex   -1.870554e+01 8.374719e+00 2.822230e+01
      vertex   -1.863483e+01 8.361222e+00 2.822230e+01
    endloop
  endfacet
  facet normal -1.855006e-01 -9.719004e-01 1.449109e-01
    outer loop
      vertex   -1.863483e+01 8.361222e+00 2.822230e+01
      vertex   -1.870554e+01 8.374719e+00 2.822230e+01
      vertex   -1.870842e+01 8.358105e+00 2.810719e+01
    endloop
  endfacet
  facet normal -1.190561e-01 -9.890560e-01 8.714295e-02
    outer loop
      vertex   -1.885092e+01 8.367520e+00 2.799129e+01
      vertex   -1.878037e+01 8.359028e+00 2.799129e+01
      vertex   -1.877898e+01 8.369072e+00 2.810719e+01
    endloop
  endfacet
  facet normal -2.203099e-01 -9.715295e-01 8.714295e-02
    outer loop
      vertex   -1.864035e+01 8.334791e+00 2.799129e+01
      vertex   -1.857104e+01 8.319076e+00 2.799129e+01
      vertex   -1.856863e+01 8.328924e+00 2.810719e+01
    endloop
  endfacet
  facet normal -2.535928e-01 -9.633778e-01 8.714295e-02
    outer loop
      vertex   -1.856863e+01 8.328924e+00 2.810719e+01
      vertex   -1.857104e+01 8.319076e+00 2.799129e+01
      vertex   -1.849957e+01 8.310746e+00 2.810719e+01
    endloop
  endfacet
  facet normal -2.518742e-01 -9.568491e-01 1.449109e-01
    outer loop
      vertex   -1.856863e+01 8.328924e+00 2.810719e+01
      vertex   -1.849957e+01 8.310746e+00 2.810719e+01
      vertex   -1.849500e+01 8.326976e+00 2.822230e+01
    endloop
  endfacet
  facet normal -2.846336e-01 -9.476205e-01 1.449109e-01
    outer loop
      vertex   -1.849500e+01 8.326976e+00 2.822230e+01
      vertex   -1.849957e+01 8.310746e+00 2.810719e+01
      vertex   -1.842606e+01 8.306266e+00 2.822230e+01
    endloop
  endfacet
  facet normal -2.817286e-01 -9.379492e-01 2.021889e-01
    outer loop
      vertex   -1.849500e+01 8.326976e+00 2.822230e+01
      vertex   -1.842606e+01 8.306266e+00 2.822230e+01
      vertex   -1.841890e+01 8.328678e+00 2.833623e+01
    endloop
  endfacet
  facet normal -3.138203e-01 -9.277049e-01 2.021889e-01
    outer loop
      vertex   -1.841890e+01 8.328678e+00 2.833623e+01
      vertex   -1.842606e+01 8.306266e+00 2.822230e+01
      vertex   -1.834994e+01 8.305350e+00 2.833623e+01
    endloop
  endfacet
  facet normal -3.095229e-01 -9.150010e-01 2.587833e-01
    outer loop
      vertex   -1.841890e+01 8.328678e+00 2.833623e+01
      vertex   -1.834994e+01 8.305350e+00 2.833623e+01
      vertex   -1.833980e+01 8.333703e+00 2.844861e+01
    endloop
  endfacet
  facet normal -3.408089e-01 -9.038144e-01 2.587833e-01
    outer loop
      vertex   -1.833980e+01 8.333703e+00 2.844861e+01
      vertex   -1.834994e+01 8.305350e+00 2.833623e+01
      vertex   -1.827072e+01 8.307652e+00 2.844861e+01
    endloop
  endfacet
  facet normal -3.349241e-01 -8.882082e-01 3.145028e-01
    outer loop
      vertex   -1.833980e+01 8.333703e+00 2.844861e+01
      vertex   -1.827072e+01 8.307652e+00 2.844861e+01
      vertex   -1.825722e+01 8.341665e+00 2.855904e+01
    endloop
  endfacet
  facet normal -3.652736e-01 -8.761639e-01 3.145028e-01
    outer loop
      vertex   -1.825722e+01 8.341665e+00 2.855904e+01
      vertex   -1.827072e+01 8.307652e+00 2.844861e+01
      vertex   -1.818791e+01 8.312769e+00 2.855904e+01
    endloop
  endfacet
  facet normal -3.576198e-01 -8.578052e-01 3.691590e-01
    outer loop
      vertex   -1.825722e+01 8.341665e+00 2.855904e+01
      vertex   -1.818791e+01 8.312769e+00 2.855904e+01
      vertex   -1.817070e+01 8.352125e+00 2.866716e+01
    endloop
  endfacet
  facet normal -3.869103e-01 -8.449983e-01 3.691590e-01
    outer loop
      vertex   -1.817070e+01 8.352125e+00 2.866716e+01
      vertex   -1.818791e+01 8.312769e+00 2.855904e+01
      vertex   -1.810108e+01 8.320247e+00 2.866716e+01
    endloop
  endfacet
  facet normal -3.773206e-01 -8.240548e-01 4.225669e-01
    outer loop
      vertex   -1.817070e+01 8.352125e+00 2.866716e+01
      vertex   -1.810108e+01 8.320247e+00 2.866716e+01
      vertex   -1.807984e+01 8.364592e+00 2.877260e+01
    endloop
  endfacet
  facet normal -4.054386e-01 -8.105904e-01 4.225669e-01
    outer loop
      vertex   -1.807984e+01 8.364592e+00 2.877260e+01
      vertex   -1.810108e+01 8.320247e+00 2.866716e+01
      vertex   -1.800985e+01 8.329582e+00 2.877260e+01
    endloop
  endfacet
  facet normal -3.937626e-01 -7.872465e-01 4.745460e-01
    outer loop
      vertex   -1.807984e+01 8.364592e+00 2.877260e+01
      vertex   -1.800985e+01 8.329582e+00 2.877260e+01
      vertex   -1.798430e+01 8.378532e+00 2.887500e+01
    endloop
  endfacet
  facet normal -4.206050e-01 -7.732384e-01 4.745460e-01
    outer loop
      vertex   -1.798430e+01 8.378532e+00 2.887500e+01
      vertex   -1.800985e+01 8.329582e+00 2.877260e+01
      vertex   -1.791389e+01 8.340227e+00 2.887500e+01
    endloop
  endfacet
  facet normal -4.067098e-01 -7.476936e-01 5.249203e-01
    outer loop
      vertex   -1.798430e+01 8.378532e+00 2.887500e+01
      vertex   -1.791389e+01 8.340227e+00 2.887500e+01
      vertex   -1.788378e+01 8.393369e+00 2.897402e+01
    endloop
  endfacet
  facet normal -4.321842e-01 -7.332636e-01 5.249203e-01
    outer loop
      vertex   -1.788378e+01 8.393369e+00 2.897402e+01
      vertex   -1.791389e+01 8.340227e+00 2.887500e+01
      vertex   -1.781291e+01 8.351599e+00 2.897402e+01
    endloop
  endfacet
  facet normal -4.159564e-01 -7.057306e-01 5.735195e-01
    outer loop
      vertex   -1.788378e+01 8.393369e+00 2.897402e+01
      vertex   -1.781291e+01 8.351599e+00 2.897402e+01
      vertex   -1.777805e+01 8.408495e+00 2.906932e+01
    endloop
  endfacet
  facet normal -2.165836e-01 -9.550975e-01 2.021889e-01
    outer loop
      vertex   -1.863002e+01 8.384251e+00 2.833623e+01
      vertex   -1.863483e+01 8.361222e+00 2.822230e+01
      vertex   -1.855902e+01 8.368152e+00 2.833623e+01
    endloop
  endfacet
  facet normal -2.136178e-01 -9.420184e-01 2.587833e-01
    outer loop
      vertex   -1.863002e+01 8.384251e+00 2.833623e+01
      vertex   -1.855902e+01 8.368152e+00 2.833623e+01
      vertex   -1.855186e+01 8.397398e+00 2.844861e+01
    endloop
  endfacet
  facet normal -2.458897e-01 -9.341143e-01 2.587833e-01
    outer loop
      vertex   -1.855186e+01 8.397398e+00 2.844861e+01
      vertex   -1.855902e+01 8.368152e+00 2.833623e+01
      vertex   -1.848046e+01 8.378603e+00 2.844861e+01
    endloop
  endfacet
  facet normal -2.416439e-01 -9.179849e-01 3.145028e-01
    outer loop
      vertex   -1.855186e+01 8.397398e+00 2.844861e+01
      vertex   -1.848046e+01 8.378603e+00 2.844861e+01
      vertex   -1.847054e+01 8.413825e+00 2.855904e+01
    endloop
  endfacet
  facet normal -2.730727e-01 -9.091311e-01 3.145028e-01
    outer loop
      vertex   -1.847054e+01 8.413825e+00 2.855904e+01
      vertex   -1.848046e+01 8.378603e+00 2.844861e+01
      vertex   -1.839862e+01 8.392223e+00 2.855904e+01
    endloop
  endfacet
  facet normal -2.673508e-01 -8.900816e-01 3.691590e-01
    outer loop
      vertex   -1.847054e+01 8.413825e+00 2.855904e+01
      vertex   -1.839862e+01 8.392223e+00 2.855904e+01
      vertex   -1.838555e+01 8.433142e+00 2.866716e+01
    endloop
  endfacet
  facet normal -2.978047e-01 -8.803602e-01 3.691590e-01
    outer loop
      vertex   -1.838555e+01 8.433142e+00 2.866716e+01
      vertex   -1.839862e+01 8.392223e+00 2.855904e+01
      vertex   -1.831302e+01 8.408606e+00 2.866716e+01
    endloop
  endfacet
  facet normal -2.904236e-01 -8.585402e-01 4.225669e-01
    outer loop
      vertex   -1.838555e+01 8.433142e+00 2.866716e+01
      vertex   -1.831302e+01 8.408606e+00 2.866716e+01
      vertex   -1.829647e+01 8.454902e+00 2.877260e+01
    endloop
  endfacet
  facet normal -3.197790e-01 -8.480440e-01 4.225669e-01
    outer loop
      vertex   -1.829647e+01 8.454902e+00 2.877260e+01
      vertex   -1.831302e+01 8.408606e+00 2.866716e+01
      vertex   -1.822324e+01 8.427289e+00 2.877260e+01
    endloop
  endfacet
  facet normal -3.105699e-01 -8.236216e-01 4.745460e-01
    outer loop
      vertex   -1.829647e+01 8.454902e+00 2.877260e+01
      vertex   -1.822324e+01 8.427289e+00 2.877260e+01
      vertex   -1.820287e+01 8.478610e+00 2.887500e+01
    endloop
  endfacet
  facet normal -3.387125e-01 -8.124531e-01 4.745460e-01
    outer loop
      vertex   -1.820287e+01 8.478610e+00 2.887500e+01
      vertex   -1.822324e+01 8.427289e+00 2.877260e+01
      vertex   -1.812888e+01 8.447764e+00 2.887500e+01
    endloop
  endfacet
  facet normal -3.275228e-01 -7.856128e-01 5.249203e-01
    outer loop
      vertex   -1.820287e+01 8.478610e+00 2.887500e+01
      vertex   -1.812888e+01 8.447764e+00 2.887500e+01
      vertex   -1.810441e+01 8.503724e+00 2.897402e+01
    endloop
  endfacet
  facet normal -3.543481e-01 -7.738837e-01 5.249203e-01
    outer loop
      vertex   -1.810441e+01 8.503724e+00 2.897402e+01
      vertex   -1.812888e+01 8.447764e+00 2.887500e+01
      vertex   -1.802962e+01 8.469476e+00 2.897402e+01
    endloop
  endfacet
  facet normal -3.410429e-01 -7.448256e-01 5.735195e-01
    outer loop
      vertex   -1.810441e+01 8.503724e+00 2.897402e+01
      vertex   -1.802962e+01 8.469476e+00 2.897402e+01
      vertex   -1.800080e+01 8.529661e+00 2.906932e+01
    endloop
  endfacet
  facet normal -3.664575e-01 -7.326556e-01 5.735195e-01
    outer loop
      vertex   -1.800080e+01 8.529661e+00 2.906932e+01
      vertex   -1.802962e+01 8.469476e+00 2.897402e+01
      vertex   -1.792517e+01 8.491835e+00 2.906932e+01
    endloop
  endfacet
  facet normal -3.509206e-01 -7.015929e-01 6.201790e-01
    outer loop
      vertex   -1.800080e+01 8.529661e+00 2.906932e+01
      vertex   -1.792517e+01 8.491835e+00 2.906932e+01
      vertex   -1.789179e+01 8.555805e+00 2.916058e+01
    endloop
  endfacet
  facet normal -3.748425e-01 -6.891089e-01 6.201790e-01
    outer loop
      vertex   -1.789179e+01 8.555805e+00 2.916058e+01
      vertex   -1.792517e+01 8.491835e+00 2.906932e+01
      vertex   -1.781533e+01 8.514215e+00 2.916058e+01
    endloop
  endfacet
  facet normal -3.569780e-01 -6.562668e-01 6.647410e-01
    outer loop
      vertex   -1.789179e+01 8.555805e+00 2.916058e+01
      vertex   -1.781533e+01 8.514215e+00 2.916058e+01
      vertex   -1.777721e+01 8.581510e+00 2.924748e+01
    endloop
  endfacet
  facet normal -3.793374e-01 -6.436012e-01 6.647410e-01
    outer loop
      vertex   -1.777721e+01 8.581510e+00 2.924748e+01
      vertex   -1.781533e+01 8.514215e+00 2.916058e+01
      vertex   -1.769993e+01 8.535963e+00 2.924748e+01
    endloop
  endfacet
  facet normal -3.590701e-01 -6.092148e-01 7.070545e-01
    outer loop
      vertex   -1.777721e+01 8.581510e+00 2.924748e+01
      vertex   -1.769993e+01 8.535963e+00 2.924748e+01
      vertex   -1.765695e+01 8.606104e+00 2.932975e+01
    endloop
  endfacet
  facet normal -2.535928e-01 -9.633778e-01 8.714295e-02
    outer loop
      vertex   -1.857104e+01 8.319076e+00 2.799129e+01
      vertex   -1.850232e+01 8.300986e+00 2.799129e+01
      vertex   -1.849957e+01 8.310746e+00 2.810719e+01
    endloop
  endfacet
  facet normal -2.865757e-01 -9.540862e-01 8.714295e-02
    outer loop
      vertex   -1.849957e+01 8.310746e+00 2.810719e+01
      vertex   -1.850232e+01 8.300986e+00 2.799129e+01
      vertex   -1.843118e+01 8.290204e+00 2.810719e+01
    endloop
  endfacet
  facet normal -2.846336e-01 -9.476205e-01 1.449109e-01
    outer loop
      vertex   -1.849957e+01 8.310746e+00 2.810719e+01
      vertex   -1.843118e+01 8.290204e+00 2.810719e+01
      vertex   -1.842606e+01 8.306266e+00 2.822230e+01
    endloop
  endfacet
  facet normal -3.170562e-01 -9.372706e-01 1.449109e-01
    outer loop
      vertex   -1.842606e+01 8.306266e+00 2.822230e+01
      vertex   -1.843118e+01 8.290204e+00 2.810719e+01
      vertex   -1.835786e+01 8.283198e+00 2.822230e+01
    endloop
  endfacet
  facet normal -3.138203e-01 -9.277049e-01 2.021889e-01
    outer loop
      vertex   -1.842606e+01 8.306266e+00 2.822230e+01
      vertex   -1.835786e+01 8.283198e+00 2.822230e+01
      vertex   -1.834994e+01 8.305350e+00 2.833623e+01
    endloop
  endfacet
  facet normal -3.455407e-01 -9.163631e-01 2.021889e-01
    outer loop
      vertex   -1.834994e+01 8.305350e+00 2.833623e+01
      vertex   -1.835786e+01 8.283198e+00 2.822230e+01
      vertex   -1.828182e+01 8.279665e+00 2.833623e+01
    endloop
  endfacet
  facet normal -3.408089e-01 -9.038144e-01 2.587833e-01
    outer loop
      vertex   -1.834994e+01 8.305350e+00 2.833623e+01
      vertex   -1.828182e+01 8.279665e+00 2.833623e+01
      vertex   -1.827072e+01 8.307652e+00 2.844861e+01
    endloop
  endfacet
  facet normal -3.716916e-01 -8.915585e-01 2.587833e-01
    outer loop
      vertex   -1.827072e+01 8.307652e+00 2.844861e+01
      vertex   -1.828182e+01 8.279665e+00 2.833623e+01
      vertex   -1.820257e+01 8.279240e+00 2.844861e+01
    endloop
  endfacet
  facet normal -3.652736e-01 -8.761639e-01 3.145028e-01
    outer loop
      vertex   -1.827072e+01 8.307652e+00 2.844861e+01
      vertex   -1.820257e+01 8.279240e+00 2.844861e+01
      vertex   -1.818791e+01 8.312769e+00 2.855904e+01
    endloop
  endfacet
  facet normal -3.951909e-01 -8.630829e-01 3.145028e-01
    outer loop
      vertex   -1.818791e+01 8.312769e+00 2.855904e+01
      vertex   -1.820257e+01 8.279240e+00 2.844861e+01
      vertex   -1.811963e+01 8.281506e+00 2.855904e+01
    endloop
  endfacet
  facet normal -3.869103e-01 -8.449983e-01 3.691590e-01
    outer loop
      vertex   -1.818791e+01 8.312769e+00 2.855904e+01
      vertex   -1.811963e+01 8.281506e+00 2.855904e+01
      vertex   -1.810108e+01 8.320247e+00 2.866716e+01
    endloop
  endfacet
  facet normal -4.157429e-01 -8.311916e-01 3.691590e-01
    outer loop
      vertex   -1.810108e+01 8.320247e+00 2.866716e+01
      vertex   -1.811963e+01 8.281506e+00 2.855904e+01
      vertex   -1.803260e+01 8.285993e+00 2.866716e+01
    endloop
  endfacet
  facet normal -4.054386e-01 -8.105904e-01 4.225669e-01
    outer loop
      vertex   -1.810108e+01 8.320247e+00 2.866716e+01
      vertex   -1.803260e+01 8.285993e+00 2.866716e+01
      vertex   -1.800985e+01 8.329582e+00 2.877260e+01
    endloop
  endfacet
  facet normal -4.330769e-01 -7.961668e-01 4.225669e-01
    outer loop
      vertex   -1.800985e+01 8.329582e+00 2.877260e+01
      vertex   -1.803260e+01 8.285993e+00 2.866716e+01
      vertex   -1.794110e+01 8.292185e+00 2.877260e+01
    endloop
  endfacet
  facet normal -4.206050e-01 -7.732384e-01 4.745460e-01
    outer loop
      vertex   -1.800985e+01 8.329582e+00 2.877260e+01
      vertex   -1.794110e+01 8.292185e+00 2.877260e+01
      vertex   -1.791389e+01 8.340227e+00 2.887500e+01
    endloop
  endfacet
  facet normal -4.469497e-01 -7.583153e-01 4.745460e-01
    outer loop
      vertex   -1.791389e+01 8.340227e+00 2.887500e+01
      vertex   -1.794110e+01 8.292185e+00 2.877260e+01
      vertex   -1.784483e+01 8.299524e+00 2.887500e+01
    endloop
  endfacet
  facet normal -4.321842e-01 -7.332636e-01 5.249203e-01
    outer loop
      vertex   -1.791389e+01 8.340227e+00 2.887500e+01
      vertex   -1.784483e+01 8.299524e+00 2.887500e+01
      vertex   -1.781291e+01 8.351599e+00 2.897402e+01
    endloop
  endfacet
  facet normal -3.192195e-01 -9.436657e-01 8.714295e-02
    outer loop
      vertex   -1.843427e+01 8.280544e+00 2.799129e+01
      vertex   -1.836354e+01 8.267321e+00 2.810719e+01
      vertex   -1.843118e+01 8.290204e+00 2.810719e+01
    endloop
  endfacet
  facet normal -3.170562e-01 -9.372706e-01 1.449109e-01
    outer loop
      vertex   -1.843118e+01 8.290204e+00 2.810719e+01
      vertex   -1.836354e+01 8.267321e+00 2.810719e+01
      vertex   -1.835786e+01 8.283198e+00 2.822230e+01
    endloop
  endfacet
  facet normal -3.455407e-01 -9.163631e-01 2.021889e-01
    outer loop
      vertex   -1.828182e+01 8.279665e+00 2.833623e+01
      vertex   -1.835786e+01 8.283198e+00 2.822230e+01
      vertex   -1.829050e+01 8.257798e+00 2.822230e+01
    endloop
  endfacet
  facet normal -3.491036e-01 -9.258118e-01 1.449109e-01
    outer loop
      vertex   -1.829050e+01 8.257798e+00 2.822230e+01
      vertex   -1.835786e+01 8.283198e+00 2.822230e+01
      vertex   -1.836354e+01 8.267321e+00 2.810719e+01
    endloop
  endfacet
  facet normal -2.865757e-01 -9.540862e-01 8.714295e-02
    outer loop
      vertex   -1.850232e+01 8.300986e+00 2.799129e+01
      vertex   -1.843427e+01 8.280544e+00 2.799129e+01
      vertex   -1.843118e+01 8.290204e+00 2.810719e+01
    endloop
  endfacet
  facet normal -3.833358e-01 -9.194889e-01 8.714295e-02
    outer loop
      vertex   -1.830046e+01 8.232701e+00 2.799129e+01
      vertex   -1.823487e+01 8.205357e+00 2.799129e+01
      vertex   -1.823081e+01 8.214647e+00 2.810719e+01
    endloop
  endfacet
  facet normal -4.147325e-01 -9.057610e-01 8.714295e-02
    outer loop
      vertex   -1.823081e+01 8.214647e+00 2.810719e+01
      vertex   -1.823487e+01 8.205357e+00 2.799129e+01
      vertex   -1.816588e+01 8.184918e+00 2.810719e+01
    endloop
  endfacet
  facet normal -4.119219e-01 -8.996228e-01 1.449109e-01
    outer loop
      vertex   -1.823081e+01 8.214647e+00 2.810719e+01
      vertex   -1.816588e+01 8.184918e+00 2.810719e+01
      vertex   -1.815860e+01 8.200125e+00 2.822230e+01
    endloop
  endfacet
  facet normal -4.426184e-01 -8.849236e-01 1.449109e-01
    outer loop
      vertex   -1.815860e+01 8.200125e+00 2.822230e+01
      vertex   -1.816588e+01 8.184918e+00 2.810719e+01
      vertex   -1.809421e+01 8.167921e+00 2.822230e+01
    endloop
  endfacet
  facet normal -4.381011e-01 -8.758922e-01 2.021889e-01
    outer loop
      vertex   -1.815860e+01 8.200125e+00 2.822230e+01
      vertex   -1.809421e+01 8.167921e+00 2.822230e+01
      vertex   -1.808333e+01 8.188778e+00 2.833623e+01
    endloop
  endfacet
  facet normal -4.679660e-01 -8.603066e-01 2.021889e-01
    outer loop
      vertex   -1.808333e+01 8.188778e+00 2.833623e+01
      vertex   -1.809421e+01 8.167921e+00 2.822230e+01
      vertex   -1.801938e+01 8.153992e+00 2.833623e+01
    endloop
  endfacet
  facet normal -4.615577e-01 -8.485256e-01 2.587833e-01
    outer loop
      vertex   -1.808333e+01 8.188778e+00 2.833623e+01
      vertex   -1.801938e+01 8.153992e+00 2.833623e+01
      vertex   -1.800454e+01 8.180191e+00 2.844861e+01
    endloop
  endfacet
  facet normal -4.904675e-01 -8.321495e-01 2.587833e-01
    outer loop
      vertex   -1.800454e+01 8.180191e+00 2.844861e+01
      vertex   -1.801938e+01 8.153992e+00 2.833623e+01
      vertex   -1.794093e+01 8.142700e+00 2.844861e+01
    endloop
  endfacet
  facet normal -4.819985e-01 -8.177808e-01 3.145028e-01
    outer loop
      vertex   -1.800454e+01 8.180191e+00 2.844861e+01
      vertex   -1.794093e+01 8.142700e+00 2.844861e+01
      vertex   -1.792181e+01 8.173902e+00 2.855904e+01
    endloop
  endfacet
  facet normal -3.768522e-01 -9.039370e-01 2.021889e-01
    outer loop
      vertex   -1.828182e+01 8.279665e+00 2.833623e+01
      vertex   -1.829050e+01 8.257798e+00 2.822230e+01
      vertex   -1.821463e+01 8.251651e+00 2.833623e+01
    endloop
  endfacet
  facet normal -3.716916e-01 -8.915585e-01 2.587833e-01
    outer loop
      vertex   -1.828182e+01 8.279665e+00 2.833623e+01
      vertex   -1.821463e+01 8.251651e+00 2.833623e+01
      vertex   -1.820257e+01 8.279240e+00 2.844861e+01
    endloop
  endfacet
  facet normal -4.021346e-01 -8.782477e-01 2.587833e-01
    outer loop
      vertex   -1.820257e+01 8.279240e+00 2.844861e+01
      vertex   -1.821463e+01 8.251651e+00 2.833623e+01
      vertex   -1.813543e+01 8.248502e+00 2.844861e+01
    endloop
  endfacet
  facet normal -3.951909e-01 -8.630829e-01 3.145028e-01
    outer loop
      vertex   -1.820257e+01 8.279240e+00 2.844861e+01
      vertex   -1.813543e+01 8.248502e+00 2.844861e+01
      vertex   -1.811963e+01 8.281506e+00 2.855904e+01
    endloop
  endfacet
  facet normal -4.246406e-01 -8.489807e-01 3.145028e-01
    outer loop
      vertex   -1.811963e+01 8.281506e+00 2.855904e+01
      vertex   -1.813543e+01 8.248502e+00 2.844861e+01
      vertex   -1.805247e+01 8.247914e+00 2.855904e+01
    endloop
  endfacet
  facet normal -4.157429e-01 -8.311916e-01 3.691590e-01
    outer loop
      vertex   -1.811963e+01 8.281506e+00 2.855904e+01
      vertex   -1.805247e+01 8.247914e+00 2.855904e+01
      vertex   -1.803260e+01 8.285993e+00 2.866716e+01
    endloop
  endfacet
  facet normal -4.440836e-01 -8.164015e-01 3.691590e-01
    outer loop
      vertex   -1.803260e+01 8.285993e+00 2.866716e+01
      vertex   -1.805247e+01 8.247914e+00 2.855904e+01
      vertex   -1.796533e+01 8.249405e+00 2.866716e+01
    endloop
  endfacet
  facet normal -4.330769e-01 -7.961668e-01 4.225669e-01
    outer loop
      vertex   -1.803260e+01 8.285993e+00 2.866716e+01
      vertex   -1.796533e+01 8.249405e+00 2.866716e+01
      vertex   -1.794110e+01 8.292185e+00 2.877260e+01
    endloop
  endfacet
  facet normal -4.602028e-01 -7.808012e-01 4.225669e-01
    outer loop
      vertex   -1.794110e+01 8.292185e+00 2.877260e+01
      vertex   -1.796533e+01 8.249405e+00 2.866716e+01
      vertex   -1.787368e+01 8.252446e+00 2.877260e+01
    endloop
  endfacet
  facet normal -4.469497e-01 -7.583153e-01 4.745460e-01
    outer loop
      vertex   -1.794110e+01 8.292185e+00 2.877260e+01
      vertex   -1.787368e+01 8.252446e+00 2.877260e+01
      vertex   -1.784483e+01 8.299524e+00 2.887500e+01
    endloop
  endfacet
  facet normal -4.147325e-01 -9.057610e-01 8.714295e-02
    outer loop
      vertex   -1.823487e+01 8.205357e+00 2.799129e+01
      vertex   -1.817026e+01 8.175773e+00 2.799129e+01
      vertex   -1.816588e+01 8.184918e+00 2.810719e+01
    endloop
  endfacet
  facet normal -4.456384e-01 -8.909615e-01 8.714295e-02
    outer loop
      vertex   -1.816588e+01 8.184918e+00 2.810719e+01
      vertex   -1.817026e+01 8.175773e+00 2.799129e+01
      vertex   -1.810202e+01 8.152973e+00 2.810719e+01
    endloop
  endfacet
  facet normal -4.426184e-01 -8.849236e-01 1.449109e-01
    outer loop
      vertex   -1.816588e+01 8.184918e+00 2.810719e+01
      vertex   -1.810202e+01 8.152973e+00 2.810719e+01
      vertex   -1.809421e+01 8.167921e+00 2.822230e+01
    endloop
  endfacet
  facet normal -4.727912e-01 -8.691774e-01 1.449109e-01
    outer loop
      vertex   -1.809421e+01 8.167921e+00 2.822230e+01
      vertex   -1.810202e+01 8.152973e+00 2.810719e+01
      vertex   -1.803097e+01 8.133522e+00 2.822230e+01
    endloop
  endfacet
  facet normal -4.679660e-01 -8.603066e-01 2.021889e-01
    outer loop
      vertex   -1.809421e+01 8.167921e+00 2.822230e+01
      vertex   -1.803097e+01 8.133522e+00 2.822230e+01
      vertex   -1.801938e+01 8.153992e+00 2.833623e+01
    endloop
  endfacet
  facet normal -4.972772e-01 -8.437032e-01 2.021889e-01
    outer loop
      vertex   -1.801938e+01 8.153992e+00 2.833623e+01
      vertex   -1.803097e+01 8.133522e+00 2.822230e+01
      vertex   -1.795666e+01 8.117027e+00 2.833623e+01
    endloop
  endfacet
  facet normal -4.904675e-01 -8.321495e-01 2.587833e-01
    outer loop
      vertex   -1.801938e+01 8.153992e+00 2.833623e+01
      vertex   -1.795666e+01 8.117027e+00 2.833623e+01
      vertex   -1.794093e+01 8.142700e+00 2.844861e+01
    endloop
  endfacet
  facet normal -4.760171e-01 -8.751079e-01 8.714295e-02
    outer loop
      vertex   -1.810671e+01 8.143984e+00 2.799129e+01
      vertex   -1.803929e+01 8.118851e+00 2.810719e+01
      vertex   -1.810202e+01 8.152973e+00 2.810719e+01
    endloop
  endfacet
  facet normal -4.727912e-01 -8.691774e-01 1.449109e-01
    outer loop
      vertex   -1.810202e+01 8.152973e+00 2.810719e+01
      vertex   -1.803929e+01 8.118851e+00 2.810719e+01
      vertex   -1.803097e+01 8.133522e+00 2.822230e+01
    endloop
  endfacet
  facet normal -4.972772e-01 -8.437032e-01 2.021889e-01
    outer loop
      vertex   -1.795666e+01 8.117027e+00 2.833623e+01
      vertex   -1.803097e+01 8.133522e+00 2.822230e+01
      vertex   -1.796896e+01 8.096968e+00 2.822230e+01
    endloop
  endfacet
  facet normal -5.024046e-01 -8.524027e-01 1.449109e-01
    outer loop
      vertex   -1.796896e+01 8.096968e+00 2.822230e+01
      vertex   -1.803097e+01 8.133522e+00 2.822230e+01
      vertex   -1.803929e+01 8.118851e+00 2.810719e+01
    endloop
  endfacet
  facet normal -4.456384e-01 -8.909615e-01 8.714295e-02
    outer loop
      vertex   -1.817026e+01 8.175773e+00 2.799129e+01
      vertex   -1.810671e+01 8.143984e+00 2.799129e+01
      vertex   -1.810202e+01 8.152973e+00 2.810719e+01
    endloop
  endfacet
  facet normal -5.915392e-01 -8.015537e-01 8.713855e-02
    outer loop
      vertex   -1.785870e+01 8.003870e+00 2.810719e+01
      vertex   -1.786455e+01 7.995592e+00 2.799129e+01
      vertex   -1.780119e+01 7.961431e+00 2.810719e+01
    endloop
  endfacet
  facet normal -5.915447e-01 -8.015491e-01 8.714294e-02
    outer loop
      vertex   -1.780119e+01 7.961431e+00 2.810719e+01
      vertex   -1.786455e+01 7.995592e+00 2.799129e+01
      vertex   -1.780735e+01 7.953377e+00 2.799129e+01
    endloop
  endfacet
  facet normal -6.187676e-01 -7.807258e-01 8.714295e-02
    outer loop
      vertex   -1.780119e+01 7.961431e+00 2.810719e+01
      vertex   -1.780735e+01 7.953377e+00 2.799129e+01
      vertex   -1.774523e+01 7.917076e+00 2.810719e+01
    endloop
  endfacet
  facet normal -6.187676e-01 -7.807258e-01 8.714295e-02
    outer loop
      vertex   -1.774523e+01 7.917076e+00 2.810719e+01
      vertex   -1.780735e+01 7.953377e+00 2.799129e+01
      vertex   -1.775166e+01 7.909239e+00 2.799129e+01
    endloop
  endfacet
  facet normal -6.452526e-01 -7.589830e-01 8.714295e-02
    outer loop
      vertex   -1.774523e+01 7.917076e+00 2.810719e+01
      vertex   -1.775166e+01 7.909239e+00 2.799129e+01
      vertex   -1.769082e+01 7.870823e+00 2.810719e+01
    endloop
  endfacet
  facet normal -6.452526e-01 -7.589830e-01 8.714295e-02
    outer loop
      vertex   -1.769082e+01 7.870823e+00 2.810719e+01
      vertex   -1.775166e+01 7.909239e+00 2.799129e+01
      vertex   -1.769752e+01 7.863212e+00 2.799129e+01
    endloop
  endfacet
  facet normal -6.709742e-01 -7.363422e-01 8.714295e-02
    outer loop
      vertex   -1.769082e+01 7.870823e+00 2.810719e+01
      vertex   -1.769752e+01 7.863212e+00 2.799129e+01
      vertex   -1.763804e+01 7.822725e+00 2.810719e+01
    endloop
  endfacet
  facet normal -5.875248e-01 -7.961261e-01 1.449065e-01
    outer loop
      vertex   -1.784894e+01 8.017624e+00 2.822230e+01
      vertex   -1.785870e+01 8.003870e+00 2.810719e+01
      vertex   -1.779095e+01 7.974823e+00 2.822230e+01
    endloop
  endfacet
  facet normal -5.875302e-01 -7.961213e-01 1.449108e-01
    outer loop
      vertex   -1.779095e+01 7.974823e+00 2.822230e+01
      vertex   -1.785870e+01 8.003870e+00 2.810719e+01
      vertex   -1.780119e+01 7.961431e+00 2.810719e+01
    endloop
  endfacet
  facet normal -6.145743e-01 -7.754349e-01 1.449109e-01
    outer loop
      vertex   -1.779095e+01 7.974823e+00 2.822230e+01
      vertex   -1.780119e+01 7.961431e+00 2.810719e+01
      vertex   -1.773453e+01 7.930108e+00 2.822230e+01
    endloop
  endfacet
  facet normal -6.145743e-01 -7.754349e-01 1.449109e-01
    outer loop
      vertex   -1.773453e+01 7.930108e+00 2.822230e+01
      vertex   -1.780119e+01 7.961431e+00 2.810719e+01
      vertex   -1.774523e+01 7.917076e+00 2.810719e+01
    endloop
  endfacet
  facet normal -6.408798e-01 -7.538394e-01 1.449109e-01
    outer loop
      vertex   -1.773453e+01 7.930108e+00 2.822230e+01
      vertex   -1.774523e+01 7.917076e+00 2.810719e+01
      vertex   -1.767968e+01 7.883479e+00 2.822230e+01
    endloop
  endfacet
  facet normal -6.408798e-01 -7.538394e-01 1.449109e-01
    outer loop
      vertex   -1.767968e+01 7.883479e+00 2.822230e+01
      vertex   -1.774523e+01 7.917076e+00 2.810719e+01
      vertex   -1.769082e+01 7.870823e+00 2.810719e+01
    endloop
  endfacet
  facet normal -6.664271e-01 -7.313521e-01 1.449109e-01
    outer loop
      vertex   -1.767968e+01 7.883479e+00 2.822230e+01
      vertex   -1.769082e+01 7.870823e+00 2.810719e+01
      vertex   -1.762647e+01 7.834991e+00 2.822230e+01
    endloop
  endfacet
  facet normal -6.664271e-01 -7.313521e-01 1.449109e-01
    outer loop
      vertex   -1.762647e+01 7.834991e+00 2.822230e+01
      vertex   -1.769082e+01 7.870823e+00 2.810719e+01
      vertex   -1.763804e+01 7.822725e+00 2.810719e+01
    endloop
  endfacet
  facet normal -6.911858e-01 -7.079993e-01 1.449109e-01
    outer loop
      vertex   -1.762647e+01 7.834991e+00 2.822230e+01
      vertex   -1.763804e+01 7.822725e+00 2.810719e+01
      vertex   -1.757496e+01 7.784702e+00 2.822230e+01
    endloop
  endfacet
  facet normal -5.815230e-01 -7.880053e-01 2.021845e-01
    outer loop
      vertex   -1.783533e+01 8.036809e+00 2.833623e+01
      vertex   -1.784894e+01 8.017624e+00 2.822230e+01
      vertex   -1.777665e+01 7.993509e+00 2.833623e+01
    endloop
  endfacet
  facet normal -5.815282e-01 -7.880004e-01 2.021888e-01
    outer loop
      vertex   -1.777665e+01 7.993509e+00 2.833623e+01
      vertex   -1.784894e+01 8.017624e+00 2.822230e+01
      vertex   -1.779095e+01 7.974823e+00 2.822230e+01
    endloop
  endfacet
  facet normal -6.083020e-01 -7.675209e-01 2.021889e-01
    outer loop
      vertex   -1.777665e+01 7.993509e+00 2.833623e+01
      vertex   -1.779095e+01 7.974823e+00 2.822230e+01
      vertex   -1.771960e+01 7.948292e+00 2.833623e+01
    endloop
  endfacet
  facet normal -6.083020e-01 -7.675209e-01 2.021889e-01
    outer loop
      vertex   -1.771960e+01 7.948292e+00 2.833623e+01
      vertex   -1.779095e+01 7.974823e+00 2.822230e+01
      vertex   -1.773453e+01 7.930108e+00 2.822230e+01
    endloop
  endfacet
  facet normal -6.343391e-01 -7.461458e-01 2.021889e-01
    outer loop
      vertex   -1.771960e+01 7.948292e+00 2.833623e+01
      vertex   -1.773453e+01 7.930108e+00 2.822230e+01
      vertex   -1.766414e+01 7.901138e+00 2.833623e+01
    endloop
  endfacet
  facet normal -6.343391e-01 -7.461458e-01 2.021889e-01
    outer loop
      vertex   -1.766414e+01 7.901138e+00 2.833623e+01
      vertex   -1.773453e+01 7.930108e+00 2.822230e+01
      vertex   -1.767968e+01 7.883479e+00 2.822230e+01
    endloop
  endfacet
  facet normal -6.596256e-01 -7.238879e-01 2.021889e-01
    outer loop
      vertex   -1.766414e+01 7.901138e+00 2.833623e+01
      vertex   -1.767968e+01 7.883479e+00 2.822230e+01
      vertex   -1.761033e+01 7.852105e+00 2.833623e+01
    endloop
  endfacet
  facet normal -6.596256e-01 -7.238879e-01 2.021889e-01
    outer loop
      vertex   -1.761033e+01 7.852105e+00 2.833623e+01
      vertex   -1.767968e+01 7.883479e+00 2.822230e+01
      vertex   -1.762647e+01 7.834991e+00 2.822230e+01
    endloop
  endfacet
  facet normal -6.841316e-01 -7.007736e-01 2.021889e-01
    outer loop
      vertex   -1.761033e+01 7.852105e+00 2.833623e+01
      vertex   -1.762647e+01 7.834991e+00 2.822230e+01
      vertex   -1.755823e+01 7.801251e+00 2.833623e+01
    endloop
  endfacet
  facet normal -6.841316e-01 -7.007736e-01 2.021889e-01
    outer loop
      vertex   -1.755823e+01 7.801251e+00 2.833623e+01
      vertex   -1.762647e+01 7.834991e+00 2.822230e+01
      vertex   -1.757496e+01 7.784702e+00 2.822230e+01
    endloop
  endfacet
  facet normal -7.078282e-01 -6.768301e-01 2.021889e-01
    outer loop
      vertex   -1.755823e+01 7.801251e+00 2.833623e+01
      vertex   -1.757496e+01 7.784702e+00 2.822230e+01
      vertex   -1.750792e+01 7.748635e+00 2.833623e+01
    endloop
  endfacet
  facet normal -5.735542e-01 -7.772188e-01 2.587790e-01
    outer loop
      vertex   -1.781789e+01 8.061359e+00 2.844861e+01
      vertex   -1.783533e+01 8.036809e+00 2.833623e+01
      vertex   -1.775836e+01 8.017426e+00 2.844861e+01
    endloop
  endfacet
  facet normal -5.735592e-01 -7.772137e-01 2.587832e-01
    outer loop
      vertex   -1.775836e+01 8.017426e+00 2.844861e+01
      vertex   -1.783533e+01 8.036809e+00 2.833623e+01
      vertex   -1.777665e+01 7.993509e+00 2.833623e+01
    endloop
  endfacet
  facet normal -5.999720e-01 -7.570105e-01 2.587833e-01
    outer loop
      vertex   -1.775836e+01 8.017426e+00 2.844861e+01
      vertex   -1.777665e+01 7.993509e+00 2.833623e+01
      vertex   -1.770049e+01 7.971564e+00 2.844861e+01
    endloop
  endfacet
  facet normal -5.999720e-01 -7.570105e-01 2.587833e-01
    outer loop
      vertex   -1.770049e+01 7.971564e+00 2.844861e+01
      vertex   -1.777665e+01 7.993509e+00 2.833623e+01
      vertex   -1.771960e+01 7.948292e+00 2.833623e+01
    endloop
  endfacet
  facet normal -6.256525e-01 -7.359281e-01 2.587833e-01
    outer loop
      vertex   -1.770049e+01 7.971564e+00 2.844861e+01
      vertex   -1.771960e+01 7.948292e+00 2.833623e+01
      vertex   -1.764424e+01 7.923740e+00 2.844861e+01
    endloop
  endfacet
  facet normal -6.256525e-01 -7.359281e-01 2.587833e-01
    outer loop
      vertex   -1.764424e+01 7.923740e+00 2.844861e+01
      vertex   -1.771960e+01 7.948292e+00 2.833623e+01
      vertex   -1.766414e+01 7.901138e+00 2.833623e+01
    endloop
  endfacet
  facet normal -6.505927e-01 -7.139750e-01 2.587833e-01
    outer loop
      vertex   -1.764424e+01 7.923740e+00 2.844861e+01
      vertex   -1.766414e+01 7.901138e+00 2.833623e+01
      vertex   -1.758967e+01 7.874010e+00 2.844861e+01
    endloop
  endfacet
  facet normal -6.505927e-01 -7.139750e-01 2.587833e-01
    outer loop
      vertex   -1.758967e+01 7.874010e+00 2.844861e+01
      vertex   -1.766414e+01 7.901138e+00 2.833623e+01
      vertex   -1.761033e+01 7.852105e+00 2.833623e+01
    endloop
  endfacet
  facet normal -6.747631e-01 -6.911772e-01 2.587833e-01
    outer loop
      vertex   -1.758967e+01 7.874010e+00 2.844861e+01
      vertex   -1.761033e+01 7.852105e+00 2.833623e+01
      vertex   -1.753683e+01 7.822432e+00 2.844861e+01
    endloop
  endfacet
  facet normal -6.747631e-01 -6.911772e-01 2.587833e-01
    outer loop
      vertex   -1.753683e+01 7.822432e+00 2.844861e+01
      vertex   -1.761033e+01 7.852105e+00 2.833623e+01
      vertex   -1.755823e+01 7.801251e+00 2.833623e+01
    endloop
  endfacet
  facet normal -6.981352e-01 -6.675616e-01 2.587833e-01
    outer loop
      vertex   -1.753683e+01 7.822432e+00 2.844861e+01
      vertex   -1.755823e+01 7.801251e+00 2.833623e+01
      vertex   -1.748581e+01 7.769067e+00 2.844861e+01
    endloop
  endfacet
  facet normal -6.981352e-01 -6.675616e-01 2.587833e-01
    outer loop
      vertex   -1.748581e+01 7.769067e+00 2.844861e+01
      vertex   -1.755823e+01 7.801251e+00 2.833623e+01
      vertex   -1.750792e+01 7.748635e+00 2.833623e+01
    endloop
  endfacet
  facet normal -7.206812e-01 -6.431561e-01 2.587833e-01
    outer loop
      vertex   -1.748581e+01 7.769067e+00 2.844861e+01
      vertex   -1.750792e+01 7.748635e+00 2.833623e+01
      vertex   -1.743664e+01 7.713979e+00 2.844861e+01
    endloop
  endfacet
  facet normal -5.636500e-01 -7.637976e-01 3.145027e-01
    outer loop
      vertex   -1.781789e+01 8.061359e+00 2.844861e+01
      vertex   -1.775836e+01 8.017426e+00 2.844861e+01
      vertex   -1.773613e+01 8.046491e+00 2.855904e+01
    endloop
  endfacet
  facet normal -5.896122e-01 -7.439391e-01 3.145028e-01
    outer loop
      vertex   -1.773613e+01 8.046491e+00 2.855904e+01
      vertex   -1.775836e+01 8.017426e+00 2.844861e+01
      vertex   -1.767728e+01 7.999848e+00 2.855904e+01
    endloop
  endfacet
  facet normal -5.772578e-01 -7.283510e-01 3.691590e-01
    outer loop
      vertex   -1.773613e+01 8.046491e+00 2.855904e+01
      vertex   -1.767728e+01 7.999848e+00 2.855904e+01
      vertex   -1.765002e+01 8.033047e+00 2.866716e+01
    endloop
  endfacet
  facet normal -6.019660e-01 -7.080668e-01 3.691590e-01
    outer loop
      vertex   -1.765002e+01 8.033047e+00 2.866716e+01
      vertex   -1.767728e+01 7.999848e+00 2.855904e+01
      vertex   -1.759168e+01 7.983450e+00 2.866716e+01
    endloop
  endfacet
  facet normal -5.870462e-01 -6.905172e-01 4.225669e-01
    outer loop
      vertex   -1.765002e+01 8.033047e+00 2.866716e+01
      vertex   -1.759168e+01 7.983450e+00 2.866716e+01
      vertex   -1.755920e+01 8.020356e+00 2.877260e+01
    endloop
  endfacet
  facet normal -6.104474e-01 -6.699188e-01 4.225669e-01
    outer loop
      vertex   -1.755920e+01 8.020356e+00 2.877260e+01
      vertex   -1.759168e+01 7.983450e+00 2.866716e+01
      vertex   -1.750135e+01 7.967644e+00 2.877260e+01
    endloop
  endfacet
  facet normal -5.928674e-01 -6.506261e-01 4.745460e-01
    outer loop
      vertex   -1.755920e+01 8.020356e+00 2.877260e+01
      vertex   -1.750135e+01 7.967644e+00 2.877260e+01
      vertex   -1.746346e+01 8.007810e+00 2.887500e+01
    endloop
  endfacet
  facet normal -6.148933e-01 -6.298510e-01 4.745460e-01
    outer loop
      vertex   -1.746346e+01 8.007810e+00 2.887500e+01
      vertex   -1.750135e+01 7.967644e+00 2.877260e+01
      vertex   -1.740610e+01 7.951813e+00 2.887500e+01
    endloop
  endfacet
  facet normal -5.945797e-01 -6.090432e-01 5.249203e-01
    outer loop
      vertex   -1.746346e+01 8.007810e+00 2.887500e+01
      vertex   -1.740610e+01 7.951813e+00 2.887500e+01
      vertex   -1.736269e+01 7.994775e+00 2.897402e+01
    endloop
  endfacet
  facet normal -6.151744e-01 -5.882339e-01 5.249203e-01
    outer loop
      vertex   -1.736269e+01 7.994775e+00 2.897402e+01
      vertex   -1.740610e+01 7.951813e+00 2.887500e+01
      vertex   -1.730584e+01 7.935319e+00 2.897402e+01
    endloop
  endfacet
  facet normal -5.920755e-01 -5.661466e-01 5.735195e-01
    outer loop
      vertex   -1.736269e+01 7.994775e+00 2.897402e+01
      vertex   -1.730584e+01 7.935319e+00 2.897402e+01
      vertex   -1.725683e+01 7.980600e+00 2.906932e+01
    endloop
  endfacet
  facet normal -6.111964e-01 -5.454487e-01 5.735195e-01
    outer loop
      vertex   -1.725683e+01 7.980600e+00 2.906932e+01
      vertex   -1.730584e+01 7.935319e+00 2.897402e+01
      vertex   -1.720053e+01 7.917511e+00 2.906932e+01
    endloop
  endfacet
  facet normal -5.852833e-01 -5.223231e-01 6.201790e-01
    outer loop
      vertex   -1.725683e+01 7.980600e+00 2.906932e+01
      vertex   -1.720053e+01 7.917511e+00 2.906932e+01
      vertex   -1.714587e+01 7.964624e+00 2.916058e+01
    endloop
  endfacet
  facet normal -5.896122e-01 -7.439391e-01 3.145028e-01
    outer loop
      vertex   -1.767728e+01 7.999848e+00 2.855904e+01
      vertex   -1.775836e+01 8.017426e+00 2.844861e+01
      vertex   -1.770049e+01 7.971564e+00 2.844861e+01
    endloop
  endfacet
  facet normal -5.518297e-01 -7.478026e-01 3.691547e-01
    outer loop
      vertex   -1.777182e+01 8.126207e+00 2.866716e+01
      vertex   -1.779670e+01 8.091192e+00 2.855904e+01
      vertex   -1.771003e+01 8.080608e+00 2.866716e+01
    endloop
  endfacet
  facet normal -5.381474e-01 -7.292723e-01 4.225627e-01
    outer loop
      vertex   -1.774334e+01 8.166285e+00 2.877260e+01
      vertex   -1.777182e+01 8.126207e+00 2.866716e+01
      vertex   -1.768016e+01 8.119660e+00 2.877260e+01
    endloop
  endfacet
  facet normal -5.381516e-01 -7.292670e-01 4.225666e-01
    outer loop
      vertex   -1.768016e+01 8.119660e+00 2.877260e+01
      vertex   -1.777182e+01 8.126207e+00 2.866716e+01
      vertex   -1.771003e+01 8.080608e+00 2.866716e+01
    endloop
  endfacet
  facet normal -5.629503e-01 -7.102986e-01 4.225669e-01
    outer loop
      vertex   -1.768016e+01 8.119660e+00 2.877260e+01
      vertex   -1.771003e+01 8.080608e+00 2.866716e+01
      vertex   -1.761882e+01 8.071048e+00 2.877260e+01
    endloop
  endfacet
  facet normal -5.226447e-01 -7.082744e-01 4.745418e-01
    outer loop
      vertex   -1.771136e+01 8.211291e+00 2.887500e+01
      vertex   -1.774334e+01 8.166285e+00 2.877260e+01
      vertex   -1.764661e+01 8.163515e+00 2.887500e+01
    endloop
  endfacet
  facet normal -5.226485e-01 -7.082690e-01 4.745456e-01
    outer loop
      vertex   -1.764661e+01 8.163515e+00 2.887500e+01
      vertex   -1.774334e+01 8.166285e+00 2.877260e+01
      vertex   -1.768016e+01 8.119660e+00 2.877260e+01
    endloop
  endfacet
  facet normal -5.467382e-01 -6.898431e-01 4.745460e-01
    outer loop
      vertex   -1.764661e+01 8.163515e+00 2.887500e+01
      vertex   -1.768016e+01 8.119660e+00 2.877260e+01
      vertex   -1.758379e+01 8.113724e+00 2.887500e+01
    endloop
  endfacet
  facet normal -5.467382e-01 -6.898431e-01 4.745460e-01
    outer loop
      vertex   -1.758379e+01 8.113724e+00 2.887500e+01
      vertex   -1.768016e+01 8.119660e+00 2.877260e+01
      vertex   -1.761882e+01 8.071048e+00 2.877260e+01
    endloop
  endfacet
  facet normal -5.701401e-01 -6.706313e-01 4.745460e-01
    outer loop
      vertex   -1.758379e+01 8.113724e+00 2.887500e+01
      vertex   -1.761882e+01 8.071048e+00 2.877260e+01
      vertex   -1.752272e+01 8.061802e+00 2.887500e+01
    endloop
  endfacet
  facet normal -5.053738e-01 -6.848798e-01 5.249162e-01
    outer loop
      vertex   -1.767598e+01 8.261074e+00 2.897402e+01
      vertex   -1.771136e+01 8.211291e+00 2.887500e+01
      vertex   -1.760951e+01 8.212025e+00 2.897402e+01
    endloop
  endfacet
  facet normal -5.053774e-01 -6.848743e-01 5.249199e-01
    outer loop
      vertex   -1.760951e+01 8.212025e+00 2.897402e+01
      vertex   -1.771136e+01 8.211291e+00 2.887500e+01
      vertex   -1.764661e+01 8.163515e+00 2.887500e+01
    endloop
  endfacet
  facet normal -5.286761e-01 -6.670534e-01 5.249203e-01
    outer loop
      vertex   -1.760951e+01 8.212025e+00 2.897402e+01
      vertex   -1.764661e+01 8.163515e+00 2.887500e+01
      vertex   -1.754504e+01 8.160930e+00 2.897402e+01
    endloop
  endfacet
  facet normal -5.286761e-01 -6.670534e-01 5.249203e-01
    outer loop
      vertex   -1.754504e+01 8.160930e+00 2.897402e+01
      vertex   -1.764661e+01 8.163515e+00 2.887500e+01
      vertex   -1.758379e+01 8.113724e+00 2.887500e+01
    endloop
  endfacet
  facet normal -5.513049e-01 -6.484763e-01 5.249203e-01
    outer loop
      vertex   -1.754504e+01 8.160930e+00 2.897402e+01
      vertex   -1.758379e+01 8.113724e+00 2.887500e+01
      vertex   -1.748236e+01 8.107647e+00 2.897402e+01
    endloop
  endfacet
  facet normal -5.513049e-01 -6.484763e-01 5.249203e-01
    outer loop
      vertex   -1.748236e+01 8.107647e+00 2.897402e+01
      vertex   -1.758379e+01 8.113724e+00 2.887500e+01
      vertex   -1.752272e+01 8.061802e+00 2.887500e+01
    endloop
  endfacet
  facet normal -5.732814e-01 -6.291320e-01 5.249203e-01
    outer loop
      vertex   -1.748236e+01 8.107647e+00 2.897402e+01
      vertex   -1.752272e+01 8.061802e+00 2.887500e+01
      vertex   -1.742156e+01 8.052240e+00 2.897402e+01
    endloop
  endfacet
  facet normal -4.863932e-01 -6.591673e-01 5.735155e-01
    outer loop
      vertex   -1.763732e+01 8.315464e+00 2.906932e+01
      vertex   -1.767598e+01 8.261074e+00 2.897402e+01
      vertex   -1.756896e+01 8.265027e+00 2.906932e+01
    endloop
  endfacet
  facet normal -4.863965e-01 -6.591619e-01 5.735190e-01
    outer loop
      vertex   -1.756896e+01 8.265027e+00 2.906932e+01
      vertex   -1.767598e+01 8.261074e+00 2.897402e+01
      vertex   -1.760951e+01 8.212025e+00 2.897402e+01
    endloop
  endfacet
  facet normal -5.088251e-01 -6.420065e-01 5.735195e-01
    outer loop
      vertex   -1.756896e+01 8.265027e+00 2.906932e+01
      vertex   -1.760951e+01 8.212025e+00 2.897402e+01
      vertex   -1.750270e+01 8.212505e+00 2.906932e+01
    endloop
  endfacet
  facet normal -5.088251e-01 -6.420065e-01 5.735195e-01
    outer loop
      vertex   -1.750270e+01 8.212505e+00 2.906932e+01
      vertex   -1.760951e+01 8.212025e+00 2.897402e+01
      vertex   -1.754504e+01 8.160930e+00 2.897402e+01
    endloop
  endfacet
  facet normal -5.306042e-01 -6.241270e-01 5.735195e-01
    outer loop
      vertex   -1.750270e+01 8.212505e+00 2.906932e+01
      vertex   -1.754504e+01 8.160930e+00 2.897402e+01
      vertex   -1.743827e+01 8.157736e+00 2.906932e+01
    endloop
  endfacet
  facet normal -5.306042e-01 -6.241270e-01 5.735195e-01
    outer loop
      vertex   -1.743827e+01 8.157736e+00 2.906932e+01
      vertex   -1.754504e+01 8.160930e+00 2.897402e+01
      vertex   -1.748236e+01 8.107647e+00 2.897402e+01
    endloop
  endfacet
  facet normal -5.517556e-01 -6.055090e-01 5.735195e-01
    outer loop
      vertex   -1.743827e+01 8.157736e+00 2.906932e+01
      vertex   -1.748236e+01 8.107647e+00 2.897402e+01
      vertex   -1.737577e+01 8.100783e+00 2.906932e+01
    endloop
  endfacet
  facet normal -5.517556e-01 -6.055090e-01 5.735195e-01
    outer loop
      vertex   -1.737577e+01 8.100783e+00 2.906932e+01
      vertex   -1.748236e+01 8.107647e+00 2.897402e+01
      vertex   -1.742156e+01 8.052240e+00 2.897402e+01
    endloop
  endfacet
  facet normal -5.722541e-01 -5.861746e-01 5.735195e-01
    outer loop
      vertex   -1.737577e+01 8.100783e+00 2.906932e+01
      vertex   -1.742156e+01 8.052240e+00 2.897402e+01
      vertex   -1.731527e+01 8.041714e+00 2.906932e+01
    endloop
  endfacet
  facet normal -4.657671e-01 -6.312240e-01 6.201752e-01
    outer loop
      vertex   -1.759551e+01 8.374279e+00 2.916058e+01
      vertex   -1.763732e+01 8.315464e+00 2.906932e+01
      vertex   -1.752512e+01 8.322339e+00 2.916058e+01
    endloop
  endfacet
  facet normal -4.657701e-01 -6.312185e-01 6.201785e-01
    outer loop
      vertex   -1.752512e+01 8.322339e+00 2.916058e+01
      vertex   -1.763732e+01 8.315464e+00 2.906932e+01
      vertex   -1.756896e+01 8.265027e+00 2.906932e+01
    endloop
  endfacet
  facet normal -4.872522e-01 -6.147871e-01 6.201790e-01
    outer loop
      vertex   -1.752512e+01 8.322339e+00 2.916058e+01
      vertex   -1.756896e+01 8.265027e+00 2.906932e+01
      vertex   -1.745691e+01 8.268276e+00 2.916058e+01
    endloop
  endfacet
  facet normal -4.872522e-01 -6.147871e-01 6.201790e-01
    outer loop
      vertex   -1.745691e+01 8.268276e+00 2.916058e+01
      vertex   -1.756896e+01 8.265027e+00 2.906932e+01
      vertex   -1.750270e+01 8.212505e+00 2.906932e+01
    endloop
  endfacet
  facet normal -5.081080e-01 -5.976656e-01 6.201790e-01
    outer loop
      vertex   -1.745691e+01 8.268276e+00 2.916058e+01
      vertex   -1.750270e+01 8.212505e+00 2.906932e+01
      vertex   -1.739060e+01 8.211899e+00 2.916058e+01
    endloop
  endfacet
  facet normal -5.081080e-01 -5.976656e-01 6.201790e-01
    outer loop
      vertex   -1.739060e+01 8.211899e+00 2.916058e+01
      vertex   -1.750270e+01 8.212505e+00 2.906932e+01
      vertex   -1.743827e+01 8.157736e+00 2.906932e+01
    endloop
  endfacet
  facet normal -5.283626e-01 -5.798370e-01 6.201790e-01
    outer loop
      vertex   -1.739060e+01 8.211899e+00 2.916058e+01
      vertex   -1.743827e+01 8.157736e+00 2.906932e+01
      vertex   -1.732626e+01 8.153275e+00 2.916058e+01
    endloop
  endfacet
  facet normal -5.283626e-01 -5.798370e-01 6.201790e-01
    outer loop
      vertex   -1.732626e+01 8.153275e+00 2.916058e+01
      vertex   -1.743827e+01 8.157736e+00 2.906932e+01
      vertex   -1.737577e+01 8.100783e+00 2.906932e+01
    endloop
  endfacet
  facet normal -5.479920e-01 -5.613223e-01 6.201790e-01
    outer loop
      vertex   -1.732626e+01 8.153275e+00 2.916058e+01
      vertex   -1.737577e+01 8.100783e+00 2.906932e+01
      vertex   -1.726398e+01 8.092472e+00 2.916058e+01
    endloop
  endfacet
  facet normal -5.479920e-01 -5.613223e-01 6.201790e-01
    outer loop
      vertex   -1.726398e+01 8.092472e+00 2.916058e+01
      vertex   -1.737577e+01 8.100783e+00 2.906932e+01
      vertex   -1.731527e+01 8.041714e+00 2.906932e+01
    endloop
  endfacet
  facet normal -5.669731e-01 -5.421434e-01 6.201790e-01
    outer loop
      vertex   -1.726398e+01 8.092472e+00 2.916058e+01
      vertex   -1.731527e+01 8.041714e+00 2.906932e+01
      vertex   -1.720382e+01 8.029564e+00 2.916058e+01
    endloop
  endfacet
  facet normal -4.435650e-01 -6.011442e-01 6.647374e-01
    outer loop
      vertex   -1.755071e+01 8.437319e+00 2.924748e+01
      vertex   -1.759551e+01 8.374279e+00 2.916058e+01
      vertex   -1.747813e+01 8.383770e+00 2.924748e+01
    endloop
  endfacet
  facet normal -4.435678e-01 -6.011387e-01 6.647404e-01
    outer loop
      vertex   -1.747813e+01 8.383770e+00 2.924748e+01
      vertex   -1.759551e+01 8.374279e+00 2.916058e+01
      vertex   -1.752512e+01 8.322339e+00 2.916058e+01
    endloop
  endfacet
  facet normal -4.640304e-01 -5.854871e-01 6.647410e-01
    outer loop
      vertex   -1.747813e+01 8.383770e+00 2.924748e+01
      vertex   -1.752512e+01 8.322339e+00 2.916058e+01
      vertex   -1.740784e+01 8.328054e+00 2.924748e+01
    endloop
  endfacet
  facet normal -4.640304e-01 -5.854871e-01 6.647410e-01
    outer loop
      vertex   -1.740784e+01 8.328054e+00 2.924748e+01
      vertex   -1.752512e+01 8.322339e+00 2.916058e+01
      vertex   -1.745691e+01 8.268276e+00 2.916058e+01
    endloop
  endfacet
  facet normal -4.838922e-01 -5.691816e-01 6.647410e-01
    outer loop
      vertex   -1.740784e+01 8.328054e+00 2.924748e+01
      vertex   -1.745691e+01 8.268276e+00 2.916058e+01
      vertex   -1.733949e+01 8.269954e+00 2.924748e+01
    endloop
  endfacet
  facet normal -4.838922e-01 -5.691816e-01 6.647410e-01
    outer loop
      vertex   -1.733949e+01 8.269954e+00 2.924748e+01
      vertex   -1.745691e+01 8.268276e+00 2.916058e+01
      vertex   -1.739060e+01 8.211899e+00 2.916058e+01
    endloop
  endfacet
  facet normal -5.031815e-01 -5.522027e-01 6.647410e-01
    outer loop
      vertex   -1.733949e+01 8.269954e+00 2.924748e+01
      vertex   -1.739060e+01 8.211899e+00 2.916058e+01
      vertex   -1.727319e+01 8.209538e+00 2.924748e+01
    endloop
  endfacet
  facet normal -5.031815e-01 -5.522027e-01 6.647410e-01
    outer loop
      vertex   -1.727319e+01 8.209538e+00 2.924748e+01
      vertex   -1.739060e+01 8.211899e+00 2.916058e+01
      vertex   -1.732626e+01 8.153275e+00 2.916058e+01
    endloop
  endfacet
  facet normal -5.218754e-01 -5.345704e-01 6.647410e-01
    outer loop
      vertex   -1.727319e+01 8.209538e+00 2.924748e+01
      vertex   -1.732626e+01 8.153275e+00 2.916058e+01
      vertex   -1.720901e+01 8.146877e+00 2.924748e+01
    endloop
  endfacet
  facet normal -5.218754e-01 -5.345704e-01 6.647410e-01
    outer loop
      vertex   -1.720901e+01 8.146877e+00 2.924748e+01
      vertex   -1.732626e+01 8.153275e+00 2.916058e+01
      vertex   -1.726398e+01 8.092472e+00 2.916058e+01
    endloop
  endfacet
  facet normal -5.399518e-01 -5.163056e-01 6.647410e-01
    outer loop
      vertex   -1.720901e+01 8.146877e+00 2.924748e+01
      vertex   -1.726398e+01 8.092472e+00 2.916058e+01
      vertex   -1.714701e+01 8.082045e+00 2.924748e+01
    endloop
  endfacet
  facet normal -5.399518e-01 -5.163056e-01 6.647410e-01
    outer loop
      vertex   -1.714701e+01 8.082045e+00 2.924748e+01
      vertex   -1.726398e+01 8.092472e+00 2.916058e+01
      vertex   -1.720382e+01 8.029564e+00 2.916058e+01
    endloop
  endfacet
  facet normal -4.198623e-01 -5.690294e-01 7.070511e-01
    outer loop
      vertex   -1.750305e+01 8.504371e+00 2.932975e+01
      vertex   -1.755071e+01 8.437319e+00 2.924748e+01
      vertex   -1.742815e+01 8.449110e+00 2.932975e+01
    endloop
  endfacet
  facet normal -4.198647e-01 -5.690241e-01 7.070539e-01
    outer loop
      vertex   -1.742815e+01 8.449110e+00 2.932975e+01
      vertex   -1.755071e+01 8.437319e+00 2.924748e+01
      vertex   -1.747813e+01 8.383770e+00 2.924748e+01
    endloop
  endfacet
  facet normal -4.392381e-01 -5.542056e-01 7.070545e-01
    outer loop
      vertex   -1.742815e+01 8.449110e+00 2.932975e+01
      vertex   -1.747813e+01 8.383770e+00 2.924748e+01
      vertex   -1.735564e+01 8.391637e+00 2.932975e+01
    endloop
  endfacet
  facet normal -4.392381e-01 -5.542056e-01 7.070545e-01
    outer loop
      vertex   -1.735564e+01 8.391637e+00 2.932975e+01
      vertex   -1.747813e+01 8.383770e+00 2.924748e+01
      vertex   -1.740784e+01 8.328054e+00 2.924748e+01
    endloop
  endfacet
  facet normal -4.580387e-01 -5.387713e-01 7.070545e-01
    outer loop
      vertex   -1.735564e+01 8.391637e+00 2.932975e+01
      vertex   -1.740784e+01 8.328054e+00 2.924748e+01
      vertex   -1.728514e+01 8.331704e+00 2.932975e+01
    endloop
  endfacet
  facet normal -4.580387e-01 -5.387713e-01 7.070545e-01
    outer loop
      vertex   -1.728514e+01 8.331704e+00 2.932975e+01
      vertex   -1.740784e+01 8.328054e+00 2.924748e+01
      vertex   -1.733949e+01 8.269954e+00 2.924748e+01
    endloop
  endfacet
  facet normal -4.762974e-01 -5.226995e-01 7.070545e-01
    outer loop
      vertex   -1.728514e+01 8.331704e+00 2.932975e+01
      vertex   -1.733949e+01 8.269954e+00 2.924748e+01
      vertex   -1.721675e+01 8.269381e+00 2.932975e+01
    endloop
  endfacet
  facet normal -4.762974e-01 -5.226995e-01 7.070545e-01
    outer loop
      vertex   -1.721675e+01 8.269381e+00 2.932975e+01
      vertex   -1.733949e+01 8.269954e+00 2.924748e+01
      vertex   -1.727319e+01 8.209538e+00 2.924748e+01
    endloop
  endfacet
  facet normal -4.939925e-01 -5.060092e-01 7.070545e-01
    outer loop
      vertex   -1.721675e+01 8.269381e+00 2.932975e+01
      vertex   -1.727319e+01 8.209538e+00 2.924748e+01
      vertex   -1.715054e+01 8.204744e+00 2.932975e+01
    endloop
  endfacet
  facet normal -4.939925e-01 -5.060092e-01 7.070545e-01
    outer loop
      vertex   -1.715054e+01 8.204744e+00 2.932975e+01
      vertex   -1.727319e+01 8.209538e+00 2.924748e+01
      vertex   -1.720901e+01 8.146877e+00 2.924748e+01
    endloop
  endfacet
  facet normal -3.405745e-01 -4.615935e-01 8.191096e-01
    outer loop
      vertex   -1.734462e+01 8.727269e+00 2.954598e+01
      vertex   -1.739983e+01 8.649591e+00 2.947925e+01
      vertex   -1.726201e+01 8.666316e+00 2.954598e+01
    endloop
  endfacet
  facet normal -3.405761e-01 -4.615886e-01 8.191116e-01
    outer loop
      vertex   -1.726201e+01 8.666316e+00 2.954598e+01
      vertex   -1.739983e+01 8.649591e+00 2.947925e+01
      vertex   -1.731991e+01 8.590623e+00 2.947925e+01
    endloop
  endfacet
  facet normal -3.117168e-01 -4.224879e-01 8.510797e-01
    outer loop
      vertex   -1.728726e+01 8.807979e+00 2.960705e+01
      vertex   -1.734462e+01 8.727269e+00 2.954598e+01
      vertex   -1.720185e+01 8.744964e+00 2.960705e+01
    endloop
  endfacet
  facet normal -3.117181e-01 -4.224833e-01 8.510815e-01
    outer loop
      vertex   -1.720185e+01 8.744964e+00 2.960705e+01
      vertex   -1.734462e+01 8.727269e+00 2.954598e+01
      vertex   -1.726201e+01 8.666316e+00 2.954598e+01
    endloop
  endfacet
  facet normal -2.818042e-01 -3.819515e-01 8.801701e-01
    outer loop
      vertex   -1.722793e+01 8.891447e+00 2.966227e+01
      vertex   -1.728726e+01 8.807979e+00 2.960705e+01
      vertex   -1.713963e+01 8.826299e+00 2.966227e+01
    endloop
  endfacet
  facet normal -2.818053e-01 -3.819472e-01 8.801716e-01
    outer loop
      vertex   -1.713963e+01 8.826299e+00 2.966227e+01
      vertex   -1.728726e+01 8.807979e+00 2.960705e+01
      vertex   -1.720185e+01 8.744964e+00 2.960705e+01
    endloop
  endfacet
  facet normal -6.148493e-01 -7.232208e-01 3.145028e-01
    outer loop
      vertex   -1.767728e+01 7.999848e+00 2.855904e+01
      vertex   -1.770049e+01 7.971564e+00 2.844861e+01
      vertex   -1.762006e+01 7.951209e+00 2.855904e+01
    endloop
  endfacet
  facet normal -6.148493e-01 -7.232208e-01 3.145028e-01
    outer loop
      vertex   -1.762006e+01 7.951209e+00 2.855904e+01
      vertex   -1.770049e+01 7.971564e+00 2.844861e+01
      vertex   -1.764424e+01 7.923740e+00 2.844861e+01
    endloop
  endfacet
  facet normal -6.393589e-01 -7.016468e-01 3.145028e-01
    outer loop
      vertex   -1.762006e+01 7.951209e+00 2.855904e+01
      vertex   -1.764424e+01 7.923740e+00 2.844861e+01
      vertex   -1.756456e+01 7.900630e+00 2.855904e+01
    endloop
  endfacet
  facet normal -6.393589e-01 -7.016468e-01 3.145028e-01
    outer loop
      vertex   -1.756456e+01 7.900630e+00 2.855904e+01
      vertex   -1.764424e+01 7.923740e+00 2.844861e+01
      vertex   -1.758967e+01 7.874010e+00 2.844861e+01
    endloop
  endfacet
  facet normal -6.631119e-01 -6.792426e-01 3.145028e-01
    outer loop
      vertex   -1.756456e+01 7.900630e+00 2.855904e+01
      vertex   -1.758967e+01 7.874010e+00 2.844861e+01
      vertex   -1.751082e+01 7.848173e+00 2.855904e+01
    endloop
  endfacet
  facet normal -6.631119e-01 -6.792426e-01 3.145028e-01
    outer loop
      vertex   -1.751082e+01 7.848173e+00 2.855904e+01
      vertex   -1.758967e+01 7.874010e+00 2.844861e+01
      vertex   -1.753683e+01 7.822432e+00 2.844861e+01
    endloop
  endfacet
  facet normal -6.860805e-01 -6.560347e-01 3.145028e-01
    outer loop
      vertex   -1.751082e+01 7.848173e+00 2.855904e+01
      vertex   -1.753683e+01 7.822432e+00 2.844861e+01
      vertex   -1.745893e+01 7.793898e+00 2.855904e+01
    endloop
  endfacet
  facet normal -6.860805e-01 -6.560347e-01 3.145028e-01
    outer loop
      vertex   -1.745893e+01 7.793898e+00 2.855904e+01
      vertex   -1.753683e+01 7.822432e+00 2.844861e+01
      vertex   -1.748581e+01 7.769067e+00 2.844861e+01
    endloop
  endfacet
  facet normal -7.082372e-01 -6.320507e-01 3.145028e-01
    outer loop
      vertex   -1.745893e+01 7.793898e+00 2.855904e+01
      vertex   -1.748581e+01 7.769067e+00 2.844861e+01
      vertex   -1.740893e+01 7.737871e+00 2.855904e+01
    endloop
  endfacet
  facet normal -7.082372e-01 -6.320507e-01 3.145028e-01
    outer loop
      vertex   -1.740893e+01 7.737871e+00 2.855904e+01
      vertex   -1.748581e+01 7.769067e+00 2.844861e+01
      vertex   -1.743664e+01 7.713979e+00 2.844861e+01
    endloop
  endfacet
  facet normal -6.259620e-01 -6.869448e-01 3.691590e-01
    outer loop
      vertex   -1.756456e+01 7.900630e+00 2.855904e+01
      vertex   -1.753509e+01 7.931877e+00 2.866716e+01
      vertex   -1.762006e+01 7.951209e+00 2.855904e+01
    endloop
  endfacet
  facet normal -6.259620e-01 -6.869448e-01 3.691590e-01
    outer loop
      vertex   -1.762006e+01 7.951209e+00 2.855904e+01
      vertex   -1.753509e+01 7.931877e+00 2.866716e+01
      vertex   -1.759168e+01 7.983450e+00 2.866716e+01
    endloop
  endfacet
  facet normal -6.019660e-01 -7.080668e-01 3.691590e-01
    outer loop
      vertex   -1.762006e+01 7.951209e+00 2.855904e+01
      vertex   -1.759168e+01 7.983450e+00 2.866716e+01
      vertex   -1.767728e+01 7.999848e+00 2.855904e+01
    endloop
  endfacet
  facet normal -6.104474e-01 -6.699188e-01 4.225669e-01
    outer loop
      vertex   -1.759168e+01 7.983450e+00 2.866716e+01
      vertex   -1.753509e+01 7.931877e+00 2.866716e+01
      vertex   -1.750135e+01 7.967644e+00 2.877260e+01
    endloop
  endfacet
  facet normal -6.331264e-01 -6.485277e-01 4.225669e-01
    outer loop
      vertex   -1.750135e+01 7.967644e+00 2.877260e+01
      vertex   -1.753509e+01 7.931877e+00 2.866716e+01
      vertex   -1.744535e+01 7.912973e+00 2.877260e+01
    endloop
  endfacet
  facet normal -6.148933e-01 -6.298510e-01 4.745460e-01
    outer loop
      vertex   -1.750135e+01 7.967644e+00 2.877260e+01
      vertex   -1.744535e+01 7.912973e+00 2.877260e+01
      vertex   -1.740610e+01 7.951813e+00 2.887500e+01
    endloop
  endfacet
  facet normal -6.361917e-01 -6.083307e-01 4.745460e-01
    outer loop
      vertex   -1.740610e+01 7.951813e+00 2.887500e+01
      vertex   -1.744535e+01 7.912973e+00 2.877260e+01
      vertex   -1.735070e+01 7.893875e+00 2.887500e+01
    endloop
  endfacet
  facet normal -6.151744e-01 -5.882339e-01 5.249203e-01
    outer loop
      vertex   -1.740610e+01 7.951813e+00 2.887500e+01
      vertex   -1.735070e+01 7.893875e+00 2.887500e+01
      vertex   -1.730584e+01 7.935319e+00 2.897402e+01
    endloop
  endfacet
  facet normal -6.350413e-01 -5.667286e-01 5.249203e-01
    outer loop
      vertex   -1.730584e+01 7.935319e+00 2.897402e+01
      vertex   -1.735070e+01 7.893875e+00 2.887500e+01
      vertex   -1.725107e+01 7.873943e+00 2.897402e+01
    endloop
  endfacet
  facet normal -6.111964e-01 -5.454487e-01 5.735195e-01
    outer loop
      vertex   -1.730584e+01 7.935319e+00 2.897402e+01
      vertex   -1.725107e+01 7.873943e+00 2.897402e+01
      vertex   -1.720053e+01 7.917511e+00 2.906932e+01
    endloop
  endfacet
  facet normal -6.492174e-01 -6.650101e-01 3.691590e-01
    outer loop
      vertex   -1.753509e+01 7.931877e+00 2.866716e+01
      vertex   -1.756456e+01 7.900630e+00 2.855904e+01
      vertex   -1.748029e+01 7.878387e+00 2.866716e+01
    endloop
  endfacet
  facet normal -6.492174e-01 -6.650101e-01 3.691590e-01
    outer loop
      vertex   -1.748029e+01 7.878387e+00 2.866716e+01
      vertex   -1.756456e+01 7.900630e+00 2.855904e+01
      vertex   -1.751082e+01 7.848173e+00 2.855904e+01
    endloop
  endfacet
  facet normal -6.717046e-01 -6.422885e-01 3.691590e-01
    outer loop
      vertex   -1.748029e+01 7.878387e+00 2.866716e+01
      vertex   -1.751082e+01 7.848173e+00 2.855904e+01
      vertex   -1.742738e+01 7.823045e+00 2.866716e+01
    endloop
  endfacet
  facet normal -6.717046e-01 -6.422885e-01 3.691590e-01
    outer loop
      vertex   -1.742738e+01 7.823045e+00 2.866716e+01
      vertex   -1.751082e+01 7.848173e+00 2.855904e+01
      vertex   -1.745893e+01 7.793898e+00 2.855904e+01
    endloop
  endfacet
  facet normal -6.933971e-01 -6.188070e-01 3.691590e-01
    outer loop
      vertex   -1.742738e+01 7.823045e+00 2.866716e+01
      vertex   -1.745893e+01 7.793898e+00 2.855904e+01
      vertex   -1.737639e+01 7.765916e+00 2.866716e+01
    endloop
  endfacet
  facet normal -6.933971e-01 -6.188070e-01 3.691590e-01
    outer loop
      vertex   -1.737639e+01 7.765916e+00 2.866716e+01
      vertex   -1.745893e+01 7.793898e+00 2.855904e+01
      vertex   -1.740893e+01 7.737871e+00 2.855904e+01
    endloop
  endfacet
  facet normal -7.200061e-01 -6.884747e-01 8.714295e-02
    outer loop
      vertex   -1.759415e+01 7.765709e+00 2.799129e+01
      vertex   -1.754504e+01 7.714349e+00 2.799129e+01
      vertex   -1.753759e+01 7.721229e+00 2.810719e+01
    endloop
  endfacet
  facet normal -7.432584e-01 -6.633046e-01 8.714295e-02
    outer loop
      vertex   -1.753759e+01 7.721229e+00 2.810719e+01
      vertex   -1.754504e+01 7.714349e+00 2.799129e+01
      vertex   -1.749004e+01 7.667950e+00 2.810719e+01
    endloop
  endfacet
  facet normal -7.382215e-01 -6.588095e-01 1.449109e-01
    outer loop
      vertex   -1.753759e+01 7.721229e+00 2.810719e+01
      vertex   -1.749004e+01 7.667950e+00 2.810719e+01
      vertex   -1.747727e+01 7.678959e+00 2.822230e+01
    endloop
  endfacet
  facet normal -7.604428e-01 -6.330305e-01 1.449109e-01
    outer loop
      vertex   -1.747727e+01 7.678959e+00 2.822230e+01
      vertex   -1.749004e+01 7.667950e+00 2.810719e+01
      vertex   -1.743121e+01 7.623631e+00 2.822230e+01
    endloop
  endfacet
  facet normal -7.526818e-01 -6.265698e-01 2.021889e-01
    outer loop
      vertex   -1.747727e+01 7.678959e+00 2.822230e+01
      vertex   -1.743121e+01 7.623631e+00 2.822230e+01
      vertex   -1.741287e+01 7.638369e+00 2.833623e+01
    endloop
  endfacet
  facet normal -7.737858e-01 -6.003126e-01 2.021889e-01
    outer loop
      vertex   -1.741287e+01 7.638369e+00 2.833623e+01
      vertex   -1.743121e+01 7.623631e+00 2.822230e+01
      vertex   -1.736825e+01 7.580850e+00 2.833623e+01
    endloop
  endfacet
  facet normal -7.631896e-01 -5.920920e-01 2.587833e-01
    outer loop
      vertex   -1.741287e+01 7.638369e+00 2.833623e+01
      vertex   -1.736825e+01 7.580850e+00 2.833623e+01
      vertex   -1.734415e+01 7.598895e+00 2.844861e+01
    endloop
  endfacet
  facet normal -7.831193e-01 -5.654692e-01 2.587832e-01
    outer loop
      vertex   -1.734415e+01 7.598895e+00 2.844861e+01
      vertex   -1.736825e+01 7.580850e+00 2.833623e+01
      vertex   -1.732556e+01 7.521722e+00 2.833623e+01
    endloop
  endfacet
  facet normal -7.831247e-01 -5.654638e-01 2.587786e-01
    outer loop
      vertex   -1.734415e+01 7.598895e+00 2.844861e+01
      vertex   -1.732556e+01 7.521722e+00 2.833623e+01
      vertex   -1.730082e+01 7.538898e+00 2.844861e+01
    endloop
  endfacet
  facet normal -8.021028e-01 -5.382006e-01 2.587881e-01
    outer loop
      vertex   -1.730082e+01 7.538898e+00 2.844861e+01
      vertex   -1.732556e+01 7.521722e+00 2.833623e+01
      vertex   -1.728507e+01 7.461380e+00 2.833623e+01
    endloop
  endfacet
  facet normal -8.021080e-01 -5.381950e-01 2.587835e-01
    outer loop
      vertex   -1.730082e+01 7.538898e+00 2.844861e+01
      vertex   -1.728507e+01 7.461380e+00 2.833623e+01
      vertex   -1.725978e+01 7.477725e+00 2.844861e+01
    endloop
  endfacet
  facet normal -8.201234e-01 -5.103223e-01 2.587833e-01
    outer loop
      vertex   -1.725978e+01 7.477725e+00 2.844861e+01
      vertex   -1.728507e+01 7.461380e+00 2.833623e+01
      vertex   -1.722077e+01 7.415036e+00 2.844861e+01
    endloop
  endfacet
  facet normal -8.059622e-01 -5.015105e-01 3.145028e-01
    outer loop
      vertex   -1.725978e+01 7.477725e+00 2.844861e+01
      vertex   -1.722077e+01 7.415036e+00 2.844861e+01
      vertex   -1.718937e+01 7.433832e+00 2.855904e+01
    endloop
  endfacet
  facet normal -6.550563e-01 -6.263692e-01 4.225669e-01
    outer loop
      vertex   -1.742738e+01 7.823045e+00 2.866716e+01
      vertex   -1.739126e+01 7.856408e+00 2.877260e+01
      vertex   -1.748029e+01 7.878387e+00 2.866716e+01
    endloop
  endfacet
  facet normal -6.550563e-01 -6.263692e-01 4.225669e-01
    outer loop
      vertex   -1.748029e+01 7.878387e+00 2.866716e+01
      vertex   -1.739126e+01 7.856408e+00 2.877260e+01
      vertex   -1.744535e+01 7.912973e+00 2.877260e+01
    endloop
  endfacet
  facet normal -6.331264e-01 -6.485277e-01 4.225669e-01
    outer loop
      vertex   -1.748029e+01 7.878387e+00 2.866716e+01
      vertex   -1.744535e+01 7.912973e+00 2.877260e+01
      vertex   -1.753509e+01 7.931877e+00 2.866716e+01
    endloop
  endfacet
  facet normal -6.361917e-01 -6.083307e-01 4.745460e-01
    outer loop
      vertex   -1.744535e+01 7.912973e+00 2.877260e+01
      vertex   -1.739126e+01 7.856408e+00 2.877260e+01
      vertex   -1.735070e+01 7.893875e+00 2.887500e+01
    endloop
  endfacet
  facet normal -6.567373e-01 -5.860907e-01 4.745460e-01
    outer loop
      vertex   -1.735070e+01 7.893875e+00 2.887500e+01
      vertex   -1.739126e+01 7.856408e+00 2.877260e+01
      vertex   -1.729733e+01 7.834067e+00 2.887500e+01
    endloop
  endfacet
  facet normal -6.350413e-01 -5.667286e-01 5.249203e-01
    outer loop
      vertex   -1.735070e+01 7.893875e+00 2.887500e+01
      vertex   -1.729733e+01 7.834067e+00 2.887500e+01
      vertex   -1.725107e+01 7.873943e+00 2.897402e+01
    endloop
  endfacet
  facet normal -6.762111e-01 -6.034697e-01 4.225669e-01
    outer loop
      vertex   -1.737639e+01 7.765916e+00 2.866716e+01
      vertex   -1.733915e+01 7.798017e+00 2.877260e+01
      vertex   -1.742738e+01 7.823045e+00 2.866716e+01
    endloop
  endfacet
  facet normal -6.762111e-01 -6.034697e-01 4.225669e-01
    outer loop
      vertex   -1.742738e+01 7.823045e+00 2.866716e+01
      vertex   -1.733915e+01 7.798017e+00 2.877260e+01
      vertex   -1.739126e+01 7.856408e+00 2.877260e+01
    endloop
  endfacet
  facet normal -6.567373e-01 -5.860907e-01 4.745460e-01
    outer loop
      vertex   -1.733915e+01 7.798017e+00 2.877260e+01
      vertex   -1.729733e+01 7.834067e+00 2.887500e+01
      vertex   -1.739126e+01 7.856408e+00 2.877260e+01
    endloop
  endfacet
  facet normal -7.432584e-01 -6.633046e-01 8.714295e-02
    outer loop
      vertex   -1.754504e+01 7.714349e+00 2.799129e+01
      vertex   -1.749772e+01 7.661330e+00 2.799129e+01
      vertex   -1.749004e+01 7.667950e+00 2.810719e+01
    endloop
  endfacet
  facet normal -7.656314e-01 -6.373497e-01 8.714295e-02
    outer loop
      vertex   -1.749004e+01 7.667950e+00 2.810719e+01
      vertex   -1.749772e+01 7.661330e+00 2.799129e+01
      vertex   -1.744435e+01 7.613068e+00 2.810719e+01
    endloop
  endfacet
  facet normal -7.604428e-01 -6.330305e-01 1.449109e-01
    outer loop
      vertex   -1.749004e+01 7.667950e+00 2.810719e+01
      vertex   -1.744435e+01 7.613068e+00 2.810719e+01
      vertex   -1.743121e+01 7.623631e+00 2.822230e+01
    endloop
  endfacet
  facet normal -7.817644e-01 -6.065025e-01 1.449109e-01
    outer loop
      vertex   -1.743121e+01 7.623631e+00 2.822230e+01
      vertex   -1.744435e+01 7.613068e+00 2.810719e+01
      vertex   -1.738708e+01 7.566751e+00 2.822230e+01
    endloop
  endfacet
  facet normal -7.737858e-01 -6.003126e-01 2.021889e-01
    outer loop
      vertex   -1.743121e+01 7.623631e+00 2.822230e+01
      vertex   -1.738708e+01 7.566751e+00 2.822230e+01
      vertex   -1.736825e+01 7.580850e+00 2.833623e+01
    endloop
  endfacet
  facet normal -7.939877e-01 -5.733265e-01 2.021888e-01
    outer loop
      vertex   -1.736825e+01 7.580850e+00 2.833623e+01
      vertex   -1.738708e+01 7.566751e+00 2.822230e+01
      vertex   -1.734488e+01 7.508307e+00 2.822230e+01
    endloop
  endfacet
  facet normal -7.939930e-01 -5.733208e-01 2.021841e-01
    outer loop
      vertex   -1.736825e+01 7.580850e+00 2.833623e+01
      vertex   -1.734488e+01 7.508307e+00 2.822230e+01
      vertex   -1.732556e+01 7.521722e+00 2.833623e+01
    endloop
  endfacet
  facet normal -8.132352e-01 -5.456796e-01 2.021937e-01
    outer loop
      vertex   -1.732556e+01 7.521722e+00 2.833623e+01
      vertex   -1.734488e+01 7.508307e+00 2.822230e+01
      vertex   -1.730482e+01 7.448609e+00 2.822230e+01
    endloop
  endfacet
  facet normal -8.132403e-01 -5.456738e-01 2.021890e-01
    outer loop
      vertex   -1.732556e+01 7.521722e+00 2.833623e+01
      vertex   -1.730482e+01 7.448609e+00 2.822230e+01
      vertex   -1.728507e+01 7.461380e+00 2.833623e+01
    endloop
  endfacet
  facet normal -8.315100e-01 -5.174077e-01 2.021889e-01
    outer loop
      vertex   -1.728507e+01 7.461380e+00 2.833623e+01
      vertex   -1.730482e+01 7.448609e+00 2.822230e+01
      vertex   -1.724661e+01 7.399570e+00 2.833623e+01
    endloop
  endfacet
  facet normal -8.201234e-01 -5.103223e-01 2.587833e-01
    outer loop
      vertex   -1.728507e+01 7.461380e+00 2.833623e+01
      vertex   -1.724661e+01 7.399570e+00 2.833623e+01
      vertex   -1.722077e+01 7.415036e+00 2.844861e+01
    endloop
  endfacet
  facet normal -7.870984e-01 -6.106408e-01 8.714295e-02
    outer loop
      vertex   -1.745226e+01 7.606716e+00 2.799129e+01
      vertex   -1.740058e+01 7.556647e+00 2.810719e+01
      vertex   -1.744435e+01 7.613068e+00 2.810719e+01
    endloop
  endfacet
  facet normal -7.817644e-01 -6.065025e-01 1.449109e-01
    outer loop
      vertex   -1.744435e+01 7.613068e+00 2.810719e+01
      vertex   -1.740058e+01 7.556647e+00 2.810719e+01
      vertex   -1.738708e+01 7.566751e+00 2.822230e+01
    endloop
  endfacet
  facet normal -8.021751e-01 -5.792385e-01 1.449061e-01
    outer loop
      vertex   -1.734488e+01 7.508307e+00 2.822230e+01
      vertex   -1.738708e+01 7.566751e+00 2.822230e+01
      vertex   -1.735874e+01 7.498700e+00 2.810719e+01
    endloop
  endfacet
  facet normal -8.021700e-01 -5.792444e-01 1.449108e-01
    outer loop
      vertex   -1.735874e+01 7.498700e+00 2.810719e+01
      vertex   -1.738708e+01 7.566751e+00 2.822230e+01
      vertex   -1.740058e+01 7.556647e+00 2.810719e+01
    endloop
  endfacet
  facet normal -7.136516e-01 -5.152745e-01 4.745456e-01
    outer loop
      vertex   -1.719513e+01 7.612350e+00 2.877260e+01
      vertex   -1.719691e+01 7.709122e+00 2.887500e+01
      vertex   -1.724111e+01 7.676033e+00 2.877260e+01
    endloop
  endfacet
  facet normal -7.348147e-01 -5.305548e-01 4.225623e-01
    outer loop
      vertex   -1.719513e+01 7.612350e+00 2.877260e+01
      vertex   -1.724111e+01 7.676033e+00 2.877260e+01
      vertex   -1.723550e+01 7.584289e+00 2.866716e+01
    endloop
  endfacet
  facet normal -7.348090e-01 -5.305594e-01 4.225666e-01
    outer loop
      vertex   -1.723550e+01 7.584289e+00 2.866716e+01
      vertex   -1.724111e+01 7.676033e+00 2.877260e+01
      vertex   -1.728047e+01 7.646567e+00 2.866716e+01
    endloop
  endfacet
  facet normal -7.656314e-01 -6.373497e-01 8.714295e-02
    outer loop
      vertex   -1.749772e+01 7.661330e+00 2.799129e+01
      vertex   -1.745226e+01 7.606716e+00 2.799129e+01
      vertex   -1.744435e+01 7.613068e+00 2.810719e+01
    endloop
  endfacet
  facet normal -8.216165e-01 -5.513127e-01 1.449156e-01
    outer loop
      vertex   -1.734488e+01 7.508307e+00 2.822230e+01
      vertex   -1.735874e+01 7.498700e+00 2.810719e+01
      vertex   -1.731899e+01 7.439456e+00 2.810719e+01
    endloop
  endfacet
  facet normal -8.216214e-01 -5.513067e-01 1.449109e-01
    outer loop
      vertex   -1.734488e+01 7.508307e+00 2.822230e+01
      vertex   -1.731899e+01 7.439456e+00 2.810719e+01
      vertex   -1.730482e+01 7.448609e+00 2.822230e+01
    endloop
  endfacet
  facet normal -8.400839e-01 -5.227427e-01 1.449109e-01
    outer loop
      vertex   -1.730482e+01 7.448609e+00 2.822230e+01
      vertex   -1.731899e+01 7.439456e+00 2.810719e+01
      vertex   -1.726679e+01 7.387486e+00 2.822230e+01
    endloop
  endfacet
  facet normal -8.315100e-01 -5.174077e-01 2.021889e-01
    outer loop
      vertex   -1.730482e+01 7.448609e+00 2.822230e+01
      vertex   -1.726679e+01 7.387486e+00 2.822230e+01
      vertex   -1.724661e+01 7.399570e+00 2.833623e+01
    endloop
  endfacet
  facet normal -7.526195e-01 -5.049724e-01 4.225716e-01
    outer loop
      vertex   -1.719513e+01 7.612350e+00 2.877260e+01
      vertex   -1.723550e+01 7.584289e+00 2.866716e+01
      vertex   -1.719297e+01 7.520907e+00 2.866716e+01
    endloop
  endfacet
  facet normal -7.526251e-01 -5.049676e-01 4.225673e-01
    outer loop
      vertex   -1.719297e+01 7.520907e+00 2.866716e+01
      vertex   -1.715168e+01 7.547597e+00 2.877260e+01
      vertex   -1.719513e+01 7.612350e+00 2.877260e+01
    endloop
  endfacet
  facet normal -8.799956e-01 -4.669195e-01 8.714295e-02
    outer loop
      vertex   -1.724564e+01 7.316934e+00 2.810719e+01
      vertex   -1.725451e+01 7.312028e+00 2.799129e+01
      vertex   -1.721217e+01 7.253853e+00 2.810719e+01
    endloop
  endfacet
  facet normal -8.799956e-01 -4.669195e-01 8.714295e-02
    outer loop
      vertex   -1.721217e+01 7.253853e+00 2.810719e+01
      vertex   -1.725451e+01 7.312028e+00 2.799129e+01
      vertex   -1.722121e+01 7.249255e+00 2.799129e+01
    endloop
  endfacet
  facet normal -8.955335e-01 -4.363781e-01 8.714295e-02
    outer loop
      vertex   -1.721217e+01 7.253853e+00 2.810719e+01
      vertex   -1.722121e+01 7.249255e+00 2.799129e+01
      vertex   -1.718089e+01 7.189659e+00 2.810719e+01
    endloop
  endfacet
  facet normal -8.955335e-01 -4.363781e-01 8.714295e-02
    outer loop
      vertex   -1.718089e+01 7.189659e+00 2.810719e+01
      vertex   -1.722121e+01 7.249255e+00 2.799129e+01
      vertex   -1.719008e+01 7.185375e+00 2.799129e+01
    endloop
  endfacet
  facet normal -9.100118e-01 -4.053204e-01 8.714295e-02
    outer loop
      vertex   -1.718089e+01 7.189659e+00 2.810719e+01
      vertex   -1.719008e+01 7.185375e+00 2.799129e+01
      vertex   -1.715183e+01 7.124427e+00 2.810719e+01
    endloop
  endfacet
  facet normal -8.740320e-01 -4.637552e-01 1.449109e-01
    outer loop
      vertex   -1.724564e+01 7.316934e+00 2.810719e+01
      vertex   -1.721217e+01 7.253853e+00 2.810719e+01
      vertex   -1.719714e+01 7.261499e+00 2.822230e+01
    endloop
  endfacet
  facet normal -8.894646e-01 -4.334208e-01 1.449109e-01
    outer loop
      vertex   -1.719714e+01 7.261499e+00 2.822230e+01
      vertex   -1.721217e+01 7.253853e+00 2.810719e+01
      vertex   -1.716561e+01 7.196783e+00 2.822230e+01
    endloop
  endfacet
  facet normal -8.803868e-01 -4.289974e-01 2.021889e-01
    outer loop
      vertex   -1.719714e+01 7.261499e+00 2.822230e+01
      vertex   -1.716561e+01 7.196783e+00 2.822230e+01
      vertex   -1.714428e+01 7.206723e+00 2.833623e+01
    endloop
  endfacet
  facet normal -8.946202e-01 -3.984649e-01 2.021889e-01
    outer loop
      vertex   -1.714428e+01 7.206723e+00 2.833623e+01
      vertex   -1.716561e+01 7.196783e+00 2.822230e+01
      vertex   -1.711466e+01 7.140222e+00 2.833623e+01
    endloop
  endfacet
  facet normal -8.823693e-01 -3.930084e-01 2.587833e-01
    outer loop
      vertex   -1.714428e+01 7.206723e+00 2.833623e+01
      vertex   -1.711466e+01 7.140222e+00 2.833623e+01
      vertex   -1.708695e+01 7.151998e+00 2.844861e+01
    endloop
  endfacet
  facet normal -8.953638e-01 -3.624290e-01 2.587833e-01
    outer loop
      vertex   -1.708695e+01 7.151998e+00 2.844861e+01
      vertex   -1.711466e+01 7.140222e+00 2.833623e+01
      vertex   -1.705925e+01 7.083558e+00 2.844861e+01
    endloop
  endfacet
  facet normal -8.894646e-01 -4.334208e-01 1.449109e-01
    outer loop
      vertex   -1.716561e+01 7.196783e+00 2.822230e+01
      vertex   -1.721217e+01 7.253853e+00 2.810719e+01
      vertex   -1.718089e+01 7.189659e+00 2.810719e+01
    endloop
  endfacet
  facet normal -9.038448e-01 -4.025735e-01 1.449109e-01
    outer loop
      vertex   -1.716561e+01 7.196783e+00 2.822230e+01
      vertex   -1.718089e+01 7.189659e+00 2.810719e+01
      vertex   -1.713632e+01 7.131021e+00 2.822230e+01
    endloop
  endfacet
  facet normal -9.038448e-01 -4.025735e-01 1.449109e-01
    outer loop
      vertex   -1.713632e+01 7.131021e+00 2.822230e+01
      vertex   -1.718089e+01 7.189659e+00 2.810719e+01
      vertex   -1.715183e+01 7.124427e+00 2.810719e+01
    endloop
  endfacet
  facet normal -9.171555e-01 -3.712500e-01 1.449109e-01
    outer loop
      vertex   -1.713632e+01 7.131021e+00 2.822230e+01
      vertex   -1.715183e+01 7.124427e+00 2.810719e+01
      vertex   -1.710930e+01 7.064291e+00 2.822230e+01
    endloop
  endfacet
  facet normal -8.946202e-01 -3.984649e-01 2.021889e-01
    outer loop
      vertex   -1.716561e+01 7.196783e+00 2.822230e+01
      vertex   -1.713632e+01 7.131021e+00 2.822230e+01
      vertex   -1.711466e+01 7.140222e+00 2.833623e+01
    endloop
  endfacet
  facet normal -9.077952e-01 -3.674610e-01 2.021889e-01
    outer loop
      vertex   -1.711466e+01 7.140222e+00 2.833623e+01
      vertex   -1.713632e+01 7.131021e+00 2.822230e+01
      vertex   -1.708735e+01 7.072741e+00 2.833623e+01
    endloop
  endfacet
  facet normal -8.953638e-01 -3.624290e-01 2.587833e-01
    outer loop
      vertex   -1.711466e+01 7.140222e+00 2.833623e+01
      vertex   -1.708735e+01 7.072741e+00 2.833623e+01
      vertex   -1.705925e+01 7.083558e+00 2.844861e+01
    endloop
  endfacet
  facet normal -9.072989e-01 -3.314209e-01 2.587833e-01
    outer loop
      vertex   -1.705925e+01 7.083558e+00 2.844861e+01
      vertex   -1.708735e+01 7.072741e+00 2.833623e+01
      vertex   -1.703391e+01 7.014205e+00 2.844861e+01
    endloop
  endfacet
  facet normal -9.077952e-01 -3.674610e-01 2.021889e-01
    outer loop
      vertex   -1.708735e+01 7.072741e+00 2.833623e+01
      vertex   -1.713632e+01 7.131021e+00 2.822230e+01
      vertex   -1.710930e+01 7.064291e+00 2.822230e+01
    endloop
  endfacet
  facet normal -9.357224e-01 -3.418035e-01 8.714295e-02
    outer loop
      vertex   -1.713450e+01 7.054592e+00 2.799129e+01
      vertex   -1.711012e+01 6.987844e+00 2.799129e+01
      vertex   -1.710054e+01 6.991159e+00 2.810719e+01
    endloop
  endfacet
  facet normal -9.469243e-01 -3.094195e-01 8.714295e-02
    outer loop
      vertex   -1.710054e+01 6.991159e+00 2.810719e+01
      vertex   -1.711012e+01 6.987844e+00 2.799129e+01
      vertex   -1.707836e+01 6.923281e+00 2.810719e+01
    endloop
  endfacet
  facet normal -9.405071e-01 -3.073226e-01 1.449109e-01
    outer loop
      vertex   -1.710054e+01 6.991159e+00 2.810719e+01
      vertex   -1.707836e+01 6.923281e+00 2.810719e+01
      vertex   -1.706224e+01 6.928241e+00 2.822230e+01
    endloop
  endfacet
  facet normal -9.505203e-01 -2.747945e-01 1.449109e-01
    outer loop
      vertex   -1.706224e+01 6.928241e+00 2.822230e+01
      vertex   -1.707836e+01 6.923281e+00 2.810719e+01
      vertex   -1.704225e+01 6.859083e+00 2.822230e+01
    endloop
  endfacet
  facet normal -9.408194e-01 -2.719900e-01 2.021889e-01
    outer loop
      vertex   -1.706224e+01 6.928241e+00 2.822230e+01
      vertex   -1.704225e+01 6.859083e+00 2.822230e+01
      vertex   -1.701954e+01 6.865228e+00 2.833623e+01
    endloop
  endfacet
  facet normal -9.496172e-01 -2.394720e-01 2.021889e-01
    outer loop
      vertex   -1.701954e+01 6.865228e+00 2.833623e+01
      vertex   -1.704225e+01 6.859083e+00 2.822230e+01
      vertex   -1.700174e+01 6.794638e+00 2.833623e+01
    endloop
  endfacet
  facet normal -9.366132e-01 -2.361927e-01 2.587833e-01
    outer loop
      vertex   -1.701954e+01 6.865228e+00 2.833623e+01
      vertex   -1.700174e+01 6.794638e+00 2.833623e+01
      vertex   -1.697242e+01 6.801498e+00 2.844861e+01
    endloop
  endfacet
  facet normal -9.198960e-01 -3.360224e-01 2.021889e-01
    outer loop
      vertex   -1.708735e+01 7.072741e+00 2.833623e+01
      vertex   -1.710930e+01 7.064291e+00 2.822230e+01
      vertex   -1.706237e+01 7.004361e+00 2.833623e+01
    endloop
  endfacet
  facet normal -9.181606e-01 -3.000206e-01 2.587833e-01
    outer loop
      vertex   -1.701098e+01 6.944022e+00 2.844861e+01
      vertex   -1.703391e+01 7.014205e+00 2.844861e+01
      vertex   -1.706237e+01 7.004361e+00 2.833623e+01
    endloop
  endfacet
  facet normal -9.072989e-01 -3.314209e-01 2.587833e-01
    outer loop
      vertex   -1.706237e+01 7.004361e+00 2.833623e+01
      vertex   -1.703391e+01 7.014205e+00 2.844861e+01
      vertex   -1.708735e+01 7.072741e+00 2.833623e+01
    endloop
  endfacet
  facet normal -9.570058e-01 -2.766695e-01 8.714295e-02
    outer loop
      vertex   -1.708805e+01 6.920298e+00 2.799129e+01
      vertex   -1.705853e+01 6.854680e+00 2.810719e+01
      vertex   -1.707836e+01 6.923281e+00 2.810719e+01
    endloop
  endfacet
  facet normal -9.505203e-01 -2.747945e-01 1.449109e-01
    outer loop
      vertex   -1.707836e+01 6.923281e+00 2.810719e+01
      vertex   -1.705853e+01 6.854680e+00 2.810719e+01
      vertex   -1.704225e+01 6.859083e+00 2.822230e+01
    endloop
  endfacet
  facet normal -9.496172e-01 -2.394720e-01 2.021889e-01
    outer loop
      vertex   -1.700174e+01 6.794638e+00 2.833623e+01
      vertex   -1.704225e+01 6.859083e+00 2.822230e+01
      vertex   -1.702465e+01 6.789279e+00 2.822230e+01
    endloop
  endfacet
  facet normal -9.594088e-01 -2.419412e-01 1.449109e-01
    outer loop
      vertex   -1.702465e+01 6.789279e+00 2.822230e+01
      vertex   -1.704225e+01 6.859083e+00 2.822230e+01
      vertex   -1.705853e+01 6.854680e+00 2.810719e+01
    endloop
  endfacet
  facet normal -9.469243e-01 -3.094195e-01 8.714295e-02
    outer loop
      vertex   -1.711012e+01 6.987844e+00 2.799129e+01
      vertex   -1.708805e+01 6.920298e+00 2.799129e+01
      vertex   -1.707836e+01 6.923281e+00 2.810719e+01
    endloop
  endfacet
  facet normal -9.804154e-01 -1.766120e-01 8.714295e-02
    outer loop
      vertex   -1.702599e+01 6.715636e+00 2.810719e+01
      vertex   -1.703594e+01 6.713667e+00 2.799129e+01
      vertex   -1.701333e+01 6.645357e+00 2.810719e+01
    endloop
  endfacet
  facet normal -9.804154e-01 -1.766120e-01 8.714295e-02
    outer loop
      vertex   -1.701333e+01 6.645357e+00 2.810719e+01
      vertex   -1.703594e+01 6.713667e+00 2.799129e+01
      vertex   -1.702334e+01 6.643731e+00 2.799129e+01
    endloop
  endfacet
  facet normal -9.859095e-01 -1.427887e-01 8.714295e-02
    outer loop
      vertex   -1.701333e+01 6.645357e+00 2.810719e+01
      vertex   -1.702334e+01 6.643731e+00 2.799129e+01
      vertex   -1.700310e+01 6.574684e+00 2.810719e+01
    endloop
  endfacet
  facet normal -9.859095e-01 -1.427887e-01 8.714295e-02
    outer loop
      vertex   -1.700310e+01 6.574684e+00 2.810719e+01
      vertex   -1.702334e+01 6.643731e+00 2.799129e+01
      vertex   -1.701316e+01 6.573404e+00 2.799129e+01
    endloop
  endfacet
  facet normal -9.902371e-01 -1.087964e-01 8.714295e-02
    outer loop
      vertex   -1.700310e+01 6.574684e+00 2.810719e+01
      vertex   -1.701316e+01 6.573404e+00 2.799129e+01
      vertex   -1.699530e+01 6.503701e+00 2.810719e+01
    endloop
  endfacet
  facet normal -9.506343e-01 -1.712473e-01 2.587833e-01
    outer loop
      vertex   -1.695684e+01 6.729325e+00 2.844861e+01
      vertex   -1.698638e+01 6.723478e+00 2.833623e+01
      vertex   -1.694375e+01 6.656660e+00 2.844861e+01
    endloop
  endfacet
  facet normal -9.506343e-01 -1.712473e-01 2.587833e-01
    outer loop
      vertex   -1.694375e+01 6.656660e+00 2.844861e+01
      vertex   -1.698638e+01 6.723478e+00 2.833623e+01
      vertex   -1.697347e+01 6.651832e+00 2.833623e+01
    endloop
  endfacet
  facet normal -9.559615e-01 -1.384513e-01 2.587833e-01
    outer loop
      vertex   -1.694375e+01 6.656660e+00 2.844861e+01
      vertex   -1.697347e+01 6.651832e+00 2.833623e+01
      vertex   -1.693317e+01 6.583588e+00 2.844861e+01
    endloop
  endfacet
  facet normal -9.559615e-01 -1.384513e-01 2.587833e-01
    outer loop
      vertex   -1.693317e+01 6.583588e+00 2.844861e+01
      vertex   -1.697347e+01 6.651832e+00 2.833623e+01
      vertex   -1.696304e+01 6.579785e+00 2.833623e+01
    endloop
  endfacet
  facet normal 0.000000e+00 -0.000000e+00 1.000000e+00
    outer loop
      vertex   -2.112500e+01 9.812500e+00 2.987500e+01
      vertex   -2.097914e+01 9.894454e+00 2.987500e+01
      vertex   -2.112500e+01 1.595000e+01 2.987500e+01
    endloop
  endfacet
  facet normal 0.000000e+00 0.000000e+00 1.000000e+00
    outer loop
      vertex   -2.112500e+01 1.595000e+01 2.987500e+01
      vertex   -2.097914e+01 9.894454e+00 2.987500e+01
      vertex   -2.083003e+01 9.970334e+00 2.987500e+01
    endloop
  endfacet
  facet normal 0.000000e+00 0.000000e+00 1.000000e+00
    outer loop
      vertex   -2.112500e+01 1.595000e+01 2.987500e+01
      vertex   -2.083003e+01 9.970334e+00 2.987500e+01
      vertex   -2.067792e+01 1.004001e+01 2.987500e+01
    endloop
  endfacet
  facet normal 0.000000e+00 -0.000000e+00 1.000000e+00
    outer loop
      vertex   -2.067792e+01 1.004001e+01 2.987500e+01
      vertex   -2.052307e+01 1.010336e+01 2.987500e+01
      vertex   -2.112500e+01 1.595000e+01 2.987500e+01
    endloop
  endfacet
  facet normal 0.000000e+00 0.000000e+00 1.000000e+00
    outer loop
      vertex   -2.112500e+01 1.595000e+01 2.987500e+01
      vertex   -2.052307e+01 1.010336e+01 2.987500e+01
      vertex   -2.036575e+01 1.016029e+01 2.987500e+01
    endloop
  endfacet
  facet normal 0.000000e+00 0.000000e+00 1.000000e+00
    outer loop
      vertex   -2.112500e+01 1.595000e+01 2.987500e+01
      vertex   -2.036575e+01 1.016029e+01 2.987500e+01
      vertex   -2.020621e+01 1.021068e+01 2.987500e+01
    endloop
  endfacet
  facet normal 0.000000e+00 -0.000000e+00 1.000000e+00
    outer loop
      vertex   -2.020621e+01 1.021068e+01 2.987500e+01
      vertex   -2.004473e+01 1.025447e+01 2.987500e+01
      vertex   -2.112500e+01 1.595000e+01 2.987500e+01
    endloop
  endfacet
  facet normal 0.000000e+00 0.000000e+00 1.000000e+00
    outer loop
      vertex   -2.112500e+01 1.595000e+01 2.987500e+01
      vertex   -2.004473e+01 1.025447e+01 2.987500e+01
      vertex   -1.988159e+01 1.029157e+01 2.987500e+01
    endloop
  endfacet
  facet normal 0.000000e+00 0.000000e+00 1.000000e+00
    outer loop
      vertex   -2.112500e+01 1.595000e+01 2.987500e+01
      vertex   -1.988159e+01 1.029157e+01 2.987500e+01
      vertex   -1.971706e+01 1.032192e+01 2.987500e+01
    endloop
  endfacet
  facet normal 0.000000e+00 -0.000000e+00 1.000000e+00
    outer loop
      vertex   -1.971706e+01 1.032192e+01 2.987500e+01
      vertex   -1.955142e+01 1.034547e+01 2.987500e+01
      vertex   -2.112500e+01 1.595000e+01 2.987500e+01
    endloop
  endfacet
  facet normal 0.000000e+00 0.000000e+00 1.000000e+00
    outer loop
      vertex   -2.112500e+01 1.595000e+01 2.987500e+01
      vertex   -1.955142e+01 1.034547e+01 2.987500e+01
      vertex   -1.938495e+01 1.036218e+01 2.987500e+01
    endloop
  endfacet
  facet normal 0.000000e+00 0.000000e+00 1.000000e+00
    outer loop
      vertex   -2.112500e+01 1.595000e+01 2.987500e+01
      vertex   -1.938495e+01 1.036218e+01 2.987500e+01
      vertex   -1.921793e+01 1.037203e+01 2.987500e+01
    endloop
  endfacet
  facet normal 0.000000e+00 -0.000000e+00 1.000000e+00
    outer loop
      vertex   -1.921793e+01 1.037203e+01 2.987500e+01
      vertex   -1.905065e+01 1.037498e+01 2.987500e+01
      vertex   -2.112500e+01 1.595000e+01 2.987500e+01
    endloop
  endfacet
  facet normal -0.000000e+00 0.000000e+00 1.000000e+00
    outer loop
      vertex   -2.112500e+01 1.595000e+01 2.987500e+01
      vertex   -1.905065e+01 1.037498e+01 2.987500e+01
      vertex   -1.712500e+01 1.595000e+01 2.987500e+01
    endloop
  endfacet
  facet normal 0.000000e+00 0.000000e+00 1.000000e+00
    outer loop
      vertex   -1.712500e+01 1.595000e+01 2.987500e+01
      vertex   -1.905065e+01 1.037498e+01 2.987500e+01
      vertex   -1.888339e+01 1.037105e+01 2.987500e+01
    endloop
  endfacet
  facet normal 0.000000e+00 0.000000e+00 1.000000e+00
    outer loop
      vertex   -1.712500e+01 1.595000e+01 2.987500e+01
      vertex   -1.888339e+01 1.037105e+01 2.987500e+01
      vertex   -1.871643e+01 1.036023e+01 2.987500e+01
    endloop
  endfacet
  facet normal -0.000000e+00 0.000000e+00 1.000000e+00
    outer loop
      vertex   -1.871643e+01 1.036023e+01 2.987500e+01
      vertex   -1.855006e+01 1.034255e+01 2.987500e+01
      vertex   -1.712500e+01 1.595000e+01 2.987500e+01
    endloop
  endfacet
  facet normal 0.000000e+00 0.000000e+00 1.000000e+00
    outer loop
      vertex   -1.712500e+01 1.595000e+01 2.987500e+01
      vertex   -1.855006e+01 1.034255e+01 2.987500e+01
      vertex   -1.838456e+01 1.031803e+01 2.987500e+01
    endloop
  endfacet
  facet normal 0.000000e+00 0.000000e+00 1.000000e+00
    outer loop
      vertex   -1.712500e+01 1.595000e+01 2.987500e+01
      vertex   -1.838456e+01 1.031803e+01 2.987500e+01
      vertex   -1.822021e+01 1.028672e+01 2.987500e+01
    endloop
  endfacet
  facet normal -0.000000e+00 0.000000e+00 1.000000e+00
    outer loop
      vertex   -1.822021e+01 1.028672e+01 2.987500e+01
      vertex   -1.805729e+01 1.024867e+01 2.987500e+01
      vertex   -1.712500e+01 1.595000e+01 2.987500e+01
    endloop
  endfacet
  facet normal 0.000000e+00 0.000000e+00 1.000000e+00
    outer loop
      vertex   -1.712500e+01 1.595000e+01 2.987500e+01
      vertex   -1.805729e+01 1.024867e+01 2.987500e+01
      vertex   -1.789607e+01 1.020395e+01 2.987500e+01
    endloop
  endfacet
  facet normal 0.000000e+00 0.000000e+00 1.000000e+00
    outer loop
      vertex   -1.712500e+01 1.595000e+01 2.987500e+01
      vertex   -1.789607e+01 1.020395e+01 2.987500e+01
      vertex   -1.773683e+01 1.015262e+01 2.987500e+01
    endloop
  endfacet
  facet normal -0.000000e+00 0.000000e+00 1.000000e+00
    outer loop
      vertex   -1.773683e+01 1.015262e+01 2.987500e+01
      vertex   -1.757984e+01 1.009478e+01 2.987500e+01
      vertex   -1.712500e+01 1.595000e+01 2.987500e+01
    endloop
  endfacet
  facet normal 0.000000e+00 0.000000e+00 1.000000e+00
    outer loop
      vertex   -1.712500e+01 1.595000e+01 2.987500e+01
      vertex   -1.757984e+01 1.009478e+01 2.987500e+01
      vertex   -1.742537e+01 1.003052e+01 2.987500e+01
    endloop
  endfacet
  facet normal 0.000000e+00 0.000000e+00 1.000000e+00
    outer loop
      vertex   -1.712500e+01 1.595000e+01 2.987500e+01
      vertex   -1.742537e+01 1.003052e+01 2.987500e+01
      vertex   -1.727367e+01 9.959962e+00 2.987500e+01
    endloop
  endfacet
  facet normal -4.719007e-14 1.171201e-15 1.000000e+00
    outer loop
      vertex   -1.727367e+01 9.959962e+00 2.987500e+01
      vertex   -1.712500e+01 9.883214e+00 2.987500e+01
      vertex   -1.712500e+01 1.595000e+01 2.987500e+01
    endloop
  endfacet
  facet normal -0.000000e+00 1.000000e+00 0.000000e+00
    outer loop
      vertex   -2.112500e+01 1.595000e+01 2.987500e+01
      vertex   -1.712500e+01 1.595000e+01 2.987500e+01
      vertex   -2.112500e+01 1.595000e+01 2.862500e+01
    endloop
  endfacet
  facet normal -0.000000e+00 1.000000e+00 0.000000e+00
    outer loop
      vertex   -2.112500e+01 1.595000e+01 2.862500e+01
      vertex   -1.712500e+01 1.595000e+01 2.987500e+01
      vertex   -1.712500e+01 1.595000e+01 2.850000e+01
    endloop
  endfacet
  facet normal 0.000000e+00 1.000000e+00 0.000000e+00
    outer loop
      vertex   -2.112500e+01 1.595000e+01 2.862500e+01
      vertex   -1.712500e+01 1.595000e+01 2.850000e+01
      vertex   -2.362500e+01 1.595000e+01 2.750000e+01
    endloop
  endfacet
  facet normal 0.000000e+00 1.000000e+00 0.000000e+00
    outer loop
      vertex   -2.362500e+01 1.595000e+01 2.750000e+01
      vertex   -1.712500e+01 1.595000e+01 2.850000e+01
      vertex   -1.462500e+01 1.595000e+01 2.750000e+01
    endloop
  endfacet
  facet normal 0.000000e+00 1.000000e+00 0.000000e+00
    outer loop
      vertex   -1.462500e+01 1.595000e+01 2.750000e+01
      vertex   -1.712500e+01 1.595000e+01 2.850000e+01
      vertex   -1.462500e+01 1.595000e+01 2.850000e+01
    endloop
  endfacet
  facet normal 0.000000e+00 1.000000e+00 0.000000e+00
    outer loop
      vertex   -2.362500e+01 1.595000e+01 2.750000e+01
      vertex   -2.362500e+01 1.595000e+01 2.862500e+01
      vertex   -2.112500e+01 1.595000e+01 2.862500e+01
    endloop
  endfacet
  facet normal 1.000000e+00 4.620351e-16 0.000000e+00
    outer loop
      vertex   -1.712500e+01 1.595000e+01 2.987500e+01
      vertex   -1.712500e+01 8.260728e+00 2.937997e+01
      vertex   -1.712500e+01 1.595000e+01 2.850000e+01
    endloop
  endfacet
  facet normal 1.000000e+00 -6.321201e-15 -5.927235e-14
    outer loop
      vertex   -1.712500e+01 1.595000e+01 2.850000e+01
      vertex   -1.712500e+01 8.260728e+00 2.937997e+01
      vertex   -1.712500e+01 8.179154e+00 2.932874e+01
    endloop
  endfacet
  facet normal 1.000000e+00 0.000000e+00 0.000000e+00
    outer loop
      vertex   -1.712500e+01 1.595000e+01 2.850000e+01
      vertex   -1.712500e+01 8.179154e+00 2.932874e+01
      vertex   -1.712500e+01 8.100176e+00 2.927638e+01
    endloop
  endfacet
  facet normal 1.000000e+00 0.000000e+00 0.000000e+00
    outer loop
      vertex   -1.712500e+01 9.883214e+00 2.987500e+01
      vertex   -1.712500e+01 8.603380e+00 2.956751e+01
      vertex   -1.712500e+01 1.595000e+01 2.987500e+01
    endloop
  endfacet
  facet normal 1.000000e+00 0.000000e+00 0.000000e+00
    outer loop
      vertex   -1.712500e+01 1.595000e+01 2.987500e+01
      vertex   -1.712500e+01 8.603380e+00 2.956751e+01
      vertex   -1.712500e+01 8.516223e+00 2.952386e+01
    endloop
  endfacet
  facet normal 1.000000e+00 0.000000e+00 0.000000e+00
    outer loop
      vertex   -1.712500e+01 1.595000e+01 2.987500e+01
      vertex   -1.712500e+01 8.516223e+00 2.952386e+01
      vertex   -1.712500e+01 8.429742e+00 2.947785e+01
    endloop
  endfacet
  facet normal 1.000000e+00 -4.091474e-14 1.948062e-12
    outer loop
      vertex   -1.712500e+01 9.792151e+00 2.987309e+01
      vertex   -1.712500e+01 9.698640e+00 2.986748e+01
      vertex   -1.712500e+01 9.883214e+00 2.987500e+01
    endloop
  endfacet
  facet normal 1.000000e+00 1.223155e-13 -2.056198e-12
    outer loop
      vertex   -1.712500e+01 9.883214e+00 2.987500e+01
      vertex   -1.712500e+01 9.698640e+00 2.986748e+01
      vertex   -1.712500e+01 9.603404e+00 2.985836e+01
    endloop
  endfacet
  facet normal 1.000000e+00 -3.146764e-14 5.289902e-13
    outer loop
      vertex   -1.712500e+01 9.883214e+00 2.987500e+01
      vertex   -1.712500e+01 9.603404e+00 2.985836e+01
      vertex   -1.712500e+01 9.507167e+00 2.984591e+01
    endloop
  endfacet
  facet normal 1.000000e+00 1.814762e-14 -1.124833e-13
    outer loop
      vertex   -1.712500e+01 9.507167e+00 2.984591e+01
      vertex   -1.712500e+01 9.410652e+00 2.983034e+01
      vertex   -1.712500e+01 9.883214e+00 2.987500e+01
    endloop
  endfacet
  facet normal 1.000000e+00 5.034021e-14 -4.531466e-13
    outer loop
      vertex   -1.712500e+01 9.883214e+00 2.987500e+01
      vertex   -1.712500e+01 9.410652e+00 2.983034e+01
      vertex   -1.712500e+01 9.314583e+00 2.981183e+01
    endloop
  endfacet
  facet normal 1.000000e+00 -3.681073e-14 3.313585e-13
    outer loop
      vertex   -1.712500e+01 9.883214e+00 2.987500e+01
      vertex   -1.712500e+01 9.314583e+00 2.981183e+01
      vertex   -1.712500e+01 9.219683e+00 2.979057e+01
    endloop
  endfacet
  facet normal 1.000000e+00 1.063871e-14 -4.152852e-14
    outer loop
      vertex   -1.712500e+01 9.219683e+00 2.979057e+01
      vertex   -1.712500e+01 9.126676e+00 2.976674e+01
      vertex   -1.712500e+01 9.883214e+00 2.987500e+01
    endloop
  endfacet
  facet normal 1.000000e+00 4.760296e-14 -2.998408e-13
    outer loop
      vertex   -1.712500e+01 9.883214e+00 2.987500e+01
      vertex   -1.712500e+01 9.126676e+00 2.976674e+01
      vertex   -1.712500e+01 9.036286e+00 2.974054e+01
    endloop
  endfacet
  facet normal 1.000000e+00 0.000000e+00 0.000000e+00
    outer loop
      vertex   -1.712500e+01 9.883214e+00 2.987500e+01
      vertex   -1.712500e+01 9.036286e+00 2.974054e+01
      vertex   -1.712500e+01 8.949235e+00 2.971216e+01
    endloop
  endfacet
  facet normal 1.000000e+00 -7.638138e-14 4.380861e-13
    outer loop
      vertex   -1.712500e+01 8.949235e+00 2.971216e+01
      vertex   -1.712500e+01 8.864109e+00 2.968110e+01
      vertex   -1.712500e+01 9.883214e+00 2.987500e+01
    endloop
  endfacet
  facet normal 1.000000e+00 8.737189e-14 -4.225610e-13
    outer loop
      vertex   -1.712500e+01 9.883214e+00 2.987500e+01
      vertex   -1.712500e+01 8.864109e+00 2.968110e+01
      vertex   -1.712500e+01 8.777803e+00 2.964644e+01
    endloop
  endfacet
  facet normal 1.000000e+00 0.000000e+00 0.000000e+00
    outer loop
      vertex   -1.712500e+01 9.883214e+00 2.987500e+01
      vertex   -1.712500e+01 8.777803e+00 2.964644e+01
      vertex   -1.712500e+01 8.690733e+00 2.960847e+01
    endloop
  endfacet
  facet normal 1.000000e+00 -0.000000e+00 0.000000e+00
    outer loop
      vertex   -1.712500e+01 8.690733e+00 2.960847e+01
      vertex   -1.712500e+01 8.603380e+00 2.956751e+01
      vertex   -1.712500e+01 9.883214e+00 2.987500e+01
    endloop
  endfacet
  facet normal 1.000000e+00 -0.000000e+00 0.000000e+00
    outer loop
      vertex   -1.712500e+01 8.429742e+00 2.947785e+01
      vertex   -1.712500e+01 8.344417e+00 2.942978e+01
      vertex   -1.712500e+01 1.595000e+01 2.987500e+01
    endloop
  endfacet
  facet normal 1.000000e+00 -4.630710e-15 7.910602e-14
    outer loop
      vertex   -1.712500e+01 1.595000e+01 2.987500e+01
      vertex   -1.712500e+01 8.344417e+00 2.942978e+01
      vertex   -1.712500e+01 8.260728e+00 2.937997e+01
    endloop
  endfacet
  facet normal 1.000000e+00 0.000000e+00 0.000000e+00
    outer loop
      vertex   -1.712500e+01 8.100176e+00 2.927638e+01
      vertex   -1.712500e+01 8.024274e+00 2.922322e+01
      vertex   -1.712500e+01 1.595000e+01 2.850000e+01
    endloop
  endfacet
  facet normal 1.000000e+00 0.000000e+00 0.000000e+00
    outer loop
      vertex   -1.712500e+01 1.595000e+01 2.850000e+01
      vertex   -1.712500e+01 8.024274e+00 2.922322e+01
      vertex   -1.712500e+01 7.951652e+00 2.916939e+01
    endloop
  endfacet
  facet normal 1.000000e+00 0.000000e+00 0.000000e+00
    outer loop
      vertex   -1.712500e+01 1.595000e+01 2.850000e+01
      vertex   -1.712500e+01 7.951652e+00 2.916939e+01
      vertex   -1.712500e+01 7.879150e+00 2.911275e+01
    endloop
  endfacet
  facet normal 1.000000e+00 0.000000e+00 0.000000e+00
    outer loop
      vertex   -1.712500e+01 7.879150e+00 2.911275e+01
      vertex   -1.712500e+01 7.806180e+00 2.905290e+01
      vertex   -1.712500e+01 1.595000e+01 2.850000e+01
    endloop
  endfacet
  facet normal 1.000000e+00 3.564304e-15 5.249961e-14
    outer loop
      vertex   -1.712500e+01 1.595000e+01 2.850000e+01
      vertex   -1.712500e+01 7.806180e+00 2.905290e+01
      vertex   -1.712500e+01 7.733308e+00 2.899018e+01
    endloop
  endfacet
  facet normal 1.000000e+00 4.055982e-16 -4.488950e-16
    outer loop
      vertex   -1.712500e+01 1.595000e+01 2.850000e+01
      vertex   -1.712500e+01 7.733308e+00 2.899018e+01
      vertex   -1.712500e+01 7.661096e+00 2.892493e+01
    endloop
  endfacet
  facet normal 1.000000e+00 -2.156413e-15 -5.042475e-14
    outer loop
      vertex   -1.712500e+01 7.661096e+00 2.892493e+01
      vertex   -1.712500e+01 7.590111e+00 2.885751e+01
      vertex   -1.712500e+01 1.595000e+01 2.850000e+01
    endloop
  endfacet
  facet normal 1.000000e+00 2.104184e-15 4.920347e-14
    outer loop
      vertex   -1.712500e+01 1.595000e+01 2.850000e+01
      vertex   -1.712500e+01 7.590111e+00 2.885751e+01
      vertex   -1.712500e+01 7.520917e+00 2.878826e+01
    endloop
  endfacet
  facet normal 1.000000e+00 4.082866e-16 -3.858677e-16
    outer loop
      vertex   -1.712500e+01 1.595000e+01 2.850000e+01
      vertex   -1.712500e+01 7.520917e+00 2.878826e+01
      vertex   -1.712500e+01 7.454078e+00 2.871754e+01
    endloop
  endfacet
  facet normal 1.000000e+00 -8.290357e-16 -4.870833e-14
    outer loop
      vertex   -1.712500e+01 7.454078e+00 2.871754e+01
      vertex   -1.712500e+01 7.390159e+00 2.864569e+01
      vertex   -1.712500e+01 1.595000e+01 2.850000e+01
    endloop
  endfacet
  facet normal 1.000000e+00 0.000000e+00 0.000000e+00
    outer loop
      vertex   -1.712500e+01 1.595000e+01 2.850000e+01
      vertex   -1.712500e+01 7.390159e+00 2.864569e+01
      vertex   -1.712500e+01 7.329725e+00 2.857306e+01
    endloop
  endfacet
  facet normal 1.000000e+00 0.000000e+00 0.000000e+00
    outer loop
      vertex   -1.712500e+01 1.595000e+01 2.850000e+01
      vertex   -1.712500e+01 7.329725e+00 2.857306e+01
      vertex   -1.712500e+01 7.273339e+00 2.850000e+01
    endloop
  endfacet
  facet normal 1.000000e+00 1.867392e-16 8.881784e-15
    outer loop
      vertex   -1.462500e+01 1.595000e+01 2.750000e+01
      vertex   -1.462500e+01 1.595000e+01 2.850000e+01
      vertex   -1.462500e+01 6.437500e+00 2.750000e+01
    endloop
  endfacet
  facet normal 1.000000e+00 0.000000e+00 1.065814e-14
    outer loop
      vertex   -1.462500e+01 6.437500e+00 2.750000e+01
      vertex   -1.462500e+01 1.595000e+01 2.850000e+01
      vertex   -1.462500e+01 6.437500e+00 2.850000e+01
    endloop
  endfacet
  facet normal 1.989520e-14 -9.346372e-17 1.000000e+00
    outer loop
      vertex   -1.712500e+01 1.595000e+01 2.850000e+01
      vertex   -1.698882e+01 6.926476e+00 2.850000e+01
      vertex   -1.462500e+01 1.595000e+01 2.850000e+01
    endloop
  endfacet
  facet normal 9.711743e-15 2.574213e-15 1.000000e+00
    outer loop
      vertex   -1.462500e+01 1.595000e+01 2.850000e+01
      vertex   -1.698882e+01 6.926476e+00 2.850000e+01
      vertex   -1.695696e+01 6.806277e+00 2.850000e+01
    endloop
  endfacet
  facet normal 1.980535e-14 0.000000e+00 1.000000e+00
    outer loop
      vertex   -1.462500e+01 1.595000e+01 2.850000e+01
      vertex   -1.695696e+01 6.806277e+00 2.850000e+01
      vertex   -1.462500e+01 6.437500e+00 2.850000e+01
    endloop
  endfacet
  facet normal 2.046684e-14 4.182877e-15 1.000000e+00
    outer loop
      vertex   -1.462500e+01 6.437500e+00 2.850000e+01
      vertex   -1.695696e+01 6.806277e+00 2.850000e+01
      vertex   -1.693206e+01 6.684445e+00 2.850000e+01
    endloop
  endfacet
  facet normal 2.033493e-14 2.950524e-15 1.000000e+00
    outer loop
      vertex   -1.462500e+01 6.437500e+00 2.850000e+01
      vertex   -1.693206e+01 6.684445e+00 2.850000e+01
      vertex   -1.691420e+01 6.561384e+00 2.850000e+01
    endloop
  endfacet
  facet normal 6.829366e-14 -0.000000e+00 1.000000e+00
    outer loop
      vertex   -1.712500e+01 7.273339e+00 2.850000e+01
      vertex   -1.707298e+01 7.160393e+00 2.850000e+01
      vertex   -1.712500e+01 1.595000e+01 2.850000e+01
    endloop
  endfacet
  facet normal -1.045275e-15 -4.103813e-16 1.000000e+00
    outer loop
      vertex   -1.712500e+01 1.595000e+01 2.850000e+01
      vertex   -1.707298e+01 7.160393e+00 2.850000e+01
      vertex   -1.702754e+01 7.044645e+00 2.850000e+01
    endloop
  endfacet
  facet normal -1.259735e-15 -4.127285e-16 1.000000e+00
    outer loop
      vertex   -1.712500e+01 1.595000e+01 2.850000e+01
      vertex   -1.702754e+01 7.044645e+00 2.850000e+01
      vertex   -1.698882e+01 6.926476e+00 2.850000e+01
    endloop
  endfacet
  facet normal -2.570316e-09 -4.749625e-08 1.000000e+00
    outer loop
      vertex   -1.691420e+01 6.561384e+00 2.850000e+01
      vertex   -1.690345e+01 6.437500e+00 2.850000e+01
      vertex   -1.462500e+01 6.437500e+00 2.850000e+01
    endloop
  endfacet
  facet normal -1.000000e+00 0.000000e+00 6.315935e-15
    outer loop
      vertex   -2.362500e+01 1.595000e+01 2.862500e+01
      vertex   -2.362500e+01 1.595000e+01 2.750000e+01
      vertex   -2.362500e+01 6.437500e+00 2.862500e+01
    endloop
  endfacet
  facet normal -1.000000e+00 0.000000e+00 6.315935e-15
    outer loop
      vertex   -2.362500e+01 6.437500e+00 2.862500e+01
      vertex   -2.362500e+01 1.595000e+01 2.750000e+01
      vertex   -2.362500e+01 6.437500e+00 2.750000e+01
    endloop
  endfacet
  facet normal -1.705303e-14 -2.219558e-15 1.000000e+00
    outer loop
      vertex   -2.362500e+01 1.595000e+01 2.862500e+01
      vertex   -2.119524e+01 6.885805e+00 2.862500e+01
      vertex   -2.112500e+01 1.595000e+01 2.862500e+01
    endloop
  endfacet
  facet normal 8.141080e-15 -2.414787e-15 1.000000e+00
    outer loop
      vertex   -2.112500e+01 1.595000e+01 2.862500e+01
      vertex   -2.119524e+01 6.885805e+00 2.862500e+01
      vertex   -2.116290e+01 6.994819e+00 2.862500e+01
    endloop
  endfacet
  facet normal -5.623852e-13 0.000000e+00 1.000000e+00
    outer loop
      vertex   -2.112500e+01 1.595000e+01 2.862500e+01
      vertex   -2.116290e+01 6.994819e+00 2.862500e+01
      vertex   -2.112500e+01 7.102023e+00 2.862500e+01
    endloop
  endfacet
  facet normal -4.616158e-15 1.114288e-15 1.000000e+00
    outer loop
      vertex   -2.119524e+01 6.885805e+00 2.862500e+01
      vertex   -2.362500e+01 1.595000e+01 2.862500e+01
      vertex   -2.122192e+01 6.775272e+00 2.862500e+01
    endloop
  endfacet
  facet normal -8.870401e-15 0.000000e+00 1.000000e+00
    outer loop
      vertex   -2.122192e+01 6.775272e+00 2.862500e+01
      vertex   -2.362500e+01 1.595000e+01 2.862500e+01
      vertex   -2.362500e+01 6.437500e+00 2.862500e+01
    endloop
  endfacet
  facet normal -9.110527e-15 1.708377e-15 1.000000e+00
    outer loop
      vertex   -2.122192e+01 6.775272e+00 2.862500e+01
      vertex   -2.362500e+01 6.437500e+00 2.862500e+01
      vertex   -2.124288e+01 6.663513e+00 2.862500e+01
    endloop
  endfacet
  facet normal -9.064261e-15 1.220742e-15 1.000000e+00
    outer loop
      vertex   -2.124288e+01 6.663513e+00 2.862500e+01
      vertex   -2.362500e+01 6.437500e+00 2.862500e+01
      vertex   -2.125805e+01 6.550822e+00 2.862500e+01
    endloop
  endfacet
  facet normal -1.657619e-14 1.581214e-13 1.000000e+00
    outer loop
      vertex   -2.125805e+01 6.550822e+00 2.862500e+01
      vertex   -2.362500e+01 6.437500e+00 2.862500e+01
      vertex   -2.126741e+01 6.437500e+00 2.862500e+01
    endloop
  endfacet
  facet normal -1.000000e+00 -2.892793e-16 -2.842171e-15
    outer loop
      vertex   -2.112500e+01 1.595000e+01 2.862500e+01
      vertex   -2.112500e+01 8.186472e+00 2.941518e+01
      vertex   -2.112500e+01 1.595000e+01 2.987500e+01
    endloop
  endfacet
  facet normal -1.000000e+00 -5.134692e-16 9.430186e-16
    outer loop
      vertex   -2.112500e+01 1.595000e+01 2.987500e+01
      vertex   -2.112500e+01 8.186472e+00 2.941518e+01
      vertex   -2.112500e+01 8.265932e+00 2.945845e+01
    endloop
  endfacet
  facet normal -1.000000e+00 -5.165836e-16 1.000471e-15
    outer loop
      vertex   -2.112500e+01 1.595000e+01 2.987500e+01
      vertex   -2.112500e+01 8.265932e+00 2.945845e+01
      vertex   -2.112500e+01 8.346863e+00 2.950023e+01
    endloop
  endfacet
  facet normal -1.000000e+00 0.000000e+00 0.000000e+00
    outer loop
      vertex   -2.112500e+01 7.102023e+00 2.862500e+01
      vertex   -2.112500e+01 7.250746e+00 2.875372e+01
      vertex   -2.112500e+01 1.595000e+01 2.862500e+01
    endloop
  endfacet
  facet normal -1.000000e+00 0.000000e+00 0.000000e+00
    outer loop
      vertex   -2.112500e+01 1.595000e+01 2.862500e+01
      vertex   -2.112500e+01 7.250746e+00 2.875372e+01
      vertex   -2.112500e+01 7.402231e+00 2.887860e+01
    endloop
  endfacet
  facet normal -1.000000e+00 0.000000e+00 0.000000e+00
    outer loop
      vertex   -2.112500e+01 1.595000e+01 2.862500e+01
      vertex   -2.112500e+01 7.402231e+00 2.887860e+01
      vertex   -2.112500e+01 7.556144e+00 2.899867e+01
    endloop
  endfacet
  facet normal -1.000000e+00 0.000000e+00 0.000000e+00
    outer loop
      vertex   -2.112500e+01 7.556144e+00 2.899867e+01
      vertex   -2.112500e+01 7.712005e+00 2.911315e+01
      vertex   -2.112500e+01 1.595000e+01 2.862500e+01
    endloop
  endfacet
  facet normal -1.000000e+00 0.000000e+00 0.000000e+00
    outer loop
      vertex   -2.112500e+01 1.595000e+01 2.862500e+01
      vertex   -2.112500e+01 7.712005e+00 2.911315e+01
      vertex   -2.112500e+01 7.869333e+00 2.922126e+01
    endloop
  endfacet
  facet normal -1.000000e+00 0.000000e+00 0.000000e+00
    outer loop
      vertex   -2.112500e+01 1.595000e+01 2.862500e+01
      vertex   -2.112500e+01 7.869333e+00 2.922126e+01
      vertex   -2.112500e+01 7.948397e+00 2.927267e+01
    endloop
  endfacet
  facet normal -1.000000e+00 0.000000e+00 0.000000e+00
    outer loop
      vertex   -2.112500e+01 7.948397e+00 2.927267e+01
      vertex   -2.112500e+01 8.027649e+00 2.932220e+01
      vertex   -2.112500e+01 1.595000e+01 2.862500e+01
    endloop
  endfacet
  facet normal -1.000000e+00 0.000000e+00 0.000000e+00
    outer loop
      vertex   -2.112500e+01 1.595000e+01 2.862500e+01
      vertex   -2.112500e+01 8.027649e+00 2.932220e+01
      vertex   -2.112500e+01 8.107027e+00 2.936973e+01
    endloop
  endfacet
  facet normal -1.000000e+00 0.000000e+00 0.000000e+00
    outer loop
      vertex   -2.112500e+01 1.595000e+01 2.862500e+01
      vertex   -2.112500e+01 8.107027e+00 2.936973e+01
      vertex   -2.112500e+01 8.186472e+00 2.941518e+01
    endloop
  endfacet
  facet normal -1.000000e+00 -5.197295e-16 1.064292e-15
    outer loop
      vertex   -2.112500e+01 8.346863e+00 2.950023e+01
      vertex   -2.112500e+01 8.430220e+00 2.954094e+01
      vertex   -2.112500e+01 1.595000e+01 2.987500e+01
    endloop
  endfacet
  facet normal -1.000000e+00 -5.229233e-16 1.136186e-15
    outer loop
      vertex   -2.112500e+01 1.595000e+01 2.987500e+01
      vertex   -2.112500e+01 8.430220e+00 2.954094e+01
      vertex   -2.112500e+01 8.515779e+00 2.958032e+01
    endloop
  endfacet
  facet normal -1.000000e+00 -5.261822e-16 1.218402e-15
    outer loop
      vertex   -2.112500e+01 1.595000e+01 2.987500e+01
      vertex   -2.112500e+01 8.515779e+00 2.958032e+01
      vertex   -2.112500e+01 8.603313e+00 2.961812e+01
    endloop
  endfacet
  facet normal -1.000000e+00 -5.788536e-16 2.724789e-15
    outer loop
      vertex   -2.112500e+01 1.595000e+01 2.987500e+01
      vertex   -2.112500e+01 8.603313e+00 2.961812e+01
      vertex   -2.112500e+01 9.812500e+00 2.987500e+01
    endloop
  endfacet
  facet normal -1.000000e+00 0.000000e+00 0.000000e+00
    outer loop
      vertex   -2.112500e+01 9.812500e+00 2.987500e+01
      vertex   -2.112500e+01 8.603313e+00 2.961812e+01
      vertex   -2.112500e+01 8.692597e+00 2.965410e+01
    endloop
  endfacet
  facet normal -1.000000e+00 0.000000e+00 0.000000e+00
    outer loop
      vertex   -2.112500e+01 9.812500e+00 2.987500e+01
      vertex   -2.112500e+01 8.692597e+00 2.965410e+01
      vertex   -2.112500e+01 8.783406e+00 2.968801e+01
    endloop
  endfacet
  facet normal -1.000000e+00 0.000000e+00 0.000000e+00
    outer loop
      vertex   -2.112500e+01 8.783406e+00 2.968801e+01
      vertex   -2.112500e+01 8.875514e+00 2.971961e+01
      vertex   -2.112500e+01 9.812500e+00 2.987500e+01
    endloop
  endfacet
  facet normal -1.000000e+00 0.000000e+00 0.000000e+00
    outer loop
      vertex   -2.112500e+01 9.812500e+00 2.987500e+01
      vertex   -2.112500e+01 8.875514e+00 2.971961e+01
      vertex   -2.112500e+01 8.968695e+00 2.974865e+01
    endloop
  endfacet
  facet normal -1.000000e+00 0.000000e+00 0.000000e+00
    outer loop
      vertex   -2.112500e+01 9.812500e+00 2.987500e+01
      vertex   -2.112500e+01 8.968695e+00 2.974865e+01
      vertex   -2.112500e+01 9.062725e+00 2.977487e+01
    endloop
  endfacet
  facet normal -1.000000e+00 0.000000e+00 0.000000e+00
    outer loop
      vertex   -2.112500e+01 9.062725e+00 2.977487e+01
      vertex   -2.112500e+01 9.157354e+00 2.979812e+01
      vertex   -2.112500e+01 9.812500e+00 2.987500e+01
    endloop
  endfacet
  facet normal -1.000000e+00 0.000000e+00 0.000000e+00
    outer loop
      vertex   -2.112500e+01 9.812500e+00 2.987500e+01
      vertex   -2.112500e+01 9.157354e+00 2.979812e+01
      vertex   -2.112500e+01 9.252299e+00 2.981835e+01
    endloop
  endfacet
  facet normal -1.000000e+00 0.000000e+00 0.000000e+00
    outer loop
      vertex   -2.112500e+01 9.812500e+00 2.987500e+01
      vertex   -2.112500e+01 9.252299e+00 2.981835e+01
      vertex   -2.112500e+01 9.347271e+00 2.983555e+01
    endloop
  endfacet
  facet normal -1.000000e+00 0.000000e+00 0.000000e+00
    outer loop
      vertex   -2.112500e+01 9.347271e+00 2.983555e+01
      vertex   -2.112500e+01 9.441985e+00 2.984968e+01
      vertex   -2.112500e+01 9.812500e+00 2.987500e+01
    endloop
  endfacet
  facet normal -1.000000e+00 0.000000e+00 0.000000e+00
    outer loop
      vertex   -2.112500e+01 9.812500e+00 2.987500e+01
      vertex   -2.112500e+01 9.441985e+00 2.984968e+01
      vertex   -2.112500e+01 9.536151e+00 2.986072e+01
    endloop
  endfacet
  facet normal -1.000000e+00 0.000000e+00 0.000000e+00
    outer loop
      vertex   -2.112500e+01 9.812500e+00 2.987500e+01
      vertex   -2.112500e+01 9.536151e+00 2.986072e+01
      vertex   -2.112500e+01 9.629484e+00 2.986863e+01
    endloop
  endfacet
  facet normal -1.000000e+00 0.000000e+00 0.000000e+00
    outer loop
      vertex   -2.112500e+01 9.629484e+00 2.986863e+01
      vertex   -2.112500e+01 9.721696e+00 2.987340e+01
      vertex   -2.112500e+01 9.812500e+00 2.987500e+01
    endloop
  endfacet
endsolid
