solid ASCII
  facet normal -1.000000e+00 0.000000e+00 0.000000e+00
    outer loop
      vertex   6.500000e+00 2.046928e+01 -1.057256e+01
      vertex   6.500000e+00 2.003627e+01 -1.132256e+01
      vertex   6.500000e+00 1.986880e+01 -1.132256e+01
    endloop
  endfacet
  facet normal -1.000000e+00 -0.000000e+00 0.000000e+00
    outer loop
      vertex   6.500000e+00 2.046928e+01 -1.057256e+01
      vertex   6.500000e+00 1.986880e+01 -1.132256e+01
      vertex   6.500000e+00 1.986880e+01 -1.057256e+01
    endloop
  endfacet
  facet normal -1.000000e+00 0.000000e+00 0.000000e+00
    outer loop
      vertex   6.500000e+00 1.986880e+01 -1.057256e+01
      vertex   6.500000e+00 1.986880e+01 -9.822561e+00
      vertex   6.500000e+00 2.056976e+01 -1.019756e+01
    endloop
  endfacet
  facet normal -1.000000e+00 0.000000e+00 0.000000e+00
    outer loop
      vertex   6.500000e+00 1.986880e+01 -1.057256e+01
      vertex   6.500000e+00 2.056976e+01 -1.019756e+01
      vertex   6.500000e+00 2.054421e+01 -1.039168e+01
    endloop
  endfacet
  facet normal -1.000000e+00 0.000000e+00 0.000000e+00
    outer loop
      vertex   6.500000e+00 1.986880e+01 -9.822561e+00
      vertex   6.500000e+00 1.986880e+01 -9.072561e+00
      vertex   6.500000e+00 2.003627e+01 -9.072561e+00
    endloop
  endfacet
  facet normal -1.000000e+00 0.000000e+00 0.000000e+00
    outer loop
      vertex   6.500000e+00 1.986880e+01 -9.822561e+00
      vertex   6.500000e+00 2.003627e+01 -9.072561e+00
      vertex   6.500000e+00 2.046928e+01 -9.822561e+00
    endloop
  endfacet
  facet normal -1.000000e+00 -0.000000e+00 -0.000000e+00
    outer loop
      vertex   6.500000e+00 2.046928e+01 -9.822561e+00
      vertex   6.500000e+00 2.054421e+01 -1.000345e+01
      vertex   6.500000e+00 1.986880e+01 -9.822561e+00
    endloop
  endfacet
  facet normal -1.000000e+00 0.000000e+00 0.000000e+00
    outer loop
      vertex   6.500000e+00 1.986880e+01 -9.822561e+00
      vertex   6.500000e+00 2.054421e+01 -1.000345e+01
      vertex   6.500000e+00 2.056976e+01 -1.019756e+01
    endloop
  endfacet
  facet normal -1.000000e+00 0.000000e+00 0.000000e+00
    outer loop
      vertex   6.500000e+00 2.054421e+01 -1.039168e+01
      vertex   6.500000e+00 2.046928e+01 -1.057256e+01
      vertex   6.500000e+00 1.986880e+01 -1.057256e+01
    endloop
  endfacet
  facet normal 0.000000e+00 0.000000e+00 -1.000000e+00
    outer loop
      vertex   1.875000e+00 2.003627e+01 -9.072561e+00
      vertex   2.800000e+00 2.003627e+01 -9.072561e+00
      vertex   2.934618e+00 1.986880e+01 -9.072561e+00
    endloop
  endfacet
  facet normal 0.000000e+00 0.000000e+00 -1.000000e+00
    outer loop
      vertex   1.875000e+00 2.003627e+01 -9.072561e+00
      vertex   2.934618e+00 1.986880e+01 -9.072561e+00
      vertex   2.043272e+00 1.986880e+01 -9.072561e+00
    endloop
  endfacet
  facet normal 0.000000e+00 0.000000e+00 -1.000000e+00
    outer loop
      vertex   2.800000e+00 2.003627e+01 -9.072561e+00
      vertex   3.725000e+00 2.003627e+01 -9.072561e+00
      vertex   3.825963e+00 1.986880e+01 -9.072561e+00
    endloop
  endfacet
  facet normal 0.000000e+00 0.000000e+00 -1.000000e+00
    outer loop
      vertex   2.800000e+00 2.003627e+01 -9.072561e+00
      vertex   3.825963e+00 1.986880e+01 -9.072561e+00
      vertex   2.934618e+00 1.986880e+01 -9.072561e+00
    endloop
  endfacet
  facet normal 0.000000e+00 0.000000e+00 -1.000000e+00
    outer loop
      vertex   3.725000e+00 2.003627e+01 -9.072561e+00
      vertex   4.650000e+00 2.003627e+01 -9.072561e+00
      vertex   4.717309e+00 1.986880e+01 -9.072561e+00
    endloop
  endfacet
  facet normal 0.000000e+00 0.000000e+00 -1.000000e+00
    outer loop
      vertex   3.725000e+00 2.003627e+01 -9.072561e+00
      vertex   4.717309e+00 1.986880e+01 -9.072561e+00
      vertex   3.825963e+00 1.986880e+01 -9.072561e+00
    endloop
  endfacet
  facet normal 0.000000e+00 0.000000e+00 -1.000000e+00
    outer loop
      vertex   4.650000e+00 2.003627e+01 -9.072561e+00
      vertex   5.575000e+00 2.003627e+01 -9.072561e+00
      vertex   5.608655e+00 1.986880e+01 -9.072561e+00
    endloop
  endfacet
  facet normal 0.000000e+00 0.000000e+00 -1.000000e+00
    outer loop
      vertex   4.650000e+00 2.003627e+01 -9.072561e+00
      vertex   5.608655e+00 1.986880e+01 -9.072561e+00
      vertex   4.717309e+00 1.986880e+01 -9.072561e+00
    endloop
  endfacet
  facet normal 0.000000e+00 0.000000e+00 -1.000000e+00
    outer loop
      vertex   5.575000e+00 2.003627e+01 -9.072561e+00
      vertex   6.500000e+00 2.003627e+01 -9.072561e+00
      vertex   6.500000e+00 1.986880e+01 -9.072561e+00
    endloop
  endfacet
  facet normal 0.000000e+00 0.000000e+00 -1.000000e+00
    outer loop
      vertex   5.575000e+00 2.003627e+01 -9.072561e+00
      vertex   6.500000e+00 1.986880e+01 -9.072561e+00
      vertex   5.608655e+00 1.986880e+01 -9.072561e+00
    endloop
  endfacet
  facet normal 0.000000e+00 0.000000e+00 -1.000000e+00
    outer loop
      vertex   1.151927e+00 1.986880e+01 -9.072561e+00
      vertex   1.506263e+00 1.999399e+01 -9.072561e+00
      vertex   2.043272e+00 1.986880e+01 -9.072561e+00
    endloop
  endfacet
  facet normal 0.000000e+00 0.000000e+00 -1.000000e+00
    outer loop
      vertex   2.043272e+00 1.986880e+01 -9.072561e+00
      vertex   1.506263e+00 1.999399e+01 -9.072561e+00
      vertex   1.875000e+00 2.003627e+01 -9.072561e+00
    endloop
  endfacet
  facet normal 0.000000e+00 0.000000e+00 1.000000e+00
    outer loop
      vertex   6.500000e+00 2.003627e+01 -1.132256e+01
      vertex   5.575000e+00 2.003627e+01 -1.132256e+01
      vertex   5.608655e+00 1.986880e+01 -1.132256e+01
    endloop
  endfacet
  facet normal 0.000000e+00 0.000000e+00 1.000000e+00
    outer loop
      vertex   6.500000e+00 2.003627e+01 -1.132256e+01
      vertex   5.608655e+00 1.986880e+01 -1.132256e+01
      vertex   6.500000e+00 1.986880e+01 -1.132256e+01
    endloop
  endfacet
  facet normal 0.000000e+00 0.000000e+00 1.000000e+00
    outer loop
      vertex   5.575000e+00 2.003627e+01 -1.132256e+01
      vertex   4.650000e+00 2.003627e+01 -1.132256e+01
      vertex   4.717309e+00 1.986880e+01 -1.132256e+01
    endloop
  endfacet
  facet normal 0.000000e+00 0.000000e+00 1.000000e+00
    outer loop
      vertex   5.575000e+00 2.003627e+01 -1.132256e+01
      vertex   4.717309e+00 1.986880e+01 -1.132256e+01
      vertex   5.608655e+00 1.986880e+01 -1.132256e+01
    endloop
  endfacet
  facet normal 0.000000e+00 0.000000e+00 1.000000e+00
    outer loop
      vertex   4.650000e+00 2.003627e+01 -1.132256e+01
      vertex   3.725000e+00 2.003627e+01 -1.132256e+01
      vertex   3.825963e+00 1.986880e+01 -1.132256e+01
    endloop
  endfacet
  facet normal 0.000000e+00 0.000000e+00 1.000000e+00
    outer loop
      vertex   4.650000e+00 2.003627e+01 -1.132256e+01
      vertex   3.825963e+00 1.986880e+01 -1.132256e+01
      vertex   4.717309e+00 1.986880e+01 -1.132256e+01
    endloop
  endfacet
  facet normal 0.000000e+00 0.000000e+00 1.000000e+00
    outer loop
      vertex   3.725000e+00 2.003627e+01 -1.132256e+01
      vertex   2.800000e+00 2.003627e+01 -1.132256e+01
      vertex   2.934618e+00 1.986880e+01 -1.132256e+01
    endloop
  endfacet
  facet normal 0.000000e+00 0.000000e+00 1.000000e+00
    outer loop
      vertex   3.725000e+00 2.003627e+01 -1.132256e+01
      vertex   2.934618e+00 1.986880e+01 -1.132256e+01
      vertex   3.825963e+00 1.986880e+01 -1.132256e+01
    endloop
  endfacet
  facet normal 0.000000e+00 0.000000e+00 1.000000e+00
    outer loop
      vertex   2.800000e+00 2.003627e+01 -1.132256e+01
      vertex   1.875000e+00 2.003627e+01 -1.132256e+01
      vertex   2.043272e+00 1.986880e+01 -1.132256e+01
    endloop
  endfacet
  facet normal 0.000000e+00 0.000000e+00 1.000000e+00
    outer loop
      vertex   2.800000e+00 2.003627e+01 -1.132256e+01
      vertex   2.043272e+00 1.986880e+01 -1.132256e+01
      vertex   2.934618e+00 1.986880e+01 -1.132256e+01
    endloop
  endfacet
  facet normal 0.000000e+00 0.000000e+00 1.000000e+00
    outer loop
      vertex   1.875000e+00 2.003627e+01 -1.132256e+01
      vertex   1.506263e+00 1.999399e+01 -1.132256e+01
      vertex   2.043272e+00 1.986880e+01 -1.132256e+01
    endloop
  endfacet
  facet normal 0.000000e+00 0.000000e+00 1.000000e+00
    outer loop
      vertex   2.043272e+00 1.986880e+01 -1.132256e+01
      vertex   1.506263e+00 1.999399e+01 -1.132256e+01
      vertex   1.151927e+00 1.986880e+01 -1.132256e+01
    endloop
  endfacet
  facet normal 0.000000e+00 1.000000e+00 0.000000e+00
    outer loop
      vertex   2.043272e+00 1.986880e+01 -1.132256e+01
      vertex   1.151927e+00 1.986880e+01 -1.132256e+01
      vertex   1.467876e+00 1.986880e+01 -1.057256e+01
    endloop
  endfacet
  facet normal 0.000000e+00 1.000000e+00 0.000000e+00
    outer loop
      vertex   1.467876e+00 1.986880e+01 -1.057256e+01
      vertex   1.151927e+00 1.986880e+01 -1.132256e+01
      vertex   8.142288e-01 1.986880e+01 -1.095480e+01
    endloop
  endfacet
  facet normal 0.000000e+00 1.000000e+00 0.000000e+00
    outer loop
      vertex   1.467876e+00 1.986880e+01 -1.057256e+01
      vertex   8.142288e-01 1.986880e+01 -1.095480e+01
      vertex   5.211421e-01 1.986880e+01 -1.045700e+01
    endloop
  endfacet
  facet normal -0.000000e+00 1.000000e+00 -0.000000e+00
    outer loop
      vertex   5.211421e-01 1.986880e+01 -1.045700e+01
      vertex   4.767445e-01 1.986880e+01 -1.033082e+01
      vertex   1.467876e+00 1.986880e+01 -1.057256e+01
    endloop
  endfacet
  facet normal 0.000000e+00 1.000000e+00 0.000000e+00
    outer loop
      vertex   1.467876e+00 1.986880e+01 -1.057256e+01
      vertex   4.767445e-01 1.986880e+01 -1.033082e+01
      vertex   4.614509e-01 1.986880e+01 -1.019783e+01
    endloop
  endfacet
  facet normal 0.000000e+00 1.000000e+00 -0.000000e+00
    outer loop
      vertex   1.467876e+00 1.986880e+01 -1.057256e+01
      vertex   4.614509e-01 1.986880e+01 -1.019783e+01
      vertex   1.467876e+00 1.986880e+01 -9.822561e+00
    endloop
  endfacet
  facet normal 0.000000e+00 1.000000e+00 0.000000e+00
    outer loop
      vertex   1.467876e+00 1.986880e+01 -9.822561e+00
      vertex   4.614509e-01 1.986880e+01 -1.019783e+01
      vertex   4.766721e-01 1.986880e+01 -1.006463e+01
    endloop
  endfacet
  facet normal 0.000000e+00 1.000000e+00 0.000000e+00
    outer loop
      vertex   4.766721e-01 1.986880e+01 -1.006463e+01
      vertex   5.211421e-01 1.986880e+01 -9.938123e+00
      vertex   1.467876e+00 1.986880e+01 -9.822561e+00
    endloop
  endfacet
  facet normal 0.000000e+00 1.000000e+00 0.000000e+00
    outer loop
      vertex   1.467876e+00 1.986880e+01 -9.822561e+00
      vertex   5.211421e-01 1.986880e+01 -9.938123e+00
      vertex   8.142288e-01 1.986880e+01 -9.440321e+00
    endloop
  endfacet
  facet normal 0.000000e+00 1.000000e+00 0.000000e+00
    outer loop
      vertex   1.467876e+00 1.986880e+01 -9.822561e+00
      vertex   8.142288e-01 1.986880e+01 -9.440321e+00
      vertex   1.151927e+00 1.986880e+01 -9.072561e+00
    endloop
  endfacet
  facet normal -0.000000e+00 1.000000e+00 0.000000e+00
    outer loop
      vertex   1.151927e+00 1.986880e+01 -9.072561e+00
      vertex   2.043272e+00 1.986880e+01 -9.072561e+00
      vertex   1.467876e+00 1.986880e+01 -9.822561e+00
    endloop
  endfacet
  facet normal 0.000000e+00 1.000000e+00 0.000000e+00
    outer loop
      vertex   1.467876e+00 1.986880e+01 -9.822561e+00
      vertex   2.043272e+00 1.986880e+01 -9.072561e+00
      vertex   2.934618e+00 1.986880e+01 -9.072561e+00
    endloop
  endfacet
  facet normal 0.000000e+00 1.000000e+00 0.000000e+00
    outer loop
      vertex   1.467876e+00 1.986880e+01 -9.822561e+00
      vertex   2.934618e+00 1.986880e+01 -9.072561e+00
      vertex   2.474301e+00 1.986880e+01 -9.822561e+00
    endloop
  endfacet
  facet normal 0.000000e+00 1.000000e+00 0.000000e+00
    outer loop
      vertex   2.474301e+00 1.986880e+01 -9.822561e+00
      vertex   2.934618e+00 1.986880e+01 -9.072561e+00
      vertex   3.825963e+00 1.986880e+01 -9.072561e+00
    endloop
  endfacet
  facet normal 0.000000e+00 1.000000e+00 0.000000e+00
    outer loop
      vertex   2.474301e+00 1.986880e+01 -9.822561e+00
      vertex   3.825963e+00 1.986880e+01 -9.072561e+00
      vertex   3.480726e+00 1.986880e+01 -9.822561e+00
    endloop
  endfacet
  facet normal 0.000000e+00 1.000000e+00 0.000000e+00
    outer loop
      vertex   3.480726e+00 1.986880e+01 -9.822561e+00
      vertex   3.825963e+00 1.986880e+01 -9.072561e+00
      vertex   4.717309e+00 1.986880e+01 -9.072561e+00
    endloop
  endfacet
  facet normal 0.000000e+00 1.000000e+00 0.000000e+00
    outer loop
      vertex   3.480726e+00 1.986880e+01 -9.822561e+00
      vertex   4.717309e+00 1.986880e+01 -9.072561e+00
      vertex   4.487150e+00 1.986880e+01 -9.822561e+00
    endloop
  endfacet
  facet normal 0.000000e+00 1.000000e+00 0.000000e+00
    outer loop
      vertex   4.487150e+00 1.986880e+01 -9.822561e+00
      vertex   4.717309e+00 1.986880e+01 -9.072561e+00
      vertex   5.608655e+00 1.986880e+01 -9.072561e+00
    endloop
  endfacet
  facet normal 0.000000e+00 1.000000e+00 0.000000e+00
    outer loop
      vertex   4.487150e+00 1.986880e+01 -9.822561e+00
      vertex   5.608655e+00 1.986880e+01 -9.072561e+00
      vertex   5.493575e+00 1.986880e+01 -9.822561e+00
    endloop
  endfacet
  facet normal 0.000000e+00 1.000000e+00 0.000000e+00
    outer loop
      vertex   5.493575e+00 1.986880e+01 -9.822561e+00
      vertex   5.608655e+00 1.986880e+01 -9.072561e+00
      vertex   6.500000e+00 1.986880e+01 -9.072561e+00
    endloop
  endfacet
  facet normal 0.000000e+00 1.000000e+00 0.000000e+00
    outer loop
      vertex   5.493575e+00 1.986880e+01 -9.822561e+00
      vertex   6.500000e+00 1.986880e+01 -9.072561e+00
      vertex   6.500000e+00 1.986880e+01 -9.822561e+00
    endloop
  endfacet
  facet normal 0.000000e+00 1.000000e+00 0.000000e+00
    outer loop
      vertex   6.500000e+00 1.986880e+01 -9.822561e+00
      vertex   6.500000e+00 1.986880e+01 -1.057256e+01
      vertex   5.493575e+00 1.986880e+01 -1.057256e+01
    endloop
  endfacet
  facet normal 0.000000e+00 1.000000e+00 0.000000e+00
    outer loop
      vertex   6.500000e+00 1.986880e+01 -9.822561e+00
      vertex   5.493575e+00 1.986880e+01 -1.057256e+01
      vertex   5.493575e+00 1.986880e+01 -9.822561e+00
    endloop
  endfacet
  facet normal 0.000000e+00 1.000000e+00 0.000000e+00
    outer loop
      vertex   5.493575e+00 1.986880e+01 -9.822561e+00
      vertex   5.493575e+00 1.986880e+01 -1.057256e+01
      vertex   4.487150e+00 1.986880e+01 -1.057256e+01
    endloop
  endfacet
  facet normal 0.000000e+00 1.000000e+00 0.000000e+00
    outer loop
      vertex   5.493575e+00 1.986880e+01 -9.822561e+00
      vertex   4.487150e+00 1.986880e+01 -1.057256e+01
      vertex   4.487150e+00 1.986880e+01 -9.822561e+00
    endloop
  endfacet
  facet normal 0.000000e+00 1.000000e+00 0.000000e+00
    outer loop
      vertex   4.487150e+00 1.986880e+01 -9.822561e+00
      vertex   4.487150e+00 1.986880e+01 -1.057256e+01
      vertex   3.480726e+00 1.986880e+01 -1.057256e+01
    endloop
  endfacet
  facet normal 0.000000e+00 1.000000e+00 0.000000e+00
    outer loop
      vertex   4.487150e+00 1.986880e+01 -9.822561e+00
      vertex   3.480726e+00 1.986880e+01 -1.057256e+01
      vertex   3.480726e+00 1.986880e+01 -9.822561e+00
    endloop
  endfacet
  facet normal 0.000000e+00 1.000000e+00 0.000000e+00
    outer loop
      vertex   3.480726e+00 1.986880e+01 -9.822561e+00
      vertex   3.480726e+00 1.986880e+01 -1.057256e+01
      vertex   2.474301e+00 1.986880e+01 -1.057256e+01
    endloop
  endfacet
  facet normal 0.000000e+00 1.000000e+00 0.000000e+00
    outer loop
      vertex   3.480726e+00 1.986880e+01 -9.822561e+00
      vertex   2.474301e+00 1.986880e+01 -1.057256e+01
      vertex   2.474301e+00 1.986880e+01 -9.822561e+00
    endloop
  endfacet
  facet normal 0.000000e+00 1.000000e+00 0.000000e+00
    outer loop
      vertex   2.474301e+00 1.986880e+01 -9.822561e+00
      vertex   2.474301e+00 1.986880e+01 -1.057256e+01
      vertex   1.467876e+00 1.986880e+01 -1.057256e+01
    endloop
  endfacet
  facet normal 0.000000e+00 1.000000e+00 0.000000e+00
    outer loop
      vertex   2.474301e+00 1.986880e+01 -9.822561e+00
      vertex   1.467876e+00 1.986880e+01 -1.057256e+01
      vertex   1.467876e+00 1.986880e+01 -9.822561e+00
    endloop
  endfacet
  facet normal 0.000000e+00 1.000000e+00 0.000000e+00
    outer loop
      vertex   6.500000e+00 1.986880e+01 -1.057256e+01
      vertex   6.500000e+00 1.986880e+01 -1.132256e+01
      vertex   5.608655e+00 1.986880e+01 -1.132256e+01
    endloop
  endfacet
  facet normal 0.000000e+00 1.000000e+00 0.000000e+00
    outer loop
      vertex   6.500000e+00 1.986880e+01 -1.057256e+01
      vertex   5.608655e+00 1.986880e+01 -1.132256e+01
      vertex   5.493575e+00 1.986880e+01 -1.057256e+01
    endloop
  endfacet
  facet normal 0.000000e+00 1.000000e+00 0.000000e+00
    outer loop
      vertex   5.493575e+00 1.986880e+01 -1.057256e+01
      vertex   5.608655e+00 1.986880e+01 -1.132256e+01
      vertex   4.717309e+00 1.986880e+01 -1.132256e+01
    endloop
  endfacet
  facet normal 0.000000e+00 1.000000e+00 0.000000e+00
    outer loop
      vertex   5.493575e+00 1.986880e+01 -1.057256e+01
      vertex   4.717309e+00 1.986880e+01 -1.132256e+01
      vertex   4.487150e+00 1.986880e+01 -1.057256e+01
    endloop
  endfacet
  facet normal 0.000000e+00 1.000000e+00 0.000000e+00
    outer loop
      vertex   4.487150e+00 1.986880e+01 -1.057256e+01
      vertex   4.717309e+00 1.986880e+01 -1.132256e+01
      vertex   3.825963e+00 1.986880e+01 -1.132256e+01
    endloop
  endfacet
  facet normal 0.000000e+00 1.000000e+00 0.000000e+00
    outer loop
      vertex   4.487150e+00 1.986880e+01 -1.057256e+01
      vertex   3.825963e+00 1.986880e+01 -1.132256e+01
      vertex   3.480726e+00 1.986880e+01 -1.057256e+01
    endloop
  endfacet
  facet normal 0.000000e+00 1.000000e+00 0.000000e+00
    outer loop
      vertex   3.480726e+00 1.986880e+01 -1.057256e+01
      vertex   3.825963e+00 1.986880e+01 -1.132256e+01
      vertex   2.934618e+00 1.986880e+01 -1.132256e+01
    endloop
  endfacet
  facet normal 0.000000e+00 1.000000e+00 0.000000e+00
    outer loop
      vertex   3.480726e+00 1.986880e+01 -1.057256e+01
      vertex   2.934618e+00 1.986880e+01 -1.132256e+01
      vertex   2.474301e+00 1.986880e+01 -1.057256e+01
    endloop
  endfacet
  facet normal 0.000000e+00 1.000000e+00 0.000000e+00
    outer loop
      vertex   2.474301e+00 1.986880e+01 -1.057256e+01
      vertex   2.934618e+00 1.986880e+01 -1.132256e+01
      vertex   2.043272e+00 1.986880e+01 -1.132256e+01
    endloop
  endfacet
  facet normal 0.000000e+00 1.000000e+00 0.000000e+00
    outer loop
      vertex   2.474301e+00 1.986880e+01 -1.057256e+01
      vertex   2.043272e+00 1.986880e+01 -1.132256e+01
      vertex   1.467876e+00 1.986880e+01 -1.057256e+01
    endloop
  endfacet
  facet normal 0.000000e+00 9.238794e-01 -3.826838e-01
    outer loop
      vertex   6.500000e+00 2.046928e+01 -1.057256e+01
      vertex   6.500000e+00 2.054421e+01 -1.039168e+01
      vertex   6.750000e+00 2.054421e+01 -1.039168e+01
    endloop
  endfacet
  facet normal 0.000000e+00 9.238794e-01 -3.826838e-01
    outer loop
      vertex   6.500000e+00 2.046928e+01 -1.057256e+01
      vertex   6.750000e+00 2.054421e+01 -1.039168e+01
      vertex   6.750000e+00 2.046928e+01 -1.057256e+01
    endloop
  endfacet
  facet normal 0.000000e+00 9.914461e-01 -1.305164e-01
    outer loop
      vertex   6.500000e+00 2.054421e+01 -1.039168e+01
      vertex   6.500000e+00 2.056976e+01 -1.019756e+01
      vertex   6.750000e+00 2.056976e+01 -1.019756e+01
    endloop
  endfacet
  facet normal 0.000000e+00 9.914461e-01 -1.305164e-01
    outer loop
      vertex   6.500000e+00 2.054421e+01 -1.039168e+01
      vertex   6.750000e+00 2.056976e+01 -1.019756e+01
      vertex   6.750000e+00 2.054421e+01 -1.039168e+01
    endloop
  endfacet
  facet normal 0.000000e+00 9.914461e-01 1.305164e-01
    outer loop
      vertex   6.500000e+00 2.056976e+01 -1.019756e+01
      vertex   6.500000e+00 2.054421e+01 -1.000345e+01
      vertex   6.750000e+00 2.054421e+01 -1.000345e+01
    endloop
  endfacet
  facet normal -0.000000e+00 9.914461e-01 1.305164e-01
    outer loop
      vertex   6.500000e+00 2.056976e+01 -1.019756e+01
      vertex   6.750000e+00 2.054421e+01 -1.000345e+01
      vertex   6.750000e+00 2.056976e+01 -1.019756e+01
    endloop
  endfacet
  facet normal 0.000000e+00 9.238794e-01 3.826838e-01
    outer loop
      vertex   6.500000e+00 2.054421e+01 -1.000345e+01
      vertex   6.500000e+00 2.046928e+01 -9.822561e+00
      vertex   6.750000e+00 2.046928e+01 -9.822561e+00
    endloop
  endfacet
  facet normal -0.000000e+00 9.238794e-01 3.826838e-01
    outer loop
      vertex   6.500000e+00 2.054421e+01 -1.000345e+01
      vertex   6.750000e+00 2.046928e+01 -9.822561e+00
      vertex   6.750000e+00 2.054421e+01 -1.000345e+01
    endloop
  endfacet
  facet normal 4.033749e-06 8.660250e-01 5.000007e-01
    outer loop
      vertex   6.500000e+00 2.046928e+01 -9.822561e+00
      vertex   6.500000e+00 2.003627e+01 -9.072561e+00
      vertex   6.750000e+00 2.005431e+01 -9.103811e+00
    endloop
  endfacet
  facet normal -0.000000e+00 8.660244e-01 5.000018e-01
    outer loop
      vertex   6.500000e+00 2.046928e+01 -9.822561e+00
      vertex   6.750000e+00 2.005431e+01 -9.103811e+00
      vertex   6.750000e+00 2.046928e+01 -9.822561e+00
    endloop
  endfacet
  facet normal 0.000000e+00 8.660250e-01 5.000006e-01
    outer loop
      vertex   6.500000e+00 2.003627e+01 -9.072561e+00
      vertex   5.575000e+00 2.003627e+01 -9.072561e+00
      vertex   5.775000e+00 1.963934e+01 -8.385061e+00
    endloop
  endfacet
  facet normal 0.000000e+00 8.660250e-01 5.000006e-01
    outer loop
      vertex   6.500000e+00 2.003627e+01 -9.072561e+00
      vertex   5.775000e+00 1.963934e+01 -8.385061e+00
      vertex   6.750000e+00 1.963934e+01 -8.385061e+00
    endloop
  endfacet
  facet normal 0.000000e+00 8.660258e-01 4.999993e-01
    outer loop
      vertex   6.750000e+00 1.963934e+01 -8.385061e+00
      vertex   5.775000e+00 1.963934e+01 -8.385061e+00
      vertex   5.775000e+00 1.922437e+01 -7.666311e+00
    endloop
  endfacet
  facet normal 0.000000e+00 8.660258e-01 4.999993e-01
    outer loop
      vertex   6.750000e+00 1.963934e+01 -8.385061e+00
      vertex   5.775000e+00 1.922437e+01 -7.666311e+00
      vertex   6.750000e+00 1.922437e+01 -7.666311e+00
    endloop
  endfacet
  facet normal 0.000000e+00 8.660250e-01 5.000007e-01
    outer loop
      vertex   6.750000e+00 1.922437e+01 -7.666311e+00
      vertex   5.775000e+00 1.922437e+01 -7.666311e+00
      vertex   5.775000e+00 1.880940e+01 -6.947561e+00
    endloop
  endfacet
  facet normal 0.000000e+00 8.660250e-01 5.000007e-01
    outer loop
      vertex   6.750000e+00 1.922437e+01 -7.666311e+00
      vertex   5.775000e+00 1.880940e+01 -6.947561e+00
      vertex   6.750000e+00 1.880940e+01 -6.947561e+00
    endloop
  endfacet
  facet normal 0.000000e+00 8.660250e-01 5.000006e-01
    outer loop
      vertex   5.575000e+00 2.003627e+01 -9.072561e+00
      vertex   4.650000e+00 2.003627e+01 -9.072561e+00
      vertex   4.800000e+00 1.963934e+01 -8.385061e+00
    endloop
  endfacet
  facet normal 0.000000e+00 8.660250e-01 5.000006e-01
    outer loop
      vertex   5.575000e+00 2.003627e+01 -9.072561e+00
      vertex   4.800000e+00 1.963934e+01 -8.385061e+00
      vertex   5.775000e+00 1.963934e+01 -8.385061e+00
    endloop
  endfacet
  facet normal 0.000000e+00 8.660258e-01 4.999993e-01
    outer loop
      vertex   5.775000e+00 1.963934e+01 -8.385061e+00
      vertex   4.800000e+00 1.963934e+01 -8.385061e+00
      vertex   4.800000e+00 1.922437e+01 -7.666311e+00
    endloop
  endfacet
  facet normal 0.000000e+00 8.660258e-01 4.999993e-01
    outer loop
      vertex   5.775000e+00 1.963934e+01 -8.385061e+00
      vertex   4.800000e+00 1.922437e+01 -7.666311e+00
      vertex   5.775000e+00 1.922437e+01 -7.666311e+00
    endloop
  endfacet
  facet normal 0.000000e+00 8.660250e-01 5.000007e-01
    outer loop
      vertex   5.775000e+00 1.922437e+01 -7.666311e+00
      vertex   4.800000e+00 1.922437e+01 -7.666311e+00
      vertex   4.800000e+00 1.880940e+01 -6.947561e+00
    endloop
  endfacet
  facet normal 0.000000e+00 8.660250e-01 5.000007e-01
    outer loop
      vertex   5.775000e+00 1.922437e+01 -7.666311e+00
      vertex   4.800000e+00 1.880940e+01 -6.947561e+00
      vertex   5.775000e+00 1.880940e+01 -6.947561e+00
    endloop
  endfacet
  facet normal 0.000000e+00 8.660250e-01 5.000006e-01
    outer loop
      vertex   4.650000e+00 2.003627e+01 -9.072561e+00
      vertex   3.725000e+00 2.003627e+01 -9.072561e+00
      vertex   3.825000e+00 1.963934e+01 -8.385061e+00
    endloop
  endfacet
  facet normal 0.000000e+00 8.660250e-01 5.000006e-01
    outer loop
      vertex   4.650000e+00 2.003627e+01 -9.072561e+00
      vertex   3.825000e+00 1.963934e+01 -8.385061e+00
      vertex   4.800000e+00 1.963934e+01 -8.385061e+00
    endloop
  endfacet
  facet normal 0.000000e+00 8.660258e-01 4.999993e-01
    outer loop
      vertex   4.800000e+00 1.963934e+01 -8.385061e+00
      vertex   3.825000e+00 1.963934e+01 -8.385061e+00
      vertex   3.825000e+00 1.922437e+01 -7.666311e+00
    endloop
  endfacet
  facet normal 0.000000e+00 8.660258e-01 4.999993e-01
    outer loop
      vertex   4.800000e+00 1.963934e+01 -8.385061e+00
      vertex   3.825000e+00 1.922437e+01 -7.666311e+00
      vertex   4.800000e+00 1.922437e+01 -7.666311e+00
    endloop
  endfacet
  facet normal 0.000000e+00 8.660250e-01 5.000007e-01
    outer loop
      vertex   4.800000e+00 1.922437e+01 -7.666311e+00
      vertex   3.825000e+00 1.922437e+01 -7.666311e+00
      vertex   3.825000e+00 1.880940e+01 -6.947561e+00
    endloop
  endfacet
  facet normal 0.000000e+00 8.660250e-01 5.000007e-01
    outer loop
      vertex   4.800000e+00 1.922437e+01 -7.666311e+00
      vertex   3.825000e+00 1.880940e+01 -6.947561e+00
      vertex   4.800000e+00 1.880940e+01 -6.947561e+00
    endloop
  endfacet
  facet normal 0.000000e+00 8.660250e-01 5.000006e-01
    outer loop
      vertex   3.725000e+00 2.003627e+01 -9.072561e+00
      vertex   2.800000e+00 2.003627e+01 -9.072561e+00
      vertex   2.850000e+00 1.963934e+01 -8.385061e+00
    endloop
  endfacet
  facet normal 0.000000e+00 8.660250e-01 5.000006e-01
    outer loop
      vertex   3.725000e+00 2.003627e+01 -9.072561e+00
      vertex   2.850000e+00 1.963934e+01 -8.385061e+00
      vertex   3.825000e+00 1.963934e+01 -8.385061e+00
    endloop
  endfacet
  facet normal 0.000000e+00 8.660258e-01 4.999993e-01
    outer loop
      vertex   3.825000e+00 1.963934e+01 -8.385061e+00
      vertex   2.850000e+00 1.963934e+01 -8.385061e+00
      vertex   2.850000e+00 1.922437e+01 -7.666311e+00
    endloop
  endfacet
  facet normal 0.000000e+00 8.660258e-01 4.999993e-01
    outer loop
      vertex   3.825000e+00 1.963934e+01 -8.385061e+00
      vertex   2.850000e+00 1.922437e+01 -7.666311e+00
      vertex   3.825000e+00 1.922437e+01 -7.666311e+00
    endloop
  endfacet
  facet normal 0.000000e+00 8.660250e-01 5.000007e-01
    outer loop
      vertex   3.825000e+00 1.922437e+01 -7.666311e+00
      vertex   2.850000e+00 1.922437e+01 -7.666311e+00
      vertex   2.850000e+00 1.880940e+01 -6.947561e+00
    endloop
  endfacet
  facet normal 0.000000e+00 8.660250e-01 5.000007e-01
    outer loop
      vertex   3.825000e+00 1.922437e+01 -7.666311e+00
      vertex   2.850000e+00 1.880940e+01 -6.947561e+00
      vertex   3.825000e+00 1.880940e+01 -6.947561e+00
    endloop
  endfacet
  facet normal 0.000000e+00 8.660251e-01 5.000006e-01
    outer loop
      vertex   2.800000e+00 2.003627e+01 -9.072561e+00
      vertex   1.875000e+00 2.003627e+01 -9.072561e+00
      vertex   1.875000e+00 1.962731e+01 -8.364227e+00
    endloop
  endfacet
  facet normal 8.389801e-08 8.660250e-01 5.000006e-01
    outer loop
      vertex   2.800000e+00 2.003627e+01 -9.072561e+00
      vertex   1.875000e+00 1.962731e+01 -8.364227e+00
      vertex   2.850000e+00 1.963934e+01 -8.385061e+00
    endloop
  endfacet
  facet normal 4.525318e-08 8.660258e-01 4.999993e-01
    outer loop
      vertex   2.850000e+00 1.963934e+01 -8.385061e+00
      vertex   1.875000e+00 1.962731e+01 -8.364227e+00
      vertex   2.850000e+00 1.922437e+01 -7.666311e+00
    endloop
  endfacet
  facet normal -1.276254e-07 8.660257e-01 4.999995e-01
    outer loop
      vertex   2.850000e+00 1.922437e+01 -7.666311e+00
      vertex   1.875000e+00 1.962731e+01 -8.364227e+00
      vertex   1.875000e+00 1.921836e+01 -7.655894e+00
    endloop
  endfacet
  facet normal -1.104302e-07 8.660250e-01 5.000007e-01
    outer loop
      vertex   2.850000e+00 1.922437e+01 -7.666311e+00
      vertex   1.875000e+00 1.921836e+01 -7.655894e+00
      vertex   2.850000e+00 1.880940e+01 -6.947561e+00
    endloop
  endfacet
  facet normal 0.000000e+00 8.660251e-01 5.000006e-01
    outer loop
      vertex   2.850000e+00 1.880940e+01 -6.947561e+00
      vertex   1.875000e+00 1.921836e+01 -7.655894e+00
      vertex   1.875000e+00 1.880940e+01 -6.947561e+00
    endloop
  endfacet
  facet normal 3.850042e-06 8.660256e-01 4.999996e-01
    outer loop
      vertex   6.750000e+00 1.963934e+01 -8.385061e+00
      vertex   6.750000e+00 2.005431e+01 -9.103811e+00
      vertex   6.500000e+00 2.003627e+01 -9.072561e+00
    endloop
  endfacet
  facet normal -8.708916e-02 7.595332e-01 6.446121e-01
    outer loop
      vertex   1.875000e+00 2.003627e+01 -9.072561e+00
      vertex   1.506263e+00 1.999399e+01 -9.072561e+00
      vertex   1.389714e+00 1.992392e+01 -9.005747e+00
    endloop
  endfacet
  facet normal -1.305267e-01 8.586165e-01 4.957221e-01
    outer loop
      vertex   1.875000e+00 2.003627e+01 -9.072561e+00
      vertex   1.389714e+00 1.992392e+01 -9.005747e+00
      vertex   1.389714e+00 1.953397e+01 -8.330333e+00
    endloop
  endfacet
  facet normal -1.305249e-01 8.586163e-01 4.957231e-01
    outer loop
      vertex   1.875000e+00 2.003627e+01 -9.072561e+00
      vertex   1.389714e+00 1.953397e+01 -8.330333e+00
      vertex   1.875000e+00 1.962731e+01 -8.364227e+00
    endloop
  endfacet
  facet normal -1.305250e-01 8.586165e-01 4.957226e-01
    outer loop
      vertex   1.875000e+00 1.962731e+01 -8.364227e+00
      vertex   1.389714e+00 1.953397e+01 -8.330333e+00
      vertex   1.389714e+00 1.914402e+01 -7.654920e+00
    endloop
  endfacet
  facet normal -1.305261e-01 8.586167e-01 4.957219e-01
    outer loop
      vertex   1.875000e+00 1.962731e+01 -8.364227e+00
      vertex   1.389714e+00 1.914402e+01 -7.654920e+00
      vertex   1.875000e+00 1.921836e+01 -7.655894e+00
    endloop
  endfacet
  facet normal -1.305261e-01 8.586162e-01 4.957229e-01
    outer loop
      vertex   1.875000e+00 1.921836e+01 -7.655894e+00
      vertex   1.389714e+00 1.914402e+01 -7.654920e+00
      vertex   1.389714e+00 1.876514e+01 -6.998672e+00
    endloop
  endfacet
  facet normal -1.305259e-01 8.586162e-01 4.957230e-01
    outer loop
      vertex   1.875000e+00 1.921836e+01 -7.655894e+00
      vertex   1.389714e+00 1.876514e+01 -6.998672e+00
      vertex   1.875000e+00 1.880940e+01 -6.947561e+00
    endloop
  endfacet
  facet normal -3.084727e-01 8.731043e-01 3.775362e-01
    outer loop
      vertex   1.506263e+00 1.999399e+01 -9.072561e+00
      vertex   1.151927e+00 1.986880e+01 -9.072561e+00
      vertex   1.389714e+00 1.992392e+01 -9.005747e+00
    endloop
  endfacet
  facet normal -3.382613e-01 4.734080e-01 8.133045e-01
    outer loop
      vertex   1.389714e+00 1.992392e+01 -9.005747e+00
      vertex   1.151927e+00 1.986880e+01 -9.072561e+00
      vertex   9.375000e-01 1.976171e+01 -9.099404e+00
    endloop
  endfacet
  facet normal -3.826828e-01 8.001029e-01 4.619407e-01
    outer loop
      vertex   1.389714e+00 1.992392e+01 -9.005747e+00
      vertex   9.375000e-01 1.976171e+01 -9.099404e+00
      vertex   9.375000e-01 1.937175e+01 -8.423990e+00
    endloop
  endfacet
  facet normal -3.826846e-01 8.001029e-01 4.619393e-01
    outer loop
      vertex   1.389714e+00 1.992392e+01 -9.005747e+00
      vertex   9.375000e-01 1.937175e+01 -8.423990e+00
      vertex   1.389714e+00 1.953397e+01 -8.330333e+00
    endloop
  endfacet
  facet normal -3.826846e-01 8.001029e-01 4.619393e-01
    outer loop
      vertex   1.389714e+00 1.953397e+01 -8.330333e+00
      vertex   9.375000e-01 1.937175e+01 -8.423990e+00
      vertex   9.375000e-01 1.898180e+01 -7.748576e+00
    endloop
  endfacet
  facet normal -3.826841e-01 8.001029e-01 4.619397e-01
    outer loop
      vertex   1.389714e+00 1.953397e+01 -8.330333e+00
      vertex   9.375000e-01 1.898180e+01 -7.748576e+00
      vertex   1.389714e+00 1.914402e+01 -7.654920e+00
    endloop
  endfacet
  facet normal -3.826841e-01 8.001026e-01 4.619401e-01
    outer loop
      vertex   1.389714e+00 1.914402e+01 -7.654920e+00
      vertex   9.375000e-01 1.898180e+01 -7.748576e+00
      vertex   9.375000e-01 1.863536e+01 -7.148523e+00
    endloop
  endfacet
  facet normal -3.826842e-01 8.001026e-01 4.619400e-01
    outer loop
      vertex   1.389714e+00 1.914402e+01 -7.654920e+00
      vertex   9.375000e-01 1.863536e+01 -7.148523e+00
      vertex   1.389714e+00 1.876514e+01 -6.998672e+00
    endloop
  endfacet
  facet normal -4.479638e-01 7.938030e-01 4.113456e-01
    outer loop
      vertex   1.151927e+00 1.986880e+01 -9.072561e+00
      vertex   8.142288e-01 1.986880e+01 -9.440321e+00
      vertex   9.375000e-01 1.976171e+01 -9.099404e+00
    endloop
  endfacet
  facet normal -6.083138e-01 6.673753e-01 4.296098e-01
    outer loop
      vertex   9.375000e-01 1.976171e+01 -9.099404e+00
      vertex   8.142288e-01 1.986880e+01 -9.440321e+00
      vertex   5.491748e-01 1.950365e+01 -9.248390e+00
    endloop
  endfacet
  facet normal -6.087620e-01 6.870639e-01 3.966762e-01
    outer loop
      vertex   9.375000e-01 1.976171e+01 -9.099404e+00
      vertex   5.491748e-01 1.950365e+01 -9.248390e+00
      vertex   5.491748e-01 1.911370e+01 -8.572976e+00
    endloop
  endfacet
  facet normal -6.087607e-01 6.870642e-01 3.966776e-01
    outer loop
      vertex   9.375000e-01 1.976171e+01 -9.099404e+00
      vertex   5.491748e-01 1.911370e+01 -8.572976e+00
      vertex   9.375000e-01 1.937175e+01 -8.423990e+00
    endloop
  endfacet
  facet normal -6.087607e-01 6.870646e-01 3.966770e-01
    outer loop
      vertex   9.375000e-01 1.937175e+01 -8.423990e+00
      vertex   5.491748e-01 1.911370e+01 -8.572976e+00
      vertex   5.491748e-01 1.872375e+01 -7.897562e+00
    endloop
  endfacet
  facet normal -6.087611e-01 6.870645e-01 3.966766e-01
    outer loop
      vertex   9.375000e-01 1.937175e+01 -8.423990e+00
      vertex   5.491748e-01 1.872375e+01 -7.897562e+00
      vertex   9.375000e-01 1.898180e+01 -7.748576e+00
    endloop
  endfacet
  facet normal -6.087611e-01 6.870643e-01 3.966770e-01
    outer loop
      vertex   9.375000e-01 1.898180e+01 -7.748576e+00
      vertex   5.491748e-01 1.872375e+01 -7.897562e+00
      vertex   5.491748e-01 1.842892e+01 -7.386901e+00
    endloop
  endfacet
  facet normal -6.087608e-01 6.870643e-01 3.966773e-01
    outer loop
      vertex   9.375000e-01 1.898180e+01 -7.748576e+00
      vertex   5.491748e-01 1.842892e+01 -7.386901e+00
      vertex   9.375000e-01 1.863536e+01 -7.148523e+00
    endloop
  endfacet
  facet normal -7.659590e-01 4.581876e-01 4.509667e-01
    outer loop
      vertex   8.142288e-01 1.986880e+01 -9.440321e+00
      vertex   5.211421e-01 1.986880e+01 -9.938123e+00
      vertex   2.380092e-01 1.947086e+01 -1.001471e+01
    endloop
  endfacet
  facet normal -7.366569e-01 5.902372e-01 3.300858e-01
    outer loop
      vertex   8.142288e-01 1.986880e+01 -9.440321e+00
      vertex   2.380092e-01 1.947086e+01 -1.001471e+01
      vertex   2.512024e-01 1.916735e+01 -9.442553e+00
    endloop
  endfacet
  facet normal -7.750748e-01 6.217661e-01 1.125429e-01
    outer loop
      vertex   8.142288e-01 1.986880e+01 -9.440321e+00
      vertex   2.512024e-01 1.916735e+01 -9.442553e+00
      vertex   5.491748e-01 1.950365e+01 -9.248390e+00
    endloop
  endfacet
  facet normal -7.933530e-01 5.272029e-01 3.043814e-01
    outer loop
      vertex   5.491748e-01 1.950365e+01 -9.248390e+00
      vertex   2.512024e-01 1.916735e+01 -9.442553e+00
      vertex   2.512024e-01 1.877740e+01 -8.767139e+00
    endloop
  endfacet
  facet normal -7.933538e-01 5.272024e-01 3.043802e-01
    outer loop
      vertex   5.491748e-01 1.950365e+01 -9.248390e+00
      vertex   2.512024e-01 1.877740e+01 -8.767139e+00
      vertex   5.491748e-01 1.911370e+01 -8.572976e+00
    endloop
  endfacet
  facet normal -7.933538e-01 5.272023e-01 3.043804e-01
    outer loop
      vertex   5.491748e-01 1.911370e+01 -8.572976e+00
      vertex   2.512024e-01 1.877740e+01 -8.767139e+00
      vertex   2.512024e-01 1.838745e+01 -8.091725e+00
    endloop
  endfacet
  facet normal -7.933538e-01 5.272023e-01 3.043804e-01
    outer loop
      vertex   5.491748e-01 1.911370e+01 -8.572976e+00
      vertex   2.512024e-01 1.838745e+01 -8.091725e+00
      vertex   5.491748e-01 1.872375e+01 -7.897562e+00
    endloop
  endfacet
  facet normal -7.933538e-01 5.272025e-01 3.043801e-01
    outer loop
      vertex   5.491748e-01 1.872375e+01 -7.897562e+00
      vertex   2.512024e-01 1.838745e+01 -8.091725e+00
      vertex   2.512024e-01 1.815988e+01 -7.697561e+00
    endloop
  endfacet
  facet normal -7.933535e-01 5.272026e-01 3.043808e-01
    outer loop
      vertex   5.491748e-01 1.872375e+01 -7.897562e+00
      vertex   2.512024e-01 1.815988e+01 -7.697561e+00
      vertex   5.491748e-01 1.842892e+01 -7.386901e+00
    endloop
  endfacet
  facet normal -9.283071e-01 3.236421e-01 1.830348e-01
    outer loop
      vertex   2.380092e-01 1.947086e+01 -1.001471e+01
      vertex   6.047764e-02 1.901163e+01 -1.010309e+01
      vertex   6.388908e-02 1.877572e+01 -9.668660e+00
    endloop
  endfacet
  facet normal -9.238678e-01 3.288609e-01 1.957520e-01
    outer loop
      vertex   2.380092e-01 1.947086e+01 -1.001471e+01
      vertex   6.388908e-02 1.877572e+01 -9.668660e+00
      vertex   2.512024e-01 1.916735e+01 -9.442553e+00
    endloop
  endfacet
  facet normal -9.238798e-01 3.314131e-01 1.913413e-01
    outer loop
      vertex   2.512024e-01 1.916735e+01 -9.442553e+00
      vertex   6.388908e-02 1.877572e+01 -9.668660e+00
      vertex   6.388908e-02 1.838577e+01 -8.993246e+00
    endloop
  endfacet
  facet normal -9.238795e-01 3.314135e-01 1.913421e-01
    outer loop
      vertex   2.512024e-01 1.916735e+01 -9.442553e+00
      vertex   6.388908e-02 1.838577e+01 -8.993246e+00
      vertex   2.512024e-01 1.877740e+01 -8.767139e+00
    endloop
  endfacet
  facet normal -9.238795e-01 3.314138e-01 1.913417e-01
    outer loop
      vertex   2.512024e-01 1.877740e+01 -8.767139e+00
      vertex   6.388908e-02 1.838577e+01 -8.993246e+00
      vertex   6.388908e-02 1.799582e+01 -8.317832e+00
    endloop
  endfacet
  facet normal -9.238794e-01 3.314139e-01 1.913419e-01
    outer loop
      vertex   2.512024e-01 1.877740e+01 -8.767139e+00
      vertex   6.388908e-02 1.799582e+01 -8.317832e+00
      vertex   2.512024e-01 1.838745e+01 -8.091725e+00
    endloop
  endfacet
  facet normal -9.238794e-01 3.314136e-01 1.913424e-01
    outer loop
      vertex   2.512024e-01 1.838745e+01 -8.091725e+00
      vertex   6.388908e-02 1.799582e+01 -8.317832e+00
      vertex   6.388908e-02 1.784658e+01 -8.059332e+00
    endloop
  endfacet
  facet normal -9.238796e-01 3.314136e-01 1.913414e-01
    outer loop
      vertex   2.512024e-01 1.838745e+01 -8.091725e+00
      vertex   6.388908e-02 1.784658e+01 -8.059332e+00
      vertex   2.512024e-01 1.815988e+01 -7.697561e+00
    endloop
  endfacet
  facet normal -9.919035e-01 1.099796e-01 6.349677e-02
    outer loop
      vertex   6.047764e-02 1.901163e+01 -1.010309e+01
      vertex   0.000000e+00 1.852073e+01 -1.019756e+01
      vertex   0.000000e+00 1.818394e+01 -9.614227e+00
    endloop
  endfacet
  facet normal -9.911282e-01 1.133810e-01 6.935152e-02
    outer loop
      vertex   6.047764e-02 1.901163e+01 -1.010309e+01
      vertex   0.000000e+00 1.818394e+01 -9.614227e+00
      vertex   6.388908e-02 1.877572e+01 -9.668660e+00
    endloop
  endfacet
  facet normal -9.914448e-01 1.130391e-01 6.526316e-02
    outer loop
      vertex   6.388908e-02 1.877572e+01 -9.668660e+00
      vertex   0.000000e+00 1.818394e+01 -9.614227e+00
      vertex   0.000000e+00 1.784715e+01 -9.030894e+00
    endloop
  endfacet
  facet normal -9.914449e-01 1.130390e-01 6.526307e-02
    outer loop
      vertex   6.388908e-02 1.877572e+01 -9.668660e+00
      vertex   0.000000e+00 1.784715e+01 -9.030894e+00
      vertex   6.388908e-02 1.838577e+01 -8.993246e+00
    endloop
  endfacet
  facet normal -9.914449e-01 1.130390e-01 6.526313e-02
    outer loop
      vertex   6.388908e-02 1.838577e+01 -8.993246e+00
      vertex   0.000000e+00 1.784715e+01 -9.030894e+00
      vertex   5.551115e-16 1.751036e+01 -8.447561e+00
    endloop
  endfacet
  facet normal -9.914449e-01 1.130390e-01 6.526304e-02
    outer loop
      vertex   6.388908e-02 1.838577e+01 -8.993246e+00
      vertex   5.551115e-16 1.751036e+01 -8.447561e+00
      vertex   6.388908e-02 1.799582e+01 -8.317832e+00
    endloop
  endfacet
  facet normal -9.914449e-01 1.130389e-01 6.526330e-02
    outer loop
      vertex   6.388908e-02 1.799582e+01 -8.317832e+00
      vertex   5.551115e-16 1.751036e+01 -8.447561e+00
      vertex   6.388908e-02 1.784658e+01 -8.059332e+00
    endloop
  endfacet
  facet normal -8.166932e-01 5.005905e-01 2.870911e-01
    outer loop
      vertex   5.211421e-01 1.986880e+01 -9.938123e+00
      vertex   4.766721e-01 1.986880e+01 -1.006463e+01
      vertex   2.229778e-01 1.947831e+01 -1.010543e+01
    endloop
  endfacet
  facet normal -8.175097e-01 5.469433e-01 1.803633e-01
    outer loop
      vertex   5.211421e-01 1.986880e+01 -9.938123e+00
      vertex   2.229778e-01 1.947831e+01 -1.010543e+01
      vertex   2.380092e-01 1.947086e+01 -1.001471e+01
    endloop
  endfacet
  facet normal -9.313578e-01 3.163384e-01 1.802847e-01
    outer loop
      vertex   2.380092e-01 1.947086e+01 -1.001471e+01
      vertex   2.229778e-01 1.947831e+01 -1.010543e+01
      vertex   5.613031e-02 1.901261e+01 -1.015023e+01
    endloop
  endfacet
  facet normal -9.345670e-01 3.433204e-01 9.335767e-02
    outer loop
      vertex   2.380092e-01 1.947086e+01 -1.001471e+01
      vertex   5.613031e-02 1.901261e+01 -1.015023e+01
      vertex   6.047764e-02 1.901163e+01 -1.010309e+01
    endloop
  endfacet
  facet normal -9.901748e-01 1.039962e-01 9.348081e-02
    outer loop
      vertex   6.047764e-02 1.901163e+01 -1.010309e+01
      vertex   5.613031e-02 1.901261e+01 -1.015023e+01
      vertex   0.000000e+00 1.852073e+01 -1.019756e+01
    endloop
  endfacet
  facet normal -8.429256e-01 5.293379e-01 9.632190e-02
    outer loop
      vertex   4.766721e-01 1.986880e+01 -1.006463e+01
      vertex   4.614509e-01 1.986880e+01 -1.019783e+01
      vertex   2.178566e-01 1.948085e+01 -1.019756e+01
    endloop
  endfacet
  facet normal -8.399014e-01 5.392390e-01 6.153832e-02
    outer loop
      vertex   4.766721e-01 1.986880e+01 -1.006463e+01
      vertex   2.178566e-01 1.948085e+01 -1.019756e+01
      vertex   2.229778e-01 1.947831e+01 -1.010543e+01
    endloop
  endfacet
  facet normal -9.424343e-01 3.286983e-01 6.144068e-02
    outer loop
      vertex   2.229778e-01 1.947831e+01 -1.010543e+01
      vertex   2.178566e-01 1.948085e+01 -1.019756e+01
      vertex   5.466309e-02 1.901295e+01 -1.019756e+01
    endloop
  endfacet
  facet normal -9.418956e-01 3.344210e-01 3.154880e-02
    outer loop
      vertex   2.229778e-01 1.947831e+01 -1.010543e+01
      vertex   5.466309e-02 1.901295e+01 -1.019756e+01
      vertex   5.613031e-02 1.901261e+01 -1.015023e+01
    endloop
  endfacet
  facet normal -9.933945e-01 1.103206e-01 3.157047e-02
    outer loop
      vertex   5.613031e-02 1.901261e+01 -1.015023e+01
      vertex   5.466309e-02 1.901295e+01 -1.019756e+01
      vertex   0.000000e+00 1.852073e+01 -1.019756e+01
    endloop
  endfacet
  facet normal -8.391938e-01 5.352008e-01 -9.650829e-02
    outer loop
      vertex   4.614509e-01 1.986880e+01 -1.019783e+01
      vertex   4.767445e-01 1.986880e+01 -1.033082e+01
      vertex   2.229778e-01 1.947831e+01 -1.028969e+01
    endloop
  endfacet
  facet normal -8.453043e-01 5.307218e-01 -6.160414e-02
    outer loop
      vertex   4.614509e-01 1.986880e+01 -1.019783e+01
      vertex   2.229778e-01 1.947831e+01 -1.028969e+01
      vertex   2.178566e-01 1.948085e+01 -1.019756e+01
    endloop
  endfacet
  facet normal -9.414872e-01 3.313973e-01 -6.146235e-02
    outer loop
      vertex   2.178566e-01 1.948085e+01 -1.019756e+01
      vertex   2.229778e-01 1.947831e+01 -1.028969e+01
      vertex   5.613031e-02 1.901261e+01 -1.024489e+01
    endloop
  endfacet
  facet normal -9.437476e-01 3.291564e-01 -3.156921e-02
    outer loop
      vertex   2.178566e-01 1.948085e+01 -1.019756e+01
      vertex   5.613031e-02 1.901261e+01 -1.024489e+01
      vertex   5.466309e-02 1.901295e+01 -1.019756e+01
    endloop
  endfacet
  facet normal -9.933945e-01 1.103206e-01 -3.157047e-02
    outer loop
      vertex   5.466309e-02 1.901295e+01 -1.019756e+01
      vertex   5.613031e-02 1.901261e+01 -1.024489e+01
      vertex   0.000000e+00 1.852073e+01 -1.019756e+01
    endloop
  endfacet
  facet normal -8.062799e-01 5.190674e-01 -2.836931e-01
    outer loop
      vertex   4.767445e-01 1.986880e+01 -1.033082e+01
      vertex   5.211421e-01 1.986880e+01 -1.045700e+01
      vertex   2.380092e-01 1.947086e+01 -1.038041e+01
    endloop
  endfacet
  facet normal -8.332507e-01 5.224435e-01 -1.809589e-01
    outer loop
      vertex   4.767445e-01 1.986880e+01 -1.033082e+01
      vertex   2.380092e-01 1.947086e+01 -1.038041e+01
      vertex   2.229778e-01 1.947831e+01 -1.028969e+01
    endloop
  endfacet
  facet normal -9.285970e-01 3.242464e-01 -1.804769e-01
    outer loop
      vertex   2.229778e-01 1.947831e+01 -1.028969e+01
      vertex   2.380092e-01 1.947086e+01 -1.038041e+01
      vertex   6.047764e-02 1.901163e+01 -1.029204e+01
    endloop
  endfacet
  facet normal -9.400997e-01 3.278142e-01 -9.354360e-02
    outer loop
      vertex   2.229778e-01 1.947831e+01 -1.028969e+01
      vertex   6.047764e-02 1.901163e+01 -1.029204e+01
      vertex   5.613031e-02 1.901261e+01 -1.024489e+01
    endloop
  endfacet
  facet normal -9.901748e-01 1.039962e-01 -9.348081e-02
    outer loop
      vertex   5.613031e-02 1.901261e+01 -1.024489e+01
      vertex   6.047764e-02 1.901163e+01 -1.029204e+01
      vertex   0.000000e+00 1.852073e+01 -1.019756e+01
    endloop
  endfacet
  facet normal -7.089843e-02 7.913560e-01 -6.072306e-01
    outer loop
      vertex   1.875000e+00 1.880940e+01 -1.344756e+01
      vertex   1.875000e+00 1.869021e+01 -1.360289e+01
      vertex   1.619226e+00 1.867919e+01 -1.358739e+01
    endloop
  endfacet
  facet normal -1.324479e-01 8.345112e-01 -5.348351e-01
    outer loop
      vertex   1.875000e+00 1.880940e+01 -1.344756e+01
      vertex   1.619226e+00 1.867919e+01 -1.358739e+01
      vertex   1.389714e+00 1.876514e+01 -1.339645e+01
    endloop
  endfacet
  facet normal -2.103614e-01 7.716868e-01 -6.002062e-01
    outer loop
      vertex   1.389714e+00 1.876514e+01 -1.339645e+01
      vertex   1.619226e+00 1.867919e+01 -1.358739e+01
      vertex   1.369153e+00 1.864663e+01 -1.354161e+01
    endloop
  endfacet
  facet normal -2.180624e-01 6.453215e-01 -7.321263e-01
    outer loop
      vertex   1.369153e+00 1.864663e+01 -1.354161e+01
      vertex   1.619226e+00 1.867919e+01 -1.358739e+01
      vertex   1.616406e+00 1.860591e+01 -1.365115e+01
    endloop
  endfacet
  facet normal -2.201755e-01 6.409951e-01 -7.352877e-01
    outer loop
      vertex   1.369153e+00 1.864663e+01 -1.354161e+01
      vertex   1.616406e+00 1.860591e+01 -1.365115e+01
      vertex   1.363905e+00 1.857478e+01 -1.360267e+01
    endloop
  endfacet
  facet normal -2.223944e-01 5.421456e-01 -8.103202e-01
    outer loop
      vertex   1.363905e+00 1.857478e+01 -1.360267e+01
      vertex   1.616406e+00 1.860591e+01 -1.365115e+01
      vertex   1.615465e+00 1.852502e+01 -1.370500e+01
    endloop
  endfacet
  facet normal -2.230552e-01 5.405806e-01 -8.111837e-01
    outer loop
      vertex   1.363905e+00 1.857478e+01 -1.360267e+01
      vertex   1.615465e+00 1.852502e+01 -1.370500e+01
      vertex   1.362154e+00 1.849598e+01 -1.365470e+01
    endloop
  endfacet
  facet normal -2.230296e-01 4.306214e-01 -8.745416e-01
    outer loop
      vertex   1.362154e+00 1.849598e+01 -1.365470e+01
      vertex   1.615465e+00 1.852502e+01 -1.370500e+01
      vertex   1.616406e+00 1.843794e+01 -1.374812e+01
    endloop
  endfacet
  facet normal -2.224008e-01 4.323000e-01 -8.738733e-01
    outer loop
      vertex   1.362154e+00 1.849598e+01 -1.365470e+01
      vertex   1.616406e+00 1.843794e+01 -1.374812e+01
      vertex   1.363905e+00 1.841152e+01 -1.369693e+01
    endloop
  endfacet
  facet normal -2.200007e-01 3.111789e-01 -9.245363e-01
    outer loop
      vertex   1.363905e+00 1.841152e+01 -1.369693e+01
      vertex   1.616406e+00 1.843794e+01 -1.374812e+01
      vertex   1.619226e+00 1.834609e+01 -1.377971e+01
    endloop
  endfacet
  facet normal -2.181819e-01 3.165242e-01 -9.231517e-01
    outer loop
      vertex   1.363905e+00 1.841152e+01 -1.369693e+01
      vertex   1.619226e+00 1.834609e+01 -1.377971e+01
      vertex   1.369153e+00 1.832272e+01 -1.372862e+01
    endloop
  endfacet
  facet normal -2.103624e-01 1.339523e-01 -9.684030e-01
    outer loop
      vertex   1.369153e+00 1.832272e+01 -1.372862e+01
      vertex   1.619226e+00 1.834609e+01 -1.377971e+01
      vertex   1.389714e+00 1.813775e+01 -1.375867e+01
    endloop
  endfacet
  facet normal -6.660169e-02 -2.734761e-02 -9.974048e-01
    outer loop
      vertex   1.389714e+00 1.813775e+01 -1.375867e+01
      vertex   1.619226e+00 1.834609e+01 -1.377971e+01
      vertex   1.875000e+00 1.835400e+01 -1.379701e+01
    endloop
  endfacet
  facet normal -1.352250e-01 1.293235e-01 -9.823389e-01
    outer loop
      vertex   1.389714e+00 1.813775e+01 -1.375867e+01
      vertex   1.875000e+00 1.835400e+01 -1.379701e+01
      vertex   1.875000e+00 1.815988e+01 -1.382256e+01
    endloop
  endfacet
  facet normal -5.035440e-02 6.079903e-01 -7.923460e-01
    outer loop
      vertex   1.875000e+00 1.869021e+01 -1.360289e+01
      vertex   1.875000e+00 1.853488e+01 -1.372208e+01
      vertex   1.616406e+00 1.860591e+01 -1.365115e+01
    endloop
  endfacet
  facet normal -7.378159e-02 6.561790e-01 -7.509896e-01
    outer loop
      vertex   1.875000e+00 1.869021e+01 -1.360289e+01
      vertex   1.616406e+00 1.860591e+01 -1.365115e+01
      vertex   1.619226e+00 1.867919e+01 -1.358739e+01
    endloop
  endfacet
  facet normal -7.410140e-02 3.816316e-01 -9.213394e-01
    outer loop
      vertex   1.875000e+00 1.853488e+01 -1.372208e+01
      vertex   1.875000e+00 1.835400e+01 -1.379701e+01
      vertex   1.619226e+00 1.834609e+01 -1.377971e+01
    endloop
  endfacet
  facet normal -2.636653e-02 3.243568e-01 -9.455673e-01
    outer loop
      vertex   1.875000e+00 1.853488e+01 -1.372208e+01
      vertex   1.619226e+00 1.834609e+01 -1.377971e+01
      vertex   1.616406e+00 1.843794e+01 -1.374812e+01
    endloop
  endfacet
  facet normal -3.965011e-01 1.477141e-01 -9.060725e-01
    outer loop
      vertex   1.389714e+00 1.813775e+01 -1.375867e+01
      vertex   9.375000e-01 1.807286e+01 -1.357136e+01
      vertex   9.070688e-01 1.823283e+01 -1.353196e+01
    endloop
  endfacet
  facet normal -4.363812e-01 -7.780211e-02 -8.963918e-01
    outer loop
      vertex   1.389714e+00 1.813775e+01 -1.375867e+01
      vertex   9.070688e-01 1.823283e+01 -1.353196e+01
      vertex   1.130334e+00 1.828455e+01 -1.364514e+01
    endloop
  endfacet
  facet normal -4.850902e-01 2.848910e-01 -8.267555e-01
    outer loop
      vertex   1.130334e+00 1.828455e+01 -1.364514e+01
      vertex   9.070688e-01 1.823283e+01 -1.353196e+01
      vertex   8.993192e-01 1.831032e+01 -1.350071e+01
    endloop
  endfacet
  facet normal -4.880027e-01 2.725239e-01 -8.292069e-01
    outer loop
      vertex   1.130334e+00 1.828455e+01 -1.364514e+01
      vertex   8.993192e-01 1.831032e+01 -1.350071e+01
      vertex   1.123409e+00 1.836847e+01 -1.361348e+01
    endloop
  endfacet
  facet normal -4.926539e-01 3.860663e-01 -7.799006e-01
    outer loop
      vertex   1.123409e+00 1.836847e+01 -1.361348e+01
      vertex   8.993192e-01 1.831032e+01 -1.350071e+01
      vertex   8.967333e-01 1.838484e+01 -1.346219e+01
    endloop
  endfacet
  facet normal -4.937535e-01 3.821642e-01 -7.811261e-01
    outer loop
      vertex   1.123409e+00 1.836847e+01 -1.361348e+01
      vertex   8.967333e-01 1.838484e+01 -1.346219e+01
      vertex   1.121098e+00 1.844868e+01 -1.357278e+01
    endloop
  endfacet
  facet normal -4.938670e-01 4.820423e-01 -7.236923e-01
    outer loop
      vertex   1.121098e+00 1.844868e+01 -1.357278e+01
      vertex   8.967333e-01 1.838484e+01 -1.346219e+01
      vertex   8.993192e-01 1.845545e+01 -1.341692e+01
    endloop
  endfacet
  facet normal -4.926220e-01 4.857196e-01 -7.220804e-01
    outer loop
      vertex   1.121098e+00 1.844868e+01 -1.357278e+01
      vertex   8.993192e-01 1.845545e+01 -1.341692e+01
      vertex   1.123409e+00 1.852404e+01 -1.352367e+01
    endloop
  endfacet
  facet normal -4.887871e-01 5.725323e-01 -6.582507e-01
    outer loop
      vertex   1.123409e+00 1.852404e+01 -1.352367e+01
      vertex   8.993192e-01 1.845545e+01 -1.341692e+01
      vertex   9.070688e-01 1.852126e+01 -1.336544e+01
    endloop
  endfacet
  facet normal -4.845551e-01 5.828663e-01 -6.522830e-01
    outer loop
      vertex   1.123409e+00 1.852404e+01 -1.352367e+01
      vertex   9.070688e-01 1.852126e+01 -1.336544e+01
      vertex   1.130334e+00 1.859342e+01 -1.346681e+01
    endloop
  endfacet
  facet normal -4.715189e-01 6.933271e-01 -5.449473e-01
    outer loop
      vertex   1.130334e+00 1.859342e+01 -1.346681e+01
      vertex   9.070688e-01 1.852126e+01 -1.336544e+01
      vertex   9.375000e-01 1.863536e+01 -1.324660e+01
    endloop
  endfacet
  facet normal -3.862391e-01 7.831254e-01 -4.873746e-01
    outer loop
      vertex   1.130334e+00 1.859342e+01 -1.346681e+01
      vertex   9.375000e-01 1.863536e+01 -1.324660e+01
      vertex   1.389714e+00 1.876514e+01 -1.339645e+01
    endloop
  endfacet
  facet normal -6.257696e-01 1.380573e-01 -7.676930e-01
    outer loop
      vertex   9.375000e-01 1.807286e+01 -1.357136e+01
      vertex   5.491748e-01 1.796964e+01 -1.327339e+01
      vertex   5.219311e-01 1.809443e+01 -1.322874e+01
    endloop
  endfacet
  facet normal -6.348938e-01 -1.271158e-01 -7.620705e-01
    outer loop
      vertex   9.375000e-01 1.807286e+01 -1.357136e+01
      vertex   5.219311e-01 1.809443e+01 -1.322874e+01
      vertex   7.030904e-01 1.816897e+01 -1.339210e+01
    endloop
  endfacet
  facet normal -7.023506e-01 2.324152e-01 -6.728200e-01
    outer loop
      vertex   7.030904e-01 1.816897e+01 -1.339210e+01
      vertex   5.219311e-01 1.809443e+01 -1.322874e+01
      vertex   5.150129e-01 1.815556e+01 -1.320040e+01
    endloop
  endfacet
  facet normal -7.046182e-01 2.148692e-01 -6.762724e-01
    outer loop
      vertex   7.030904e-01 1.816897e+01 -1.339210e+01
      vertex   5.150129e-01 1.815556e+01 -1.320040e+01
      vertex   6.953651e-01 1.823876e+01 -1.336188e+01
    endloop
  endfacet
  facet normal -7.095932e-01 3.125402e-01 -6.315031e-01
    outer loop
      vertex   6.953651e-01 1.823876e+01 -1.336188e+01
      vertex   5.150129e-01 1.815556e+01 -1.320040e+01
      vertex   5.127051e-01 1.821516e+01 -1.316831e+01
    endloop
  endfacet
  facet normal -7.105877e-01 3.069546e-01 -6.331224e-01
    outer loop
      vertex   6.953651e-01 1.823876e+01 -1.336188e+01
      vertex   5.127051e-01 1.821516e+01 -1.316831e+01
      vertex   6.927877e-01 1.830633e+01 -1.332622e+01
    endloop
  endfacet
  facet normal -7.107802e-01 3.900295e-01 -5.853789e-01
    outer loop
      vertex   6.927877e-01 1.830633e+01 -1.332622e+01
      vertex   5.127051e-01 1.821516e+01 -1.316831e+01
      vertex   5.150129e-01 1.827276e+01 -1.313273e+01
    endloop
  endfacet
  facet normal -7.095364e-01 3.953545e-01 -5.833121e-01
    outer loop
      vertex   6.927877e-01 1.830633e+01 -1.332622e+01
      vertex   5.150129e-01 1.827276e+01 -1.313273e+01
      vertex   6.953651e-01 1.837100e+01 -1.328553e+01
    endloop
  endfacet
  facet normal -7.059528e-01 4.646948e-01 -5.344992e-01
    outer loop
      vertex   6.953651e-01 1.837100e+01 -1.328553e+01
      vertex   5.150129e-01 1.827276e+01 -1.313273e+01
      vertex   5.219311e-01 1.832786e+01 -1.309396e+01
    endloop
  endfacet
  facet normal -7.014276e-01 4.798845e-01 -5.269821e-01
    outer loop
      vertex   6.953651e-01 1.837100e+01 -1.328553e+01
      vertex   5.219311e-01 1.832786e+01 -1.309396e+01
      vertex   7.030904e-01 1.843207e+01 -1.324020e+01
    endloop
  endfacet
  facet normal -6.895834e-01 5.675569e-01 -4.498376e-01
    outer loop
      vertex   7.030904e-01 1.843207e+01 -1.324020e+01
      vertex   5.219311e-01 1.832786e+01 -1.309396e+01
      vertex   5.491748e-01 1.842892e+01 -1.300822e+01
    endloop
  endfacet
  facet normal -6.082469e-01 6.889277e-01 -3.942263e-01
    outer loop
      vertex   7.030904e-01 1.843207e+01 -1.324020e+01
      vertex   5.491748e-01 1.842892e+01 -1.300822e+01
      vertex   9.375000e-01 1.863536e+01 -1.324660e+01
    endloop
  endfacet
  facet normal -8.072742e-01 1.201834e-01 -5.778099e-01
    outer loop
      vertex   5.491748e-01 1.796964e+01 -1.327339e+01
      vertex   2.512024e-01 1.783512e+01 -1.288506e+01
      vertex   2.355026e-01 1.791968e+01 -1.284554e+01
    endloop
  endfacet
  facet normal -8.079057e-01 3.411371e-02 -5.883236e-01
    outer loop
      vertex   5.491748e-01 1.796964e+01 -1.327339e+01
      vertex   2.355026e-01 1.791968e+01 -1.284554e+01
      vertex   5.219311e-01 1.809443e+01 -1.322874e+01
    endloop
  endfacet
  facet normal -8.261944e-01 1.957564e-01 -5.282823e-01
    outer loop
      vertex   5.219311e-01 1.809443e+01 -1.322874e+01
      vertex   2.355026e-01 1.791968e+01 -1.284554e+01
      vertex   2.314860e-01 1.796155e+01 -1.282374e+01
    endloop
  endfacet
  facet normal -8.262296e-01 1.572589e-01 -5.409383e-01
    outer loop
      vertex   5.219311e-01 1.809443e+01 -1.322874e+01
      vertex   2.314860e-01 1.796155e+01 -1.282374e+01
      vertex   5.150129e-01 1.815556e+01 -1.320040e+01
    endloop
  endfacet
  facet normal -8.310711e-01 2.503091e-01 -4.966549e-01
    outer loop
      vertex   5.150129e-01 1.815556e+01 -1.320040e+01
      vertex   2.314860e-01 1.796155e+01 -1.282374e+01
      vertex   2.301466e-01 1.800290e+01 -1.280066e+01
    endloop
  endfacet
  facet normal -8.316275e-01 2.379625e-01 -5.017664e-01
    outer loop
      vertex   5.150129e-01 1.815556e+01 -1.320040e+01
      vertex   2.301466e-01 1.800290e+01 -1.280066e+01
      vertex   5.127051e-01 1.821516e+01 -1.316831e+01
    endloop
  endfacet
  facet normal -8.320487e-01 3.042320e-01 -4.638295e-01
    outer loop
      vertex   5.127051e-01 1.821516e+01 -1.316831e+01
      vertex   2.301466e-01 1.800290e+01 -1.280066e+01
      vertex   2.314860e-01 1.804356e+01 -1.277639e+01
    endloop
  endfacet
  facet normal -8.309440e-01 3.160780e-01 -4.578501e-01
    outer loop
      vertex   5.127051e-01 1.821516e+01 -1.316831e+01
      vertex   2.314860e-01 1.804356e+01 -1.277639e+01
      vertex   5.150129e-01 1.827276e+01 -1.313273e+01
    endloop
  endfacet
  facet normal -8.291494e-01 3.574623e-01 -4.298047e-01
    outer loop
      vertex   5.150129e-01 1.827276e+01 -1.313273e+01
      vertex   2.314860e-01 1.804356e+01 -1.277639e+01
      vertex   2.355026e-01 1.808338e+01 -1.275103e+01
    endloop
  endfacet
  facet normal -8.241656e-01 3.914440e-01 -4.092953e-01
    outer loop
      vertex   5.150129e-01 1.827276e+01 -1.313273e+01
      vertex   2.355026e-01 1.808338e+01 -1.275103e+01
      vertex   5.219311e-01 1.832786e+01 -1.309396e+01
    endloop
  endfacet
  facet normal -8.195865e-01 4.315667e-01 -3.768661e-01
    outer loop
      vertex   5.219311e-01 1.832786e+01 -1.309396e+01
      vertex   2.355026e-01 1.808338e+01 -1.275103e+01
      vertex   2.512024e-01 1.815988e+01 -1.269756e+01
    endloop
  endfacet
  facet normal -7.993616e-01 4.992029e-01 -3.343913e-01
    outer loop
      vertex   5.219311e-01 1.832786e+01 -1.309396e+01
      vertex   2.512024e-01 1.815988e+01 -1.269756e+01
      vertex   5.491748e-01 1.842892e+01 -1.300822e+01
    endloop
  endfacet
  facet normal -9.308598e-01 9.320226e-02 -3.532893e-01
    outer loop
      vertex   2.512024e-01 1.783512e+01 -1.288506e+01
      vertex   6.388908e-02 1.767847e+01 -1.243285e+01
      vertex   5.930337e-02 1.772094e+01 -1.240956e+01
    endloop
  endfacet
  facet normal -8.607720e-01 -2.913642e-01 -4.173470e-01
    outer loop
      vertex   2.512024e-01 1.783512e+01 -1.288506e+01
      vertex   5.930337e-02 1.772094e+01 -1.240956e+01
      vertex   1.329797e-01 1.782254e+01 -1.263244e+01
    endloop
  endfacet
  facet normal -9.574005e-01 1.000127e-01 -2.708906e-01
    outer loop
      vertex   1.329797e-01 1.782254e+01 -1.263244e+01
      vertex   5.930337e-02 1.772094e+01 -1.240956e+01
      vertex   5.814419e-02 1.774213e+01 -1.239764e+01
    endloop
  endfacet
  facet normal -9.572872e-01 7.759258e-02 -2.785328e-01
    outer loop
      vertex   1.329797e-01 1.782254e+01 -1.263244e+01
      vertex   5.814419e-02 1.774213e+01 -1.239764e+01
      vertex   1.305275e-01 1.785416e+01 -1.261521e+01
    endloop
  endfacet
  facet normal -9.589279e-01 1.274840e-01 -2.533875e-01
    outer loop
      vertex   1.305275e-01 1.785416e+01 -1.261521e+01
      vertex   5.814419e-02 1.774213e+01 -1.239764e+01
      vertex   5.775776e-02 1.776324e+01 -1.238556e+01
    endloop
  endfacet
  facet normal -9.590882e-01 1.202233e-01 -2.563128e-01
    outer loop
      vertex   1.305275e-01 1.785416e+01 -1.261521e+01
      vertex   5.775776e-02 1.776324e+01 -1.238556e+01
      vertex   1.297100e-01 1.788556e+01 -1.259742e+01
    endloop
  endfacet
  facet normal -9.592381e-01 1.551705e-01 -2.361870e-01
    outer loop
      vertex   1.297100e-01 1.788556e+01 -1.259742e+01
      vertex   5.775776e-02 1.776324e+01 -1.238556e+01
      vertex   5.814419e-02 1.778426e+01 -1.237331e+01
    endloop
  endfacet
  facet normal -9.588793e-01 1.622132e-01 -2.328891e-01
    outer loop
      vertex   1.297100e-01 1.788556e+01 -1.259742e+01
      vertex   5.814419e-02 1.778426e+01 -1.237331e+01
      vertex   1.305275e-01 1.791666e+01 -1.257912e+01
    endloop
  endfacet
  facet normal -9.583349e-01 1.830198e-01 -2.193125e-01
    outer loop
      vertex   1.305275e-01 1.791666e+01 -1.257912e+01
      vertex   5.814419e-02 1.778426e+01 -1.237331e+01
      vertex   5.930337e-02 1.780518e+01 -1.236093e+01
    endloop
  endfacet
  facet normal -9.566602e-01 2.034974e-01 -2.083026e-01
    outer loop
      vertex   1.305275e-01 1.791666e+01 -1.257912e+01
      vertex   5.930337e-02 1.780518e+01 -1.236093e+01
      vertex   1.329797e-01 1.794740e+01 -1.256035e+01
    endloop
  endfacet
  facet normal -9.553074e-01 2.233752e-01 -1.936265e-01
    outer loop
      vertex   1.329797e-01 1.794740e+01 -1.256035e+01
      vertex   5.930337e-02 1.780518e+01 -1.236093e+01
      vertex   6.388908e-02 1.784658e+01 -1.233579e+01
    endloop
  endfacet
  facet normal -8.907201e-01 4.487199e-01 -7.258227e-02
    outer loop
      vertex   1.329797e-01 1.794740e+01 -1.256035e+01
      vertex   6.388908e-02 1.784658e+01 -1.233579e+01
      vertex   2.512024e-01 1.815988e+01 -1.269756e+01
    endloop
  endfacet
  facet normal -9.896198e-01 -2.976003e-02 -1.405948e-01
    outer loop
      vertex   6.388908e-02 1.767847e+01 -1.243285e+01
      vertex   0.000000e+00 1.751036e+01 -1.194756e+01
      vertex   5.930337e-02 1.772094e+01 -1.240956e+01
    endloop
  endfacet
  facet normal -9.896195e-01 1.366421e-01 -4.452191e-02
    outer loop
      vertex   0.000000e+00 1.751036e+01 -1.194756e+01
      vertex   6.388908e-02 1.784658e+01 -1.233579e+01
      vertex   5.930337e-02 1.780518e+01 -1.236093e+01
    endloop
  endfacet
  facet normal -9.925433e-01 1.381958e-02 -1.211063e-01
    outer loop
      vertex   0.000000e+00 1.751036e+01 -1.194756e+01
      vertex   5.814419e-02 1.774213e+01 -1.239764e+01
      vertex   5.930337e-02 1.772094e+01 -1.240956e+01
    endloop
  endfacet
  facet normal -9.934117e-01 4.269209e-02 -1.063510e-01
    outer loop
      vertex   0.000000e+00 1.751036e+01 -1.194756e+01
      vertex   5.775776e-02 1.776324e+01 -1.238556e+01
      vertex   5.814419e-02 1.774213e+01 -1.239764e+01
    endloop
  endfacet
  facet normal -9.934117e-01 7.075579e-02 -9.014845e-02
    outer loop
      vertex   0.000000e+00 1.751036e+01 -1.194756e+01
      vertex   5.814419e-02 1.778426e+01 -1.237331e+01
      vertex   5.775776e-02 1.776324e+01 -1.238556e+01
    endloop
  endfacet
  facet normal -9.925433e-01 9.797224e-02 -7.252061e-02
    outer loop
      vertex   0.000000e+00 1.751036e+01 -1.194756e+01
      vertex   5.930337e-02 1.780518e+01 -1.236093e+01
      vertex   5.814419e-02 1.778426e+01 -1.237331e+01
    endloop
  endfacet
  facet normal -9.155408e-01 2.602721e-01 -3.066650e-01
    outer loop
      vertex   1.305275e-01 1.791666e+01 -1.257912e+01
      vertex   1.329797e-01 1.794740e+01 -1.256035e+01
      vertex   2.355026e-01 1.808338e+01 -1.275103e+01
    endloop
  endfacet
  facet normal -9.158620e-01 2.773430e-01 -2.903061e-01
    outer loop
      vertex   1.305275e-01 1.791666e+01 -1.257912e+01
      vertex   2.355026e-01 1.808338e+01 -1.275103e+01
      vertex   2.314860e-01 1.804356e+01 -1.277639e+01
    endloop
  endfacet
  facet normal -6.001576e-01 5.243026e-01 -6.040841e-01
    outer loop
      vertex   6.953651e-01 1.837100e+01 -1.328553e+01
      vertex   7.030904e-01 1.843207e+01 -1.324020e+01
      vertex   9.070688e-01 1.852126e+01 -1.336544e+01
    endloop
  endfacet
  facet normal -6.029139e-01 5.344219e-01 -5.923581e-01
    outer loop
      vertex   6.953651e-01 1.837100e+01 -1.328553e+01
      vertex   9.070688e-01 1.852126e+01 -1.336544e+01
      vertex   8.993192e-01 1.845545e+01 -1.341692e+01
    endloop
  endfacet
  facet normal -3.572750e-01 6.130616e-01 -7.046346e-01
    outer loop
      vertex   1.123409e+00 1.852404e+01 -1.352367e+01
      vertex   1.130334e+00 1.859342e+01 -1.346681e+01
      vertex   1.369153e+00 1.864663e+01 -1.354161e+01
    endloop
  endfacet
  facet normal -3.599006e-01 6.193271e-01 -6.977861e-01
    outer loop
      vertex   1.123409e+00 1.852404e+01 -1.352367e+01
      vertex   1.369153e+00 1.864663e+01 -1.354161e+01
      vertex   1.363905e+00 1.857478e+01 -1.360267e+01
    endloop
  endfacet
  facet normal -7.559946e-02 5.532565e-01 -8.295733e-01
    outer loop
      vertex   1.616406e+00 1.860591e+01 -1.365115e+01
      vertex   1.875000e+00 1.853488e+01 -1.372208e+01
      vertex   1.615465e+00 1.852502e+01 -1.370500e+01
    endloop
  endfacet
  facet normal -7.559977e-02 4.418096e-01 -8.939177e-01
    outer loop
      vertex   1.615465e+00 1.852502e+01 -1.370500e+01
      vertex   1.875000e+00 1.853488e+01 -1.372208e+01
      vertex   1.616406e+00 1.843794e+01 -1.374812e+01
    endloop
  endfacet
  facet normal -3.439247e-01 7.506572e-01 -5.641185e-01
    outer loop
      vertex   1.130334e+00 1.859342e+01 -1.346681e+01
      vertex   1.389714e+00 1.876514e+01 -1.339645e+01
      vertex   1.369153e+00 1.864663e+01 -1.354161e+01
    endloop
  endfacet
  facet normal -3.645900e-01 5.187176e-01 -7.733086e-01
    outer loop
      vertex   1.363905e+00 1.857478e+01 -1.360267e+01
      vertex   1.362154e+00 1.849598e+01 -1.365470e+01
      vertex   1.121098e+00 1.844868e+01 -1.357278e+01
    endloop
  endfacet
  facet normal -3.636470e-01 5.164351e-01 -7.752778e-01
    outer loop
      vertex   1.363905e+00 1.857478e+01 -1.360267e+01
      vertex   1.121098e+00 1.844868e+01 -1.357278e+01
      vertex   1.123409e+00 1.852404e+01 -1.352367e+01
    endloop
  endfacet
  facet normal -3.636308e-01 4.105363e-01 -8.362013e-01
    outer loop
      vertex   1.362154e+00 1.849598e+01 -1.365470e+01
      vertex   1.363905e+00 1.841152e+01 -1.369693e+01
      vertex   1.123409e+00 1.836847e+01 -1.361348e+01
    endloop
  endfacet
  facet normal -3.646560e-01 4.129915e-01 -8.345442e-01
    outer loop
      vertex   1.362154e+00 1.849598e+01 -1.365470e+01
      vertex   1.123409e+00 1.836847e+01 -1.361348e+01
      vertex   1.121098e+00 1.844868e+01 -1.357278e+01
    endloop
  endfacet
  facet normal -3.569644e-01 2.951599e-01 -8.862602e-01
    outer loop
      vertex   1.363905e+00 1.841152e+01 -1.369693e+01
      vertex   1.369153e+00 1.832272e+01 -1.372862e+01
      vertex   1.130334e+00 1.828455e+01 -1.364514e+01
    endloop
  endfacet
  facet normal -3.603572e-01 3.030511e-01 -8.822147e-01
    outer loop
      vertex   1.363905e+00 1.841152e+01 -1.369693e+01
      vertex   1.130334e+00 1.828455e+01 -1.364514e+01
      vertex   1.123409e+00 1.836847e+01 -1.361348e+01
    endloop
  endfacet
  facet normal -3.439251e-01 1.132141e-01 -9.321470e-01
    outer loop
      vertex   1.369153e+00 1.832272e+01 -1.372862e+01
      vertex   1.389714e+00 1.813775e+01 -1.375867e+01
      vertex   1.130334e+00 1.828455e+01 -1.364514e+01
    endloop
  endfacet
  facet normal -6.090756e-01 4.437370e-01 -6.573617e-01
    outer loop
      vertex   8.993192e-01 1.845545e+01 -1.341692e+01
      vertex   8.967333e-01 1.838484e+01 -1.346219e+01
      vertex   6.927877e-01 1.830633e+01 -1.332622e+01
    endloop
  endfacet
  facet normal -6.079659e-01 4.400890e-01 -6.608322e-01
    outer loop
      vertex   8.993192e-01 1.845545e+01 -1.341692e+01
      vertex   6.927877e-01 1.830633e+01 -1.332622e+01
      vertex   6.953651e-01 1.837100e+01 -1.328553e+01
    endloop
  endfacet
  facet normal -6.079218e-01 3.478637e-01 -7.137380e-01
    outer loop
      vertex   8.967333e-01 1.838484e+01 -1.346219e+01
      vertex   8.993192e-01 1.831032e+01 -1.350071e+01
      vertex   6.953651e-01 1.823876e+01 -1.336188e+01
    endloop
  endfacet
  facet normal -6.092342e-01 3.517557e-01 -7.107050e-01
    outer loop
      vertex   8.967333e-01 1.838484e+01 -1.346219e+01
      vertex   6.953651e-01 1.823876e+01 -1.336188e+01
      vertex   6.927877e-01 1.830633e+01 -1.332622e+01
    endloop
  endfacet
  facet normal -5.994050e-01 2.470852e-01 -7.613558e-01
    outer loop
      vertex   8.993192e-01 1.831032e+01 -1.350071e+01
      vertex   9.070688e-01 1.823283e+01 -1.353196e+01
      vertex   7.030904e-01 1.816897e+01 -1.339210e+01
    endloop
  endfacet
  facet normal -6.040109e-01 2.594734e-01 -7.535545e-01
    outer loop
      vertex   8.993192e-01 1.831032e+01 -1.350071e+01
      vertex   7.030904e-01 1.816897e+01 -1.339210e+01
      vertex   6.953651e-01 1.823876e+01 -1.336188e+01
    endloop
  endfacet
  facet normal -5.819685e-01 8.837742e-02 -8.083948e-01
    outer loop
      vertex   9.070688e-01 1.823283e+01 -1.353196e+01
      vertex   9.375000e-01 1.807286e+01 -1.357136e+01
      vertex   7.030904e-01 1.816897e+01 -1.339210e+01
    endloop
  endfacet
  facet normal -5.819676e-01 6.559035e-01 -4.807331e-01
    outer loop
      vertex   9.070688e-01 1.852126e+01 -1.336544e+01
      vertex   7.030904e-01 1.843207e+01 -1.324020e+01
      vertex   9.375000e-01 1.863536e+01 -1.324660e+01
    endloop
  endfacet
  facet normal -9.145771e-01 1.142207e-01 -3.879464e-01
    outer loop
      vertex   2.314860e-01 1.796155e+01 -1.282374e+01
      vertex   2.355026e-01 1.791968e+01 -1.284554e+01
      vertex   1.329797e-01 1.782254e+01 -1.263244e+01
    endloop
  endfacet
  facet normal -9.172321e-01 1.334639e-01 -3.753300e-01
    outer loop
      vertex   2.314860e-01 1.796155e+01 -1.282374e+01
      vertex   1.329797e-01 1.782254e+01 -1.263244e+01
      vertex   1.305275e-01 1.785416e+01 -1.261521e+01
    endloop
  endfacet
  facet normal -9.184578e-01 1.696774e-01 -3.572743e-01
    outer loop
      vertex   2.301466e-01 1.800290e+01 -1.280066e+01
      vertex   2.314860e-01 1.796155e+01 -1.282374e+01
      vertex   1.305275e-01 1.785416e+01 -1.261521e+01
    endloop
  endfacet
  facet normal -9.190800e-01 1.758447e-01 -3.526621e-01
    outer loop
      vertex   2.301466e-01 1.800290e+01 -1.280066e+01
      vertex   1.305275e-01 1.785416e+01 -1.261521e+01
      vertex   1.297100e-01 1.788556e+01 -1.259742e+01
    endloop
  endfacet
  facet normal -9.188841e-01 2.240694e-01 -3.247228e-01
    outer loop
      vertex   2.314860e-01 1.804356e+01 -1.277639e+01
      vertex   2.301466e-01 1.800290e+01 -1.280066e+01
      vertex   1.297100e-01 1.788556e+01 -1.259742e+01
    endloop
  endfacet
  facet normal -9.185201e-01 2.181375e-01 -3.297527e-01
    outer loop
      vertex   2.314860e-01 1.804356e+01 -1.277639e+01
      vertex   1.297100e-01 1.788556e+01 -1.259742e+01
      vertex   1.305275e-01 1.791666e+01 -1.257912e+01
    endloop
  endfacet
  facet normal -9.058939e-01 2.927732e-02 -4.224914e-01
    outer loop
      vertex   1.329797e-01 1.782254e+01 -1.263244e+01
      vertex   2.355026e-01 1.791968e+01 -1.284554e+01
      vertex   2.512024e-01 1.783512e+01 -1.288506e+01
    endloop
  endfacet
  facet normal -9.058941e-01 3.512500e-01 -2.365996e-01
    outer loop
      vertex   2.355026e-01 1.808338e+01 -1.275103e+01
      vertex   1.329797e-01 1.794740e+01 -1.256035e+01
      vertex   2.512024e-01 1.815988e+01 -1.269756e+01
    endloop
  endfacet
  facet normal -7.090092e-02 -1.301939e-01 -9.889503e-01
    outer loop
      vertex   1.875000e+00 1.484012e+01 -1.382256e+01
      vertex   1.875000e+00 1.464600e+01 -1.379701e+01
      vertex   1.619226e+00 1.465391e+01 -1.377971e+01
    endloop
  endfacet
  facet normal -1.324469e-01 -4.592457e-02 -9.901256e-01
    outer loop
      vertex   1.875000e+00 1.484012e+01 -1.382256e+01
      vertex   1.619226e+00 1.465391e+01 -1.377971e+01
      vertex   1.389714e+00 1.486225e+01 -1.375867e+01
    endloop
  endfacet
  facet normal -2.103618e-01 -1.339515e-01 -9.684033e-01
    outer loop
      vertex   1.389714e+00 1.486225e+01 -1.375867e+01
      vertex   1.619226e+00 1.465391e+01 -1.377971e+01
      vertex   1.369153e+00 1.467728e+01 -1.372862e+01
    endloop
  endfacet
  facet normal -2.180623e-01 -3.113737e-01 -9.249299e-01
    outer loop
      vertex   1.369153e+00 1.467728e+01 -1.372862e+01
      vertex   1.619226e+00 1.465391e+01 -1.377971e+01
      vertex   1.616406e+00 1.456206e+01 -1.374812e+01
    endloop
  endfacet
  facet normal -2.201745e-01 -3.162726e-01 -9.227648e-01
    outer loop
      vertex   1.369153e+00 1.467728e+01 -1.372862e+01
      vertex   1.616406e+00 1.456206e+01 -1.374812e+01
      vertex   1.363905e+00 1.458848e+01 -1.369693e+01
    endloop
  endfacet
  facet normal -2.223938e-01 -4.306914e-01 -8.746690e-01
    outer loop
      vertex   1.363905e+00 1.458848e+01 -1.369693e+01
      vertex   1.616406e+00 1.456206e+01 -1.374812e+01
      vertex   1.615465e+00 1.447498e+01 -1.370500e+01
    endloop
  endfacet
  facet normal -2.230529e-01 -4.322176e-01 -8.737479e-01
    outer loop
      vertex   1.363905e+00 1.458848e+01 -1.369693e+01
      vertex   1.615465e+00 1.447498e+01 -1.370500e+01
      vertex   1.362154e+00 1.450402e+01 -1.365470e+01
    endloop
  endfacet
  facet normal -2.230274e-01 -5.420706e-01 -8.101965e-01
    outer loop
      vertex   1.362154e+00 1.450402e+01 -1.365470e+01
      vertex   1.615465e+00 1.447498e+01 -1.370500e+01
      vertex   1.616406e+00 1.439409e+01 -1.365115e+01
    endloop
  endfacet
  facet normal -2.223989e-01 -5.406531e-01 -8.113156e-01
    outer loop
      vertex   1.362154e+00 1.450402e+01 -1.365470e+01
      vertex   1.616406e+00 1.439409e+01 -1.365115e+01
      vertex   1.363905e+00 1.442522e+01 -1.360267e+01
    endloop
  endfacet
  facet normal -2.199990e-01 -6.450724e-01 -7.317664e-01
    outer loop
      vertex   1.363905e+00 1.442522e+01 -1.360267e+01
      vertex   1.616406e+00 1.439409e+01 -1.365115e+01
      vertex   1.619226e+00 1.432081e+01 -1.358739e+01
    endloop
  endfacet
  facet normal -2.181807e-01 -6.412016e-01 -7.357022e-01
    outer loop
      vertex   1.363905e+00 1.442522e+01 -1.360267e+01
      vertex   1.619226e+00 1.432081e+01 -1.358739e+01
      vertex   1.369153e+00 1.435337e+01 -1.354161e+01
    endloop
  endfacet
  facet normal -2.103614e-01 -7.716868e-01 -6.002062e-01
    outer loop
      vertex   1.369153e+00 1.435337e+01 -1.354161e+01
      vertex   1.619226e+00 1.432081e+01 -1.358739e+01
      vertex   1.389714e+00 1.423486e+01 -1.339645e+01
    endloop
  endfacet
  facet normal -6.659923e-02 -8.774533e-01 -4.750161e-01
    outer loop
      vertex   1.389714e+00 1.423486e+01 -1.339645e+01
      vertex   1.619226e+00 1.432081e+01 -1.358739e+01
      vertex   1.875000e+00 1.430979e+01 -1.360289e+01
    endloop
  endfacet
  facet normal -1.352264e-01 -7.860653e-01 -6.031709e-01
    outer loop
      vertex   1.389714e+00 1.423486e+01 -1.339645e+01
      vertex   1.875000e+00 1.430979e+01 -1.360289e+01
      vertex   1.875000e+00 1.419060e+01 -1.344756e+01
    endloop
  endfacet
  facet normal -5.035455e-02 -3.821983e-01 -9.227074e-01
    outer loop
      vertex   1.875000e+00 1.464600e+01 -1.379701e+01
      vertex   1.875000e+00 1.446512e+01 -1.372208e+01
      vertex   1.616406e+00 1.456206e+01 -1.374812e+01
    endloop
  endfacet
  facet normal -7.378452e-02 -3.222808e-01 -9.437642e-01
    outer loop
      vertex   1.875000e+00 1.464600e+01 -1.379701e+01
      vertex   1.616406e+00 1.456206e+01 -1.374812e+01
      vertex   1.619226e+00 1.465391e+01 -1.377971e+01
    endloop
  endfacet
  facet normal -7.410009e-02 -6.070889e-01 -7.911714e-01
    outer loop
      vertex   1.875000e+00 1.446512e+01 -1.372208e+01
      vertex   1.875000e+00 1.430979e+01 -1.360289e+01
      vertex   1.619226e+00 1.432081e+01 -1.358739e+01
    endloop
  endfacet
  facet normal -2.637705e-02 -6.566963e-01 -7.536937e-01
    outer loop
      vertex   1.875000e+00 1.446512e+01 -1.372208e+01
      vertex   1.619226e+00 1.432081e+01 -1.358739e+01
      vertex   1.616406e+00 1.439409e+01 -1.365115e+01
    endloop
  endfacet
  facet normal -3.965017e-01 -7.108261e-01 -5.809584e-01
    outer loop
      vertex   1.389714e+00 1.423486e+01 -1.339645e+01
      vertex   9.375000e-01 1.436464e+01 -1.324660e+01
      vertex   9.070688e-01 1.447874e+01 -1.336544e+01
    endloop
  endfacet
  facet normal -4.363819e-01 -8.152002e-01 -3.808143e-01
    outer loop
      vertex   1.389714e+00 1.423486e+01 -1.339645e+01
      vertex   9.070688e-01 1.447874e+01 -1.336544e+01
      vertex   1.130334e+00 1.440658e+01 -1.346681e+01
    endloop
  endfacet
  facet normal -4.850922e-01 -5.735381e-01 -6.601057e-01
    outer loop
      vertex   1.130334e+00 1.440658e+01 -1.346681e+01
      vertex   9.070688e-01 1.447874e+01 -1.336544e+01
      vertex   8.993192e-01 1.454455e+01 -1.341692e+01
    endloop
  endfacet
  facet normal -4.880038e-01 -5.818417e-01 -6.506248e-01
    outer loop
      vertex   1.130334e+00 1.440658e+01 -1.346681e+01
      vertex   8.993192e-01 1.454455e+01 -1.341692e+01
      vertex   1.123409e+00 1.447596e+01 -1.352367e+01
    endloop
  endfacet
  facet normal -4.926541e-01 -4.823882e-01 -7.242883e-01
    outer loop
      vertex   1.123409e+00 1.447596e+01 -1.352367e+01
      vertex   8.993192e-01 1.454455e+01 -1.341692e+01
      vertex   8.967333e-01 1.461516e+01 -1.346219e+01
    endloop
  endfacet
  facet normal -4.937531e-01 -4.853989e-01 -7.215233e-01
    outer loop
      vertex   1.123409e+00 1.447596e+01 -1.352367e+01
      vertex   8.967333e-01 1.461516e+01 -1.346219e+01
      vertex   1.121098e+00 1.455132e+01 -1.357278e+01
    endloop
  endfacet
  facet normal -4.938673e-01 -3.857168e-01 -7.793059e-01
    outer loop
      vertex   1.121098e+00 1.455132e+01 -1.357278e+01
      vertex   8.967333e-01 1.461516e+01 -1.346219e+01
      vertex   8.993192e-01 1.468968e+01 -1.350071e+01
    endloop
  endfacet
  facet normal -4.926217e-01 -3.824807e-01 -7.816856e-01
    outer loop
      vertex   1.121098e+00 1.455132e+01 -1.357278e+01
      vertex   8.993192e-01 1.468968e+01 -1.350071e+01
      vertex   1.123409e+00 1.463153e+01 -1.361348e+01
    endloop
  endfacet
  facet normal -4.887869e-01 -2.837946e-01 -8.249533e-01
    outer loop
      vertex   1.123409e+00 1.463153e+01 -1.361348e+01
      vertex   8.993192e-01 1.468968e+01 -1.350071e+01
      vertex   9.070688e-01 1.476717e+01 -1.353196e+01
    endloop
  endfacet
  facet normal -4.845519e-01 -2.734522e-01 -8.309232e-01
    outer loop
      vertex   1.123409e+00 1.463153e+01 -1.361348e+01
      vertex   9.070688e-01 1.476717e+01 -1.353196e+01
      vertex   1.130334e+00 1.471545e+01 -1.364514e+01
    endloop
  endfacet
  facet normal -4.715172e-01 -1.252776e-01 -8.729130e-01
    outer loop
      vertex   1.130334e+00 1.471545e+01 -1.364514e+01
      vertex   9.070688e-01 1.476717e+01 -1.353196e+01
      vertex   9.375000e-01 1.492714e+01 -1.357136e+01
    endloop
  endfacet
  facet normal -3.862383e-01 -3.052002e-02 -9.218940e-01
    outer loop
      vertex   1.130334e+00 1.471545e+01 -1.364514e+01
      vertex   9.375000e-01 1.492714e+01 -1.357136e+01
      vertex   1.389714e+00 1.486225e+01 -1.375867e+01
    endloop
  endfacet
  facet normal -6.257690e-01 -5.958089e-01 -5.034133e-01
    outer loop
      vertex   9.375000e-01 1.436464e+01 -1.324660e+01
      vertex   5.491748e-01 1.457108e+01 -1.300822e+01
      vertex   5.219311e-01 1.467214e+01 -1.309396e+01
    endloop
  endfacet
  facet normal -6.348932e-01 -7.235327e-01 -2.709449e-01
    outer loop
      vertex   9.375000e-01 1.436464e+01 -1.324660e+01
      vertex   5.219311e-01 1.467214e+01 -1.309396e+01
      vertex   7.030904e-01 1.456793e+01 -1.324020e+01
    endloop
  endfacet
  facet normal -7.023523e-01 -4.664734e-01 -5.376838e-01
    outer loop
      vertex   7.030904e-01 1.456793e+01 -1.324020e+01
      vertex   5.219311e-01 1.467214e+01 -1.309396e+01
      vertex   5.150129e-01 1.472724e+01 -1.313273e+01
    endloop
  endfacet
  facet normal -7.046196e-01 -4.782351e-01 -5.242159e-01
    outer loop
      vertex   7.030904e-01 1.456793e+01 -1.324020e+01
      vertex   5.150129e-01 1.472724e+01 -1.313273e+01
      vertex   6.953651e-01 1.462900e+01 -1.328553e+01
    endloop
  endfacet
  facet normal -7.095949e-01 -3.906245e-01 -5.864193e-01
    outer loop
      vertex   6.953651e-01 1.462900e+01 -1.328553e+01
      vertex   5.150129e-01 1.472724e+01 -1.313273e+01
      vertex   5.127051e-01 1.478484e+01 -1.316831e+01
    endloop
  endfacet
  facet normal -7.105890e-01 -3.948182e-01 -5.823932e-01
    outer loop
      vertex   6.953651e-01 1.462900e+01 -1.328553e+01
      vertex   5.127051e-01 1.478484e+01 -1.316831e+01
      vertex   6.927877e-01 1.469367e+01 -1.332622e+01
    endloop
  endfacet
  facet normal -7.107812e-01 -3.119354e-01 -6.304652e-01
    outer loop
      vertex   6.927877e-01 1.469367e+01 -1.332622e+01
      vertex   5.127051e-01 1.478484e+01 -1.316831e+01
      vertex   5.150129e-01 1.484444e+01 -1.320040e+01
    endloop
  endfacet
  facet normal -7.095370e-01 -3.074813e-01 -6.340446e-01
    outer loop
      vertex   6.927877e-01 1.469367e+01 -1.332622e+01
      vertex   5.150129e-01 1.484444e+01 -1.320040e+01
      vertex   6.953651e-01 1.476124e+01 -1.336188e+01
    endloop
  endfacet
  facet normal -7.059543e-01 -2.305527e-01 -6.696820e-01
    outer loop
      vertex   6.953651e-01 1.476124e+01 -1.336188e+01
      vertex   5.150129e-01 1.484444e+01 -1.320040e+01
      vertex   5.219311e-01 1.490557e+01 -1.322874e+01
    endloop
  endfacet
  facet normal -7.014266e-01 -2.164398e-01 -6.790835e-01
    outer loop
      vertex   6.953651e-01 1.476124e+01 -1.336188e+01
      vertex   5.219311e-01 1.490557e+01 -1.322874e+01
      vertex   7.030904e-01 1.483103e+01 -1.339210e+01
    endloop
  endfacet
  facet normal -6.895814e-01 -1.057872e-01 -7.164402e-01
    outer loop
      vertex   7.030904e-01 1.483103e+01 -1.339210e+01
      vertex   5.219311e-01 1.490557e+01 -1.322874e+01
      vertex   5.491748e-01 1.503036e+01 -1.327339e+01
    endloop
  endfacet
  facet normal -6.082485e-01 3.053953e-03 -7.937408e-01
    outer loop
      vertex   7.030904e-01 1.483103e+01 -1.339210e+01
      vertex   5.491748e-01 1.503036e+01 -1.327339e+01
      vertex   9.375000e-01 1.492714e+01 -1.357136e+01
    endloop
  endfacet
  facet normal -8.072746e-01 -4.403023e-01 -3.929906e-01
    outer loop
      vertex   5.491748e-01 1.457108e+01 -1.300822e+01
      vertex   2.512024e-01 1.484012e+01 -1.269756e+01
      vertex   2.355026e-01 1.491663e+01 -1.275103e+01
    endloop
  endfacet
  facet normal -8.079064e-01 -4.924429e-01 -3.237085e-01
    outer loop
      vertex   5.491748e-01 1.457108e+01 -1.300822e+01
      vertex   2.355026e-01 1.491663e+01 -1.275103e+01
      vertex   5.219311e-01 1.467214e+01 -1.309396e+01
    endloop
  endfacet
  facet normal -8.261941e-01 -3.596348e-01 -4.336660e-01
    outer loop
      vertex   5.219311e-01 1.467214e+01 -1.309396e+01
      vertex   2.355026e-01 1.491663e+01 -1.275103e+01
      vertex   2.314860e-01 1.495643e+01 -1.277639e+01
    endloop
  endfacet
  facet normal -8.262291e-01 -3.898392e-01 -4.066583e-01
    outer loop
      vertex   5.219311e-01 1.467214e+01 -1.309396e+01
      vertex   2.314860e-01 1.495643e+01 -1.277639e+01
      vertex   5.150129e-01 1.472724e+01 -1.313273e+01
    endloop
  endfacet
  facet normal -8.310708e-01 -3.049599e-01 -4.651030e-01
    outer loop
      vertex   5.150129e-01 1.472724e+01 -1.313273e+01
      vertex   2.314860e-01 1.495643e+01 -1.277639e+01
      vertex   2.301466e-01 1.499710e+01 -1.280066e+01
    endloop
  endfacet
  facet normal -8.316272e-01 -3.155596e-01 -4.569665e-01
    outer loop
      vertex   5.150129e-01 1.472724e+01 -1.313273e+01
      vertex   2.301466e-01 1.499710e+01 -1.280066e+01
      vertex   5.127051e-01 1.478484e+01 -1.316831e+01
    endloop
  endfacet
  facet normal -8.320482e-01 -2.495652e-01 -4.953918e-01
    outer loop
      vertex   5.127051e-01 1.478484e+01 -1.316831e+01
      vertex   2.301466e-01 1.499710e+01 -1.280066e+01
      vertex   2.314860e-01 1.503845e+01 -1.282374e+01
    endloop
  endfacet
  facet normal -8.309439e-01 -2.384689e-01 -5.026577e-01
    outer loop
      vertex   5.127051e-01 1.478484e+01 -1.316831e+01
      vertex   2.314860e-01 1.503845e+01 -1.282374e+01
      vertex   5.150129e-01 1.484444e+01 -1.320040e+01
    endloop
  endfacet
  facet normal -8.291492e-01 -1.934904e-01 -5.244741e-01
    outer loop
      vertex   5.150129e-01 1.484444e+01 -1.320040e+01
      vertex   2.314860e-01 1.503845e+01 -1.282374e+01
      vertex   2.355026e-01 1.508032e+01 -1.284554e+01
    endloop
  endfacet
  facet normal -8.241668e-01 -1.587466e-01 -5.436438e-01
    outer loop
      vertex   5.150129e-01 1.484444e+01 -1.320040e+01
      vertex   2.355026e-01 1.508032e+01 -1.284554e+01
      vertex   5.219311e-01 1.490557e+01 -1.322874e+01
    endloop
  endfacet
  facet normal -8.195873e-01 -1.105932e-01 -5.621795e-01
    outer loop
      vertex   5.219311e-01 1.490557e+01 -1.322874e+01
      vertex   2.355026e-01 1.508032e+01 -1.284554e+01
      vertex   2.512024e-01 1.516488e+01 -1.288506e+01
    endloop
  endfacet
  facet normal -7.993607e-01 -3.998516e-02 -5.995195e-01
    outer loop
      vertex   5.219311e-01 1.490557e+01 -1.322874e+01
      vertex   2.512024e-01 1.516488e+01 -1.288506e+01
      vertex   5.491748e-01 1.503036e+01 -1.327339e+01
    endloop
  endfacet
  facet normal -9.308601e-01 -2.593569e-01 -2.573587e-01
    outer loop
      vertex   2.512024e-01 1.484012e+01 -1.269756e+01
      vertex   6.388908e-02 1.515342e+01 -1.233579e+01
      vertex   5.930337e-02 1.519482e+01 -1.236093e+01
    endloop
  endfacet
  facet normal -8.607735e-01 -5.071127e-01 4.365288e-02
    outer loop
      vertex   2.512024e-01 1.484012e+01 -1.269756e+01
      vertex   5.930337e-02 1.519482e+01 -1.236093e+01
      vertex   1.329797e-01 1.505260e+01 -1.256035e+01
    endloop
  endfacet
  facet normal -9.574004e-01 -1.845939e-01 -2.220576e-01
    outer loop
      vertex   1.329797e-01 1.505260e+01 -1.256035e+01
      vertex   5.930337e-02 1.519482e+01 -1.236093e+01
      vertex   5.814419e-02 1.521574e+01 -1.237331e+01
    endloop
  endfacet
  facet normal -9.572870e-01 -2.024283e-01 -2.064569e-01
    outer loop
      vertex   1.329797e-01 1.505260e+01 -1.256035e+01
      vertex   5.814419e-02 1.521574e+01 -1.237331e+01
      vertex   1.305275e-01 1.508334e+01 -1.257912e+01
    endloop
  endfacet
  facet normal -9.589282e-01 -1.556955e-01 -2.370983e-01
    outer loop
      vertex   1.305275e-01 1.508334e+01 -1.257912e+01
      vertex   5.814419e-02 1.521574e+01 -1.237331e+01
      vertex   5.775776e-02 1.523676e+01 -1.238556e+01
    endloop
  endfacet
  facet normal -9.590885e-01 -1.618572e-01 -2.322747e-01
    outer loop
      vertex   1.305275e-01 1.508334e+01 -1.257912e+01
      vertex   5.775776e-02 1.523676e+01 -1.238556e+01
      vertex   1.297100e-01 1.511444e+01 -1.259742e+01
    endloop
  endfacet
  facet normal -9.592383e-01 -1.269564e-01 -2.524757e-01
    outer loop
      vertex   1.297100e-01 1.511444e+01 -1.259742e+01
      vertex   5.775776e-02 1.523676e+01 -1.238556e+01
      vertex   5.814419e-02 1.525787e+01 -1.239764e+01
    endloop
  endfacet
  facet normal -9.588793e-01 -1.205769e-01 -2.569274e-01
    outer loop
      vertex   1.297100e-01 1.511444e+01 -1.259742e+01
      vertex   5.814419e-02 1.525787e+01 -1.239764e+01
      vertex   1.305275e-01 1.514584e+01 -1.261521e+01
    endloop
  endfacet
  facet normal -9.583352e-01 -9.842666e-02 -2.681526e-01
    outer loop
      vertex   1.305275e-01 1.514584e+01 -1.261521e+01
      vertex   5.814419e-02 1.525787e+01 -1.239764e+01
      vertex   5.930337e-02 1.527906e+01 -1.240956e+01
    endloop
  endfacet
  facet normal -9.566602e-01 -7.864784e-02 -2.803849e-01
    outer loop
      vertex   1.305275e-01 1.514584e+01 -1.261521e+01
      vertex   5.930337e-02 1.527906e+01 -1.240956e+01
      vertex   1.329797e-01 1.517746e+01 -1.263244e+01
    endloop
  endfacet
  facet normal -9.553079e-01 -5.600399e-02 -2.902593e-01
    outer loop
      vertex   1.329797e-01 1.517746e+01 -1.263244e+01
      vertex   5.930337e-02 1.527906e+01 -1.240956e+01
      vertex   6.388908e-02 1.532153e+01 -1.243285e+01
    endloop
  endfacet
  facet normal -8.907204e-01 1.614990e-01 -4.248943e-01
    outer loop
      vertex   1.329797e-01 1.517746e+01 -1.263244e+01
      vertex   6.388908e-02 1.532153e+01 -1.243285e+01
      vertex   2.512024e-01 1.516488e+01 -1.288506e+01
    endloop
  endfacet
  facet normal -9.896197e-01 -1.366395e-01 -4.452415e-02
    outer loop
      vertex   6.388908e-02 1.515342e+01 -1.233579e+01
      vertex   0.000000e+00 1.548964e+01 -1.194756e+01
      vertex   5.930337e-02 1.519482e+01 -1.236093e+01
    endloop
  endfacet
  facet normal -9.896198e-01 2.976003e-02 -1.405948e-01
    outer loop
      vertex   0.000000e+00 1.548964e+01 -1.194756e+01
      vertex   6.388908e-02 1.532153e+01 -1.243285e+01
      vertex   5.930337e-02 1.527906e+01 -1.240956e+01
    endloop
  endfacet
  facet normal -9.925433e-01 -9.797235e-02 -7.252081e-02
    outer loop
      vertex   0.000000e+00 1.548964e+01 -1.194756e+01
      vertex   5.814419e-02 1.521574e+01 -1.237331e+01
      vertex   5.930337e-02 1.519482e+01 -1.236093e+01
    endloop
  endfacet
  facet normal -9.934117e-01 -7.075587e-02 -9.014859e-02
    outer loop
      vertex   0.000000e+00 1.548964e+01 -1.194756e+01
      vertex   5.775776e-02 1.523676e+01 -1.238556e+01
      vertex   5.814419e-02 1.521574e+01 -1.237331e+01
    endloop
  endfacet
  facet normal -9.934117e-01 -4.269214e-02 -1.063511e-01
    outer loop
      vertex   0.000000e+00 1.548964e+01 -1.194756e+01
      vertex   5.814419e-02 1.525787e+01 -1.239764e+01
      vertex   5.775776e-02 1.523676e+01 -1.238556e+01
    endloop
  endfacet
  facet normal -9.925434e-01 -1.382020e-02 -1.211061e-01
    outer loop
      vertex   0.000000e+00 1.548964e+01 -1.194756e+01
      vertex   5.930337e-02 1.527906e+01 -1.240956e+01
      vertex   5.814419e-02 1.525787e+01 -1.239764e+01
    endloop
  endfacet
  facet normal -9.155407e-01 -1.354456e-01 -3.787343e-01
    outer loop
      vertex   1.305275e-01 1.514584e+01 -1.261521e+01
      vertex   1.329797e-01 1.517746e+01 -1.263244e+01
      vertex   2.355026e-01 1.508032e+01 -1.284554e+01
    endloop
  endfacet
  facet normal -9.158619e-01 -1.127403e-01 -3.853395e-01
    outer loop
      vertex   1.305275e-01 1.514584e+01 -1.261521e+01
      vertex   2.355026e-01 1.508032e+01 -1.284554e+01
      vertex   2.314860e-01 1.503845e+01 -1.282374e+01
    endloop
  endfacet
  facet normal -6.001586e-01 -2.610023e-01 -7.561001e-01
    outer loop
      vertex   6.953651e-01 1.476124e+01 -1.336188e+01
      vertex   7.030904e-01 1.483103e+01 -1.339210e+01
      vertex   9.070688e-01 1.476717e+01 -1.353196e+01
    endloop
  endfacet
  facet normal -6.029154e-01 -2.457846e-01 -7.590013e-01
    outer loop
      vertex   6.953651e-01 1.476124e+01 -1.336188e+01
      vertex   9.070688e-01 1.476717e+01 -1.353196e+01
      vertex   8.993192e-01 1.468968e+01 -1.350071e+01
    endloop
  endfacet
  facet normal -3.572761e-01 -3.036905e-01 -8.832473e-01
    outer loop
      vertex   1.123409e+00 1.463153e+01 -1.361348e+01
      vertex   1.130334e+00 1.471545e+01 -1.364514e+01
      vertex   1.369153e+00 1.467728e+01 -1.372862e+01
    endloop
  endfacet
  facet normal -3.599010e-01 -2.946293e-01 -8.852485e-01
    outer loop
      vertex   1.123409e+00 1.463153e+01 -1.361348e+01
      vertex   1.369153e+00 1.467728e+01 -1.372862e+01
      vertex   1.363905e+00 1.458848e+01 -1.369693e+01
    endloop
  endfacet
  facet normal -7.560179e-02 -4.418096e-01 -8.939176e-01
    outer loop
      vertex   1.616406e+00 1.456206e+01 -1.374812e+01
      vertex   1.875000e+00 1.446512e+01 -1.372208e+01
      vertex   1.615465e+00 1.447498e+01 -1.370500e+01
    endloop
  endfacet
  facet normal -7.560198e-02 -5.532564e-01 -8.295732e-01
    outer loop
      vertex   1.615465e+00 1.447498e+01 -1.370500e+01
      vertex   1.875000e+00 1.446512e+01 -1.372208e+01
      vertex   1.616406e+00 1.439409e+01 -1.365115e+01
    endloop
  endfacet
  facet normal -3.439256e-01 -1.132133e-01 -9.321470e-01
    outer loop
      vertex   1.130334e+00 1.471545e+01 -1.364514e+01
      vertex   1.389714e+00 1.486225e+01 -1.375867e+01
      vertex   1.369153e+00 1.467728e+01 -1.372862e+01
    endloop
  endfacet
  facet normal -3.645899e-01 -4.103480e-01 -8.358760e-01
    outer loop
      vertex   1.363905e+00 1.458848e+01 -1.369693e+01
      vertex   1.362154e+00 1.450402e+01 -1.365470e+01
      vertex   1.121098e+00 1.455132e+01 -1.357278e+01
    endloop
  endfacet
  facet normal -3.636474e-01 -4.131932e-01 -8.348844e-01
    outer loop
      vertex   1.363905e+00 1.458848e+01 -1.369693e+01
      vertex   1.121098e+00 1.455132e+01 -1.357278e+01
      vertex   1.123409e+00 1.463153e+01 -1.361348e+01
    endloop
  endfacet
  facet normal -3.636308e-01 -5.189095e-01 -7.736314e-01
    outer loop
      vertex   1.362154e+00 1.450402e+01 -1.365470e+01
      vertex   1.363905e+00 1.442522e+01 -1.360267e+01
      vertex   1.123409e+00 1.447596e+01 -1.352367e+01
    endloop
  endfacet
  facet normal -3.646559e-01 -5.162469e-01 -7.749291e-01
    outer loop
      vertex   1.362154e+00 1.450402e+01 -1.365470e+01
      vertex   1.123409e+00 1.447596e+01 -1.352367e+01
      vertex   1.121098e+00 1.455132e+01 -1.357278e+01
    endloop
  endfacet
  facet normal -3.569647e-01 -6.199351e-01 -6.987537e-01
    outer loop
      vertex   1.363905e+00 1.442522e+01 -1.360267e+01
      vertex   1.369153e+00 1.435337e+01 -1.354161e+01
      vertex   1.130334e+00 1.440658e+01 -1.346681e+01
    endloop
  endfacet
  facet normal -3.603585e-01 -6.124835e-01 -7.035664e-01
    outer loop
      vertex   1.363905e+00 1.442522e+01 -1.360267e+01
      vertex   1.130334e+00 1.440658e+01 -1.346681e+01
      vertex   1.123409e+00 1.447596e+01 -1.352367e+01
    endloop
  endfacet
  facet normal -3.439247e-01 -7.506572e-01 -5.641185e-01
    outer loop
      vertex   1.369153e+00 1.435337e+01 -1.354161e+01
      vertex   1.389714e+00 1.423486e+01 -1.339645e+01
      vertex   1.130334e+00 1.440658e+01 -1.346681e+01
    endloop
  endfacet
  facet normal -6.090756e-01 -3.474253e-01 -7.129674e-01
    outer loop
      vertex   8.993192e-01 1.468968e+01 -1.350071e+01
      vertex   8.967333e-01 1.461516e+01 -1.346219e+01
      vertex   6.927877e-01 1.469367e+01 -1.332622e+01
    endloop
  endfacet
  facet normal -6.079675e-01 -3.522476e-01 -7.115456e-01
    outer loop
      vertex   8.993192e-01 1.468968e+01 -1.350071e+01
      vertex   6.927877e-01 1.469367e+01 -1.332622e+01
      vertex   6.953651e-01 1.476124e+01 -1.336188e+01
    endloop
  endfacet
  facet normal -6.079183e-01 -4.441917e-01 -6.581254e-01
    outer loop
      vertex   8.967333e-01 1.461516e+01 -1.346219e+01
      vertex   8.993192e-01 1.454455e+01 -1.341692e+01
      vertex   6.953651e-01 1.462900e+01 -1.328553e+01
    endloop
  endfacet
  facet normal -6.092344e-01 -4.396062e-01 -6.599847e-01
    outer loop
      vertex   8.967333e-01 1.461516e+01 -1.346219e+01
      vertex   6.953651e-01 1.462900e+01 -1.328553e+01
      vertex   6.927877e-01 1.469367e+01 -1.332622e+01
    endloop
  endfacet
  facet normal -5.994046e-01 -5.358045e-01 -5.946660e-01
    outer loop
      vertex   8.993192e-01 1.454455e+01 -1.341692e+01
      vertex   9.070688e-01 1.447874e+01 -1.336544e+01
      vertex   7.030904e-01 1.456793e+01 -1.324020e+01
    endloop
  endfacet
  facet normal -6.040072e-01 -5.228635e-01 -6.014890e-01
    outer loop
      vertex   8.993192e-01 1.454455e+01 -1.341692e+01
      vertex   7.030904e-01 1.456793e+01 -1.324020e+01
      vertex   6.953651e-01 1.462900e+01 -1.328553e+01
    endloop
  endfacet
  facet normal -5.819676e-01 -6.559035e-01 -4.807331e-01
    outer loop
      vertex   9.070688e-01 1.447874e+01 -1.336544e+01
      vertex   9.375000e-01 1.436464e+01 -1.324660e+01
      vertex   7.030904e-01 1.456793e+01 -1.324020e+01
    endloop
  endfacet
  facet normal -5.819685e-01 -8.837742e-02 -8.083948e-01
    outer loop
      vertex   9.070688e-01 1.476717e+01 -1.353196e+01
      vertex   7.030904e-01 1.483103e+01 -1.339210e+01
      vertex   9.375000e-01 1.492714e+01 -1.357136e+01
    endloop
  endfacet
  facet normal -9.145770e-01 -2.788658e-01 -2.928871e-01
    outer loop
      vertex   2.314860e-01 1.495643e+01 -1.277639e+01
      vertex   2.355026e-01 1.491663e+01 -1.275103e+01
      vertex   1.329797e-01 1.505260e+01 -1.256035e+01
    endloop
  endfacet
  facet normal -9.172312e-01 -2.583260e-01 -3.032403e-01
    outer loop
      vertex   2.314860e-01 1.495643e+01 -1.277639e+01
      vertex   1.329797e-01 1.505260e+01 -1.256035e+01
      vertex   1.305275e-01 1.508334e+01 -1.257912e+01
    endloop
  endfacet
  facet normal -9.184575e-01 -2.245690e-01 -3.255834e-01
    outer loop
      vertex   2.301466e-01 1.499710e+01 -1.280066e+01
      vertex   2.314860e-01 1.495643e+01 -1.277639e+01
      vertex   1.305275e-01 1.508334e+01 -1.257912e+01
    endloop
  endfacet
  facet normal -9.190802e-01 -2.174861e-01 -3.286205e-01
    outer loop
      vertex   2.301466e-01 1.499710e+01 -1.280066e+01
      vertex   1.305275e-01 1.508334e+01 -1.257912e+01
      vertex   1.297100e-01 1.511444e+01 -1.259742e+01
    endloop
  endfacet
  facet normal -9.188840e-01 -1.691785e-01 -3.564140e-01
    outer loop
      vertex   2.314860e-01 1.503845e+01 -1.282374e+01
      vertex   2.301466e-01 1.499710e+01 -1.280066e+01
      vertex   1.297100e-01 1.511444e+01 -1.259742e+01
    endloop
  endfacet
  facet normal -9.185200e-01 -1.764994e-01 -3.537922e-01
    outer loop
      vertex   2.314860e-01 1.503845e+01 -1.282374e+01
      vertex   1.297100e-01 1.511444e+01 -1.259742e+01
      vertex   1.305275e-01 1.514584e+01 -1.261521e+01
    endloop
  endfacet
  facet normal -9.058947e-01 -3.512466e-01 -2.366024e-01
    outer loop
      vertex   1.329797e-01 1.505260e+01 -1.256035e+01
      vertex   2.355026e-01 1.491663e+01 -1.275103e+01
      vertex   2.512024e-01 1.484012e+01 -1.269756e+01
    endloop
  endfacet
  facet normal -9.058940e-01 -2.927767e-02 -4.224913e-01
    outer loop
      vertex   2.355026e-01 1.508032e+01 -1.284554e+01
      vertex   1.329797e-01 1.517746e+01 -1.263244e+01
      vertex   2.512024e-01 1.516488e+01 -1.288506e+01
    endloop
  endfacet
  facet normal -7.090156e-02 -9.215543e-01 -3.817207e-01
    outer loop
      vertex   1.875000e+00 1.253072e+01 -1.057256e+01
      vertex   1.875000e+00 1.245579e+01 -1.039168e+01
      vertex   1.619226e+00 1.247472e+01 -1.038988e+01
    endloop
  endfacet
  facet normal -1.324482e-01 -8.804374e-01 -4.552883e-01
    outer loop
      vertex   1.875000e+00 1.253072e+01 -1.057256e+01
      vertex   1.619226e+00 1.247472e+01 -1.038988e+01
      vertex   1.389714e+00 1.259711e+01 -1.055978e+01
    endloop
  endfacet
  facet normal -2.103586e-01 -9.056373e-01 -3.681987e-01
    outer loop
      vertex   1.389714e+00 1.259711e+01 -1.055978e+01
      vertex   1.619226e+00 1.247472e+01 -1.038988e+01
      vertex   1.369153e+00 1.253065e+01 -1.038457e+01
    endloop
  endfacet
  facet normal -2.180603e-01 -9.567010e-01 -1.928027e-01
    outer loop
      vertex   1.369153e+00 1.253065e+01 -1.038457e+01
      vertex   1.619226e+00 1.247472e+01 -1.038988e+01
      vertex   1.616406e+00 1.245615e+01 -1.029454e+01
    endloop
  endfacet
  facet normal -2.201712e-01 -9.572751e-01 -1.874806e-01
    outer loop
      vertex   1.369153e+00 1.253065e+01 -1.038457e+01
      vertex   1.616406e+00 1.245615e+01 -1.029454e+01
      vertex   1.363905e+00 1.251370e+01 -1.029182e+01
    endloop
  endfacet
  facet normal -2.223910e-01 -9.728320e-01 -6.434404e-02
    outer loop
      vertex   1.363905e+00 1.251370e+01 -1.029182e+01
      vertex   1.616406e+00 1.245615e+01 -1.029454e+01
      vertex   1.615465e+00 1.244995e+01 -1.019756e+01
    endloop
  endfacet
  facet normal -2.230510e-01 -9.727973e-01 -6.255924e-02
    outer loop
      vertex   1.363905e+00 1.251370e+01 -1.029182e+01
      vertex   1.615465e+00 1.244995e+01 -1.019756e+01
      vertex   1.362154e+00 1.250804e+01 -1.019756e+01
    endloop
  endfacet
  facet normal -2.230257e-01 -9.726869e-01 6.434093e-02
    outer loop
      vertex   1.362154e+00 1.250804e+01 -1.019756e+01
      vertex   1.615465e+00 1.244995e+01 -1.019756e+01
      vertex   1.616406e+00 1.245615e+01 -1.010058e+01
    endloop
  endfacet
  facet normal -2.223980e-01 -9.729470e-01 6.255610e-02
    outer loop
      vertex   1.362154e+00 1.250804e+01 -1.019756e+01
      vertex   1.616406e+00 1.245615e+01 -1.010058e+01
      vertex   1.363905e+00 1.251370e+01 -1.010330e+01
    endloop
  endfacet
  facet normal -2.199976e-01 -9.562630e-01 1.927746e-01
    outer loop
      vertex   1.363905e+00 1.251370e+01 -1.010330e+01
      vertex   1.616406e+00 1.245615e+01 -1.010058e+01
      vertex   1.619226e+00 1.247472e+01 -1.000525e+01
    endloop
  endfacet
  facet normal -2.181785e-01 -9.577368e-01 1.874523e-01
    outer loop
      vertex   1.363905e+00 1.251370e+01 -1.010330e+01
      vertex   1.619226e+00 1.247472e+01 -1.000525e+01
      vertex   1.369153e+00 1.253065e+01 -1.001055e+01
    endloop
  endfacet
  facet normal -2.103586e-01 -9.056373e-01 3.681987e-01
    outer loop
      vertex   1.369153e+00 1.253065e+01 -1.001055e+01
      vertex   1.619226e+00 1.247472e+01 -1.000525e+01
      vertex   1.389714e+00 1.259711e+01 -9.835339e+00
    endloop
  endfacet
  facet normal -6.660273e-02 -8.501055e-01 5.223838e-01
    outer loop
      vertex   1.389714e+00 1.259711e+01 -9.835339e+00
      vertex   1.619226e+00 1.247472e+01 -1.000525e+01
      vertex   1.875000e+00 1.245579e+01 -1.000345e+01
    endloop
  endfacet
  facet normal -1.352265e-01 -9.153933e-01 3.791687e-01
    outer loop
      vertex   1.389714e+00 1.259711e+01 -9.835339e+00
      vertex   1.875000e+00 1.245579e+01 -1.000345e+01
      vertex   1.875000e+00 1.253072e+01 -9.822561e+00
    endloop
  endfacet
  facet normal -5.035464e-02 -9.901876e-01 -1.303568e-01
    outer loop
      vertex   1.875000e+00 1.245579e+01 -1.039168e+01
      vertex   1.875000e+00 1.243024e+01 -1.019756e+01
      vertex   1.616406e+00 1.245615e+01 -1.029454e+01
    endloop
  endfacet
  facet normal -7.378445e-02 -9.784652e-01 -1.927739e-01
    outer loop
      vertex   1.875000e+00 1.245579e+01 -1.039168e+01
      vertex   1.616406e+00 1.245615e+01 -1.029454e+01
      vertex   1.619226e+00 1.247472e+01 -1.038988e+01
    endloop
  endfacet
  facet normal -7.410286e-02 -9.887195e-01 1.301635e-01
    outer loop
      vertex   1.875000e+00 1.243024e+01 -1.019756e+01
      vertex   1.875000e+00 1.245579e+01 -1.000345e+01
      vertex   1.619226e+00 1.247472e+01 -1.000525e+01
    endloop
  endfacet
  facet normal -2.636904e-02 -9.810646e-01 1.918776e-01
    outer loop
      vertex   1.875000e+00 1.243024e+01 -1.019756e+01
      vertex   1.619226e+00 1.247472e+01 -1.000525e+01
      vertex   1.616406e+00 1.245615e+01 -1.010058e+01
    endloop
  endfacet
  facet normal -3.965023e-01 -8.585381e-01 3.251128e-01
    outer loop
      vertex   1.389714e+00 1.259711e+01 -9.835339e+00
      vertex   9.375000e-01 1.279177e+01 -9.872801e+00
      vertex   9.070688e-01 1.274591e+01 -1.003104e+01
    endloop
  endfacet
  facet normal -4.363825e-01 -7.373952e-01 5.155760e-01
    outer loop
      vertex   1.389714e+00 1.259711e+01 -9.835339e+00
      vertex   9.070688e-01 1.274591e+01 -1.003104e+01
      vertex   1.130334e+00 1.262203e+01 -1.001923e+01
    endloop
  endfacet
  facet normal -4.850912e-01 -8.584362e-01 1.666550e-01
    outer loop
      vertex   1.130334e+00 1.262203e+01 -1.001923e+01
      vertex   9.070688e-01 1.274591e+01 -1.003104e+01
      vertex   8.993192e-01 1.273422e+01 -1.011377e+01
    endloop
  endfacet
  facet normal -4.880042e-01 -8.543749e-01 1.785928e-01
    outer loop
      vertex   1.130334e+00 1.262203e+01 -1.001923e+01
      vertex   8.993192e-01 1.273422e+01 -1.011377e+01
      vertex   1.123409e+00 1.260749e+01 -1.010775e+01
    endloop
  endfacet
  facet normal -4.926561e-01 -8.684449e-01 5.561941e-02
    outer loop
      vertex   1.123409e+00 1.260749e+01 -1.010775e+01
      vertex   8.993192e-01 1.273422e+01 -1.011377e+01
      vertex   8.967333e-01 1.273033e+01 -1.019756e+01
    endloop
  endfacet
  facet normal -4.937510e-01 -8.675589e-01 5.959476e-02
    outer loop
      vertex   1.123409e+00 1.260749e+01 -1.010775e+01
      vertex   8.967333e-01 1.273033e+01 -1.019756e+01
      vertex   1.121098e+00 1.260263e+01 -1.019756e+01
    endloop
  endfacet
  facet normal -4.938643e-01 -8.677580e-01 -5.562474e-02
    outer loop
      vertex   1.121098e+00 1.260263e+01 -1.019756e+01
      vertex   8.967333e-01 1.273033e+01 -1.019756e+01
      vertex   8.993192e-01 1.273422e+01 -1.028135e+01
    endloop
  endfacet
  facet normal -4.926242e-01 -8.681989e-01 -5.959956e-02
    outer loop
      vertex   1.121098e+00 1.260263e+01 -1.019756e+01
      vertex   8.993192e-01 1.273422e+01 -1.028135e+01
      vertex   1.123409e+00 1.260749e+01 -1.028738e+01
    endloop
  endfacet
  facet normal -4.887892e-01 -8.563265e-01 -1.667035e-01
    outer loop
      vertex   1.123409e+00 1.260749e+01 -1.028738e+01
      vertex   8.993192e-01 1.273422e+01 -1.028135e+01
      vertex   9.070688e-01 1.274591e+01 -1.036408e+01
    endloop
  endfacet
  facet normal -4.845540e-01 -8.563253e-01 -1.786458e-01
    outer loop
      vertex   1.123409e+00 1.260749e+01 -1.028738e+01
      vertex   9.070688e-01 1.274591e+01 -1.036408e+01
      vertex   1.130334e+00 1.262203e+01 -1.037589e+01
    endloop
  endfacet
  facet normal -4.715189e-01 -8.186023e-01 -3.279637e-01
    outer loop
      vertex   1.130334e+00 1.262203e+01 -1.037589e+01
      vertex   9.070688e-01 1.274591e+01 -1.036408e+01
      vertex   9.375000e-01 1.279177e+01 -1.052232e+01
    endloop
  endfacet
  facet normal -3.862397e-01 -8.136423e-01 -4.345172e-01
    outer loop
      vertex   1.130334e+00 1.262203e+01 -1.037589e+01
      vertex   9.375000e-01 1.279177e+01 -1.052232e+01
      vertex   1.389714e+00 1.259711e+01 -1.055978e+01
    endloop
  endfacet
  facet normal -6.257691e-01 -7.338732e-01 2.642786e-01
    outer loop
      vertex   9.375000e-01 1.279177e+01 -9.872801e+00
      vertex   5.491748e-01 1.310144e+01 -9.932396e+00
      vertex   5.219311e-01 1.307771e+01 -1.006279e+01
    endloop
  endfacet
  facet normal -6.348937e-01 -5.964102e-01 4.911261e-01
    outer loop
      vertex   9.375000e-01 1.279177e+01 -9.872801e+00
      vertex   5.219311e-01 1.307771e+01 -1.006279e+01
      vertex   7.030904e-01 1.289896e+01 -1.004566e+01
    endloop
  endfacet
  facet normal -7.023520e-01 -6.988823e-01 1.351485e-01
    outer loop
      vertex   7.030904e-01 1.289896e+01 -1.004566e+01
      vertex   5.219311e-01 1.307771e+01 -1.006279e+01
      vertex   5.150129e-01 1.307169e+01 -1.012990e+01
    endloop
  endfacet
  facet normal -7.046165e-01 -6.931069e-01 1.520473e-01
    outer loop
      vertex   7.030904e-01 1.289896e+01 -1.004566e+01
      vertex   5.150129e-01 1.307169e+01 -1.012990e+01
      vertex   6.953651e-01 1.289024e+01 -1.012121e+01
    endloop
  endfacet
  facet normal -7.095912e-01 -7.031704e-01 4.507456e-02
    outer loop
      vertex   6.953651e-01 1.289024e+01 -1.012121e+01
      vertex   5.150129e-01 1.307169e+01 -1.012990e+01
      vertex   5.127051e-01 1.306968e+01 -1.019756e+01
    endloop
  endfacet
  facet normal -7.105882e-01 -7.017765e-01 5.073577e-02
    outer loop
      vertex   6.953651e-01 1.289024e+01 -1.012121e+01
      vertex   5.127051e-01 1.306968e+01 -1.019756e+01
      vertex   6.927877e-01 1.288733e+01 -1.019756e+01
    endloop
  endfacet
  facet normal -7.107813e-01 -7.019671e-01 -4.507942e-02
    outer loop
      vertex   6.927877e-01 1.288733e+01 -1.019756e+01
      vertex   5.127051e-01 1.306968e+01 -1.019756e+01
      vertex   5.150129e-01 1.307169e+01 -1.026523e+01
    endloop
  endfacet
  facet normal -7.095338e-01 -7.028422e-01 -5.074080e-02
    outer loop
      vertex   6.927877e-01 1.288733e+01 -1.019756e+01
      vertex   5.150129e-01 1.307169e+01 -1.026523e+01
      vertex   6.953651e-01 1.289024e+01 -1.027391e+01
    endloop
  endfacet
  facet normal -7.059504e-01 -6.952394e-01 -1.351900e-01
    outer loop
      vertex   6.953651e-01 1.289024e+01 -1.027391e+01
      vertex   5.150129e-01 1.307169e+01 -1.026523e+01
      vertex   5.219311e-01 1.307771e+01 -1.033234e+01
    endloop
  endfacet
  facet normal -7.014281e-01 -6.963236e-01 -1.520925e-01
    outer loop
      vertex   6.953651e-01 1.289024e+01 -1.027391e+01
      vertex   5.219311e-01 1.307771e+01 -1.033234e+01
      vertex   7.030904e-01 1.289896e+01 -1.034946e+01
    endloop
  endfacet
  facet normal -6.895831e-01 -6.733494e-01 -2.666005e-01
    outer loop
      vertex   7.030904e-01 1.289896e+01 -1.034946e+01
      vertex   5.219311e-01 1.307771e+01 -1.033234e+01
      vertex   5.491748e-01 1.310144e+01 -1.046273e+01
    endloop
  endfacet
  facet normal -6.082468e-01 -6.858741e-01 -3.995153e-01
    outer loop
      vertex   7.030904e-01 1.289896e+01 -1.034946e+01
      vertex   5.491748e-01 1.310144e+01 -1.046273e+01
      vertex   9.375000e-01 1.279177e+01 -1.052232e+01
    endloop
  endfacet
  facet normal -8.072744e-01 -5.604919e-01 1.848158e-01
    outer loop
      vertex   5.491748e-01 1.310144e+01 -9.932396e+00
      vertex   2.512024e-01 1.350500e+01 -1.001006e+01
      vertex   2.355026e-01 1.349694e+01 -1.010305e+01
    endloop
  endfacet
  facet normal -8.079063e-01 -5.265618e-01 2.646131e-01
    outer loop
      vertex   5.491748e-01 1.310144e+01 -9.932396e+00
      vertex   2.355026e-01 1.349694e+01 -1.010305e+01
      vertex   5.219311e-01 1.307771e+01 -1.006279e+01
    endloop
  endfacet
  facet normal -8.261941e-01 -5.553838e-01 9.461578e-02
    outer loop
      vertex   5.219311e-01 1.307771e+01 -1.006279e+01
      vertex   2.355026e-01 1.349694e+01 -1.010305e+01
      vertex   2.314860e-01 1.349489e+01 -1.015021e+01
    endloop
  endfacet
  facet normal -8.262290e-01 -5.470936e-01 1.342917e-01
    outer loop
      vertex   5.219311e-01 1.307771e+01 -1.006279e+01
      vertex   2.314860e-01 1.349489e+01 -1.015021e+01
      vertex   5.150129e-01 1.307169e+01 -1.012990e+01
    endloop
  endfacet
  facet normal -8.310716e-01 -5.552693e-01 3.156003e-02
    outer loop
      vertex   5.150129e-01 1.307169e+01 -1.012990e+01
      vertex   2.314860e-01 1.349489e+01 -1.015021e+01
      vertex   2.301466e-01 1.349420e+01 -1.019756e+01
    endloop
  endfacet
  facet normal -8.316274e-01 -5.535245e-01 4.479432e-02
    outer loop
      vertex   5.150129e-01 1.307169e+01 -1.012990e+01
      vertex   2.301466e-01 1.349420e+01 -1.019756e+01
      vertex   5.127051e-01 1.306968e+01 -1.019756e+01
    endloop
  endfacet
  facet normal -8.320481e-01 -5.538046e-01 -3.156641e-02
    outer loop
      vertex   5.127051e-01 1.306968e+01 -1.019756e+01
      vertex   2.301466e-01 1.349420e+01 -1.019756e+01
      vertex   2.314860e-01 1.349489e+01 -1.024491e+01
    endloop
  endfacet
  facet normal -8.309445e-01 -5.545485e-01 -4.480143e-02
    outer loop
      vertex   5.127051e-01 1.306968e+01 -1.019756e+01
      vertex   2.314860e-01 1.349489e+01 -1.024491e+01
      vertex   5.150129e-01 1.307169e+01 -1.026523e+01
    endloop
  endfacet
  facet normal -8.291494e-01 -5.509519e-01 -9.467402e-02
    outer loop
      vertex   5.150129e-01 1.307169e+01 -1.026523e+01
      vertex   2.314860e-01 1.349489e+01 -1.024491e+01
      vertex   2.355026e-01 1.349694e+01 -1.029207e+01
    endloop
  endfacet
  facet normal -8.241661e-01 -5.501812e-01 -1.343539e-01
    outer loop
      vertex   5.150129e-01 1.307169e+01 -1.026523e+01
      vertex   2.355026e-01 1.349694e+01 -1.029207e+01
      vertex   5.219311e-01 1.307771e+01 -1.033234e+01
    endloop
  endfacet
  facet normal -8.195879e-01 -5.421593e-01 -1.853077e-01
    outer loop
      vertex   5.219311e-01 1.307771e+01 -1.033234e+01
      vertex   2.355026e-01 1.349694e+01 -1.029207e+01
      vertex   2.512024e-01 1.350500e+01 -1.038506e+01
    endloop
  endfacet
  facet normal -7.993614e-01 -5.391929e-01 -2.651272e-01
    outer loop
      vertex   5.219311e-01 1.307771e+01 -1.033234e+01
      vertex   2.512024e-01 1.350500e+01 -1.038506e+01
      vertex   5.491748e-01 1.310144e+01 -1.046273e+01
    endloop
  endfacet
  facet normal -9.308600e-01 -3.525567e-01 9.593440e-02
    outer loop
      vertex   2.512024e-01 1.350500e+01 -1.001006e+01
      vertex   6.388908e-02 1.397495e+01 -1.010050e+01
      vertex   5.930337e-02 1.397388e+01 -1.014893e+01
    endloop
  endfacet
  facet normal -8.607726e-01 -2.157521e-01 4.610005e-01
    outer loop
      vertex   2.512024e-01 1.350500e+01 -1.001006e+01
      vertex   5.930337e-02 1.397388e+01 -1.014893e+01
      vertex   1.329797e-01 1.373006e+01 -1.012547e+01
    endloop
  endfacet
  facet normal -9.574001e-01 -2.846056e-01 4.883369e-02
    outer loop
      vertex   1.329797e-01 1.373006e+01 -1.012547e+01
      vertex   5.930337e-02 1.397388e+01 -1.014893e+01
      vertex   5.814419e-02 1.397361e+01 -1.017323e+01
    endloop
  endfacet
  facet normal -9.572866e-01 -2.800117e-01 7.208138e-02
    outer loop
      vertex   1.329797e-01 1.373006e+01 -1.012547e+01
      vertex   5.814419e-02 1.397361e+01 -1.017323e+01
      vertex   1.305275e-01 1.372918e+01 -1.016147e+01
    endloop
  endfacet
  facet normal -9.589280e-01 -2.831826e-01 1.627229e-02
    outer loop
      vertex   1.305275e-01 1.372918e+01 -1.016147e+01
      vertex   5.814419e-02 1.397361e+01 -1.017323e+01
      vertex   5.775776e-02 1.397352e+01 -1.019756e+01
    endloop
  endfacet
  facet normal -9.590885e-01 -2.820846e-01 2.403004e-02
    outer loop
      vertex   1.305275e-01 1.372918e+01 -1.016147e+01
      vertex   5.775776e-02 1.397352e+01 -1.019756e+01
      vertex   1.297100e-01 1.372888e+01 -1.019756e+01
    endloop
  endfacet
  facet normal -9.592385e-01 -2.821288e-01 -1.627335e-02
    outer loop
      vertex   1.297100e-01 1.372888e+01 -1.019756e+01
      vertex   5.775776e-02 1.397352e+01 -1.019756e+01
      vertex   5.814419e-02 1.397361e+01 -1.022189e+01
    endloop
  endfacet
  facet normal -9.588793e-01 -2.827949e-01 -2.403109e-02
    outer loop
      vertex   1.297100e-01 1.372888e+01 -1.019756e+01
      vertex   5.814419e-02 1.397361e+01 -1.022189e+01
      vertex   1.305275e-01 1.372918e+01 -1.023365e+01
    endloop
  endfacet
  facet normal -9.583349e-01 -2.814401e-01 -4.884303e-02
    outer loop
      vertex   1.305275e-01 1.372918e+01 -1.023365e+01
      vertex   5.814419e-02 1.397361e+01 -1.022189e+01
      vertex   5.930337e-02 1.397388e+01 -1.024619e+01
    endloop
  endfacet
  facet normal -9.566596e-01 -2.821442e-01 -7.209106e-02
    outer loop
      vertex   1.305275e-01 1.372918e+01 -1.023365e+01
      vertex   5.930337e-02 1.397388e+01 -1.024619e+01
      vertex   1.329797e-01 1.373006e+01 -1.026965e+01
    endloop
  endfacet
  facet normal -9.553073e-01 -2.793743e-01 -9.663349e-02
    outer loop
      vertex   1.329797e-01 1.373006e+01 -1.026965e+01
      vertex   5.930337e-02 1.397388e+01 -1.024619e+01
      vertex   6.388908e-02 1.397495e+01 -1.029462e+01
    endloop
  endfacet
  facet normal -8.907215e-01 -2.872195e-01 -3.523071e-01
    outer loop
      vertex   1.329797e-01 1.373006e+01 -1.026965e+01
      vertex   6.388908e-02 1.397495e+01 -1.029462e+01
      vertex   2.512024e-01 1.350500e+01 -1.038506e+01
    endloop
  endfacet
  facet normal -9.896195e-01 -1.068784e-01 9.607376e-02
    outer loop
      vertex   6.388908e-02 1.397495e+01 -1.010050e+01
      vertex   0.000000e+00 1.447927e+01 -1.019756e+01
      vertex   5.930337e-02 1.397388e+01 -1.014893e+01
    endloop
  endfacet
  facet normal -9.896195e-01 -1.068784e-01 -9.607376e-02
    outer loop
      vertex   0.000000e+00 1.447927e+01 -1.019756e+01
      vertex   6.388908e-02 1.397495e+01 -1.029462e+01
      vertex   5.930337e-02 1.397388e+01 -1.024619e+01
    endloop
  endfacet
  facet normal -9.925433e-01 -1.117911e-01 4.858569e-02
    outer loop
      vertex   0.000000e+00 1.447927e+01 -1.019756e+01
      vertex   5.814419e-02 1.397361e+01 -1.017323e+01
      vertex   5.930337e-02 1.397388e+01 -1.014893e+01
    endloop
  endfacet
  facet normal -9.934118e-01 -1.134492e-01 1.619626e-02
    outer loop
      vertex   0.000000e+00 1.447927e+01 -1.019756e+01
      vertex   5.775776e-02 1.397352e+01 -1.019756e+01
      vertex   5.814419e-02 1.397361e+01 -1.017323e+01
    endloop
  endfacet
  facet normal -9.934118e-01 -1.134492e-01 -1.619626e-02
    outer loop
      vertex   0.000000e+00 1.447927e+01 -1.019756e+01
      vertex   5.814419e-02 1.397361e+01 -1.022189e+01
      vertex   5.775776e-02 1.397352e+01 -1.019756e+01
    endloop
  endfacet
  facet normal -9.925433e-01 -1.117911e-01 -4.858569e-02
    outer loop
      vertex   0.000000e+00 1.447927e+01 -1.019756e+01
      vertex   5.930337e-02 1.397388e+01 -1.024619e+01
      vertex   5.814419e-02 1.397361e+01 -1.022189e+01
    endloop
  endfacet
  facet normal -9.155406e-01 -3.957142e-01 -7.208068e-02
    outer loop
      vertex   1.305275e-01 1.372918e+01 -1.023365e+01
      vertex   1.329797e-01 1.373006e+01 -1.026965e+01
      vertex   2.355026e-01 1.349694e+01 -1.029207e+01
    endloop
  endfacet
  facet normal -9.158615e-01 -3.900843e-01 -9.503669e-02
    outer loop
      vertex   1.305275e-01 1.372918e+01 -1.023365e+01
      vertex   2.355026e-01 1.349694e+01 -1.029207e+01
      vertex   2.314860e-01 1.349489e+01 -1.024491e+01
    endloop
  endfacet
  facet normal -6.001570e-01 -7.853058e-01 -1.520077e-01
    outer loop
      vertex   6.953651e-01 1.289024e+01 -1.027391e+01
      vertex   7.030904e-01 1.289896e+01 -1.034946e+01
      vertex   9.070688e-01 1.274591e+01 -1.036408e+01
    endloop
  endfacet
  facet normal -6.029153e-01 -7.802067e-01 -1.666451e-01
    outer loop
      vertex   6.953651e-01 1.289024e+01 -1.027391e+01
      vertex   9.070688e-01 1.274591e+01 -1.036408e+01
      vertex   8.993192e-01 1.273422e+01 -1.028135e+01
    endloop
  endfacet
  facet normal -3.572781e-01 -9.167590e-01 -1.786208e-01
    outer loop
      vertex   1.123409e+00 1.260749e+01 -1.028738e+01
      vertex   1.130334e+00 1.262203e+01 -1.037589e+01
      vertex   1.369153e+00 1.253065e+01 -1.038457e+01
    endloop
  endfacet
  facet normal -3.599022e-01 -9.139622e-01 -1.874662e-01
    outer loop
      vertex   1.123409e+00 1.260749e+01 -1.028738e+01
      vertex   1.369153e+00 1.253065e+01 -1.038457e+01
      vertex   1.363905e+00 1.251370e+01 -1.029182e+01
    endloop
  endfacet
  facet normal -7.560048e-02 -9.950603e-01 -6.433962e-02
    outer loop
      vertex   1.616406e+00 1.245615e+01 -1.029454e+01
      vertex   1.875000e+00 1.243024e+01 -1.019756e+01
      vertex   1.615465e+00 1.244995e+01 -1.019756e+01
    endloop
  endfacet
  facet normal -7.560048e-02 -9.950603e-01 6.433962e-02
    outer loop
      vertex   1.615465e+00 1.244995e+01 -1.019756e+01
      vertex   1.875000e+00 1.243024e+01 -1.019756e+01
      vertex   1.616406e+00 1.245615e+01 -1.010058e+01
    endloop
  endfacet
  facet normal -3.439278e-01 -8.638677e-01 -3.680304e-01
    outer loop
      vertex   1.130334e+00 1.262203e+01 -1.037589e+01
      vertex   1.389714e+00 1.259711e+01 -1.055978e+01
      vertex   1.369153e+00 1.253065e+01 -1.038457e+01
    endloop
  endfacet
  facet normal -3.645920e-01 -9.290632e-01 -6.256316e-02
    outer loop
      vertex   1.363905e+00 1.251370e+01 -1.029182e+01
      vertex   1.362154e+00 1.250804e+01 -1.019756e+01
      vertex   1.121098e+00 1.260263e+01 -1.019756e+01
    endloop
  endfacet
  facet normal -3.636487e-01 -9.296275e-01 -5.960081e-02
    outer loop
      vertex   1.363905e+00 1.251370e+01 -1.029182e+01
      vertex   1.121098e+00 1.260263e+01 -1.019756e+01
      vertex   1.123409e+00 1.260749e+01 -1.028738e+01
    endloop
  endfacet
  facet normal -3.636306e-01 -9.294396e-01 6.256790e-02
    outer loop
      vertex   1.362154e+00 1.250804e+01 -1.019756e+01
      vertex   1.363905e+00 1.251370e+01 -1.010330e+01
      vertex   1.123409e+00 1.260749e+01 -1.010775e+01
    endloop
  endfacet
  facet normal -3.646581e-01 -9.292317e-01 5.960619e-02
    outer loop
      vertex   1.362154e+00 1.250804e+01 -1.019756e+01
      vertex   1.123409e+00 1.260749e+01 -1.010775e+01
      vertex   1.121098e+00 1.260263e+01 -1.019756e+01
    endloop
  endfacet
  facet normal -3.569678e-01 -9.151035e-01 1.875088e-01
    outer loop
      vertex   1.363905e+00 1.251370e+01 -1.010330e+01
      vertex   1.369153e+00 1.253065e+01 -1.001055e+01
      vertex   1.130334e+00 1.262203e+01 -1.001923e+01
    endloop
  endfacet
  facet normal -3.603577e-01 -9.155452e-01 1.786598e-01
    outer loop
      vertex   1.363905e+00 1.251370e+01 -1.010330e+01
      vertex   1.130334e+00 1.262203e+01 -1.001923e+01
      vertex   1.123409e+00 1.260749e+01 -1.010775e+01
    endloop
  endfacet
  facet normal -3.439278e-01 -8.638677e-01 3.680304e-01
    outer loop
      vertex   1.369153e+00 1.253065e+01 -1.001055e+01
      vertex   1.389714e+00 1.259711e+01 -9.835339e+00
      vertex   1.130334e+00 1.262203e+01 -1.001923e+01
    endloop
  endfacet
  facet normal -6.090765e-01 -7.911591e-01 -5.561576e-02
    outer loop
      vertex   8.993192e-01 1.273422e+01 -1.028135e+01
      vertex   8.967333e-01 1.273033e+01 -1.019756e+01
      vertex   6.927877e-01 1.288733e+01 -1.019756e+01
    endloop
  endfacet
  facet normal -6.079672e-01 -7.923403e-01 -5.072317e-02
    outer loop
      vertex   8.993192e-01 1.273422e+01 -1.028135e+01
      vertex   6.927877e-01 1.288733e+01 -1.019756e+01
      vertex   6.953651e-01 1.289024e+01 -1.027391e+01
    endloop
  endfacet
  facet normal -6.079213e-01 -7.920467e-01 5.562141e-02
    outer loop
      vertex   8.967333e-01 1.273033e+01 -1.019756e+01
      vertex   8.993192e-01 1.273422e+01 -1.011377e+01
      vertex   6.953651e-01 1.289024e+01 -1.012121e+01
    endloop
  endfacet
  facet normal -6.092352e-01 -7.913653e-01 5.072882e-02
    outer loop
      vertex   8.967333e-01 1.273033e+01 -1.019756e+01
      vertex   6.953651e-01 1.289024e+01 -1.012121e+01
      vertex   6.927877e-01 1.288733e+01 -1.019756e+01
    endloop
  endfacet
  facet normal -5.994030e-01 -7.828975e-01 1.666961e-01
    outer loop
      vertex   8.993192e-01 1.273422e+01 -1.011377e+01
      vertex   9.070688e-01 1.274591e+01 -1.003104e+01
      vertex   7.030904e-01 1.289896e+01 -1.004566e+01
    endloop
  endfacet
  facet normal -6.040113e-01 -7.823352e-01 1.520589e-01
    outer loop
      vertex   8.993192e-01 1.273422e+01 -1.011377e+01
      vertex   7.030904e-01 1.289896e+01 -1.004566e+01
      vertex   6.953651e-01 1.289024e+01 -1.012121e+01
    endloop
  endfacet
  facet normal -5.819669e-01 -7.442800e-01 3.276611e-01
    outer loop
      vertex   9.070688e-01 1.274591e+01 -1.003104e+01
      vertex   9.375000e-01 1.279177e+01 -9.872801e+00
      vertex   7.030904e-01 1.289896e+01 -1.004566e+01
    endloop
  endfacet
  facet normal -5.819669e-01 -7.442800e-01 -3.276611e-01
    outer loop
      vertex   9.070688e-01 1.274591e+01 -1.036408e+01
      vertex   7.030904e-01 1.289896e+01 -1.034946e+01
      vertex   9.375000e-01 1.279177e+01 -1.052232e+01
    endloop
  endfacet
  facet normal -9.145772e-01 -3.930807e-01 9.505812e-02
    outer loop
      vertex   2.314860e-01 1.349489e+01 -1.015021e+01
      vertex   2.355026e-01 1.349694e+01 -1.010305e+01
      vertex   1.329797e-01 1.373006e+01 -1.012547e+01
    endloop
  endfacet
  facet normal -9.172308e-01 -3.917771e-01 7.209907e-02
    outer loop
      vertex   2.314860e-01 1.349489e+01 -1.015021e+01
      vertex   1.329797e-01 1.373006e+01 -1.012547e+01
      vertex   1.305275e-01 1.372918e+01 -1.016147e+01
    endloop
  endfacet
  facet normal -9.184573e-01 -3.942480e-01 3.169686e-02
    outer loop
      vertex   2.301466e-01 1.349420e+01 -1.019756e+01
      vertex   2.314860e-01 1.349489e+01 -1.015021e+01
      vertex   1.305275e-01 1.372918e+01 -1.016147e+01
    endloop
  endfacet
  facet normal -9.190810e-01 -3.933352e-01 2.403139e-02
    outer loop
      vertex   2.301466e-01 1.349420e+01 -1.019756e+01
      vertex   1.305275e-01 1.372918e+01 -1.016147e+01
      vertex   1.297100e-01 1.372888e+01 -1.019756e+01
    endloop
  endfacet
  facet normal -9.188846e-01 -3.932512e-01 -3.169449e-02
    outer loop
      vertex   2.314860e-01 1.349489e+01 -1.024491e+01
      vertex   2.301466e-01 1.349420e+01 -1.019756e+01
      vertex   1.297100e-01 1.372888e+01 -1.019756e+01
    endloop
  endfacet
  facet normal -9.185200e-01 -3.946437e-01 -2.402936e-02
    outer loop
      vertex   2.314860e-01 1.349489e+01 -1.024491e+01
      vertex   1.297100e-01 1.372888e+01 -1.019756e+01
      vertex   1.305275e-01 1.372918e+01 -1.023365e+01
    endloop
  endfacet
  facet normal -9.058948e-01 -3.805270e-01 1.858865e-01
    outer loop
      vertex   1.329797e-01 1.373006e+01 -1.012547e+01
      vertex   2.355026e-01 1.349694e+01 -1.010305e+01
      vertex   2.512024e-01 1.350500e+01 -1.001006e+01
    endloop
  endfacet
  facet normal -9.058948e-01 -3.805270e-01 -1.858865e-01
    outer loop
      vertex   2.355026e-01 1.349694e+01 -1.029207e+01
      vertex   1.329797e-01 1.373006e+01 -1.026965e+01
      vertex   2.512024e-01 1.350500e+01 -1.038506e+01
    endloop
  endfacet
  facet normal -7.089839e-02 -7.913572e-01 6.072292e-01
    outer loop
      vertex   1.875000e+00 1.419060e+01 -6.947561e+00
      vertex   1.875000e+00 1.430979e+01 -6.792231e+00
      vertex   1.619226e+00 1.432081e+01 -6.807727e+00
    endloop
  endfacet
  facet normal -1.324466e-01 -8.345113e-01 5.348353e-01
    outer loop
      vertex   1.875000e+00 1.419060e+01 -6.947561e+00
      vertex   1.619226e+00 1.432081e+01 -6.807727e+00
      vertex   1.389714e+00 1.423486e+01 -6.998672e+00
    endloop
  endfacet
  facet normal -2.103630e-01 -7.716843e-01 6.002089e-01
    outer loop
      vertex   1.389714e+00 1.423486e+01 -6.998672e+00
      vertex   1.619226e+00 1.432081e+01 -6.807727e+00
      vertex   1.369153e+00 1.435337e+01 -6.853513e+00
    endloop
  endfacet
  facet normal -2.180642e-01 -6.453153e-01 7.321312e-01
    outer loop
      vertex   1.369153e+00 1.435337e+01 -6.853513e+00
      vertex   1.619226e+00 1.432081e+01 -6.807727e+00
      vertex   1.616406e+00 1.439409e+01 -6.743976e+00
    endloop
  endfacet
  facet normal -2.201725e-01 -6.409989e-01 7.352853e-01
    outer loop
      vertex   1.369153e+00 1.435337e+01 -6.853513e+00
      vertex   1.616406e+00 1.439409e+01 -6.743976e+00
      vertex   1.363905e+00 1.442522e+01 -6.792450e+00
    endloop
  endfacet
  facet normal -2.223919e-01 -5.421459e-01 8.103207e-01
    outer loop
      vertex   1.363905e+00 1.442522e+01 -6.792450e+00
      vertex   1.616406e+00 1.439409e+01 -6.743976e+00
      vertex   1.615465e+00 1.447498e+01 -6.690118e+00
    endloop
  endfacet
  facet normal -2.230509e-01 -5.405853e-01 8.111817e-01
    outer loop
      vertex   1.363905e+00 1.442522e+01 -6.792450e+00
      vertex   1.615465e+00 1.447498e+01 -6.690118e+00
      vertex   1.362154e+00 1.450402e+01 -6.740418e+00
    endloop
  endfacet
  facet normal -2.230256e-01 -4.306170e-01 8.745448e-01
    outer loop
      vertex   1.362154e+00 1.450402e+01 -6.740418e+00
      vertex   1.615465e+00 1.447498e+01 -6.690118e+00
      vertex   1.616406e+00 1.456206e+01 -6.646999e+00
    endloop
  endfacet
  facet normal -2.223988e-01 -4.322904e-01 8.738786e-01
    outer loop
      vertex   1.362154e+00 1.450402e+01 -6.740418e+00
      vertex   1.616406e+00 1.456206e+01 -6.646999e+00
      vertex   1.363905e+00 1.458848e+01 -6.698191e+00
    endloop
  endfacet
  facet normal -2.199988e-01 -3.111844e-01 9.245349e-01
    outer loop
      vertex   1.363905e+00 1.458848e+01 -6.698191e+00
      vertex   1.616406e+00 1.456206e+01 -6.646999e+00
      vertex   1.619226e+00 1.465391e+01 -6.615412e+00
    endloop
  endfacet
  facet normal -2.181806e-01 -3.165282e-01 9.231507e-01
    outer loop
      vertex   1.363905e+00 1.458848e+01 -6.698191e+00
      vertex   1.619226e+00 1.465391e+01 -6.615412e+00
      vertex   1.369153e+00 1.467728e+01 -6.666502e+00
    endloop
  endfacet
  facet normal -2.103620e-01 -1.339546e-01 9.684028e-01
    outer loop
      vertex   1.369153e+00 1.467728e+01 -6.666502e+00
      vertex   1.619226e+00 1.465391e+01 -6.615412e+00
      vertex   1.389714e+00 1.486225e+01 -6.636450e+00
    endloop
  endfacet
  facet normal -6.660165e-02 2.734481e-02 9.974049e-01
    outer loop
      vertex   1.389714e+00 1.486225e+01 -6.636450e+00
      vertex   1.619226e+00 1.465391e+01 -6.615412e+00
      vertex   1.875000e+00 1.464600e+01 -6.598116e+00
    endloop
  endfacet
  facet normal -1.352254e-01 -1.293265e-01 9.823384e-01
    outer loop
      vertex   1.389714e+00 1.486225e+01 -6.636450e+00
      vertex   1.875000e+00 1.464600e+01 -6.598116e+00
      vertex   1.875000e+00 1.484012e+01 -6.572561e+00
    endloop
  endfacet
  facet normal -5.035719e-02 -6.079902e-01 7.923459e-01
    outer loop
      vertex   1.875000e+00 1.430979e+01 -6.792231e+00
      vertex   1.875000e+00 1.446512e+01 -6.673042e+00
      vertex   1.616406e+00 1.439409e+01 -6.743976e+00
    endloop
  endfacet
  facet normal -7.378165e-02 -6.561729e-01 7.509949e-01
    outer loop
      vertex   1.875000e+00 1.430979e+01 -6.792231e+00
      vertex   1.616406e+00 1.439409e+01 -6.743976e+00
      vertex   1.619226e+00 1.432081e+01 -6.807727e+00
    endloop
  endfacet
  facet normal -7.410317e-02 -3.816316e-01 9.213393e-01
    outer loop
      vertex   1.875000e+00 1.446512e+01 -6.673042e+00
      vertex   1.875000e+00 1.464600e+01 -6.598116e+00
      vertex   1.619226e+00 1.465391e+01 -6.615412e+00
    endloop
  endfacet
  facet normal -2.637238e-02 -3.243621e-01 9.455653e-01
    outer loop
      vertex   1.875000e+00 1.446512e+01 -6.673042e+00
      vertex   1.619226e+00 1.465391e+01 -6.615412e+00
      vertex   1.616406e+00 1.456206e+01 -6.646999e+00
    endloop
  endfacet
  facet normal -3.965025e-01 -1.477105e-01 9.060725e-01
    outer loop
      vertex   1.389714e+00 1.486225e+01 -6.636450e+00
      vertex   9.375000e-01 1.492714e+01 -6.823763e+00
      vertex   9.070688e-01 1.476717e+01 -6.863159e+00
    endloop
  endfacet
  facet normal -4.363820e-01 7.780003e-02 8.963916e-01
    outer loop
      vertex   1.389714e+00 1.486225e+01 -6.636450e+00
      vertex   9.070688e-01 1.476717e+01 -6.863159e+00
      vertex   1.130334e+00 1.471545e+01 -6.749980e+00
    endloop
  endfacet
  facet normal -4.850893e-01 -2.848969e-01 8.267540e-01
    outer loop
      vertex   1.130334e+00 1.471545e+01 -6.749980e+00
      vertex   9.070688e-01 1.476717e+01 -6.863159e+00
      vertex   8.993192e-01 1.468968e+01 -6.894409e+00
    endloop
  endfacet
  facet normal -4.880029e-01 -2.725257e-01 8.292062e-01
    outer loop
      vertex   1.130334e+00 1.471545e+01 -6.749980e+00
      vertex   8.993192e-01 1.468968e+01 -6.894409e+00
      vertex   1.123409e+00 1.463153e+01 -6.781639e+00
    endloop
  endfacet
  facet normal -4.926538e-01 -3.860613e-01 7.799031e-01
    outer loop
      vertex   1.123409e+00 1.463153e+01 -6.781639e+00
      vertex   8.993192e-01 1.468968e+01 -6.894409e+00
      vertex   8.967333e-01 1.461516e+01 -6.932927e+00
    endloop
  endfacet
  facet normal -4.937519e-01 -3.821646e-01 7.811269e-01
    outer loop
      vertex   1.123409e+00 1.463153e+01 -6.781639e+00
      vertex   8.967333e-01 1.461516e+01 -6.932927e+00
      vertex   1.121098e+00 1.455132e+01 -6.822342e+00
    endloop
  endfacet
  facet normal -4.938654e-01 -4.820485e-01 7.236893e-01
    outer loop
      vertex   1.121098e+00 1.455132e+01 -6.822342e+00
      vertex   8.967333e-01 1.461516e+01 -6.932927e+00
      vertex   8.993192e-01 1.454455e+01 -6.978198e+00
    endloop
  endfacet
  facet normal -4.926220e-01 -4.857210e-01 7.220795e-01
    outer loop
      vertex   1.121098e+00 1.455132e+01 -6.822342e+00
      vertex   8.993192e-01 1.454455e+01 -6.978198e+00
      vertex   1.123409e+00 1.447596e+01 -6.871454e+00
    endloop
  endfacet
  facet normal -4.887876e-01 -5.725260e-01 6.582558e-01
    outer loop
      vertex   1.123409e+00 1.447596e+01 -6.871454e+00
      vertex   8.993192e-01 1.454455e+01 -6.978198e+00
      vertex   9.070688e-01 1.447874e+01 -7.029682e+00
    endloop
  endfacet
  facet normal -4.845540e-01 -5.828641e-01 6.522859e-01
    outer loop
      vertex   1.123409e+00 1.447596e+01 -6.871454e+00
      vertex   9.070688e-01 1.447874e+01 -7.029682e+00
      vertex   1.130334e+00 1.440658e+01 -6.928307e+00
    endloop
  endfacet
  facet normal -4.715176e-01 -6.933286e-01 5.449464e-01
    outer loop
      vertex   1.130334e+00 1.440658e+01 -6.928307e+00
      vertex   9.070688e-01 1.447874e+01 -7.029682e+00
      vertex   9.375000e-01 1.436464e+01 -7.148523e+00
    endloop
  endfacet
  facet normal -3.862404e-01 -7.831242e-01 4.873755e-01
    outer loop
      vertex   1.130334e+00 1.440658e+01 -6.928307e+00
      vertex   9.375000e-01 1.436464e+01 -7.148523e+00
      vertex   1.389714e+00 1.423486e+01 -6.998672e+00
    endloop
  endfacet
  facet normal -6.257692e-01 -1.380575e-01 7.676933e-01
    outer loop
      vertex   9.375000e-01 1.492714e+01 -6.823763e+00
      vertex   5.491748e-01 1.503036e+01 -7.121736e+00
      vertex   5.219311e-01 1.490557e+01 -7.166383e+00
    endloop
  endfacet
  facet normal -6.348929e-01 1.271172e-01 7.620710e-01
    outer loop
      vertex   9.375000e-01 1.492714e+01 -6.823763e+00
      vertex   5.219311e-01 1.490557e+01 -7.166383e+00
      vertex   7.030904e-01 1.483103e+01 -7.003022e+00
    endloop
  endfacet
  facet normal -7.023511e-01 -2.324093e-01 6.728216e-01
    outer loop
      vertex   7.030904e-01 1.483103e+01 -7.003022e+00
      vertex   5.219311e-01 1.490557e+01 -7.166383e+00
      vertex   5.150129e-01 1.484444e+01 -7.194721e+00
    endloop
  endfacet
  facet normal -7.046178e-01 -2.148694e-01 6.762728e-01
    outer loop
      vertex   7.030904e-01 1.483103e+01 -7.003022e+00
      vertex   5.150129e-01 1.484444e+01 -7.194721e+00
      vertex   6.953651e-01 1.476124e+01 -7.033246e+00
    endloop
  endfacet
  facet normal -7.095932e-01 -3.125452e-01 6.315006e-01
    outer loop
      vertex   6.953651e-01 1.476124e+01 -7.033246e+00
      vertex   5.150129e-01 1.484444e+01 -7.194721e+00
      vertex   5.127051e-01 1.478484e+01 -7.226814e+00
    endloop
  endfacet
  facet normal -7.105887e-01 -3.069541e-01 6.331215e-01
    outer loop
      vertex   6.953651e-01 1.476124e+01 -7.033246e+00
      vertex   5.127051e-01 1.478484e+01 -7.226814e+00
      vertex   6.927877e-01 1.469367e+01 -7.068900e+00
    endloop
  endfacet
  facet normal -7.107815e-01 -3.900288e-01 5.853778e-01
    outer loop
      vertex   6.927877e-01 1.469367e+01 -7.068900e+00
      vertex   5.127051e-01 1.478484e+01 -7.226814e+00
      vertex   5.150129e-01 1.472724e+01 -7.262387e+00
    endloop
  endfacet
  facet normal -7.095366e-01 -3.953581e-01 5.833093e-01
    outer loop
      vertex   6.927877e-01 1.469367e+01 -7.068900e+00
      vertex   5.150129e-01 1.472724e+01 -7.262387e+00
      vertex   6.953651e-01 1.462900e+01 -7.109594e+00
    endloop
  endfacet
  facet normal -7.059540e-01 -4.646880e-01 5.345035e-01
    outer loop
      vertex   6.953651e-01 1.462900e+01 -7.109594e+00
      vertex   5.150129e-01 1.472724e+01 -7.262387e+00
      vertex   5.219311e-01 1.467214e+01 -7.301159e+00
    endloop
  endfacet
  facet normal -7.014268e-01 -4.798850e-01 5.269828e-01
    outer loop
      vertex   6.953651e-01 1.462900e+01 -7.109594e+00
      vertex   5.219311e-01 1.467214e+01 -7.301159e+00
      vertex   7.030904e-01 1.456793e+01 -7.154922e+00
    endloop
  endfacet
  facet normal -6.895824e-01 -5.675587e-01 4.498369e-01
    outer loop
      vertex   7.030904e-01 1.456793e+01 -7.154922e+00
      vertex   5.219311e-01 1.467214e+01 -7.301159e+00
      vertex   5.491748e-01 1.457108e+01 -7.386901e+00
    endloop
  endfacet
  facet normal -6.082469e-01 -6.889277e-01 3.942263e-01
    outer loop
      vertex   7.030904e-01 1.456793e+01 -7.154922e+00
      vertex   5.491748e-01 1.457108e+01 -7.386901e+00
      vertex   9.375000e-01 1.436464e+01 -7.148523e+00
    endloop
  endfacet
  facet normal -8.072740e-01 -1.201889e-01 5.778091e-01
    outer loop
      vertex   5.491748e-01 1.503036e+01 -7.121736e+00
      vertex   2.512024e-01 1.516488e+01 -7.510061e+00
      vertex   2.355026e-01 1.508032e+01 -7.549584e+00
    endloop
  endfacet
  facet normal -8.079057e-01 -3.411371e-02 5.883236e-01
    outer loop
      vertex   5.491748e-01 1.503036e+01 -7.121736e+00
      vertex   2.355026e-01 1.508032e+01 -7.549584e+00
      vertex   5.219311e-01 1.490557e+01 -7.166383e+00
    endloop
  endfacet
  facet normal -8.261944e-01 -1.957564e-01 5.282823e-01
    outer loop
      vertex   5.219311e-01 1.490557e+01 -7.166383e+00
      vertex   2.355026e-01 1.508032e+01 -7.549584e+00
      vertex   2.314860e-01 1.503845e+01 -7.571380e+00
    endloop
  endfacet
  facet normal -8.262295e-01 -1.572544e-01 5.409397e-01
    outer loop
      vertex   5.219311e-01 1.490557e+01 -7.166383e+00
      vertex   2.314860e-01 1.503845e+01 -7.571380e+00
      vertex   5.150129e-01 1.484444e+01 -7.194721e+00
    endloop
  endfacet
  facet normal -8.310714e-01 -2.503033e-01 4.966574e-01
    outer loop
      vertex   5.150129e-01 1.484444e+01 -7.194721e+00
      vertex   2.314860e-01 1.503845e+01 -7.571380e+00
      vertex   2.301466e-01 1.499710e+01 -7.594461e+00
    endloop
  endfacet
  facet normal -8.316273e-01 -2.379667e-01 5.017647e-01
    outer loop
      vertex   5.150129e-01 1.484444e+01 -7.194721e+00
      vertex   2.301466e-01 1.499710e+01 -7.594461e+00
      vertex   5.127051e-01 1.478484e+01 -7.226814e+00
    endloop
  endfacet
  facet normal -8.320482e-01 -3.042373e-01 4.638270e-01
    outer loop
      vertex   5.127051e-01 1.478484e+01 -7.226814e+00
      vertex   2.301466e-01 1.499710e+01 -7.594461e+00
      vertex   2.314860e-01 1.495643e+01 -7.618732e+00
    endloop
  endfacet
  facet normal -8.309439e-01 -3.160781e-01 4.578503e-01
    outer loop
      vertex   5.127051e-01 1.478484e+01 -7.226814e+00
      vertex   2.314860e-01 1.495643e+01 -7.618732e+00
      vertex   5.150129e-01 1.472724e+01 -7.262387e+00
    endloop
  endfacet
  facet normal -8.291490e-01 -3.574653e-01 4.298029e-01
    outer loop
      vertex   5.150129e-01 1.472724e+01 -7.262387e+00
      vertex   2.314860e-01 1.495643e+01 -7.618732e+00
      vertex   2.355026e-01 1.491663e+01 -7.644093e+00
    endloop
  endfacet
  facet normal -8.241666e-01 -3.914382e-01 4.092989e-01
    outer loop
      vertex   5.150129e-01 1.472724e+01 -7.262387e+00
      vertex   2.355026e-01 1.491663e+01 -7.644093e+00
      vertex   5.219311e-01 1.467214e+01 -7.301159e+00
    endloop
  endfacet
  facet normal -8.195877e-01 -4.315622e-01 3.768689e-01
    outer loop
      vertex   5.219311e-01 1.467214e+01 -7.301159e+00
      vertex   2.355026e-01 1.491663e+01 -7.644093e+00
      vertex   2.512024e-01 1.484012e+01 -7.697561e+00
    endloop
  endfacet
  facet normal -7.993611e-01 -4.992041e-01 3.343905e-01
    outer loop
      vertex   5.219311e-01 1.467214e+01 -7.301159e+00
      vertex   2.512024e-01 1.484012e+01 -7.697561e+00
      vertex   5.491748e-01 1.457108e+01 -7.386901e+00
    endloop
  endfacet
  facet normal -9.308600e-01 -9.319768e-02 3.532900e-01
    outer loop
      vertex   2.512024e-01 1.516488e+01 -7.510061e+00
      vertex   6.388908e-02 1.532153e+01 -7.962275e+00
      vertex   5.930337e-02 1.527906e+01 -7.985562e+00
    endloop
  endfacet
  facet normal -8.607723e-01 2.913639e-01 4.173465e-01
    outer loop
      vertex   2.512024e-01 1.516488e+01 -7.510061e+00
      vertex   5.930337e-02 1.527906e+01 -7.985562e+00
      vertex   1.329797e-01 1.517746e+01 -7.762679e+00
    endloop
  endfacet
  facet normal -9.574002e-01 -1.000117e-01 2.708922e-01
    outer loop
      vertex   1.329797e-01 1.517746e+01 -7.762679e+00
      vertex   5.930337e-02 1.527906e+01 -7.985562e+00
      vertex   5.814419e-02 1.525787e+01 -7.997479e+00
    endloop
  endfacet
  facet normal -9.572867e-01 -7.758187e-02 2.785377e-01
    outer loop
      vertex   1.329797e-01 1.517746e+01 -7.762679e+00
      vertex   5.814419e-02 1.525787e+01 -7.997479e+00
      vertex   1.305275e-01 1.514584e+01 -7.779915e+00
    endloop
  endfacet
  facet normal -9.589281e-01 -1.274947e-01 2.533813e-01
    outer loop
      vertex   1.305275e-01 1.514584e+01 -7.779915e+00
      vertex   5.814419e-02 1.525787e+01 -7.997479e+00
      vertex   5.775776e-02 1.523676e+01 -8.009565e+00
    endloop
  endfacet
  facet normal -9.590885e-01 -1.202303e-01 2.563081e-01
    outer loop
      vertex   1.305275e-01 1.514584e+01 -7.779915e+00
      vertex   5.775776e-02 1.523676e+01 -8.009565e+00
      vertex   1.297100e-01 1.511444e+01 -7.797703e+00
    endloop
  endfacet
  facet normal -9.592384e-01 -1.551652e-01 2.361893e-01
    outer loop
      vertex   1.297100e-01 1.511444e+01 -7.797703e+00
      vertex   5.775776e-02 1.523676e+01 -8.009565e+00
      vertex   5.814419e-02 1.521574e+01 -8.021808e+00
    endloop
  endfacet
  facet normal -9.588794e-01 -1.622131e-01 2.328889e-01
    outer loop
      vertex   1.297100e-01 1.511444e+01 -7.797703e+00
      vertex   5.814419e-02 1.521574e+01 -8.021808e+00
      vertex   1.305275e-01 1.508334e+01 -7.816002e+00
    endloop
  endfacet
  facet normal -9.583352e-01 -1.830151e-01 2.193151e-01
    outer loop
      vertex   1.305275e-01 1.508334e+01 -7.816002e+00
      vertex   5.814419e-02 1.521574e+01 -8.021808e+00
      vertex   5.930337e-02 1.519482e+01 -8.034193e+00
    endloop
  endfacet
  facet normal -9.566600e-01 -2.035003e-01 2.083011e-01
    outer loop
      vertex   1.305275e-01 1.508334e+01 -7.816002e+00
      vertex   5.930337e-02 1.519482e+01 -8.034193e+00
      vertex   1.329797e-01 1.505260e+01 -7.834768e+00
    endloop
  endfacet
  facet normal -9.553075e-01 -2.233729e-01 1.936287e-01
    outer loop
      vertex   1.329797e-01 1.505260e+01 -7.834768e+00
      vertex   5.930337e-02 1.519482e+01 -8.034193e+00
      vertex   6.388908e-02 1.515342e+01 -8.059332e+00
    endloop
  endfacet
  facet normal -8.907220e-01 -4.487152e-01 7.258737e-02
    outer loop
      vertex   1.329797e-01 1.505260e+01 -7.834768e+00
      vertex   6.388908e-02 1.515342e+01 -8.059332e+00
      vertex   2.512024e-01 1.484012e+01 -7.697561e+00
    endloop
  endfacet
  facet normal -9.896197e-01 2.976152e-02 1.405956e-01
    outer loop
      vertex   6.388908e-02 1.532153e+01 -7.962275e+00
      vertex   0.000000e+00 1.548964e+01 -8.447561e+00
      vertex   5.930337e-02 1.527906e+01 -7.985562e+00
    endloop
  endfacet
  facet normal -9.896197e-01 -1.366400e-01 4.452383e-02
    outer loop
      vertex   0.000000e+00 1.548964e+01 -8.447561e+00
      vertex   6.388908e-02 1.515342e+01 -8.059332e+00
      vertex   5.930337e-02 1.519482e+01 -8.034193e+00
    endloop
  endfacet
  facet normal -9.925432e-01 -1.381756e-02 1.211074e-01
    outer loop
      vertex   0.000000e+00 1.548964e+01 -8.447561e+00
      vertex   5.814419e-02 1.525787e+01 -7.997479e+00
      vertex   5.930337e-02 1.527906e+01 -7.985562e+00
    endloop
  endfacet
  facet normal -9.934118e-01 -4.269678e-02 1.063487e-01
    outer loop
      vertex   0.000000e+00 1.548964e+01 -8.447561e+00
      vertex   5.775776e-02 1.523676e+01 -8.009565e+00
      vertex   5.814419e-02 1.525787e+01 -7.997479e+00
    endloop
  endfacet
  facet normal -9.934117e-01 -7.075406e-02 9.014988e-02
    outer loop
      vertex   0.000000e+00 1.548964e+01 -8.447561e+00
      vertex   5.814419e-02 1.521574e+01 -8.021808e+00
      vertex   5.775776e-02 1.523676e+01 -8.009565e+00
    endloop
  endfacet
  facet normal -9.925433e-01 -9.797091e-02 7.252185e-02
    outer loop
      vertex   0.000000e+00 1.548964e+01 -8.447561e+00
      vertex   5.930337e-02 1.519482e+01 -8.034193e+00
      vertex   5.814419e-02 1.521574e+01 -8.021808e+00
    endloop
  endfacet
  facet normal -9.155407e-01 -2.602749e-01 3.066629e-01
    outer loop
      vertex   1.305275e-01 1.508334e+01 -7.816002e+00
      vertex   1.329797e-01 1.505260e+01 -7.834768e+00
      vertex   2.355026e-01 1.491663e+01 -7.644093e+00
    endloop
  endfacet
  facet normal -9.158618e-01 -2.773457e-01 2.903042e-01
    outer loop
      vertex   1.305275e-01 1.508334e+01 -7.816002e+00
      vertex   2.355026e-01 1.491663e+01 -7.644093e+00
      vertex   2.314860e-01 1.495643e+01 -7.618732e+00
    endloop
  endfacet
  facet normal -6.001588e-01 -5.243022e-01 6.040833e-01
    outer loop
      vertex   6.953651e-01 1.462900e+01 -7.109594e+00
      vertex   7.030904e-01 1.456793e+01 -7.154922e+00
      vertex   9.070688e-01 1.447874e+01 -7.029682e+00
    endloop
  endfacet
  facet normal -6.029136e-01 -5.344163e-01 5.923634e-01
    outer loop
      vertex   6.953651e-01 1.462900e+01 -7.109594e+00
      vertex   9.070688e-01 1.447874e+01 -7.029682e+00
      vertex   8.993192e-01 1.454455e+01 -6.978198e+00
    endloop
  endfacet
  facet normal -3.572751e-01 -6.130590e-01 7.046369e-01
    outer loop
      vertex   1.123409e+00 1.447596e+01 -6.871454e+00
      vertex   1.130334e+00 1.440658e+01 -6.928307e+00
      vertex   1.369153e+00 1.435337e+01 -6.853513e+00
    endloop
  endfacet
  facet normal -3.599031e-01 -6.193299e-01 6.977824e-01
    outer loop
      vertex   1.123409e+00 1.447596e+01 -6.871454e+00
      vertex   1.369153e+00 1.435337e+01 -6.853513e+00
      vertex   1.363905e+00 1.442522e+01 -6.792450e+00
    endloop
  endfacet
  facet normal -7.560198e-02 -5.532564e-01 8.295732e-01
    outer loop
      vertex   1.616406e+00 1.439409e+01 -6.743976e+00
      vertex   1.875000e+00 1.446512e+01 -6.673042e+00
      vertex   1.615465e+00 1.447498e+01 -6.690118e+00
    endloop
  endfacet
  facet normal -7.560176e-02 -4.418046e-01 8.939200e-01
    outer loop
      vertex   1.615465e+00 1.447498e+01 -6.690118e+00
      vertex   1.875000e+00 1.446512e+01 -6.673042e+00
      vertex   1.616406e+00 1.456206e+01 -6.646999e+00
    endloop
  endfacet
  facet normal -3.439250e-01 -7.506549e-01 5.641212e-01
    outer loop
      vertex   1.130334e+00 1.440658e+01 -6.928307e+00
      vertex   1.389714e+00 1.423486e+01 -6.998672e+00
      vertex   1.369153e+00 1.435337e+01 -6.853513e+00
    endloop
  endfacet
  facet normal -3.645932e-01 -5.187210e-01 7.733048e-01
    outer loop
      vertex   1.363905e+00 1.442522e+01 -6.792450e+00
      vertex   1.362154e+00 1.450402e+01 -6.740418e+00
      vertex   1.121098e+00 1.455132e+01 -6.822342e+00
    endloop
  endfacet
  facet normal -3.636492e-01 -5.164361e-01 7.752761e-01
    outer loop
      vertex   1.363905e+00 1.442522e+01 -6.792450e+00
      vertex   1.121098e+00 1.455132e+01 -6.822342e+00
      vertex   1.123409e+00 1.447596e+01 -6.871454e+00
    endloop
  endfacet
  facet normal -3.636307e-01 -4.105269e-01 8.362059e-01
    outer loop
      vertex   1.362154e+00 1.450402e+01 -6.740418e+00
      vertex   1.363905e+00 1.458848e+01 -6.698191e+00
      vertex   1.123409e+00 1.463153e+01 -6.781639e+00
    endloop
  endfacet
  facet normal -3.646595e-01 -4.129908e-01 8.345430e-01
    outer loop
      vertex   1.362154e+00 1.450402e+01 -6.740418e+00
      vertex   1.123409e+00 1.463153e+01 -6.781639e+00
      vertex   1.121098e+00 1.455132e+01 -6.822342e+00
    endloop
  endfacet
  facet normal -3.569658e-01 -2.951632e-01 8.862585e-01
    outer loop
      vertex   1.363905e+00 1.458848e+01 -6.698191e+00
      vertex   1.369153e+00 1.467728e+01 -6.666502e+00
      vertex   1.130334e+00 1.471545e+01 -6.749980e+00
    endloop
  endfacet
  facet normal -3.603579e-01 -3.030527e-01 8.822138e-01
    outer loop
      vertex   1.363905e+00 1.458848e+01 -6.698191e+00
      vertex   1.130334e+00 1.471545e+01 -6.749980e+00
      vertex   1.123409e+00 1.463153e+01 -6.781639e+00
    endloop
  endfacet
  facet normal -3.439259e-01 -1.132162e-01 9.321465e-01
    outer loop
      vertex   1.369153e+00 1.467728e+01 -6.666502e+00
      vertex   1.389714e+00 1.486225e+01 -6.636450e+00
      vertex   1.130334e+00 1.471545e+01 -6.749980e+00
    endloop
  endfacet
  facet normal -6.090754e-01 -4.437423e-01 6.573583e-01
    outer loop
      vertex   8.993192e-01 1.454455e+01 -6.978198e+00
      vertex   8.967333e-01 1.461516e+01 -6.932927e+00
      vertex   6.927877e-01 1.469367e+01 -7.068900e+00
    endloop
  endfacet
  facet normal -6.079654e-01 -4.400935e-01 6.608296e-01
    outer loop
      vertex   8.993192e-01 1.454455e+01 -6.978198e+00
      vertex   6.927877e-01 1.469367e+01 -7.068900e+00
      vertex   6.953651e-01 1.462900e+01 -7.109594e+00
    endloop
  endfacet
  facet normal -6.079204e-01 -3.478597e-01 7.137412e-01
    outer loop
      vertex   8.967333e-01 1.461516e+01 -6.932927e+00
      vertex   8.993192e-01 1.468968e+01 -6.894409e+00
      vertex   6.953651e-01 1.476124e+01 -7.033246e+00
    endloop
  endfacet
  facet normal -6.092342e-01 -3.517557e-01 7.107050e-01
    outer loop
      vertex   8.967333e-01 1.461516e+01 -6.932927e+00
      vertex   6.953651e-01 1.476124e+01 -7.033246e+00
      vertex   6.927877e-01 1.469367e+01 -7.068900e+00
    endloop
  endfacet
  facet normal -5.994053e-01 -2.470902e-01 7.613539e-01
    outer loop
      vertex   8.993192e-01 1.468968e+01 -6.894409e+00
      vertex   9.070688e-01 1.476717e+01 -6.863159e+00
      vertex   7.030904e-01 1.483103e+01 -7.003022e+00
    endloop
  endfacet
  facet normal -6.040095e-01 -2.594740e-01 7.535554e-01
    outer loop
      vertex   8.993192e-01 1.468968e+01 -6.894409e+00
      vertex   7.030904e-01 1.483103e+01 -7.003022e+00
      vertex   6.953651e-01 1.476124e+01 -7.033246e+00
    endloop
  endfacet
  facet normal -5.819680e-01 -8.837464e-02 8.083954e-01
    outer loop
      vertex   9.070688e-01 1.476717e+01 -6.863159e+00
      vertex   9.375000e-01 1.492714e+01 -6.823763e+00
      vertex   7.030904e-01 1.483103e+01 -7.003022e+00
    endloop
  endfacet
  facet normal -5.819682e-01 -6.559043e-01 4.807313e-01
    outer loop
      vertex   9.070688e-01 1.447874e+01 -7.029682e+00
      vertex   7.030904e-01 1.456793e+01 -7.154922e+00
      vertex   9.375000e-01 1.436464e+01 -7.148523e+00
    endloop
  endfacet
  facet normal -9.145775e-01 -1.142202e-01 3.879456e-01
    outer loop
      vertex   2.314860e-01 1.503845e+01 -7.571380e+00
      vertex   2.355026e-01 1.508032e+01 -7.549584e+00
      vertex   1.329797e-01 1.517746e+01 -7.762679e+00
    endloop
  endfacet
  facet normal -9.172307e-01 -1.334495e-01 3.753386e-01
    outer loop
      vertex   2.314860e-01 1.503845e+01 -7.571380e+00
      vertex   1.329797e-01 1.517746e+01 -7.762679e+00
      vertex   1.305275e-01 1.514584e+01 -7.779915e+00
    endloop
  endfacet
  facet normal -9.184571e-01 -1.696743e-01 3.572775e-01
    outer loop
      vertex   2.301466e-01 1.499710e+01 -7.594461e+00
      vertex   2.314860e-01 1.503845e+01 -7.571380e+00
      vertex   1.305275e-01 1.514584e+01 -7.779915e+00
    endloop
  endfacet
  facet normal -9.190806e-01 -1.758544e-01 3.526558e-01
    outer loop
      vertex   2.301466e-01 1.499710e+01 -7.594461e+00
      vertex   1.305275e-01 1.514584e+01 -7.779915e+00
      vertex   1.297100e-01 1.511444e+01 -7.797703e+00
    endloop
  endfacet
  facet normal -9.188843e-01 -2.240725e-01 3.247201e-01
    outer loop
      vertex   2.314860e-01 1.495643e+01 -7.618732e+00
      vertex   2.301466e-01 1.499710e+01 -7.594461e+00
      vertex   1.297100e-01 1.511444e+01 -7.797703e+00
    endloop
  endfacet
  facet normal -9.185201e-01 -2.181375e-01 3.297527e-01
    outer loop
      vertex   2.314860e-01 1.495643e+01 -7.618732e+00
      vertex   1.297100e-01 1.511444e+01 -7.797703e+00
      vertex   1.305275e-01 1.508334e+01 -7.816002e+00
    endloop
  endfacet
  facet normal -9.058947e-01 -2.927969e-02 4.224896e-01
    outer loop
      vertex   1.329797e-01 1.517746e+01 -7.762679e+00
      vertex   2.355026e-01 1.508032e+01 -7.549584e+00
      vertex   2.512024e-01 1.516488e+01 -7.510061e+00
    endloop
  endfacet
  facet normal -9.058947e-01 -3.512466e-01 2.366024e-01
    outer loop
      vertex   2.355026e-01 1.491663e+01 -7.644093e+00
      vertex   1.329797e-01 1.505260e+01 -7.834768e+00
      vertex   2.512024e-01 1.484012e+01 -7.697561e+00
    endloop
  endfacet
  facet normal -7.090038e-02 1.301969e-01 9.889499e-01
    outer loop
      vertex   1.875000e+00 1.815988e+01 -6.572561e+00
      vertex   1.875000e+00 1.835400e+01 -6.598116e+00
      vertex   1.619226e+00 1.834609e+01 -6.615412e+00
    endloop
  endfacet
  facet normal -1.324469e-01 4.592742e-02 9.901255e-01
    outer loop
      vertex   1.875000e+00 1.815988e+01 -6.572561e+00
      vertex   1.619226e+00 1.834609e+01 -6.615412e+00
      vertex   1.389714e+00 1.813775e+01 -6.636450e+00
    endloop
  endfacet
  facet normal -2.103626e-01 1.339553e-01 9.684026e-01
    outer loop
      vertex   1.389714e+00 1.813775e+01 -6.636450e+00
      vertex   1.619226e+00 1.834609e+01 -6.615412e+00
      vertex   1.369153e+00 1.832272e+01 -6.666502e+00
    endloop
  endfacet
  facet normal -2.180638e-01 3.113789e-01 9.249277e-01
    outer loop
      vertex   1.369153e+00 1.832272e+01 -6.666502e+00
      vertex   1.619226e+00 1.834609e+01 -6.615412e+00
      vertex   1.616406e+00 1.843794e+01 -6.646999e+00
    endloop
  endfacet
  facet normal -2.201723e-01 3.162691e-01 9.227665e-01
    outer loop
      vertex   1.369153e+00 1.832272e+01 -6.666502e+00
      vertex   1.616406e+00 1.843794e+01 -6.646999e+00
      vertex   1.363905e+00 1.841152e+01 -6.698191e+00
    endloop
  endfacet
  facet normal -2.223919e-01 4.306868e-01 8.746718e-01
    outer loop
      vertex   1.363905e+00 1.841152e+01 -6.698191e+00
      vertex   1.616406e+00 1.843794e+01 -6.646999e+00
      vertex   1.615465e+00 1.852502e+01 -6.690118e+00
    endloop
  endfacet
  facet normal -2.230529e-01 4.322176e-01 8.737479e-01
    outer loop
      vertex   1.363905e+00 1.841152e+01 -6.698191e+00
      vertex   1.615465e+00 1.852502e+01 -6.690118e+00
      vertex   1.362154e+00 1.849598e+01 -6.740418e+00
    endloop
  endfacet
  facet normal -2.230280e-01 5.420705e-01 8.101963e-01
    outer loop
      vertex   1.362154e+00 1.849598e+01 -6.740418e+00
      vertex   1.615465e+00 1.852502e+01 -6.690118e+00
      vertex   1.616406e+00 1.860591e+01 -6.743976e+00
    endloop
  endfacet
  facet normal -2.224013e-01 5.406571e-01 8.113123e-01
    outer loop
      vertex   1.362154e+00 1.849598e+01 -6.740418e+00
      vertex   1.616406e+00 1.860591e+01 -6.743976e+00
      vertex   1.363905e+00 1.857478e+01 -6.792450e+00
    endloop
  endfacet
  facet normal -2.200017e-01 6.450780e-01 7.317606e-01
    outer loop
      vertex   1.363905e+00 1.857478e+01 -6.792450e+00
      vertex   1.616406e+00 1.860591e+01 -6.743976e+00
      vertex   1.619226e+00 1.867919e+01 -6.807727e+00
    endloop
  endfacet
  facet normal -2.181823e-01 6.412050e-01 7.356988e-01
    outer loop
      vertex   1.363905e+00 1.857478e+01 -6.792450e+00
      vertex   1.619226e+00 1.867919e+01 -6.807727e+00
      vertex   1.369153e+00 1.864663e+01 -6.853513e+00
    endloop
  endfacet
  facet normal -2.103630e-01 7.716843e-01 6.002089e-01
    outer loop
      vertex   1.369153e+00 1.864663e+01 -6.853513e+00
      vertex   1.619226e+00 1.867919e+01 -6.807727e+00
      vertex   1.389714e+00 1.876514e+01 -6.998672e+00
    endloop
  endfacet
  facet normal -6.659927e-02 8.774526e-01 4.750173e-01
    outer loop
      vertex   1.389714e+00 1.876514e+01 -6.998672e+00
      vertex   1.619226e+00 1.867919e+01 -6.807727e+00
      vertex   1.875000e+00 1.869021e+01 -6.792231e+00
    endloop
  endfacet
  facet normal -1.352249e-01 7.860666e-01 6.031696e-01
    outer loop
      vertex   1.389714e+00 1.876514e+01 -6.998672e+00
      vertex   1.875000e+00 1.869021e+01 -6.792231e+00
      vertex   1.875000e+00 1.880940e+01 -6.947561e+00
    endloop
  endfacet
  facet normal -5.035492e-02 3.821983e-01 9.227074e-01
    outer loop
      vertex   1.875000e+00 1.835400e+01 -6.598116e+00
      vertex   1.875000e+00 1.853488e+01 -6.673042e+00
      vertex   1.616406e+00 1.843794e+01 -6.646999e+00
    endloop
  endfacet
  facet normal -7.378307e-02 3.222863e-01 9.437625e-01
    outer loop
      vertex   1.875000e+00 1.835400e+01 -6.598116e+00
      vertex   1.616406e+00 1.843794e+01 -6.646999e+00
      vertex   1.619226e+00 1.834609e+01 -6.615412e+00
    endloop
  endfacet
  facet normal -7.410009e-02 6.070889e-01 7.911714e-01
    outer loop
      vertex   1.875000e+00 1.853488e+01 -6.673042e+00
      vertex   1.875000e+00 1.869021e+01 -6.792231e+00
      vertex   1.619226e+00 1.867919e+01 -6.807727e+00
    endloop
  endfacet
  facet normal -2.637098e-02 6.567024e-01 7.536886e-01
    outer loop
      vertex   1.875000e+00 1.853488e+01 -6.673042e+00
      vertex   1.619226e+00 1.867919e+01 -6.807727e+00
      vertex   1.616406e+00 1.860591e+01 -6.743976e+00
    endloop
  endfacet
  facet normal -3.965028e-01 7.108273e-01 5.809562e-01
    outer loop
      vertex   1.389714e+00 1.876514e+01 -6.998672e+00
      vertex   9.375000e-01 1.863536e+01 -7.148523e+00
      vertex   9.070688e-01 1.852126e+01 -7.029682e+00
    endloop
  endfacet
  facet normal -4.363818e-01 8.151987e-01 3.808175e-01
    outer loop
      vertex   1.389714e+00 1.876514e+01 -6.998672e+00
      vertex   9.070688e-01 1.852126e+01 -7.029682e+00
      vertex   1.130334e+00 1.859342e+01 -6.928307e+00
    endloop
  endfacet
  facet normal -4.850906e-01 5.735447e-01 6.601012e-01
    outer loop
      vertex   1.130334e+00 1.859342e+01 -6.928307e+00
      vertex   9.070688e-01 1.852126e+01 -7.029682e+00
      vertex   8.993192e-01 1.845545e+01 -6.978198e+00
    endloop
  endfacet
  facet normal -4.880030e-01 5.818509e-01 6.506171e-01
    outer loop
      vertex   1.130334e+00 1.859342e+01 -6.928307e+00
      vertex   8.993192e-01 1.845545e+01 -6.978198e+00
      vertex   1.123409e+00 1.852404e+01 -6.871454e+00
    endloop
  endfacet
  facet normal -4.926542e-01 4.823825e-01 7.242921e-01
    outer loop
      vertex   1.123409e+00 1.852404e+01 -6.871454e+00
      vertex   8.993192e-01 1.845545e+01 -6.978198e+00
      vertex   8.967333e-01 1.838484e+01 -6.932927e+00
    endloop
  endfacet
  facet normal -4.937520e-01 4.853899e-01 7.215301e-01
    outer loop
      vertex   1.123409e+00 1.852404e+01 -6.871454e+00
      vertex   8.967333e-01 1.838484e+01 -6.932927e+00
      vertex   1.121098e+00 1.844868e+01 -6.822342e+00
    endloop
  endfacet
  facet normal -4.938655e-01 3.857123e-01 7.793092e-01
    outer loop
      vertex   1.121098e+00 1.844868e+01 -6.822342e+00
      vertex   8.967333e-01 1.838484e+01 -6.932927e+00
      vertex   8.993192e-01 1.831032e+01 -6.894409e+00
    endloop
  endfacet
  facet normal -4.926217e-01 3.824807e-01 7.816856e-01
    outer loop
      vertex   1.121098e+00 1.844868e+01 -6.822342e+00
      vertex   8.993192e-01 1.831032e+01 -6.894409e+00
      vertex   1.123409e+00 1.836847e+01 -6.781639e+00
    endloop
  endfacet
  facet normal -4.887873e-01 2.838001e-01 8.249512e-01
    outer loop
      vertex   1.123409e+00 1.836847e+01 -6.781639e+00
      vertex   8.993192e-01 1.831032e+01 -6.894409e+00
      vertex   9.070688e-01 1.823283e+01 -6.863159e+00
    endloop
  endfacet
  facet normal -4.845535e-01 2.734604e-01 8.309196e-01
    outer loop
      vertex   1.123409e+00 1.836847e+01 -6.781639e+00
      vertex   9.070688e-01 1.823283e+01 -6.863159e+00
      vertex   1.130334e+00 1.828455e+01 -6.749980e+00
    endloop
  endfacet
  facet normal -4.715173e-01 1.252744e-01 8.729134e-01
    outer loop
      vertex   1.130334e+00 1.828455e+01 -6.749980e+00
      vertex   9.070688e-01 1.823283e+01 -6.863159e+00
      vertex   9.375000e-01 1.807286e+01 -6.823763e+00
    endloop
  endfacet
  facet normal -3.862404e-01 3.051944e-02 9.218931e-01
    outer loop
      vertex   1.130334e+00 1.828455e+01 -6.749980e+00
      vertex   9.375000e-01 1.807286e+01 -6.823763e+00
      vertex   1.389714e+00 1.813775e+01 -6.636450e+00
    endloop
  endfacet
  facet normal -6.257688e-01 5.958105e-01 5.034116e-01
    outer loop
      vertex   9.375000e-01 1.863536e+01 -7.148523e+00
      vertex   5.491748e-01 1.842892e+01 -7.386901e+00
      vertex   5.219311e-01 1.832786e+01 -7.301159e+00
    endloop
  endfacet
  facet normal -6.348930e-01 7.235324e-01 2.709460e-01
    outer loop
      vertex   9.375000e-01 1.863536e+01 -7.148523e+00
      vertex   5.219311e-01 1.832786e+01 -7.301159e+00
      vertex   7.030904e-01 1.843207e+01 -7.154922e+00
    endloop
  endfacet
  facet normal -7.023510e-01 4.664803e-01 5.376795e-01
    outer loop
      vertex   7.030904e-01 1.843207e+01 -7.154922e+00
      vertex   5.219311e-01 1.832786e+01 -7.301159e+00
      vertex   5.150129e-01 1.827276e+01 -7.262387e+00
    endloop
  endfacet
  facet normal -7.046172e-01 4.782364e-01 5.242180e-01
    outer loop
      vertex   7.030904e-01 1.843207e+01 -7.154922e+00
      vertex   5.150129e-01 1.827276e+01 -7.262387e+00
      vertex   6.953651e-01 1.837100e+01 -7.109594e+00
    endloop
  endfacet
  facet normal -7.095926e-01 3.906257e-01 5.864212e-01
    outer loop
      vertex   6.953651e-01 1.837100e+01 -7.109594e+00
      vertex   5.150129e-01 1.827276e+01 -7.262387e+00
      vertex   5.127051e-01 1.821516e+01 -7.226814e+00
    endloop
  endfacet
  facet normal -7.105876e-01 3.948227e-01 5.823919e-01
    outer loop
      vertex   6.953651e-01 1.837100e+01 -7.109594e+00
      vertex   5.127051e-01 1.821516e+01 -7.226814e+00
      vertex   6.927877e-01 1.830633e+01 -7.068900e+00
    endloop
  endfacet
  facet normal -7.107804e-01 3.119408e-01 6.304634e-01
    outer loop
      vertex   6.927877e-01 1.830633e+01 -7.068900e+00
      vertex   5.127051e-01 1.821516e+01 -7.226814e+00
      vertex   5.150129e-01 1.815556e+01 -7.194721e+00
    endloop
  endfacet
  facet normal -7.095349e-01 3.074823e-01 6.340464e-01
    outer loop
      vertex   6.927877e-01 1.830633e+01 -7.068900e+00
      vertex   5.150129e-01 1.815556e+01 -7.194721e+00
      vertex   6.953651e-01 1.823876e+01 -7.033246e+00
    endloop
  endfacet
  facet normal -7.059521e-01 2.305482e-01 6.696859e-01
    outer loop
      vertex   6.953651e-01 1.823876e+01 -7.033246e+00
      vertex   5.150129e-01 1.815556e+01 -7.194721e+00
      vertex   5.219311e-01 1.809443e+01 -7.166383e+00
    endloop
  endfacet
  facet normal -7.014259e-01 2.164402e-01 6.790842e-01
    outer loop
      vertex   6.953651e-01 1.823876e+01 -7.033246e+00
      vertex   5.219311e-01 1.809443e+01 -7.166383e+00
      vertex   7.030904e-01 1.816897e+01 -7.003022e+00
    endloop
  endfacet
  facet normal -6.895811e-01 1.057874e-01 7.164405e-01
    outer loop
      vertex   7.030904e-01 1.816897e+01 -7.003022e+00
      vertex   5.219311e-01 1.809443e+01 -7.166383e+00
      vertex   5.491748e-01 1.796964e+01 -7.121736e+00
    endloop
  endfacet
  facet normal -6.082475e-01 -3.055153e-03 7.937415e-01
    outer loop
      vertex   7.030904e-01 1.816897e+01 -7.003022e+00
      vertex   5.491748e-01 1.796964e+01 -7.121736e+00
      vertex   9.375000e-01 1.807286e+01 -6.823763e+00
    endloop
  endfacet
  facet normal -8.072740e-01 4.403065e-01 3.929871e-01
    outer loop
      vertex   5.491748e-01 1.842892e+01 -7.386901e+00
      vertex   2.512024e-01 1.815988e+01 -7.697561e+00
      vertex   2.355026e-01 1.808338e+01 -7.644093e+00
    endloop
  endfacet
  facet normal -8.079055e-01 4.924444e-01 3.237084e-01
    outer loop
      vertex   5.491748e-01 1.842892e+01 -7.386901e+00
      vertex   2.355026e-01 1.808338e+01 -7.644093e+00
      vertex   5.219311e-01 1.832786e+01 -7.301159e+00
    endloop
  endfacet
  facet normal -8.261941e-01 3.596234e-01 4.336754e-01
    outer loop
      vertex   5.219311e-01 1.832786e+01 -7.301159e+00
      vertex   2.355026e-01 1.808338e+01 -7.644093e+00
      vertex   2.314860e-01 1.804356e+01 -7.618732e+00
    endloop
  endfacet
  facet normal -8.262292e-01 3.898441e-01 4.066532e-01
    outer loop
      vertex   5.219311e-01 1.832786e+01 -7.301159e+00
      vertex   2.314860e-01 1.804356e+01 -7.618732e+00
      vertex   5.150129e-01 1.827276e+01 -7.262387e+00
    endloop
  endfacet
  facet normal -8.310715e-01 3.049643e-01 4.650989e-01
    outer loop
      vertex   5.150129e-01 1.827276e+01 -7.262387e+00
      vertex   2.314860e-01 1.804356e+01 -7.618732e+00
      vertex   2.301466e-01 1.800290e+01 -7.594461e+00
    endloop
  endfacet
  facet normal -8.316276e-01 3.155593e-01 4.569659e-01
    outer loop
      vertex   5.150129e-01 1.827276e+01 -7.262387e+00
      vertex   2.301466e-01 1.800290e+01 -7.594461e+00
      vertex   5.127051e-01 1.821516e+01 -7.226814e+00
    endloop
  endfacet
  facet normal -8.320487e-01 2.495704e-01 4.953883e-01
    outer loop
      vertex   5.127051e-01 1.821516e+01 -7.226814e+00
      vertex   2.301466e-01 1.800290e+01 -7.594461e+00
      vertex   2.314860e-01 1.796155e+01 -7.571380e+00
    endloop
  endfacet
  facet normal -8.309443e-01 2.384726e-01 5.026553e-01
    outer loop
      vertex   5.127051e-01 1.821516e+01 -7.226814e+00
      vertex   2.314860e-01 1.796155e+01 -7.571380e+00
      vertex   5.150129e-01 1.815556e+01 -7.194721e+00
    endloop
  endfacet
  facet normal -8.291495e-01 1.934901e-01 5.244736e-01
    outer loop
      vertex   5.150129e-01 1.815556e+01 -7.194721e+00
      vertex   2.314860e-01 1.796155e+01 -7.571380e+00
      vertex   2.355026e-01 1.791968e+01 -7.549584e+00
    endloop
  endfacet
  facet normal -8.241665e-01 1.587421e-01 5.436456e-01
    outer loop
      vertex   5.150129e-01 1.815556e+01 -7.194721e+00
      vertex   2.355026e-01 1.791968e+01 -7.549584e+00
      vertex   5.219311e-01 1.809443e+01 -7.166383e+00
    endloop
  endfacet
  facet normal -8.195876e-01 1.105952e-01 5.621787e-01
    outer loop
      vertex   5.219311e-01 1.809443e+01 -7.166383e+00
      vertex   2.355026e-01 1.791968e+01 -7.549584e+00
      vertex   2.512024e-01 1.783512e+01 -7.510061e+00
    endloop
  endfacet
  facet normal -7.993604e-01 3.998540e-02 5.995199e-01
    outer loop
      vertex   5.219311e-01 1.809443e+01 -7.166383e+00
      vertex   2.512024e-01 1.783512e+01 -7.510061e+00
      vertex   5.491748e-01 1.796964e+01 -7.121736e+00
    endloop
  endfacet
  facet normal -9.308599e-01 2.593641e-01 2.573522e-01
    outer loop
      vertex   2.512024e-01 1.815988e+01 -7.697561e+00
      vertex   6.388908e-02 1.784658e+01 -8.059332e+00
      vertex   5.930337e-02 1.780518e+01 -8.034193e+00
    endloop
  endfacet
  facet normal -8.607710e-01 5.071167e-01 -4.365675e-02
    outer loop
      vertex   2.512024e-01 1.815988e+01 -7.697561e+00
      vertex   5.930337e-02 1.780518e+01 -8.034193e+00
      vertex   1.329797e-01 1.794740e+01 -7.834768e+00
    endloop
  endfacet
  facet normal -9.574004e-01 1.845897e-01 2.220612e-01
    outer loop
      vertex   1.329797e-01 1.794740e+01 -7.834768e+00
      vertex   5.930337e-02 1.780518e+01 -8.034193e+00
      vertex   5.814419e-02 1.778426e+01 -8.021808e+00
    endloop
  endfacet
  facet normal -9.572871e-01 2.024206e-01 2.064637e-01
    outer loop
      vertex   1.329797e-01 1.794740e+01 -7.834768e+00
      vertex   5.814419e-02 1.778426e+01 -8.021808e+00
      vertex   1.305275e-01 1.791666e+01 -7.816002e+00
    endloop
  endfacet
  facet normal -9.589278e-01 1.556913e-01 2.371026e-01
    outer loop
      vertex   1.305275e-01 1.791666e+01 -7.816002e+00
      vertex   5.814419e-02 1.778426e+01 -8.021808e+00
      vertex   5.775776e-02 1.776324e+01 -8.009565e+00
    endloop
  endfacet
  facet normal -9.590883e-01 1.618576e-01 2.322753e-01
    outer loop
      vertex   1.305275e-01 1.791666e+01 -7.816002e+00
      vertex   5.775776e-02 1.776324e+01 -8.009565e+00
      vertex   1.297100e-01 1.788556e+01 -7.797703e+00
    endloop
  endfacet
  facet normal -9.592383e-01 1.269674e-01 2.524700e-01
    outer loop
      vertex   1.297100e-01 1.788556e+01 -7.797703e+00
      vertex   5.775776e-02 1.776324e+01 -8.009565e+00
      vertex   5.814419e-02 1.774213e+01 -7.997479e+00
    endloop
  endfacet
  facet normal -9.588792e-01 1.205847e-01 2.569240e-01
    outer loop
      vertex   1.297100e-01 1.788556e+01 -7.797703e+00
      vertex   5.814419e-02 1.774213e+01 -7.997479e+00
      vertex   1.305275e-01 1.785416e+01 -7.779915e+00
    endloop
  endfacet
  facet normal -9.583347e-01 9.841670e-02 2.681581e-01
    outer loop
      vertex   1.305275e-01 1.785416e+01 -7.779915e+00
      vertex   5.814419e-02 1.774213e+01 -7.997479e+00
      vertex   5.930337e-02 1.772094e+01 -7.985562e+00
    endloop
  endfacet
  facet normal -9.566599e-01 7.864187e-02 2.803878e-01
    outer loop
      vertex   1.305275e-01 1.785416e+01 -7.779915e+00
      vertex   5.930337e-02 1.772094e+01 -7.985562e+00
      vertex   1.329797e-01 1.782254e+01 -7.762679e+00
    endloop
  endfacet
  facet normal -9.553075e-01 5.600091e-02 2.902610e-01
    outer loop
      vertex   1.329797e-01 1.782254e+01 -7.762679e+00
      vertex   5.930337e-02 1.772094e+01 -7.985562e+00
      vertex   6.388908e-02 1.767847e+01 -7.962275e+00
    endloop
  endfacet
  facet normal -8.907224e-01 -1.614938e-01 4.248922e-01
    outer loop
      vertex   1.329797e-01 1.782254e+01 -7.762679e+00
      vertex   6.388908e-02 1.767847e+01 -7.962275e+00
      vertex   2.512024e-01 1.783512e+01 -7.510061e+00
    endloop
  endfacet
  facet normal -9.896194e-01 1.366425e-01 4.452159e-02
    outer loop
      vertex   6.388908e-02 1.784658e+01 -8.059332e+00
      vertex   5.551115e-16 1.751036e+01 -8.447561e+00
      vertex   5.930337e-02 1.780518e+01 -8.034193e+00
    endloop
  endfacet
  facet normal -9.896197e-01 -2.976152e-02 1.405956e-01
    outer loop
      vertex   5.551115e-16 1.751036e+01 -8.447561e+00
      vertex   6.388908e-02 1.767847e+01 -7.962275e+00
      vertex   5.930337e-02 1.772094e+01 -7.985562e+00
    endloop
  endfacet
  facet normal -9.925434e-01 9.797079e-02 7.252166e-02
    outer loop
      vertex   5.551115e-16 1.751036e+01 -8.447561e+00
      vertex   5.814419e-02 1.778426e+01 -8.021808e+00
      vertex   5.930337e-02 1.780518e+01 -8.034193e+00
    endloop
  endfacet
  facet normal -9.934117e-01 7.075398e-02 9.014974e-02
    outer loop
      vertex   5.551115e-16 1.751036e+01 -8.447561e+00
      vertex   5.775776e-02 1.776324e+01 -8.009565e+00
      vertex   5.814419e-02 1.778426e+01 -8.021808e+00
    endloop
  endfacet
  facet normal -9.934118e-01 4.269673e-02 1.063487e-01
    outer loop
      vertex   5.551115e-16 1.751036e+01 -8.447561e+00
      vertex   5.814419e-02 1.774213e+01 -7.997479e+00
      vertex   5.775776e-02 1.776324e+01 -8.009565e+00
    endloop
  endfacet
  facet normal -9.925432e-01 1.381694e-02 1.211077e-01
    outer loop
      vertex   5.551115e-16 1.751036e+01 -8.447561e+00
      vertex   5.930337e-02 1.772094e+01 -7.985562e+00
      vertex   5.814419e-02 1.774213e+01 -7.997479e+00
    endloop
  endfacet
  facet normal -9.155408e-01 1.354378e-01 3.787368e-01
    outer loop
      vertex   1.305275e-01 1.785416e+01 -7.779915e+00
      vertex   1.329797e-01 1.782254e+01 -7.762679e+00
      vertex   2.355026e-01 1.791968e+01 -7.549584e+00
    endloop
  endfacet
  facet normal -9.158618e-01 1.127405e-01 3.853398e-01
    outer loop
      vertex   1.305275e-01 1.785416e+01 -7.779915e+00
      vertex   2.355026e-01 1.791968e+01 -7.549584e+00
      vertex   2.314860e-01 1.796155e+01 -7.571380e+00
    endloop
  endfacet
  facet normal -6.001586e-01 2.610023e-01 7.561001e-01
    outer loop
      vertex   6.953651e-01 1.823876e+01 -7.033246e+00
      vertex   7.030904e-01 1.816897e+01 -7.003022e+00
      vertex   9.070688e-01 1.823283e+01 -6.863159e+00
    endloop
  endfacet
  facet normal -6.029144e-01 2.457901e-01 7.590003e-01
    outer loop
      vertex   6.953651e-01 1.823876e+01 -7.033246e+00
      vertex   9.070688e-01 1.823283e+01 -6.863159e+00
      vertex   8.993192e-01 1.831032e+01 -6.894409e+00
    endloop
  endfacet
  facet normal -3.572751e-01 3.037001e-01 8.832444e-01
    outer loop
      vertex   1.123409e+00 1.836847e+01 -6.781639e+00
      vertex   1.130334e+00 1.828455e+01 -6.749980e+00
      vertex   1.369153e+00 1.832272e+01 -6.666502e+00
    endloop
  endfacet
  facet normal -3.599039e-01 2.946252e-01 8.852486e-01
    outer loop
      vertex   1.123409e+00 1.836847e+01 -6.781639e+00
      vertex   1.369153e+00 1.832272e+01 -6.666502e+00
      vertex   1.363905e+00 1.841152e+01 -6.698191e+00
    endloop
  endfacet
  facet normal -7.559974e-02 4.418047e-01 8.939202e-01
    outer loop
      vertex   1.616406e+00 1.843794e+01 -6.646999e+00
      vertex   1.875000e+00 1.853488e+01 -6.673042e+00
      vertex   1.615465e+00 1.852502e+01 -6.690118e+00
    endloop
  endfacet
  facet normal -7.559946e-02 5.532565e-01 8.295733e-01
    outer loop
      vertex   1.615465e+00 1.852502e+01 -6.690118e+00
      vertex   1.875000e+00 1.853488e+01 -6.673042e+00
      vertex   1.616406e+00 1.860591e+01 -6.743976e+00
    endloop
  endfacet
  facet normal -3.439254e-01 1.132170e-01 9.321466e-01
    outer loop
      vertex   1.130334e+00 1.828455e+01 -6.749980e+00
      vertex   1.389714e+00 1.813775e+01 -6.636450e+00
      vertex   1.369153e+00 1.832272e+01 -6.666502e+00
    endloop
  endfacet
  facet normal -3.645935e-01 4.103472e-01 8.358749e-01
    outer loop
      vertex   1.363905e+00 1.841152e+01 -6.698191e+00
      vertex   1.362154e+00 1.849598e+01 -6.740418e+00
      vertex   1.121098e+00 1.844868e+01 -6.822342e+00
    endloop
  endfacet
  facet normal -3.636509e-01 4.131925e-01 8.348832e-01
    outer loop
      vertex   1.363905e+00 1.841152e+01 -6.698191e+00
      vertex   1.121098e+00 1.844868e+01 -6.822342e+00
      vertex   1.123409e+00 1.836847e+01 -6.781639e+00
    endloop
  endfacet
  facet normal -3.636286e-01 5.189140e-01 7.736295e-01
    outer loop
      vertex   1.362154e+00 1.849598e+01 -6.740418e+00
      vertex   1.363905e+00 1.857478e+01 -6.792450e+00
      vertex   1.123409e+00 1.852404e+01 -6.871454e+00
    endloop
  endfacet
  facet normal -3.646595e-01 5.162363e-01 7.749345e-01
    outer loop
      vertex   1.362154e+00 1.849598e+01 -6.740418e+00
      vertex   1.123409e+00 1.852404e+01 -6.871454e+00
      vertex   1.121098e+00 1.844868e+01 -6.822342e+00
    endloop
  endfacet
  facet normal -3.569645e-01 6.199384e-01 6.987508e-01
    outer loop
      vertex   1.363905e+00 1.857478e+01 -6.792450e+00
      vertex   1.369153e+00 1.864663e+01 -6.853513e+00
      vertex   1.130334e+00 1.859342e+01 -6.928307e+00
    endloop
  endfacet
  facet normal -3.603553e-01 6.124938e-01 7.035591e-01
    outer loop
      vertex   1.363905e+00 1.857478e+01 -6.792450e+00
      vertex   1.130334e+00 1.859342e+01 -6.928307e+00
      vertex   1.123409e+00 1.852404e+01 -6.871454e+00
    endloop
  endfacet
  facet normal -3.439250e-01 7.506549e-01 5.641212e-01
    outer loop
      vertex   1.369153e+00 1.864663e+01 -6.853513e+00
      vertex   1.389714e+00 1.876514e+01 -6.998672e+00
      vertex   1.130334e+00 1.859342e+01 -6.928307e+00
    endloop
  endfacet
  facet normal -6.090754e-01 3.474208e-01 7.129698e-01
    outer loop
      vertex   8.993192e-01 1.831032e+01 -6.894409e+00
      vertex   8.967333e-01 1.838484e+01 -6.932927e+00
      vertex   6.927877e-01 1.830633e+01 -7.068900e+00
    endloop
  endfacet
  facet normal -6.079662e-01 3.522481e-01 7.115465e-01
    outer loop
      vertex   8.993192e-01 1.831032e+01 -6.894409e+00
      vertex   6.927877e-01 1.830633e+01 -7.068900e+00
      vertex   6.953651e-01 1.823876e+01 -7.033246e+00
    endloop
  endfacet
  facet normal -6.079212e-01 4.441854e-01 6.581270e-01
    outer loop
      vertex   8.967333e-01 1.838484e+01 -6.932927e+00
      vertex   8.993192e-01 1.845545e+01 -6.978198e+00
      vertex   6.953651e-01 1.837100e+01 -7.109594e+00
    endloop
  endfacet
  facet normal -6.092342e-01 4.396106e-01 6.599819e-01
    outer loop
      vertex   8.967333e-01 1.838484e+01 -6.932927e+00
      vertex   6.953651e-01 1.837100e+01 -7.109594e+00
      vertex   6.927877e-01 1.830633e+01 -7.068900e+00
    endloop
  endfacet
  facet normal -5.994053e-01 5.358100e-01 5.946604e-01
    outer loop
      vertex   8.993192e-01 1.845545e+01 -6.978198e+00
      vertex   9.070688e-01 1.852126e+01 -7.029682e+00
      vertex   7.030904e-01 1.843207e+01 -7.154922e+00
    endloop
  endfacet
  facet normal -6.040102e-01 5.228623e-01 6.014870e-01
    outer loop
      vertex   8.993192e-01 1.845545e+01 -6.978198e+00
      vertex   7.030904e-01 1.843207e+01 -7.154922e+00
      vertex   6.953651e-01 1.837100e+01 -7.109594e+00
    endloop
  endfacet
  facet normal -5.819682e-01 6.559043e-01 4.807313e-01
    outer loop
      vertex   9.070688e-01 1.852126e+01 -7.029682e+00
      vertex   9.375000e-01 1.863536e+01 -7.148523e+00
      vertex   7.030904e-01 1.843207e+01 -7.154922e+00
    endloop
  endfacet
  facet normal -5.819680e-01 8.837464e-02 8.083954e-01
    outer loop
      vertex   9.070688e-01 1.823283e+01 -6.863159e+00
      vertex   7.030904e-01 1.816897e+01 -7.003022e+00
      vertex   9.375000e-01 1.807286e+01 -6.823763e+00
    endloop
  endfacet
  facet normal -9.145775e-01 2.788573e-01 2.928935e-01
    outer loop
      vertex   2.314860e-01 1.804356e+01 -7.618732e+00
      vertex   2.355026e-01 1.808338e+01 -7.644093e+00
      vertex   1.329797e-01 1.794740e+01 -7.834768e+00
    endloop
  endfacet
  facet normal -9.172318e-01 2.583148e-01 3.032478e-01
    outer loop
      vertex   2.314860e-01 1.804356e+01 -7.618732e+00
      vertex   1.329797e-01 1.794740e+01 -7.834768e+00
      vertex   1.305275e-01 1.791666e+01 -7.816002e+00
    endloop
  endfacet
  facet normal -9.184575e-01 2.245724e-01 3.255812e-01
    outer loop
      vertex   2.301466e-01 1.800290e+01 -7.594461e+00
      vertex   2.314860e-01 1.804356e+01 -7.618732e+00
      vertex   1.305275e-01 1.791666e+01 -7.816002e+00
    endloop
  endfacet
  facet normal -9.190805e-01 2.174858e-01 3.286199e-01
    outer loop
      vertex   2.301466e-01 1.800290e+01 -7.594461e+00
      vertex   1.305275e-01 1.791666e+01 -7.816002e+00
      vertex   1.297100e-01 1.788556e+01 -7.797703e+00
    endloop
  endfacet
  facet normal -9.188844e-01 1.691818e-01 3.564112e-01
    outer loop
      vertex   2.314860e-01 1.796155e+01 -7.571380e+00
      vertex   2.301466e-01 1.800290e+01 -7.594461e+00
      vertex   1.297100e-01 1.788556e+01 -7.797703e+00
    endloop
  endfacet
  facet normal -9.185201e-01 1.765098e-01 3.537869e-01
    outer loop
      vertex   2.314860e-01 1.796155e+01 -7.571380e+00
      vertex   1.297100e-01 1.788556e+01 -7.797703e+00
      vertex   1.305275e-01 1.785416e+01 -7.779915e+00
    endloop
  endfacet
  facet normal -9.058941e-01 3.512500e-01 2.365996e-01
    outer loop
      vertex   1.329797e-01 1.794740e+01 -7.834768e+00
      vertex   2.355026e-01 1.808338e+01 -7.644093e+00
      vertex   2.512024e-01 1.815988e+01 -7.697561e+00
    endloop
  endfacet
  facet normal -9.058947e-01 2.927935e-02 4.224897e-01
    outer loop
      vertex   2.355026e-01 1.791968e+01 -7.549584e+00
      vertex   1.329797e-01 1.782254e+01 -7.762679e+00
      vertex   2.512024e-01 1.783512e+01 -7.510061e+00
    endloop
  endfacet
  facet normal -9.914449e-01 0.000000e+00 1.305262e-01
    outer loop
      vertex   0.000000e+00 1.616321e+01 -8.447561e+00
      vertex   0.000000e+00 1.548964e+01 -8.447561e+00
      vertex   6.388908e-02 1.567006e+01 -7.962275e+00
    endloop
  endfacet
  facet normal -9.914449e-01 0.000000e+00 1.305262e-01
    outer loop
      vertex   0.000000e+00 1.616321e+01 -8.447561e+00
      vertex   6.388908e-02 1.567006e+01 -7.962275e+00
      vertex   6.388908e-02 1.650000e+01 -7.962275e+00
    endloop
  endfacet
  facet normal -9.238796e-01 0.000000e+00 3.826833e-01
    outer loop
      vertex   6.388908e-02 1.650000e+01 -7.962275e+00
      vertex   6.388908e-02 1.567006e+01 -7.962275e+00
      vertex   2.512024e-01 1.567006e+01 -7.510061e+00
    endloop
  endfacet
  facet normal -9.238796e-01 0.000000e+00 3.826833e-01
    outer loop
      vertex   6.388908e-02 1.650000e+01 -7.962275e+00
      vertex   2.512024e-01 1.567006e+01 -7.510061e+00
      vertex   2.512024e-01 1.650000e+01 -7.510061e+00
    endloop
  endfacet
  facet normal -7.933531e-01 0.000000e+00 6.087618e-01
    outer loop
      vertex   2.512024e-01 1.650000e+01 -7.510061e+00
      vertex   2.512024e-01 1.567006e+01 -7.510061e+00
      vertex   5.491748e-01 1.567006e+01 -7.121736e+00
    endloop
  endfacet
  facet normal -7.933531e-01 0.000000e+00 6.087618e-01
    outer loop
      vertex   2.512024e-01 1.650000e+01 -7.510061e+00
      vertex   5.491748e-01 1.567006e+01 -7.121736e+00
      vertex   5.491748e-01 1.650000e+01 -7.121736e+00
    endloop
  endfacet
  facet normal -6.087616e-01 0.000000e+00 7.933532e-01
    outer loop
      vertex   5.491748e-01 1.650000e+01 -7.121736e+00
      vertex   5.491748e-01 1.567006e+01 -7.121736e+00
      vertex   9.375000e-01 1.567006e+01 -6.823763e+00
    endloop
  endfacet
  facet normal -6.087616e-01 0.000000e+00 7.933532e-01
    outer loop
      vertex   5.491748e-01 1.650000e+01 -7.121736e+00
      vertex   9.375000e-01 1.567006e+01 -6.823763e+00
      vertex   9.375000e-01 1.650000e+01 -6.823763e+00
    endloop
  endfacet
  facet normal -3.826839e-01 0.000000e+00 9.238794e-01
    outer loop
      vertex   9.375000e-01 1.650000e+01 -6.823763e+00
      vertex   9.375000e-01 1.567006e+01 -6.823763e+00
      vertex   1.389714e+00 1.567006e+01 -6.636450e+00
    endloop
  endfacet
  facet normal -3.826839e-01 0.000000e+00 9.238794e-01
    outer loop
      vertex   9.375000e-01 1.650000e+01 -6.823763e+00
      vertex   1.389714e+00 1.567006e+01 -6.636450e+00
      vertex   1.389714e+00 1.650000e+01 -6.636450e+00
    endloop
  endfacet
  facet normal -1.305261e-01 0.000000e+00 9.914449e-01
    outer loop
      vertex   1.389714e+00 1.650000e+01 -6.636450e+00
      vertex   1.389714e+00 1.567006e+01 -6.636450e+00
      vertex   1.875000e+00 1.567006e+01 -6.572561e+00
    endloop
  endfacet
  facet normal -1.305261e-01 0.000000e+00 9.914449e-01
    outer loop
      vertex   1.389714e+00 1.650000e+01 -6.636450e+00
      vertex   1.875000e+00 1.567006e+01 -6.572561e+00
      vertex   1.875000e+00 1.650000e+01 -6.572561e+00
    endloop
  endfacet
  facet normal -9.238796e-01 0.000000e+00 3.826833e-01
    outer loop
      vertex   6.388908e-02 1.532153e+01 -7.962275e+00
      vertex   2.512024e-01 1.516488e+01 -7.510061e+00
      vertex   2.512024e-01 1.567006e+01 -7.510061e+00
    endloop
  endfacet
  facet normal -9.238796e-01 0.000000e+00 3.826833e-01
    outer loop
      vertex   6.388908e-02 1.532153e+01 -7.962275e+00
      vertex   2.512024e-01 1.567006e+01 -7.510061e+00
      vertex   6.388908e-02 1.567006e+01 -7.962275e+00
    endloop
  endfacet
  facet normal -7.933531e-01 0.000000e+00 6.087618e-01
    outer loop
      vertex   2.512024e-01 1.516488e+01 -7.510061e+00
      vertex   5.491748e-01 1.503036e+01 -7.121736e+00
      vertex   5.491748e-01 1.567006e+01 -7.121736e+00
    endloop
  endfacet
  facet normal -7.933531e-01 0.000000e+00 6.087618e-01
    outer loop
      vertex   2.512024e-01 1.516488e+01 -7.510061e+00
      vertex   5.491748e-01 1.567006e+01 -7.121736e+00
      vertex   2.512024e-01 1.567006e+01 -7.510061e+00
    endloop
  endfacet
  facet normal -6.087616e-01 0.000000e+00 7.933532e-01
    outer loop
      vertex   5.491748e-01 1.503036e+01 -7.121736e+00
      vertex   9.375000e-01 1.492714e+01 -6.823763e+00
      vertex   9.375000e-01 1.567006e+01 -6.823763e+00
    endloop
  endfacet
  facet normal -6.087616e-01 0.000000e+00 7.933532e-01
    outer loop
      vertex   5.491748e-01 1.503036e+01 -7.121736e+00
      vertex   9.375000e-01 1.567006e+01 -6.823763e+00
      vertex   5.491748e-01 1.567006e+01 -7.121736e+00
    endloop
  endfacet
  facet normal -3.826839e-01 0.000000e+00 9.238794e-01
    outer loop
      vertex   9.375000e-01 1.492714e+01 -6.823763e+00
      vertex   1.389714e+00 1.486225e+01 -6.636450e+00
      vertex   1.389714e+00 1.567006e+01 -6.636450e+00
    endloop
  endfacet
  facet normal -3.826839e-01 0.000000e+00 9.238794e-01
    outer loop
      vertex   9.375000e-01 1.492714e+01 -6.823763e+00
      vertex   1.389714e+00 1.567006e+01 -6.636450e+00
      vertex   9.375000e-01 1.567006e+01 -6.823763e+00
    endloop
  endfacet
  facet normal -1.305261e-01 0.000000e+00 9.914449e-01
    outer loop
      vertex   1.389714e+00 1.486225e+01 -6.636450e+00
      vertex   1.875000e+00 1.484012e+01 -6.572561e+00
      vertex   1.875000e+00 1.567006e+01 -6.572561e+00
    endloop
  endfacet
  facet normal -1.305261e-01 0.000000e+00 9.914449e-01
    outer loop
      vertex   1.389714e+00 1.486225e+01 -6.636450e+00
      vertex   1.875000e+00 1.567006e+01 -6.572561e+00
      vertex   1.389714e+00 1.567006e+01 -6.636450e+00
    endloop
  endfacet
  facet normal -1.305261e-01 0.000000e+00 9.914449e-01
    outer loop
      vertex   1.875000e+00 1.650000e+01 -6.572561e+00
      vertex   1.875000e+00 1.732994e+01 -6.572561e+00
      vertex   1.389714e+00 1.732994e+01 -6.636450e+00
    endloop
  endfacet
  facet normal -1.305261e-01 0.000000e+00 9.914449e-01
    outer loop
      vertex   1.875000e+00 1.650000e+01 -6.572561e+00
      vertex   1.389714e+00 1.732994e+01 -6.636450e+00
      vertex   1.389714e+00 1.650000e+01 -6.636450e+00
    endloop
  endfacet
  facet normal -3.826839e-01 0.000000e+00 9.238794e-01
    outer loop
      vertex   1.389714e+00 1.650000e+01 -6.636450e+00
      vertex   1.389714e+00 1.732994e+01 -6.636450e+00
      vertex   9.375000e-01 1.732994e+01 -6.823763e+00
    endloop
  endfacet
  facet normal -3.826839e-01 0.000000e+00 9.238794e-01
    outer loop
      vertex   1.389714e+00 1.650000e+01 -6.636450e+00
      vertex   9.375000e-01 1.732994e+01 -6.823763e+00
      vertex   9.375000e-01 1.650000e+01 -6.823763e+00
    endloop
  endfacet
  facet normal -6.087616e-01 0.000000e+00 7.933532e-01
    outer loop
      vertex   9.375000e-01 1.650000e+01 -6.823763e+00
      vertex   9.375000e-01 1.732994e+01 -6.823763e+00
      vertex   5.491748e-01 1.732994e+01 -7.121736e+00
    endloop
  endfacet
  facet normal -6.087616e-01 0.000000e+00 7.933532e-01
    outer loop
      vertex   9.375000e-01 1.650000e+01 -6.823763e+00
      vertex   5.491748e-01 1.732994e+01 -7.121736e+00
      vertex   5.491748e-01 1.650000e+01 -7.121736e+00
    endloop
  endfacet
  facet normal -7.933531e-01 0.000000e+00 6.087618e-01
    outer loop
      vertex   5.491748e-01 1.650000e+01 -7.121736e+00
      vertex   5.491748e-01 1.732994e+01 -7.121736e+00
      vertex   2.512024e-01 1.732994e+01 -7.510061e+00
    endloop
  endfacet
  facet normal -7.933531e-01 0.000000e+00 6.087618e-01
    outer loop
      vertex   5.491748e-01 1.650000e+01 -7.121736e+00
      vertex   2.512024e-01 1.732994e+01 -7.510061e+00
      vertex   2.512024e-01 1.650000e+01 -7.510061e+00
    endloop
  endfacet
  facet normal -9.238796e-01 0.000000e+00 3.826833e-01
    outer loop
      vertex   2.512024e-01 1.650000e+01 -7.510061e+00
      vertex   2.512024e-01 1.732994e+01 -7.510061e+00
      vertex   6.388908e-02 1.732994e+01 -7.962275e+00
    endloop
  endfacet
  facet normal -9.238796e-01 0.000000e+00 3.826833e-01
    outer loop
      vertex   2.512024e-01 1.650000e+01 -7.510061e+00
      vertex   6.388908e-02 1.732994e+01 -7.962275e+00
      vertex   6.388908e-02 1.650000e+01 -7.962275e+00
    endloop
  endfacet
  facet normal -9.914449e-01 0.000000e+00 1.305262e-01
    outer loop
      vertex   6.388908e-02 1.650000e+01 -7.962275e+00
      vertex   6.388908e-02 1.732994e+01 -7.962275e+00
      vertex   5.551115e-16 1.751036e+01 -8.447561e+00
    endloop
  endfacet
  facet normal -9.914449e-01 8.208048e-16 1.305262e-01
    outer loop
      vertex   6.388908e-02 1.650000e+01 -7.962275e+00
      vertex   5.551115e-16 1.751036e+01 -8.447561e+00
      vertex   0.000000e+00 1.683679e+01 -8.447561e+00
    endloop
  endfacet
  facet normal -1.305261e-01 0.000000e+00 9.914449e-01
    outer loop
      vertex   1.875000e+00 1.732994e+01 -6.572561e+00
      vertex   1.875000e+00 1.815988e+01 -6.572561e+00
      vertex   1.389714e+00 1.813775e+01 -6.636450e+00
    endloop
  endfacet
  facet normal -1.305261e-01 0.000000e+00 9.914449e-01
    outer loop
      vertex   1.875000e+00 1.732994e+01 -6.572561e+00
      vertex   1.389714e+00 1.813775e+01 -6.636450e+00
      vertex   1.389714e+00 1.732994e+01 -6.636450e+00
    endloop
  endfacet
  facet normal -3.826839e-01 0.000000e+00 9.238794e-01
    outer loop
      vertex   1.389714e+00 1.732994e+01 -6.636450e+00
      vertex   1.389714e+00 1.813775e+01 -6.636450e+00
      vertex   9.375000e-01 1.807286e+01 -6.823763e+00
    endloop
  endfacet
  facet normal -3.826839e-01 0.000000e+00 9.238794e-01
    outer loop
      vertex   1.389714e+00 1.732994e+01 -6.636450e+00
      vertex   9.375000e-01 1.807286e+01 -6.823763e+00
      vertex   9.375000e-01 1.732994e+01 -6.823763e+00
    endloop
  endfacet
  facet normal -6.087616e-01 0.000000e+00 7.933532e-01
    outer loop
      vertex   9.375000e-01 1.732994e+01 -6.823763e+00
      vertex   9.375000e-01 1.807286e+01 -6.823763e+00
      vertex   5.491748e-01 1.796964e+01 -7.121736e+00
    endloop
  endfacet
  facet normal -6.087616e-01 0.000000e+00 7.933532e-01
    outer loop
      vertex   9.375000e-01 1.732994e+01 -6.823763e+00
      vertex   5.491748e-01 1.796964e+01 -7.121736e+00
      vertex   5.491748e-01 1.732994e+01 -7.121736e+00
    endloop
  endfacet
  facet normal -7.933531e-01 0.000000e+00 6.087618e-01
    outer loop
      vertex   5.491748e-01 1.732994e+01 -7.121736e+00
      vertex   5.491748e-01 1.796964e+01 -7.121736e+00
      vertex   2.512024e-01 1.783512e+01 -7.510061e+00
    endloop
  endfacet
  facet normal -7.933531e-01 0.000000e+00 6.087618e-01
    outer loop
      vertex   5.491748e-01 1.732994e+01 -7.121736e+00
      vertex   2.512024e-01 1.783512e+01 -7.510061e+00
      vertex   2.512024e-01 1.732994e+01 -7.510061e+00
    endloop
  endfacet
  facet normal -9.238796e-01 0.000000e+00 3.826833e-01
    outer loop
      vertex   2.512024e-01 1.732994e+01 -7.510061e+00
      vertex   2.512024e-01 1.783512e+01 -7.510061e+00
      vertex   6.388908e-02 1.767847e+01 -7.962275e+00
    endloop
  endfacet
  facet normal -9.238796e-01 0.000000e+00 3.826833e-01
    outer loop
      vertex   2.512024e-01 1.732994e+01 -7.510061e+00
      vertex   6.388908e-02 1.767847e+01 -7.962275e+00
      vertex   6.388908e-02 1.732994e+01 -7.962275e+00
    endloop
  endfacet
  facet normal -9.914449e-01 0.000000e+00 1.305262e-01
    outer loop
      vertex   6.388908e-02 1.732994e+01 -7.962275e+00
      vertex   6.388908e-02 1.767847e+01 -7.962275e+00
      vertex   5.551115e-16 1.751036e+01 -8.447561e+00
    endloop
  endfacet
  facet normal -9.914449e-01 0.000000e+00 1.305262e-01
    outer loop
      vertex   0.000000e+00 1.683679e+01 -8.447561e+00
      vertex   0.000000e+00 1.616321e+01 -8.447561e+00
      vertex   6.388908e-02 1.650000e+01 -7.962275e+00
    endloop
  endfacet
  facet normal -9.914449e-01 0.000000e+00 1.305262e-01
    outer loop
      vertex   6.388908e-02 1.532153e+01 -7.962275e+00
      vertex   6.388908e-02 1.567006e+01 -7.962275e+00
      vertex   0.000000e+00 1.548964e+01 -8.447561e+00
    endloop
  endfacet
  facet normal -9.914448e-01 -1.130391e-01 6.526316e-02
    outer loop
      vertex   0.000000e+00 1.481606e+01 -9.614227e+00
      vertex   0.000000e+00 1.447927e+01 -1.019756e+01
      vertex   6.388908e-02 1.414922e+01 -9.798668e+00
    endloop
  endfacet
  facet normal -9.914448e-01 -1.130391e-01 6.526323e-02
    outer loop
      vertex   0.000000e+00 1.481606e+01 -9.614227e+00
      vertex   6.388908e-02 1.414922e+01 -9.798668e+00
      vertex   6.388908e-02 1.456419e+01 -9.079918e+00
    endloop
  endfacet
  facet normal -9.238795e-01 -3.314136e-01 1.913419e-01
    outer loop
      vertex   6.388908e-02 1.456419e+01 -9.079918e+00
      vertex   6.388908e-02 1.414922e+01 -9.798668e+00
      vertex   2.512024e-01 1.375759e+01 -9.572561e+00
    endloop
  endfacet
  facet normal -9.238797e-01 -3.314133e-01 1.913414e-01
    outer loop
      vertex   6.388908e-02 1.456419e+01 -9.079918e+00
      vertex   2.512024e-01 1.375759e+01 -9.572561e+00
      vertex   2.512024e-01 1.417256e+01 -8.853811e+00
    endloop
  endfacet
  facet normal -7.933538e-01 -5.272025e-01 3.043802e-01
    outer loop
      vertex   2.512024e-01 1.417256e+01 -8.853811e+00
      vertex   2.512024e-01 1.375759e+01 -9.572561e+00
      vertex   5.491748e-01 1.342129e+01 -9.378398e+00
    endloop
  endfacet
  facet normal -7.933530e-01 -5.272030e-01 3.043813e-01
    outer loop
      vertex   2.512024e-01 1.417256e+01 -8.853811e+00
      vertex   5.491748e-01 1.342129e+01 -9.378398e+00
      vertex   5.491748e-01 1.383626e+01 -8.659648e+00
    endloop
  endfacet
  facet normal -6.087607e-01 -6.870643e-01 3.966775e-01
    outer loop
      vertex   5.491748e-01 1.383626e+01 -8.659648e+00
      vertex   5.491748e-01 1.342129e+01 -9.378398e+00
      vertex   9.375000e-01 1.316324e+01 -9.229412e+00
    endloop
  endfacet
  facet normal -6.087624e-01 -6.870638e-01 3.966757e-01
    outer loop
      vertex   5.491748e-01 1.383626e+01 -8.659648e+00
      vertex   9.375000e-01 1.316324e+01 -9.229412e+00
      vertex   9.375000e-01 1.357821e+01 -8.510662e+00
    endloop
  endfacet
  facet normal -3.826846e-01 -8.001031e-01 4.619389e-01
    outer loop
      vertex   9.375000e-01 1.357821e+01 -8.510662e+00
      vertex   9.375000e-01 1.316324e+01 -9.229412e+00
      vertex   1.389714e+00 1.300102e+01 -9.135755e+00
    endloop
  endfacet
  facet normal -3.826823e-01 -8.001032e-01 4.619406e-01
    outer loop
      vertex   9.375000e-01 1.357821e+01 -8.510662e+00
      vertex   1.389714e+00 1.300102e+01 -9.135755e+00
      vertex   1.389714e+00 1.341599e+01 -8.417006e+00
    endloop
  endfacet
  facet normal -1.305245e-01 -8.586162e-01 4.957232e-01
    outer loop
      vertex   1.389714e+00 1.341599e+01 -8.417006e+00
      vertex   1.389714e+00 1.300102e+01 -9.135755e+00
      vertex   1.875000e+00 1.294569e+01 -9.103811e+00
    endloop
  endfacet
  facet normal -1.305266e-01 -8.586166e-01 4.957220e-01
    outer loop
      vertex   1.389714e+00 1.341599e+01 -8.417006e+00
      vertex   1.875000e+00 1.294569e+01 -9.103811e+00
      vertex   1.875000e+00 1.336066e+01 -8.385061e+00
    endloop
  endfacet
  facet normal -9.238796e-01 -3.314133e-01 1.913418e-01
    outer loop
      vertex   6.388908e-02 1.397495e+01 -1.010050e+01
      vertex   2.512024e-01 1.350500e+01 -1.001006e+01
      vertex   2.512024e-01 1.375759e+01 -9.572561e+00
    endloop
  endfacet
  facet normal -9.238795e-01 -3.314138e-01 1.913416e-01
    outer loop
      vertex   6.388908e-02 1.397495e+01 -1.010050e+01
      vertex   2.512024e-01 1.375759e+01 -9.572561e+00
      vertex   6.388908e-02 1.414922e+01 -9.798668e+00
    endloop
  endfacet
  facet normal -7.933534e-01 -5.272029e-01 3.043804e-01
    outer loop
      vertex   2.512024e-01 1.350500e+01 -1.001006e+01
      vertex   5.491748e-01 1.310144e+01 -9.932396e+00
      vertex   5.491748e-01 1.342129e+01 -9.378398e+00
    endloop
  endfacet
  facet normal -7.933538e-01 -5.272022e-01 3.043807e-01
    outer loop
      vertex   2.512024e-01 1.350500e+01 -1.001006e+01
      vertex   5.491748e-01 1.342129e+01 -9.378398e+00
      vertex   2.512024e-01 1.375759e+01 -9.572561e+00
    endloop
  endfacet
  facet normal -6.087610e-01 -6.870644e-01 3.966768e-01
    outer loop
      vertex   5.491748e-01 1.310144e+01 -9.932396e+00
      vertex   9.375000e-01 1.279177e+01 -9.872801e+00
      vertex   9.375000e-01 1.316324e+01 -9.229412e+00
    endloop
  endfacet
  facet normal -6.087607e-01 -6.870648e-01 3.966767e-01
    outer loop
      vertex   5.491748e-01 1.310144e+01 -9.932396e+00
      vertex   9.375000e-01 1.316324e+01 -9.229412e+00
      vertex   5.491748e-01 1.342129e+01 -9.378398e+00
    endloop
  endfacet
  facet normal -3.826835e-01 -8.001036e-01 4.619390e-01
    outer loop
      vertex   9.375000e-01 1.279177e+01 -9.872801e+00
      vertex   1.389714e+00 1.259711e+01 -9.835339e+00
      vertex   1.389714e+00 1.300102e+01 -9.135755e+00
    endloop
  endfacet
  facet normal -3.826846e-01 -8.001027e-01 4.619395e-01
    outer loop
      vertex   9.375000e-01 1.279177e+01 -9.872801e+00
      vertex   1.389714e+00 1.300102e+01 -9.135755e+00
      vertex   9.375000e-01 1.316324e+01 -9.229412e+00
    endloop
  endfacet
  facet normal -1.305273e-01 -8.586159e-01 4.957230e-01
    outer loop
      vertex   1.389714e+00 1.259711e+01 -9.835339e+00
      vertex   1.875000e+00 1.253072e+01 -9.822561e+00
      vertex   1.875000e+00 1.294569e+01 -9.103811e+00
    endloop
  endfacet
  facet normal -1.305245e-01 -8.586171e-01 4.957217e-01
    outer loop
      vertex   1.389714e+00 1.259711e+01 -9.835339e+00
      vertex   1.875000e+00 1.294569e+01 -9.103811e+00
      vertex   1.389714e+00 1.300102e+01 -9.135755e+00
    endloop
  endfacet
  facet normal -1.305245e-01 -8.586164e-01 4.957229e-01
    outer loop
      vertex   1.875000e+00 1.336066e+01 -8.385061e+00
      vertex   1.875000e+00 1.377563e+01 -7.666311e+00
      vertex   1.389714e+00 1.383096e+01 -7.698255e+00
    endloop
  endfacet
  facet normal -1.305266e-01 -8.586168e-01 4.957217e-01
    outer loop
      vertex   1.875000e+00 1.336066e+01 -8.385061e+00
      vertex   1.389714e+00 1.383096e+01 -7.698255e+00
      vertex   1.389714e+00 1.341599e+01 -8.417006e+00
    endloop
  endfacet
  facet normal -3.826846e-01 -8.001031e-01 4.619389e-01
    outer loop
      vertex   1.389714e+00 1.341599e+01 -8.417006e+00
      vertex   1.389714e+00 1.383096e+01 -7.698255e+00
      vertex   9.375000e-01 1.399318e+01 -7.791912e+00
    endloop
  endfacet
  facet normal -3.826823e-01 -8.001032e-01 4.619406e-01
    outer loop
      vertex   1.389714e+00 1.341599e+01 -8.417006e+00
      vertex   9.375000e-01 1.399318e+01 -7.791912e+00
      vertex   9.375000e-01 1.357821e+01 -8.510662e+00
    endloop
  endfacet
  facet normal -6.087607e-01 -6.870643e-01 3.966775e-01
    outer loop
      vertex   9.375000e-01 1.357821e+01 -8.510662e+00
      vertex   9.375000e-01 1.399318e+01 -7.791912e+00
      vertex   5.491748e-01 1.425123e+01 -7.940898e+00
    endloop
  endfacet
  facet normal -6.087624e-01 -6.870638e-01 3.966757e-01
    outer loop
      vertex   9.375000e-01 1.357821e+01 -8.510662e+00
      vertex   5.491748e-01 1.425123e+01 -7.940898e+00
      vertex   5.491748e-01 1.383626e+01 -8.659648e+00
    endloop
  endfacet
  facet normal -7.933538e-01 -5.272026e-01 3.043800e-01
    outer loop
      vertex   5.491748e-01 1.383626e+01 -8.659648e+00
      vertex   5.491748e-01 1.425123e+01 -7.940898e+00
      vertex   2.512024e-01 1.458753e+01 -8.135061e+00
    endloop
  endfacet
  facet normal -7.933530e-01 -5.272031e-01 3.043811e-01
    outer loop
      vertex   5.491748e-01 1.383626e+01 -8.659648e+00
      vertex   2.512024e-01 1.458753e+01 -8.135061e+00
      vertex   2.512024e-01 1.417256e+01 -8.853811e+00
    endloop
  endfacet
  facet normal -9.238795e-01 -3.314136e-01 1.913419e-01
    outer loop
      vertex   2.512024e-01 1.417256e+01 -8.853811e+00
      vertex   2.512024e-01 1.458753e+01 -8.135061e+00
      vertex   6.388908e-02 1.497916e+01 -8.361168e+00
    endloop
  endfacet
  facet normal -9.238797e-01 -3.314133e-01 1.913414e-01
    outer loop
      vertex   2.512024e-01 1.417256e+01 -8.853811e+00
      vertex   6.388908e-02 1.497916e+01 -8.361168e+00
      vertex   6.388908e-02 1.456419e+01 -9.079918e+00
    endloop
  endfacet
  facet normal -9.914449e-01 -1.130391e-01 6.526308e-02
    outer loop
      vertex   6.388908e-02 1.456419e+01 -9.079918e+00
      vertex   6.388908e-02 1.497916e+01 -8.361168e+00
      vertex   0.000000e+00 1.548964e+01 -8.447561e+00
    endloop
  endfacet
  facet normal -9.914448e-01 -1.130392e-01 6.526320e-02
    outer loop
      vertex   6.388908e-02 1.456419e+01 -9.079918e+00
      vertex   0.000000e+00 1.548964e+01 -8.447561e+00
      vertex   0.000000e+00 1.515285e+01 -9.030894e+00
    endloop
  endfacet
  facet normal -1.305258e-01 -8.586167e-01 4.957221e-01
    outer loop
      vertex   1.875000e+00 1.377563e+01 -7.666311e+00
      vertex   1.875000e+00 1.419060e+01 -6.947561e+00
      vertex   1.389714e+00 1.423486e+01 -6.998672e+00
    endloop
  endfacet
  facet normal -1.305245e-01 -8.586165e-01 4.957228e-01
    outer loop
      vertex   1.875000e+00 1.377563e+01 -7.666311e+00
      vertex   1.389714e+00 1.423486e+01 -6.998672e+00
      vertex   1.389714e+00 1.383096e+01 -7.698255e+00
    endloop
  endfacet
  facet normal -3.826842e-01 -8.001027e-01 4.619399e-01
    outer loop
      vertex   1.389714e+00 1.383096e+01 -7.698255e+00
      vertex   1.389714e+00 1.423486e+01 -6.998672e+00
      vertex   9.375000e-01 1.436464e+01 -7.148523e+00
    endloop
  endfacet
  facet normal -3.826846e-01 -8.001027e-01 4.619395e-01
    outer loop
      vertex   1.389714e+00 1.383096e+01 -7.698255e+00
      vertex   9.375000e-01 1.436464e+01 -7.148523e+00
      vertex   9.375000e-01 1.399318e+01 -7.791912e+00
    endloop
  endfacet
  facet normal -6.087607e-01 -6.870646e-01 3.966769e-01
    outer loop
      vertex   9.375000e-01 1.399318e+01 -7.791912e+00
      vertex   9.375000e-01 1.436464e+01 -7.148523e+00
      vertex   5.491748e-01 1.457108e+01 -7.386901e+00
    endloop
  endfacet
  facet normal -6.087607e-01 -6.870646e-01 3.966770e-01
    outer loop
      vertex   9.375000e-01 1.399318e+01 -7.791912e+00
      vertex   5.491748e-01 1.457108e+01 -7.386901e+00
      vertex   5.491748e-01 1.425123e+01 -7.940898e+00
    endloop
  endfacet
  facet normal -7.933535e-01 -5.272027e-01 3.043807e-01
    outer loop
      vertex   5.491748e-01 1.425123e+01 -7.940898e+00
      vertex   5.491748e-01 1.457108e+01 -7.386901e+00
      vertex   2.512024e-01 1.484012e+01 -7.697561e+00
    endloop
  endfacet
  facet normal -7.933538e-01 -5.272026e-01 3.043800e-01
    outer loop
      vertex   5.491748e-01 1.425123e+01 -7.940898e+00
      vertex   2.512024e-01 1.484012e+01 -7.697561e+00
      vertex   2.512024e-01 1.458753e+01 -8.135061e+00
    endloop
  endfacet
  facet normal -9.238796e-01 -3.314136e-01 1.913414e-01
    outer loop
      vertex   2.512024e-01 1.458753e+01 -8.135061e+00
      vertex   2.512024e-01 1.484012e+01 -7.697561e+00
      vertex   6.388908e-02 1.515342e+01 -8.059332e+00
    endloop
  endfacet
  facet normal -9.238795e-01 -3.314137e-01 1.913419e-01
    outer loop
      vertex   2.512024e-01 1.458753e+01 -8.135061e+00
      vertex   6.388908e-02 1.515342e+01 -8.059332e+00
      vertex   6.388908e-02 1.497916e+01 -8.361168e+00
    endloop
  endfacet
  facet normal -9.914448e-01 -1.130391e-01 6.526317e-02
    outer loop
      vertex   6.388908e-02 1.497916e+01 -8.361168e+00
      vertex   6.388908e-02 1.515342e+01 -8.059332e+00
      vertex   0.000000e+00 1.548964e+01 -8.447561e+00
    endloop
  endfacet
  facet normal -9.914448e-01 -1.130392e-01 6.526320e-02
    outer loop
      vertex   0.000000e+00 1.515285e+01 -9.030894e+00
      vertex   0.000000e+00 1.481606e+01 -9.614227e+00
      vertex   6.388908e-02 1.456419e+01 -9.079918e+00
    endloop
  endfacet
  facet normal -9.914448e-01 -1.130392e-01 6.526310e-02
    outer loop
      vertex   6.388908e-02 1.397495e+01 -1.010050e+01
      vertex   6.388908e-02 1.414922e+01 -9.798668e+00
      vertex   0.000000e+00 1.447927e+01 -1.019756e+01
    endloop
  endfacet
  facet normal -9.914449e-01 -1.130390e-01 -6.526317e-02
    outer loop
      vertex   0.000000e+00 1.515285e+01 -1.136423e+01
      vertex   0.000000e+00 1.548964e+01 -1.194756e+01
      vertex   6.388908e-02 1.497916e+01 -1.203395e+01
    endloop
  endfacet
  facet normal -9.914448e-01 -1.130392e-01 -6.526312e-02
    outer loop
      vertex   0.000000e+00 1.515285e+01 -1.136423e+01
      vertex   6.388908e-02 1.497916e+01 -1.203395e+01
      vertex   6.388908e-02 1.456419e+01 -1.131520e+01
    endloop
  endfacet
  facet normal -9.238794e-01 -3.314140e-01 -1.913417e-01
    outer loop
      vertex   6.388908e-02 1.456419e+01 -1.131520e+01
      vertex   6.388908e-02 1.497916e+01 -1.203395e+01
      vertex   2.512024e-01 1.458753e+01 -1.226006e+01
    endloop
  endfacet
  facet normal -9.238797e-01 -3.314131e-01 -1.913418e-01
    outer loop
      vertex   6.388908e-02 1.456419e+01 -1.131520e+01
      vertex   2.512024e-01 1.458753e+01 -1.226006e+01
      vertex   2.512024e-01 1.417256e+01 -1.154131e+01
    endloop
  endfacet
  facet normal -7.933540e-01 -5.272018e-01 -3.043807e-01
    outer loop
      vertex   2.512024e-01 1.417256e+01 -1.154131e+01
      vertex   2.512024e-01 1.458753e+01 -1.226006e+01
      vertex   5.491748e-01 1.425123e+01 -1.245422e+01
    endloop
  endfacet
  facet normal -7.933533e-01 -5.272031e-01 -3.043805e-01
    outer loop
      vertex   2.512024e-01 1.417256e+01 -1.154131e+01
      vertex   5.491748e-01 1.425123e+01 -1.245422e+01
      vertex   5.491748e-01 1.383626e+01 -1.173547e+01
    endloop
  endfacet
  facet normal -6.087611e-01 -6.870646e-01 -3.966765e-01
    outer loop
      vertex   5.491748e-01 1.383626e+01 -1.173547e+01
      vertex   5.491748e-01 1.425123e+01 -1.245422e+01
      vertex   9.375000e-01 1.399318e+01 -1.260321e+01
    endloop
  endfacet
  facet normal -6.087616e-01 -6.870640e-01 -3.966766e-01
    outer loop
      vertex   5.491748e-01 1.383626e+01 -1.173547e+01
      vertex   9.375000e-01 1.399318e+01 -1.260321e+01
      vertex   9.375000e-01 1.357821e+01 -1.188446e+01
    endloop
  endfacet
  facet normal -3.826836e-01 -8.001031e-01 -4.619398e-01
    outer loop
      vertex   9.375000e-01 1.357821e+01 -1.188446e+01
      vertex   9.375000e-01 1.399318e+01 -1.260321e+01
      vertex   1.389714e+00 1.383096e+01 -1.269687e+01
    endloop
  endfacet
  facet normal -3.826828e-01 -8.001036e-01 -4.619395e-01
    outer loop
      vertex   9.375000e-01 1.357821e+01 -1.188446e+01
      vertex   1.389714e+00 1.383096e+01 -1.269687e+01
      vertex   1.389714e+00 1.341599e+01 -1.197812e+01
    endloop
  endfacet
  facet normal -1.305245e-01 -8.586169e-01 -4.957221e-01
    outer loop
      vertex   1.389714e+00 1.341599e+01 -1.197812e+01
      vertex   1.389714e+00 1.383096e+01 -1.269687e+01
      vertex   1.875000e+00 1.377563e+01 -1.272881e+01
    endloop
  endfacet
  facet normal -1.305266e-01 -8.586160e-01 -4.957231e-01
    outer loop
      vertex   1.389714e+00 1.341599e+01 -1.197812e+01
      vertex   1.875000e+00 1.377563e+01 -1.272881e+01
      vertex   1.875000e+00 1.336066e+01 -1.201006e+01
    endloop
  endfacet
  facet normal -9.238796e-01 -3.314138e-01 -1.913412e-01
    outer loop
      vertex   6.388908e-02 1.515342e+01 -1.233579e+01
      vertex   2.512024e-01 1.484012e+01 -1.269756e+01
      vertex   2.512024e-01 1.458753e+01 -1.226006e+01
    endloop
  endfacet
  facet normal -9.238794e-01 -3.314139e-01 -1.913420e-01
    outer loop
      vertex   6.388908e-02 1.515342e+01 -1.233579e+01
      vertex   2.512024e-01 1.458753e+01 -1.226006e+01
      vertex   6.388908e-02 1.497916e+01 -1.203395e+01
    endloop
  endfacet
  facet normal -7.933536e-01 -5.272026e-01 -3.043803e-01
    outer loop
      vertex   2.512024e-01 1.484012e+01 -1.269756e+01
      vertex   5.491748e-01 1.457108e+01 -1.300822e+01
      vertex   5.491748e-01 1.425123e+01 -1.245422e+01
    endloop
  endfacet
  facet normal -7.933540e-01 -5.272025e-01 -3.043795e-01
    outer loop
      vertex   2.512024e-01 1.484012e+01 -1.269756e+01
      vertex   5.491748e-01 1.425123e+01 -1.245422e+01
      vertex   2.512024e-01 1.458753e+01 -1.226006e+01
    endloop
  endfacet
  facet normal -6.087607e-01 -6.870646e-01 -3.966769e-01
    outer loop
      vertex   5.491748e-01 1.457108e+01 -1.300822e+01
      vertex   9.375000e-01 1.436464e+01 -1.324660e+01
      vertex   9.375000e-01 1.399318e+01 -1.260321e+01
    endloop
  endfacet
  facet normal -6.087611e-01 -6.870646e-01 -3.966765e-01
    outer loop
      vertex   5.491748e-01 1.457108e+01 -1.300822e+01
      vertex   9.375000e-01 1.399318e+01 -1.260321e+01
      vertex   5.491748e-01 1.425123e+01 -1.245422e+01
    endloop
  endfacet
  facet normal -3.826831e-01 -8.001031e-01 -4.619401e-01
    outer loop
      vertex   9.375000e-01 1.436464e+01 -1.324660e+01
      vertex   1.389714e+00 1.423486e+01 -1.339645e+01
      vertex   1.389714e+00 1.383096e+01 -1.269687e+01
    endloop
  endfacet
  facet normal -3.826836e-01 -8.001031e-01 -4.619397e-01
    outer loop
      vertex   9.375000e-01 1.436464e+01 -1.324660e+01
      vertex   1.389714e+00 1.383096e+01 -1.269687e+01
      vertex   9.375000e-01 1.399318e+01 -1.260321e+01
    endloop
  endfacet
  facet normal -1.305270e-01 -8.586169e-01 -4.957214e-01
    outer loop
      vertex   1.389714e+00 1.423486e+01 -1.339645e+01
      vertex   1.875000e+00 1.419060e+01 -1.344756e+01
      vertex   1.875000e+00 1.377563e+01 -1.272881e+01
    endloop
  endfacet
  facet normal -1.305245e-01 -8.586165e-01 -4.957228e-01
    outer loop
      vertex   1.389714e+00 1.423486e+01 -1.339645e+01
      vertex   1.875000e+00 1.377563e+01 -1.272881e+01
      vertex   1.389714e+00 1.383096e+01 -1.269687e+01
    endloop
  endfacet
  facet normal -1.305245e-01 -8.586169e-01 -4.957221e-01
    outer loop
      vertex   1.875000e+00 1.336066e+01 -1.201006e+01
      vertex   1.875000e+00 1.294569e+01 -1.129131e+01
      vertex   1.389714e+00 1.300102e+01 -1.125937e+01
    endloop
  endfacet
  facet normal -1.305266e-01 -8.586160e-01 -4.957231e-01
    outer loop
      vertex   1.875000e+00 1.336066e+01 -1.201006e+01
      vertex   1.389714e+00 1.300102e+01 -1.125937e+01
      vertex   1.389714e+00 1.341599e+01 -1.197812e+01
    endloop
  endfacet
  facet normal -3.826846e-01 -8.001024e-01 -4.619401e-01
    outer loop
      vertex   1.389714e+00 1.341599e+01 -1.197812e+01
      vertex   1.389714e+00 1.300102e+01 -1.125937e+01
      vertex   9.375000e-01 1.316324e+01 -1.116571e+01
    endloop
  endfacet
  facet normal -3.826828e-01 -8.001036e-01 -4.619395e-01
    outer loop
      vertex   1.389714e+00 1.341599e+01 -1.197812e+01
      vertex   9.375000e-01 1.316324e+01 -1.116571e+01
      vertex   9.375000e-01 1.357821e+01 -1.188446e+01
    endloop
  endfacet
  facet normal -6.087611e-01 -6.870646e-01 -3.966765e-01
    outer loop
      vertex   9.375000e-01 1.357821e+01 -1.188446e+01
      vertex   9.375000e-01 1.316324e+01 -1.116571e+01
      vertex   5.491748e-01 1.342129e+01 -1.101672e+01
    endloop
  endfacet
  facet normal -6.087616e-01 -6.870640e-01 -3.966766e-01
    outer loop
      vertex   9.375000e-01 1.357821e+01 -1.188446e+01
      vertex   5.491748e-01 1.342129e+01 -1.101672e+01
      vertex   5.491748e-01 1.383626e+01 -1.173547e+01
    endloop
  endfacet
  facet normal -7.933536e-01 -5.272026e-01 -3.043806e-01
    outer loop
      vertex   5.491748e-01 1.383626e+01 -1.173547e+01
      vertex   5.491748e-01 1.342129e+01 -1.101672e+01
      vertex   2.512024e-01 1.375759e+01 -1.082256e+01
    endloop
  endfacet
  facet normal -7.933533e-01 -5.272031e-01 -3.043805e-01
    outer loop
      vertex   5.491748e-01 1.383626e+01 -1.173547e+01
      vertex   2.512024e-01 1.375759e+01 -1.082256e+01
      vertex   2.512024e-01 1.417256e+01 -1.154131e+01
    endloop
  endfacet
  facet normal -9.238794e-01 -3.314140e-01 -1.913417e-01
    outer loop
      vertex   2.512024e-01 1.417256e+01 -1.154131e+01
      vertex   2.512024e-01 1.375759e+01 -1.082256e+01
      vertex   6.388908e-02 1.414922e+01 -1.059645e+01
    endloop
  endfacet
  facet normal -9.238797e-01 -3.314131e-01 -1.913418e-01
    outer loop
      vertex   2.512024e-01 1.417256e+01 -1.154131e+01
      vertex   6.388908e-02 1.414922e+01 -1.059645e+01
      vertex   6.388908e-02 1.456419e+01 -1.131520e+01
    endloop
  endfacet
  facet normal -9.914449e-01 -1.130389e-01 -6.526318e-02
    outer loop
      vertex   6.388908e-02 1.456419e+01 -1.131520e+01
      vertex   6.388908e-02 1.414922e+01 -1.059645e+01
      vertex   0.000000e+00 1.447927e+01 -1.019756e+01
    endloop
  endfacet
  facet normal -9.914449e-01 -1.130390e-01 -6.526319e-02
    outer loop
      vertex   6.388908e-02 1.456419e+01 -1.131520e+01
      vertex   0.000000e+00 1.447927e+01 -1.019756e+01
      vertex   0.000000e+00 1.481606e+01 -1.078089e+01
    endloop
  endfacet
  facet normal -1.305273e-01 -8.586159e-01 -4.957230e-01
    outer loop
      vertex   1.875000e+00 1.294569e+01 -1.129131e+01
      vertex   1.875000e+00 1.253072e+01 -1.057256e+01
      vertex   1.389714e+00 1.259711e+01 -1.055978e+01
    endloop
  endfacet
  facet normal -1.305245e-01 -8.586171e-01 -4.957217e-01
    outer loop
      vertex   1.875000e+00 1.294569e+01 -1.129131e+01
      vertex   1.389714e+00 1.259711e+01 -1.055978e+01
      vertex   1.389714e+00 1.300102e+01 -1.125937e+01
    endloop
  endfacet
  facet normal -3.826835e-01 -8.001036e-01 -4.619390e-01
    outer loop
      vertex   1.389714e+00 1.300102e+01 -1.125937e+01
      vertex   1.389714e+00 1.259711e+01 -1.055978e+01
      vertex   9.375000e-01 1.279177e+01 -1.052232e+01
    endloop
  endfacet
  facet normal -3.826846e-01 -8.001027e-01 -4.619395e-01
    outer loop
      vertex   1.389714e+00 1.300102e+01 -1.125937e+01
      vertex   9.375000e-01 1.279177e+01 -1.052232e+01
      vertex   9.375000e-01 1.316324e+01 -1.116571e+01
    endloop
  endfacet
  facet normal -6.087606e-01 -6.870647e-01 -3.966770e-01
    outer loop
      vertex   9.375000e-01 1.316324e+01 -1.116571e+01
      vertex   9.375000e-01 1.279177e+01 -1.052232e+01
      vertex   5.491748e-01 1.310144e+01 -1.046273e+01
    endloop
  endfacet
  facet normal -6.087611e-01 -6.870642e-01 -3.966772e-01
    outer loop
      vertex   9.375000e-01 1.316324e+01 -1.116571e+01
      vertex   5.491748e-01 1.310144e+01 -1.046273e+01
      vertex   5.491748e-01 1.342129e+01 -1.101672e+01
    endloop
  endfacet
  facet normal -7.933535e-01 -5.272025e-01 -3.043809e-01
    outer loop
      vertex   5.491748e-01 1.342129e+01 -1.101672e+01
      vertex   5.491748e-01 1.310144e+01 -1.046273e+01
      vertex   2.512024e-01 1.350500e+01 -1.038506e+01
    endloop
  endfacet
  facet normal -7.933536e-01 -5.272024e-01 -3.043809e-01
    outer loop
      vertex   5.491748e-01 1.342129e+01 -1.101672e+01
      vertex   2.512024e-01 1.350500e+01 -1.038506e+01
      vertex   2.512024e-01 1.375759e+01 -1.082256e+01
    endloop
  endfacet
  facet normal -9.238796e-01 -3.314133e-01 -1.913418e-01
    outer loop
      vertex   2.512024e-01 1.375759e+01 -1.082256e+01
      vertex   2.512024e-01 1.350500e+01 -1.038506e+01
      vertex   6.388908e-02 1.397495e+01 -1.029462e+01
    endloop
  endfacet
  facet normal -9.238794e-01 -3.314142e-01 -1.913414e-01
    outer loop
      vertex   2.512024e-01 1.375759e+01 -1.082256e+01
      vertex   6.388908e-02 1.397495e+01 -1.029462e+01
      vertex   6.388908e-02 1.414922e+01 -1.059645e+01
    endloop
  endfacet
  facet normal -9.914448e-01 -1.130392e-01 -6.526298e-02
    outer loop
      vertex   6.388908e-02 1.414922e+01 -1.059645e+01
      vertex   6.388908e-02 1.397495e+01 -1.029462e+01
      vertex   0.000000e+00 1.447927e+01 -1.019756e+01
    endloop
  endfacet
  facet normal -9.914448e-01 -1.130392e-01 -6.526313e-02
    outer loop
      vertex   0.000000e+00 1.481606e+01 -1.078089e+01
      vertex   0.000000e+00 1.515285e+01 -1.136423e+01
      vertex   6.388908e-02 1.456419e+01 -1.131520e+01
    endloop
  endfacet
  facet normal -9.914449e-01 -1.130390e-01 -6.526313e-02
    outer loop
      vertex   6.388908e-02 1.515342e+01 -1.233579e+01
      vertex   6.388908e-02 1.497916e+01 -1.203395e+01
      vertex   0.000000e+00 1.548964e+01 -1.194756e+01
    endloop
  endfacet
  facet normal -9.914449e-01 0.000000e+00 -1.305259e-01
    outer loop
      vertex   0.000000e+00 1.683679e+01 -1.194756e+01
      vertex   0.000000e+00 1.751036e+01 -1.194756e+01
      vertex   6.388908e-02 1.732994e+01 -1.243285e+01
    endloop
  endfacet
  facet normal -9.914449e-01 0.000000e+00 -1.305259e-01
    outer loop
      vertex   0.000000e+00 1.683679e+01 -1.194756e+01
      vertex   6.388908e-02 1.732994e+01 -1.243285e+01
      vertex   6.388908e-02 1.650000e+01 -1.243285e+01
    endloop
  endfacet
  facet normal -9.238792e-01 0.000000e+00 -3.826841e-01
    outer loop
      vertex   6.388908e-02 1.650000e+01 -1.243285e+01
      vertex   6.388908e-02 1.732994e+01 -1.243285e+01
      vertex   2.512024e-01 1.732994e+01 -1.288506e+01
    endloop
  endfacet
  facet normal -9.238792e-01 0.000000e+00 -3.826841e-01
    outer loop
      vertex   6.388908e-02 1.650000e+01 -1.243285e+01
      vertex   2.512024e-01 1.732994e+01 -1.288506e+01
      vertex   2.512024e-01 1.650000e+01 -1.288506e+01
    endloop
  endfacet
  facet normal -7.933535e-01 0.000000e+00 -6.087612e-01
    outer loop
      vertex   2.512024e-01 1.650000e+01 -1.288506e+01
      vertex   2.512024e-01 1.732994e+01 -1.288506e+01
      vertex   5.491748e-01 1.732994e+01 -1.327339e+01
    endloop
  endfacet
  facet normal -7.933535e-01 0.000000e+00 -6.087612e-01
    outer loop
      vertex   2.512024e-01 1.650000e+01 -1.288506e+01
      vertex   5.491748e-01 1.732994e+01 -1.327339e+01
      vertex   5.491748e-01 1.650000e+01 -1.327339e+01
    endloop
  endfacet
  facet normal -6.087624e-01 0.000000e+00 -7.933526e-01
    outer loop
      vertex   5.491748e-01 1.650000e+01 -1.327339e+01
      vertex   5.491748e-01 1.732994e+01 -1.327339e+01
      vertex   9.375000e-01 1.732994e+01 -1.357136e+01
    endloop
  endfacet
  facet normal -6.087624e-01 0.000000e+00 -7.933526e-01
    outer loop
      vertex   5.491748e-01 1.650000e+01 -1.327339e+01
      vertex   9.375000e-01 1.732994e+01 -1.357136e+01
      vertex   9.375000e-01 1.650000e+01 -1.357136e+01
    endloop
  endfacet
  facet normal -3.826818e-01 0.000000e+00 -9.238802e-01
    outer loop
      vertex   9.375000e-01 1.650000e+01 -1.357136e+01
      vertex   9.375000e-01 1.732994e+01 -1.357136e+01
      vertex   1.389714e+00 1.732994e+01 -1.375867e+01
    endloop
  endfacet
  facet normal -3.826818e-01 0.000000e+00 -9.238802e-01
    outer loop
      vertex   9.375000e-01 1.650000e+01 -1.357136e+01
      vertex   1.389714e+00 1.732994e+01 -1.375867e+01
      vertex   1.389714e+00 1.650000e+01 -1.375867e+01
    endloop
  endfacet
  facet normal -1.305261e-01 0.000000e+00 -9.914449e-01
    outer loop
      vertex   1.389714e+00 1.650000e+01 -1.375867e+01
      vertex   1.389714e+00 1.732994e+01 -1.375867e+01
      vertex   1.875000e+00 1.732994e+01 -1.382256e+01
    endloop
  endfacet
  facet normal -1.305261e-01 0.000000e+00 -9.914449e-01
    outer loop
      vertex   1.389714e+00 1.650000e+01 -1.375867e+01
      vertex   1.875000e+00 1.732994e+01 -1.382256e+01
      vertex   1.875000e+00 1.650000e+01 -1.382256e+01
    endloop
  endfacet
  facet normal -9.238792e-01 0.000000e+00 -3.826841e-01
    outer loop
      vertex   6.388908e-02 1.767847e+01 -1.243285e+01
      vertex   2.512024e-01 1.783512e+01 -1.288506e+01
      vertex   2.512024e-01 1.732994e+01 -1.288506e+01
    endloop
  endfacet
  facet normal -9.238792e-01 -0.000000e+00 -3.826841e-01
    outer loop
      vertex   6.388908e-02 1.767847e+01 -1.243285e+01
      vertex   2.512024e-01 1.732994e+01 -1.288506e+01
      vertex   6.388908e-02 1.732994e+01 -1.243285e+01
    endloop
  endfacet
  facet normal -7.933535e-01 0.000000e+00 -6.087612e-01
    outer loop
      vertex   2.512024e-01 1.783512e+01 -1.288506e+01
      vertex   5.491748e-01 1.796964e+01 -1.327339e+01
      vertex   5.491748e-01 1.732994e+01 -1.327339e+01
    endloop
  endfacet
  facet normal -7.933535e-01 -0.000000e+00 -6.087612e-01
    outer loop
      vertex   2.512024e-01 1.783512e+01 -1.288506e+01
      vertex   5.491748e-01 1.732994e+01 -1.327339e+01
      vertex   2.512024e-01 1.732994e+01 -1.288506e+01
    endloop
  endfacet
  facet normal -6.087624e-01 0.000000e+00 -7.933526e-01
    outer loop
      vertex   5.491748e-01 1.796964e+01 -1.327339e+01
      vertex   9.375000e-01 1.807286e+01 -1.357136e+01
      vertex   9.375000e-01 1.732994e+01 -1.357136e+01
    endloop
  endfacet
  facet normal -6.087624e-01 -0.000000e+00 -7.933526e-01
    outer loop
      vertex   5.491748e-01 1.796964e+01 -1.327339e+01
      vertex   9.375000e-01 1.732994e+01 -1.357136e+01
      vertex   5.491748e-01 1.732994e+01 -1.327339e+01
    endloop
  endfacet
  facet normal -3.826818e-01 0.000000e+00 -9.238802e-01
    outer loop
      vertex   9.375000e-01 1.807286e+01 -1.357136e+01
      vertex   1.389714e+00 1.813775e+01 -1.375867e+01
      vertex   1.389714e+00 1.732994e+01 -1.375867e+01
    endloop
  endfacet
  facet normal -3.826818e-01 -0.000000e+00 -9.238802e-01
    outer loop
      vertex   9.375000e-01 1.807286e+01 -1.357136e+01
      vertex   1.389714e+00 1.732994e+01 -1.375867e+01
      vertex   9.375000e-01 1.732994e+01 -1.357136e+01
    endloop
  endfacet
  facet normal -1.305261e-01 0.000000e+00 -9.914449e-01
    outer loop
      vertex   1.389714e+00 1.813775e+01 -1.375867e+01
      vertex   1.875000e+00 1.815988e+01 -1.382256e+01
      vertex   1.875000e+00 1.732994e+01 -1.382256e+01
    endloop
  endfacet
  facet normal -1.305261e-01 -0.000000e+00 -9.914449e-01
    outer loop
      vertex   1.389714e+00 1.813775e+01 -1.375867e+01
      vertex   1.875000e+00 1.732994e+01 -1.382256e+01
      vertex   1.389714e+00 1.732994e+01 -1.375867e+01
    endloop
  endfacet
  facet normal -1.305261e-01 -0.000000e+00 -9.914449e-01
    outer loop
      vertex   1.875000e+00 1.650000e+01 -1.382256e+01
      vertex   1.875000e+00 1.567006e+01 -1.382256e+01
      vertex   1.389714e+00 1.567006e+01 -1.375867e+01
    endloop
  endfacet
  facet normal -1.305261e-01 0.000000e+00 -9.914449e-01
    outer loop
      vertex   1.875000e+00 1.650000e+01 -1.382256e+01
      vertex   1.389714e+00 1.567006e+01 -1.375867e+01
      vertex   1.389714e+00 1.650000e+01 -1.375867e+01
    endloop
  endfacet
  facet normal -3.826818e-01 -0.000000e+00 -9.238802e-01
    outer loop
      vertex   1.389714e+00 1.650000e+01 -1.375867e+01
      vertex   1.389714e+00 1.567006e+01 -1.375867e+01
      vertex   9.375000e-01 1.567006e+01 -1.357136e+01
    endloop
  endfacet
  facet normal -3.826818e-01 0.000000e+00 -9.238802e-01
    outer loop
      vertex   1.389714e+00 1.650000e+01 -1.375867e+01
      vertex   9.375000e-01 1.567006e+01 -1.357136e+01
      vertex   9.375000e-01 1.650000e+01 -1.357136e+01
    endloop
  endfacet
  facet normal -6.087624e-01 -0.000000e+00 -7.933526e-01
    outer loop
      vertex   9.375000e-01 1.650000e+01 -1.357136e+01
      vertex   9.375000e-01 1.567006e+01 -1.357136e+01
      vertex   5.491748e-01 1.567006e+01 -1.327339e+01
    endloop
  endfacet
  facet normal -6.087624e-01 0.000000e+00 -7.933526e-01
    outer loop
      vertex   9.375000e-01 1.650000e+01 -1.357136e+01
      vertex   5.491748e-01 1.567006e+01 -1.327339e+01
      vertex   5.491748e-01 1.650000e+01 -1.327339e+01
    endloop
  endfacet
  facet normal -7.933535e-01 -0.000000e+00 -6.087612e-01
    outer loop
      vertex   5.491748e-01 1.650000e+01 -1.327339e+01
      vertex   5.491748e-01 1.567006e+01 -1.327339e+01
      vertex   2.512024e-01 1.567006e+01 -1.288506e+01
    endloop
  endfacet
  facet normal -7.933535e-01 0.000000e+00 -6.087612e-01
    outer loop
      vertex   5.491748e-01 1.650000e+01 -1.327339e+01
      vertex   2.512024e-01 1.567006e+01 -1.288506e+01
      vertex   2.512024e-01 1.650000e+01 -1.288506e+01
    endloop
  endfacet
  facet normal -9.238792e-01 -0.000000e+00 -3.826841e-01
    outer loop
      vertex   2.512024e-01 1.650000e+01 -1.288506e+01
      vertex   2.512024e-01 1.567006e+01 -1.288506e+01
      vertex   6.388908e-02 1.567006e+01 -1.243285e+01
    endloop
  endfacet
  facet normal -9.238792e-01 0.000000e+00 -3.826841e-01
    outer loop
      vertex   2.512024e-01 1.650000e+01 -1.288506e+01
      vertex   6.388908e-02 1.567006e+01 -1.243285e+01
      vertex   6.388908e-02 1.650000e+01 -1.243285e+01
    endloop
  endfacet
  facet normal -9.914449e-01 -0.000000e+00 -1.305259e-01
    outer loop
      vertex   6.388908e-02 1.650000e+01 -1.243285e+01
      vertex   6.388908e-02 1.567006e+01 -1.243285e+01
      vertex   0.000000e+00 1.548964e+01 -1.194756e+01
    endloop
  endfacet
  facet normal -9.914449e-01 0.000000e+00 -1.305259e-01
    outer loop
      vertex   6.388908e-02 1.650000e+01 -1.243285e+01
      vertex   0.000000e+00 1.548964e+01 -1.194756e+01
      vertex   0.000000e+00 1.616321e+01 -1.194756e+01
    endloop
  endfacet
  facet normal -1.305261e-01 -0.000000e+00 -9.914449e-01
    outer loop
      vertex   1.875000e+00 1.567006e+01 -1.382256e+01
      vertex   1.875000e+00 1.484012e+01 -1.382256e+01
      vertex   1.389714e+00 1.486225e+01 -1.375867e+01
    endloop
  endfacet
  facet normal -1.305261e-01 0.000000e+00 -9.914449e-01
    outer loop
      vertex   1.875000e+00 1.567006e+01 -1.382256e+01
      vertex   1.389714e+00 1.486225e+01 -1.375867e+01
      vertex   1.389714e+00 1.567006e+01 -1.375867e+01
    endloop
  endfacet
  facet normal -3.826818e-01 -0.000000e+00 -9.238802e-01
    outer loop
      vertex   1.389714e+00 1.567006e+01 -1.375867e+01
      vertex   1.389714e+00 1.486225e+01 -1.375867e+01
      vertex   9.375000e-01 1.492714e+01 -1.357136e+01
    endloop
  endfacet
  facet normal -3.826818e-01 0.000000e+00 -9.238802e-01
    outer loop
      vertex   1.389714e+00 1.567006e+01 -1.375867e+01
      vertex   9.375000e-01 1.492714e+01 -1.357136e+01
      vertex   9.375000e-01 1.567006e+01 -1.357136e+01
    endloop
  endfacet
  facet normal -6.087624e-01 -0.000000e+00 -7.933526e-01
    outer loop
      vertex   9.375000e-01 1.567006e+01 -1.357136e+01
      vertex   9.375000e-01 1.492714e+01 -1.357136e+01
      vertex   5.491748e-01 1.503036e+01 -1.327339e+01
    endloop
  endfacet
  facet normal -6.087624e-01 0.000000e+00 -7.933526e-01
    outer loop
      vertex   9.375000e-01 1.567006e+01 -1.357136e+01
      vertex   5.491748e-01 1.503036e+01 -1.327339e+01
      vertex   5.491748e-01 1.567006e+01 -1.327339e+01
    endloop
  endfacet
  facet normal -7.933535e-01 -0.000000e+00 -6.087612e-01
    outer loop
      vertex   5.491748e-01 1.567006e+01 -1.327339e+01
      vertex   5.491748e-01 1.503036e+01 -1.327339e+01
      vertex   2.512024e-01 1.516488e+01 -1.288506e+01
    endloop
  endfacet
  facet normal -7.933535e-01 0.000000e+00 -6.087612e-01
    outer loop
      vertex   5.491748e-01 1.567006e+01 -1.327339e+01
      vertex   2.512024e-01 1.516488e+01 -1.288506e+01
      vertex   2.512024e-01 1.567006e+01 -1.288506e+01
    endloop
  endfacet
  facet normal -9.238792e-01 -0.000000e+00 -3.826841e-01
    outer loop
      vertex   2.512024e-01 1.567006e+01 -1.288506e+01
      vertex   2.512024e-01 1.516488e+01 -1.288506e+01
      vertex   6.388908e-02 1.532153e+01 -1.243285e+01
    endloop
  endfacet
  facet normal -9.238792e-01 0.000000e+00 -3.826841e-01
    outer loop
      vertex   2.512024e-01 1.567006e+01 -1.288506e+01
      vertex   6.388908e-02 1.532153e+01 -1.243285e+01
      vertex   6.388908e-02 1.567006e+01 -1.243285e+01
    endloop
  endfacet
  facet normal -9.914449e-01 -0.000000e+00 -1.305259e-01
    outer loop
      vertex   6.388908e-02 1.567006e+01 -1.243285e+01
      vertex   6.388908e-02 1.532153e+01 -1.243285e+01
      vertex   0.000000e+00 1.548964e+01 -1.194756e+01
    endloop
  endfacet
  facet normal -9.914449e-01 0.000000e+00 -1.305259e-01
    outer loop
      vertex   0.000000e+00 1.616321e+01 -1.194756e+01
      vertex   0.000000e+00 1.683679e+01 -1.194756e+01
      vertex   6.388908e-02 1.650000e+01 -1.243285e+01
    endloop
  endfacet
  facet normal -9.914449e-01 -0.000000e+00 -1.305259e-01
    outer loop
      vertex   6.388908e-02 1.767847e+01 -1.243285e+01
      vertex   6.388908e-02 1.732994e+01 -1.243285e+01
      vertex   0.000000e+00 1.751036e+01 -1.194756e+01
    endloop
  endfacet
  facet normal -3.084735e-01 8.731065e-01 -3.775304e-01
    outer loop
      vertex   1.506263e+00 1.999399e+01 -1.132256e+01
      vertex   1.389714e+00 1.992392e+01 -1.138937e+01
      vertex   1.151927e+00 1.986880e+01 -1.132256e+01
    endloop
  endfacet
  facet normal -3.229579e-01 8.196180e-01 -4.732067e-01
    outer loop
      vertex   1.151927e+00 1.986880e+01 -1.132256e+01
      vertex   1.389714e+00 1.992392e+01 -1.138937e+01
      vertex   1.389714e+00 1.953397e+01 -1.206479e+01
    endloop
  endfacet
  facet normal -3.826097e-01 7.900550e-01 -4.789811e-01
    outer loop
      vertex   1.151927e+00 1.986880e+01 -1.132256e+01
      vertex   1.389714e+00 1.953397e+01 -1.206479e+01
      vertex   9.375000e-01 1.937175e+01 -1.197113e+01
    endloop
  endfacet
  facet normal -4.437195e-01 7.761017e-01 -4.480839e-01
    outer loop
      vertex   1.151927e+00 1.986880e+01 -1.132256e+01
      vertex   9.375000e-01 1.937175e+01 -1.197113e+01
      vertex   9.375000e-01 1.976171e+01 -1.129572e+01
    endloop
  endfacet
  facet normal -6.087611e-01 6.870638e-01 -3.966778e-01
    outer loop
      vertex   9.375000e-01 1.976171e+01 -1.129572e+01
      vertex   9.375000e-01 1.937175e+01 -1.197113e+01
      vertex   5.491748e-01 1.911370e+01 -1.182214e+01
    endloop
  endfacet
  facet normal -6.087624e-01 6.870635e-01 -3.966763e-01
    outer loop
      vertex   9.375000e-01 1.976171e+01 -1.129572e+01
      vertex   5.491748e-01 1.911370e+01 -1.182214e+01
      vertex   5.491748e-01 1.950365e+01 -1.114673e+01
    endloop
  endfacet
  facet normal -7.933536e-01 5.272026e-01 -3.043806e-01
    outer loop
      vertex   5.491748e-01 1.950365e+01 -1.114673e+01
      vertex   5.491748e-01 1.911370e+01 -1.182214e+01
      vertex   2.512024e-01 1.877740e+01 -1.162798e+01
    endloop
  endfacet
  facet normal -7.933528e-01 5.272031e-01 -3.043818e-01
    outer loop
      vertex   5.491748e-01 1.950365e+01 -1.114673e+01
      vertex   2.512024e-01 1.877740e+01 -1.162798e+01
      vertex   2.512024e-01 1.916735e+01 -1.095257e+01
    endloop
  endfacet
  facet normal -9.238794e-01 3.314136e-01 -1.913424e-01
    outer loop
      vertex   2.512024e-01 1.916735e+01 -1.095257e+01
      vertex   2.512024e-01 1.877740e+01 -1.162798e+01
      vertex   6.388908e-02 1.838577e+01 -1.140188e+01
    endloop
  endfacet
  facet normal -9.238799e-01 3.314130e-01 -1.913411e-01
    outer loop
      vertex   2.512024e-01 1.916735e+01 -1.095257e+01
      vertex   6.388908e-02 1.838577e+01 -1.140188e+01
      vertex   6.388908e-02 1.877572e+01 -1.072646e+01
    endloop
  endfacet
  facet normal -9.914449e-01 1.130390e-01 -6.526298e-02
    outer loop
      vertex   6.388908e-02 1.877572e+01 -1.072646e+01
      vertex   6.388908e-02 1.838577e+01 -1.140188e+01
      vertex   0.000000e+00 1.784715e+01 -1.136423e+01
    endloop
  endfacet
  facet normal -9.914449e-01 1.130390e-01 -6.526305e-02
    outer loop
      vertex   6.388908e-02 1.877572e+01 -1.072646e+01
      vertex   0.000000e+00 1.784715e+01 -1.136423e+01
      vertex   0.000000e+00 1.818394e+01 -1.078089e+01
    endloop
  endfacet
  facet normal -9.881369e-02 8.617867e-01 -4.975535e-01
    outer loop
      vertex   1.506263e+00 1.999399e+01 -1.132256e+01
      vertex   1.875000e+00 2.003627e+01 -1.132256e+01
      vertex   1.875000e+00 1.962731e+01 -1.203089e+01
    endloop
  endfacet
  facet normal -1.283799e-01 8.518538e-01 -5.078029e-01
    outer loop
      vertex   1.506263e+00 1.999399e+01 -1.132256e+01
      vertex   1.875000e+00 1.962731e+01 -1.203089e+01
      vertex   1.389714e+00 1.953397e+01 -1.206479e+01
    endloop
  endfacet
  facet normal -2.278520e-01 8.432453e-01 -4.868479e-01
    outer loop
      vertex   1.506263e+00 1.999399e+01 -1.132256e+01
      vertex   1.389714e+00 1.953397e+01 -1.206479e+01
      vertex   1.389714e+00 1.992392e+01 -1.138937e+01
    endloop
  endfacet
  facet normal -1.305268e-01 8.586170e-01 -4.957212e-01
    outer loop
      vertex   1.875000e+00 1.962731e+01 -1.203089e+01
      vertex   1.875000e+00 1.921836e+01 -1.273923e+01
      vertex   1.389714e+00 1.914402e+01 -1.274020e+01
    endloop
  endfacet
  facet normal -1.305244e-01 8.586166e-01 -4.957226e-01
    outer loop
      vertex   1.875000e+00 1.962731e+01 -1.203089e+01
      vertex   1.389714e+00 1.914402e+01 -1.274020e+01
      vertex   1.389714e+00 1.953397e+01 -1.206479e+01
    endloop
  endfacet
  facet normal -3.826846e-01 8.001027e-01 -4.619396e-01
    outer loop
      vertex   1.389714e+00 1.953397e+01 -1.206479e+01
      vertex   1.389714e+00 1.914402e+01 -1.274020e+01
      vertex   9.375000e-01 1.898180e+01 -1.264655e+01
    endloop
  endfacet
  facet normal -3.826846e-01 8.001027e-01 -4.619396e-01
    outer loop
      vertex   1.389714e+00 1.953397e+01 -1.206479e+01
      vertex   9.375000e-01 1.898180e+01 -1.264655e+01
      vertex   9.375000e-01 1.937175e+01 -1.197113e+01
    endloop
  endfacet
  facet normal -6.087603e-01 6.870649e-01 -3.966771e-01
    outer loop
      vertex   9.375000e-01 1.937175e+01 -1.197113e+01
      vertex   9.375000e-01 1.898180e+01 -1.264655e+01
      vertex   5.491748e-01 1.872375e+01 -1.249756e+01
    endloop
  endfacet
  facet normal -6.087611e-01 6.870647e-01 -3.966763e-01
    outer loop
      vertex   9.375000e-01 1.937175e+01 -1.197113e+01
      vertex   5.491748e-01 1.872375e+01 -1.249756e+01
      vertex   5.491748e-01 1.911370e+01 -1.182214e+01
    endloop
  endfacet
  facet normal -7.933540e-01 5.272023e-01 -3.043799e-01
    outer loop
      vertex   5.491748e-01 1.911370e+01 -1.182214e+01
      vertex   5.491748e-01 1.872375e+01 -1.249756e+01
      vertex   2.512024e-01 1.838745e+01 -1.230340e+01
    endloop
  endfacet
  facet normal -7.933536e-01 5.272026e-01 -3.043806e-01
    outer loop
      vertex   5.491748e-01 1.911370e+01 -1.182214e+01
      vertex   2.512024e-01 1.838745e+01 -1.230340e+01
      vertex   2.512024e-01 1.877740e+01 -1.162798e+01
    endloop
  endfacet
  facet normal -9.238794e-01 3.314139e-01 -1.913419e-01
    outer loop
      vertex   2.512024e-01 1.877740e+01 -1.162798e+01
      vertex   2.512024e-01 1.838745e+01 -1.230340e+01
      vertex   6.388908e-02 1.799582e+01 -1.207729e+01
    endloop
  endfacet
  facet normal -9.238794e-01 3.314139e-01 -1.913419e-01
    outer loop
      vertex   2.512024e-01 1.877740e+01 -1.162798e+01
      vertex   6.388908e-02 1.799582e+01 -1.207729e+01
      vertex   6.388908e-02 1.838577e+01 -1.140188e+01
    endloop
  endfacet
  facet normal -9.914449e-01 1.130389e-01 -6.526305e-02
    outer loop
      vertex   6.388908e-02 1.838577e+01 -1.140188e+01
      vertex   6.388908e-02 1.799582e+01 -1.207729e+01
      vertex   0.000000e+00 1.751036e+01 -1.194756e+01
    endloop
  endfacet
  facet normal -9.914449e-01 1.130390e-01 -6.526315e-02
    outer loop
      vertex   6.388908e-02 1.838577e+01 -1.140188e+01
      vertex   0.000000e+00 1.751036e+01 -1.194756e+01
      vertex   0.000000e+00 1.784715e+01 -1.136423e+01
    endloop
  endfacet
  facet normal -1.305271e-01 8.586160e-01 -4.957229e-01
    outer loop
      vertex   1.875000e+00 1.921836e+01 -1.273923e+01
      vertex   1.875000e+00 1.880940e+01 -1.344756e+01
      vertex   1.389714e+00 1.876514e+01 -1.339645e+01
    endloop
  endfacet
  facet normal -1.305266e-01 8.586159e-01 -4.957232e-01
    outer loop
      vertex   1.875000e+00 1.921836e+01 -1.273923e+01
      vertex   1.389714e+00 1.876514e+01 -1.339645e+01
      vertex   1.389714e+00 1.914402e+01 -1.274020e+01
    endloop
  endfacet
  facet normal -3.826832e-01 8.001028e-01 -4.619406e-01
    outer loop
      vertex   1.389714e+00 1.914402e+01 -1.274020e+01
      vertex   1.389714e+00 1.876514e+01 -1.339645e+01
      vertex   9.375000e-01 1.863536e+01 -1.324660e+01
    endloop
  endfacet
  facet normal -3.826846e-01 8.001028e-01 -4.619393e-01
    outer loop
      vertex   1.389714e+00 1.914402e+01 -1.274020e+01
      vertex   9.375000e-01 1.863536e+01 -1.324660e+01
      vertex   9.375000e-01 1.898180e+01 -1.264655e+01
    endloop
  endfacet
  facet normal -6.087607e-01 6.870647e-01 -3.966768e-01
    outer loop
      vertex   9.375000e-01 1.898180e+01 -1.264655e+01
      vertex   9.375000e-01 1.863536e+01 -1.324660e+01
      vertex   5.491748e-01 1.842892e+01 -1.300822e+01
    endloop
  endfacet
  facet normal -6.087603e-01 6.870648e-01 -3.966773e-01
    outer loop
      vertex   9.375000e-01 1.898180e+01 -1.264655e+01
      vertex   5.491748e-01 1.842892e+01 -1.300822e+01
      vertex   5.491748e-01 1.872375e+01 -1.249756e+01
    endloop
  endfacet
  facet normal -7.933537e-01 5.272024e-01 -3.043806e-01
    outer loop
      vertex   5.491748e-01 1.872375e+01 -1.249756e+01
      vertex   5.491748e-01 1.842892e+01 -1.300822e+01
      vertex   2.512024e-01 1.815988e+01 -1.269756e+01
    endloop
  endfacet
  facet normal -7.933540e-01 5.272023e-01 -3.043799e-01
    outer loop
      vertex   5.491748e-01 1.872375e+01 -1.249756e+01
      vertex   2.512024e-01 1.815988e+01 -1.269756e+01
      vertex   2.512024e-01 1.838745e+01 -1.230340e+01
    endloop
  endfacet
  facet normal -9.238796e-01 3.314136e-01 -1.913414e-01
    outer loop
      vertex   2.512024e-01 1.838745e+01 -1.230340e+01
      vertex   2.512024e-01 1.815988e+01 -1.269756e+01
      vertex   6.388908e-02 1.784658e+01 -1.233579e+01
    endloop
  endfacet
  facet normal -9.238794e-01 3.314136e-01 -1.913424e-01
    outer loop
      vertex   2.512024e-01 1.838745e+01 -1.230340e+01
      vertex   6.388908e-02 1.784658e+01 -1.233579e+01
      vertex   6.388908e-02 1.799582e+01 -1.207729e+01
    endloop
  endfacet
  facet normal -9.914449e-01 1.130389e-01 -6.526326e-02
    outer loop
      vertex   6.388908e-02 1.799582e+01 -1.207729e+01
      vertex   6.388908e-02 1.784658e+01 -1.233579e+01
      vertex   0.000000e+00 1.751036e+01 -1.194756e+01
    endloop
  endfacet
  facet normal -9.919035e-01 1.099796e-01 -6.349683e-02
    outer loop
      vertex   0.000000e+00 1.818394e+01 -1.078089e+01
      vertex   0.000000e+00 1.852073e+01 -1.019756e+01
      vertex   6.047764e-02 1.901163e+01 -1.029204e+01
    endloop
  endfacet
  facet normal -9.911282e-01 1.133809e-01 -6.935149e-02
    outer loop
      vertex   0.000000e+00 1.818394e+01 -1.078089e+01
      vertex   6.047764e-02 1.901163e+01 -1.029204e+01
      vertex   6.388908e-02 1.877572e+01 -1.072646e+01
    endloop
  endfacet
  facet normal -9.283071e-01 3.236421e-01 -1.830348e-01
    outer loop
      vertex   6.388908e-02 1.877572e+01 -1.072646e+01
      vertex   6.047764e-02 1.901163e+01 -1.029204e+01
      vertex   2.380092e-01 1.947086e+01 -1.038041e+01
    endloop
  endfacet
  facet normal -9.238679e-01 3.288608e-01 -1.957517e-01
    outer loop
      vertex   6.388908e-02 1.877572e+01 -1.072646e+01
      vertex   2.380092e-01 1.947086e+01 -1.038041e+01
      vertex   2.512024e-01 1.916735e+01 -1.095257e+01
    endloop
  endfacet
  facet normal -8.048699e-01 5.163739e-01 -2.924766e-01
    outer loop
      vertex   2.512024e-01 1.916735e+01 -1.095257e+01
      vertex   2.380092e-01 1.947086e+01 -1.038041e+01
      vertex   5.211421e-01 1.986880e+01 -1.045700e+01
    endloop
  endfacet
  facet normal -7.092547e-01 5.679643e-01 -4.175815e-01
    outer loop
      vertex   2.512024e-01 1.916735e+01 -1.095257e+01
      vertex   5.211421e-01 1.986880e+01 -1.045700e+01
      vertex   8.142288e-01 1.986880e+01 -1.095480e+01
    endloop
  endfacet
  facet normal -7.750748e-01 6.217661e-01 -1.125431e-01
    outer loop
      vertex   2.512024e-01 1.916735e+01 -1.095257e+01
      vertex   8.142288e-01 1.986880e+01 -1.095480e+01
      vertex   5.491748e-01 1.950365e+01 -1.114673e+01
    endloop
  endfacet
  facet normal -6.083142e-01 6.673753e-01 -4.296092e-01
    outer loop
      vertex   5.491748e-01 1.950365e+01 -1.114673e+01
      vertex   8.142288e-01 1.986880e+01 -1.095480e+01
      vertex   9.375000e-01 1.976171e+01 -1.129572e+01
    endloop
  endfacet
  facet normal -4.479621e-01 7.938044e-01 -4.113447e-01
    outer loop
      vertex   9.375000e-01 1.976171e+01 -1.129572e+01
      vertex   8.142288e-01 1.986880e+01 -1.095480e+01
      vertex   1.151927e+00 1.986880e+01 -1.132256e+01
    endloop
  endfacet
  facet normal 0.000000e+00 0.000000e+00 -1.000000e+00
    outer loop
      vertex   1.875000e+00 1.484012e+01 -1.382256e+01
      vertex   1.875000e+00 1.567006e+01 -1.382256e+01
      vertex   2.850000e+00 1.567006e+01 -1.382256e+01
    endloop
  endfacet
  facet normal 0.000000e+00 0.000000e+00 -1.000000e+00
    outer loop
      vertex   1.875000e+00 1.484012e+01 -1.382256e+01
      vertex   2.850000e+00 1.567006e+01 -1.382256e+01
      vertex   2.850000e+00 1.484012e+01 -1.382256e+01
    endloop
  endfacet
  facet normal 0.000000e+00 0.000000e+00 -1.000000e+00
    outer loop
      vertex   2.850000e+00 1.484012e+01 -1.382256e+01
      vertex   2.850000e+00 1.567006e+01 -1.382256e+01
      vertex   3.825000e+00 1.567006e+01 -1.382256e+01
    endloop
  endfacet
  facet normal 0.000000e+00 0.000000e+00 -1.000000e+00
    outer loop
      vertex   2.850000e+00 1.484012e+01 -1.382256e+01
      vertex   3.825000e+00 1.567006e+01 -1.382256e+01
      vertex   3.825000e+00 1.484012e+01 -1.382256e+01
    endloop
  endfacet
  facet normal 0.000000e+00 0.000000e+00 -1.000000e+00
    outer loop
      vertex   3.825000e+00 1.484012e+01 -1.382256e+01
      vertex   3.825000e+00 1.567006e+01 -1.382256e+01
      vertex   4.800000e+00 1.567006e+01 -1.382256e+01
    endloop
  endfacet
  facet normal 0.000000e+00 0.000000e+00 -1.000000e+00
    outer loop
      vertex   3.825000e+00 1.484012e+01 -1.382256e+01
      vertex   4.800000e+00 1.567006e+01 -1.382256e+01
      vertex   4.800000e+00 1.484012e+01 -1.382256e+01
    endloop
  endfacet
  facet normal 0.000000e+00 0.000000e+00 -1.000000e+00
    outer loop
      vertex   4.800000e+00 1.484012e+01 -1.382256e+01
      vertex   4.800000e+00 1.567006e+01 -1.382256e+01
      vertex   5.775000e+00 1.567006e+01 -1.382256e+01
    endloop
  endfacet
  facet normal 0.000000e+00 0.000000e+00 -1.000000e+00
    outer loop
      vertex   4.800000e+00 1.484012e+01 -1.382256e+01
      vertex   5.775000e+00 1.567006e+01 -1.382256e+01
      vertex   5.775000e+00 1.484012e+01 -1.382256e+01
    endloop
  endfacet
  facet normal 0.000000e+00 0.000000e+00 -1.000000e+00
    outer loop
      vertex   5.775000e+00 1.484012e+01 -1.382256e+01
      vertex   5.775000e+00 1.567006e+01 -1.382256e+01
      vertex   6.750000e+00 1.567006e+01 -1.382256e+01
    endloop
  endfacet
  facet normal 0.000000e+00 0.000000e+00 -1.000000e+00
    outer loop
      vertex   5.775000e+00 1.484012e+01 -1.382256e+01
      vertex   6.750000e+00 1.567006e+01 -1.382256e+01
      vertex   6.750000e+00 1.484012e+01 -1.382256e+01
    endloop
  endfacet
  facet normal 0.000000e+00 0.000000e+00 -1.000000e+00
    outer loop
      vertex   1.875000e+00 1.567006e+01 -1.382256e+01
      vertex   1.875000e+00 1.650000e+01 -1.382256e+01
      vertex   2.850000e+00 1.650000e+01 -1.382256e+01
    endloop
  endfacet
  facet normal 0.000000e+00 0.000000e+00 -1.000000e+00
    outer loop
      vertex   1.875000e+00 1.567006e+01 -1.382256e+01
      vertex   2.850000e+00 1.650000e+01 -1.382256e+01
      vertex   2.850000e+00 1.567006e+01 -1.382256e+01
    endloop
  endfacet
  facet normal 0.000000e+00 0.000000e+00 -1.000000e+00
    outer loop
      vertex   2.850000e+00 1.567006e+01 -1.382256e+01
      vertex   2.850000e+00 1.650000e+01 -1.382256e+01
      vertex   3.825000e+00 1.650000e+01 -1.382256e+01
    endloop
  endfacet
  facet normal 0.000000e+00 0.000000e+00 -1.000000e+00
    outer loop
      vertex   2.850000e+00 1.567006e+01 -1.382256e+01
      vertex   3.825000e+00 1.650000e+01 -1.382256e+01
      vertex   3.825000e+00 1.567006e+01 -1.382256e+01
    endloop
  endfacet
  facet normal 0.000000e+00 0.000000e+00 -1.000000e+00
    outer loop
      vertex   3.825000e+00 1.567006e+01 -1.382256e+01
      vertex   3.825000e+00 1.650000e+01 -1.382256e+01
      vertex   4.800000e+00 1.650000e+01 -1.382256e+01
    endloop
  endfacet
  facet normal 0.000000e+00 0.000000e+00 -1.000000e+00
    outer loop
      vertex   3.825000e+00 1.567006e+01 -1.382256e+01
      vertex   4.800000e+00 1.650000e+01 -1.382256e+01
      vertex   4.800000e+00 1.567006e+01 -1.382256e+01
    endloop
  endfacet
  facet normal 0.000000e+00 0.000000e+00 -1.000000e+00
    outer loop
      vertex   4.800000e+00 1.567006e+01 -1.382256e+01
      vertex   4.800000e+00 1.650000e+01 -1.382256e+01
      vertex   5.775000e+00 1.650000e+01 -1.382256e+01
    endloop
  endfacet
  facet normal 0.000000e+00 0.000000e+00 -1.000000e+00
    outer loop
      vertex   4.800000e+00 1.567006e+01 -1.382256e+01
      vertex   5.775000e+00 1.650000e+01 -1.382256e+01
      vertex   5.775000e+00 1.567006e+01 -1.382256e+01
    endloop
  endfacet
  facet normal 0.000000e+00 0.000000e+00 -1.000000e+00
    outer loop
      vertex   5.775000e+00 1.567006e+01 -1.382256e+01
      vertex   5.775000e+00 1.650000e+01 -1.382256e+01
      vertex   6.750000e+00 1.650000e+01 -1.382256e+01
    endloop
  endfacet
  facet normal 0.000000e+00 0.000000e+00 -1.000000e+00
    outer loop
      vertex   5.775000e+00 1.567006e+01 -1.382256e+01
      vertex   6.750000e+00 1.650000e+01 -1.382256e+01
      vertex   6.750000e+00 1.567006e+01 -1.382256e+01
    endloop
  endfacet
  facet normal 0.000000e+00 0.000000e+00 -1.000000e+00
    outer loop
      vertex   1.875000e+00 1.650000e+01 -1.382256e+01
      vertex   1.875000e+00 1.732994e+01 -1.382256e+01
      vertex   2.850000e+00 1.732994e+01 -1.382256e+01
    endloop
  endfacet
  facet normal 0.000000e+00 0.000000e+00 -1.000000e+00
    outer loop
      vertex   1.875000e+00 1.650000e+01 -1.382256e+01
      vertex   2.850000e+00 1.732994e+01 -1.382256e+01
      vertex   2.850000e+00 1.650000e+01 -1.382256e+01
    endloop
  endfacet
  facet normal 0.000000e+00 0.000000e+00 -1.000000e+00
    outer loop
      vertex   2.850000e+00 1.650000e+01 -1.382256e+01
      vertex   2.850000e+00 1.732994e+01 -1.382256e+01
      vertex   3.825000e+00 1.732994e+01 -1.382256e+01
    endloop
  endfacet
  facet normal 0.000000e+00 0.000000e+00 -1.000000e+00
    outer loop
      vertex   2.850000e+00 1.650000e+01 -1.382256e+01
      vertex   3.825000e+00 1.732994e+01 -1.382256e+01
      vertex   3.825000e+00 1.650000e+01 -1.382256e+01
    endloop
  endfacet
  facet normal 0.000000e+00 0.000000e+00 -1.000000e+00
    outer loop
      vertex   3.825000e+00 1.650000e+01 -1.382256e+01
      vertex   3.825000e+00 1.732994e+01 -1.382256e+01
      vertex   4.800000e+00 1.732994e+01 -1.382256e+01
    endloop
  endfacet
  facet normal 0.000000e+00 0.000000e+00 -1.000000e+00
    outer loop
      vertex   3.825000e+00 1.650000e+01 -1.382256e+01
      vertex   4.800000e+00 1.732994e+01 -1.382256e+01
      vertex   4.800000e+00 1.650000e+01 -1.382256e+01
    endloop
  endfacet
  facet normal 0.000000e+00 0.000000e+00 -1.000000e+00
    outer loop
      vertex   4.800000e+00 1.650000e+01 -1.382256e+01
      vertex   4.800000e+00 1.732994e+01 -1.382256e+01
      vertex   5.775000e+00 1.732994e+01 -1.382256e+01
    endloop
  endfacet
  facet normal 0.000000e+00 0.000000e+00 -1.000000e+00
    outer loop
      vertex   4.800000e+00 1.650000e+01 -1.382256e+01
      vertex   5.775000e+00 1.732994e+01 -1.382256e+01
      vertex   5.775000e+00 1.650000e+01 -1.382256e+01
    endloop
  endfacet
  facet normal 0.000000e+00 0.000000e+00 -1.000000e+00
    outer loop
      vertex   5.775000e+00 1.650000e+01 -1.382256e+01
      vertex   5.775000e+00 1.732994e+01 -1.382256e+01
      vertex   6.750000e+00 1.732994e+01 -1.382256e+01
    endloop
  endfacet
  facet normal 0.000000e+00 0.000000e+00 -1.000000e+00
    outer loop
      vertex   5.775000e+00 1.650000e+01 -1.382256e+01
      vertex   6.750000e+00 1.732994e+01 -1.382256e+01
      vertex   6.750000e+00 1.650000e+01 -1.382256e+01
    endloop
  endfacet
  facet normal 0.000000e+00 0.000000e+00 -1.000000e+00
    outer loop
      vertex   1.875000e+00 1.732994e+01 -1.382256e+01
      vertex   1.875000e+00 1.815988e+01 -1.382256e+01
      vertex   2.850000e+00 1.815988e+01 -1.382256e+01
    endloop
  endfacet
  facet normal 0.000000e+00 0.000000e+00 -1.000000e+00
    outer loop
      vertex   1.875000e+00 1.732994e+01 -1.382256e+01
      vertex   2.850000e+00 1.815988e+01 -1.382256e+01
      vertex   2.850000e+00 1.732994e+01 -1.382256e+01
    endloop
  endfacet
  facet normal 0.000000e+00 0.000000e+00 -1.000000e+00
    outer loop
      vertex   2.850000e+00 1.732994e+01 -1.382256e+01
      vertex   2.850000e+00 1.815988e+01 -1.382256e+01
      vertex   3.825000e+00 1.815988e+01 -1.382256e+01
    endloop
  endfacet
  facet normal 0.000000e+00 0.000000e+00 -1.000000e+00
    outer loop
      vertex   2.850000e+00 1.732994e+01 -1.382256e+01
      vertex   3.825000e+00 1.815988e+01 -1.382256e+01
      vertex   3.825000e+00 1.732994e+01 -1.382256e+01
    endloop
  endfacet
  facet normal 0.000000e+00 0.000000e+00 -1.000000e+00
    outer loop
      vertex   3.825000e+00 1.732994e+01 -1.382256e+01
      vertex   3.825000e+00 1.815988e+01 -1.382256e+01
      vertex   4.800000e+00 1.815988e+01 -1.382256e+01
    endloop
  endfacet
  facet normal 0.000000e+00 0.000000e+00 -1.000000e+00
    outer loop
      vertex   3.825000e+00 1.732994e+01 -1.382256e+01
      vertex   4.800000e+00 1.815988e+01 -1.382256e+01
      vertex   4.800000e+00 1.732994e+01 -1.382256e+01
    endloop
  endfacet
  facet normal 0.000000e+00 0.000000e+00 -1.000000e+00
    outer loop
      vertex   4.800000e+00 1.732994e+01 -1.382256e+01
      vertex   4.800000e+00 1.815988e+01 -1.382256e+01
      vertex   5.775000e+00 1.815988e+01 -1.382256e+01
    endloop
  endfacet
  facet normal 0.000000e+00 0.000000e+00 -1.000000e+00
    outer loop
      vertex   4.800000e+00 1.732994e+01 -1.382256e+01
      vertex   5.775000e+00 1.815988e+01 -1.382256e+01
      vertex   5.775000e+00 1.732994e+01 -1.382256e+01
    endloop
  endfacet
  facet normal 0.000000e+00 0.000000e+00 -1.000000e+00
    outer loop
      vertex   5.775000e+00 1.732994e+01 -1.382256e+01
      vertex   5.775000e+00 1.815988e+01 -1.382256e+01
      vertex   6.750000e+00 1.815988e+01 -1.382256e+01
    endloop
  endfacet
  facet normal 0.000000e+00 0.000000e+00 -1.000000e+00
    outer loop
      vertex   5.775000e+00 1.732994e+01 -1.382256e+01
      vertex   6.750000e+00 1.815988e+01 -1.382256e+01
      vertex   6.750000e+00 1.732994e+01 -1.382256e+01
    endloop
  endfacet
  facet normal 0.000000e+00 1.305224e-01 -9.914454e-01
    outer loop
      vertex   1.875000e+00 1.815988e+01 -1.382256e+01
      vertex   1.875000e+00 1.835400e+01 -1.379701e+01
      vertex   2.850000e+00 1.835400e+01 -1.379701e+01
    endloop
  endfacet
  facet normal 0.000000e+00 1.305224e-01 -9.914454e-01
    outer loop
      vertex   1.875000e+00 1.815988e+01 -1.382256e+01
      vertex   2.850000e+00 1.835400e+01 -1.379701e+01
      vertex   2.850000e+00 1.815988e+01 -1.382256e+01
    endloop
  endfacet
  facet normal 0.000000e+00 1.305224e-01 -9.914454e-01
    outer loop
      vertex   2.850000e+00 1.815988e+01 -1.382256e+01
      vertex   2.850000e+00 1.835400e+01 -1.379701e+01
      vertex   3.825000e+00 1.835400e+01 -1.379701e+01
    endloop
  endfacet
  facet normal 0.000000e+00 1.305224e-01 -9.914454e-01
    outer loop
      vertex   2.850000e+00 1.815988e+01 -1.382256e+01
      vertex   3.825000e+00 1.835400e+01 -1.379701e+01
      vertex   3.825000e+00 1.815988e+01 -1.382256e+01
    endloop
  endfacet
  facet normal 0.000000e+00 1.305224e-01 -9.914454e-01
    outer loop
      vertex   3.825000e+00 1.815988e+01 -1.382256e+01
      vertex   3.825000e+00 1.835400e+01 -1.379701e+01
      vertex   4.800000e+00 1.835400e+01 -1.379701e+01
    endloop
  endfacet
  facet normal 0.000000e+00 1.305224e-01 -9.914454e-01
    outer loop
      vertex   3.825000e+00 1.815988e+01 -1.382256e+01
      vertex   4.800000e+00 1.835400e+01 -1.379701e+01
      vertex   4.800000e+00 1.815988e+01 -1.382256e+01
    endloop
  endfacet
  facet normal 0.000000e+00 1.305224e-01 -9.914454e-01
    outer loop
      vertex   4.800000e+00 1.815988e+01 -1.382256e+01
      vertex   4.800000e+00 1.835400e+01 -1.379701e+01
      vertex   5.775000e+00 1.835400e+01 -1.379701e+01
    endloop
  endfacet
  facet normal 0.000000e+00 1.305224e-01 -9.914454e-01
    outer loop
      vertex   4.800000e+00 1.815988e+01 -1.382256e+01
      vertex   5.775000e+00 1.835400e+01 -1.379701e+01
      vertex   5.775000e+00 1.815988e+01 -1.382256e+01
    endloop
  endfacet
  facet normal 0.000000e+00 1.305224e-01 -9.914454e-01
    outer loop
      vertex   5.775000e+00 1.815988e+01 -1.382256e+01
      vertex   5.775000e+00 1.835400e+01 -1.379701e+01
      vertex   6.750000e+00 1.835400e+01 -1.379701e+01
    endloop
  endfacet
  facet normal 0.000000e+00 1.305224e-01 -9.914454e-01
    outer loop
      vertex   5.775000e+00 1.815988e+01 -1.382256e+01
      vertex   6.750000e+00 1.835400e+01 -1.379701e+01
      vertex   6.750000e+00 1.815988e+01 -1.382256e+01
    endloop
  endfacet
  facet normal 0.000000e+00 3.826838e-01 -9.238794e-01
    outer loop
      vertex   1.875000e+00 1.835400e+01 -1.379701e+01
      vertex   1.875000e+00 1.853488e+01 -1.372208e+01
      vertex   2.850000e+00 1.853488e+01 -1.372208e+01
    endloop
  endfacet
  facet normal 0.000000e+00 3.826838e-01 -9.238794e-01
    outer loop
      vertex   1.875000e+00 1.835400e+01 -1.379701e+01
      vertex   2.850000e+00 1.853488e+01 -1.372208e+01
      vertex   2.850000e+00 1.835400e+01 -1.379701e+01
    endloop
  endfacet
  facet normal 0.000000e+00 3.826838e-01 -9.238794e-01
    outer loop
      vertex   2.850000e+00 1.835400e+01 -1.379701e+01
      vertex   2.850000e+00 1.853488e+01 -1.372208e+01
      vertex   3.825000e+00 1.853488e+01 -1.372208e+01
    endloop
  endfacet
  facet normal 0.000000e+00 3.826838e-01 -9.238794e-01
    outer loop
      vertex   2.850000e+00 1.835400e+01 -1.379701e+01
      vertex   3.825000e+00 1.853488e+01 -1.372208e+01
      vertex   3.825000e+00 1.835400e+01 -1.379701e+01
    endloop
  endfacet
  facet normal 0.000000e+00 3.826838e-01 -9.238794e-01
    outer loop
      vertex   3.825000e+00 1.835400e+01 -1.379701e+01
      vertex   3.825000e+00 1.853488e+01 -1.372208e+01
      vertex   4.800000e+00 1.853488e+01 -1.372208e+01
    endloop
  endfacet
  facet normal 0.000000e+00 3.826838e-01 -9.238794e-01
    outer loop
      vertex   3.825000e+00 1.835400e+01 -1.379701e+01
      vertex   4.800000e+00 1.853488e+01 -1.372208e+01
      vertex   4.800000e+00 1.835400e+01 -1.379701e+01
    endloop
  endfacet
  facet normal 0.000000e+00 3.826838e-01 -9.238794e-01
    outer loop
      vertex   4.800000e+00 1.835400e+01 -1.379701e+01
      vertex   4.800000e+00 1.853488e+01 -1.372208e+01
      vertex   5.775000e+00 1.853488e+01 -1.372208e+01
    endloop
  endfacet
  facet normal 0.000000e+00 3.826838e-01 -9.238794e-01
    outer loop
      vertex   4.800000e+00 1.835400e+01 -1.379701e+01
      vertex   5.775000e+00 1.853488e+01 -1.372208e+01
      vertex   5.775000e+00 1.835400e+01 -1.379701e+01
    endloop
  endfacet
  facet normal 0.000000e+00 3.826838e-01 -9.238794e-01
    outer loop
      vertex   5.775000e+00 1.835400e+01 -1.379701e+01
      vertex   5.775000e+00 1.853488e+01 -1.372208e+01
      vertex   6.750000e+00 1.853488e+01 -1.372208e+01
    endloop
  endfacet
  facet normal 0.000000e+00 3.826838e-01 -9.238794e-01
    outer loop
      vertex   5.775000e+00 1.835400e+01 -1.379701e+01
      vertex   6.750000e+00 1.853488e+01 -1.372208e+01
      vertex   6.750000e+00 1.835400e+01 -1.379701e+01
    endloop
  endfacet
  facet normal 0.000000e+00 6.087626e-01 -7.933525e-01
    outer loop
      vertex   1.875000e+00 1.853488e+01 -1.372208e+01
      vertex   1.875000e+00 1.869021e+01 -1.360289e+01
      vertex   2.850000e+00 1.869021e+01 -1.360289e+01
    endloop
  endfacet
  facet normal 0.000000e+00 6.087626e-01 -7.933525e-01
    outer loop
      vertex   1.875000e+00 1.853488e+01 -1.372208e+01
      vertex   2.850000e+00 1.869021e+01 -1.360289e+01
      vertex   2.850000e+00 1.853488e+01 -1.372208e+01
    endloop
  endfacet
  facet normal 0.000000e+00 6.087626e-01 -7.933525e-01
    outer loop
      vertex   2.850000e+00 1.853488e+01 -1.372208e+01
      vertex   2.850000e+00 1.869021e+01 -1.360289e+01
      vertex   3.825000e+00 1.869021e+01 -1.360289e+01
    endloop
  endfacet
  facet normal 0.000000e+00 6.087626e-01 -7.933525e-01
    outer loop
      vertex   2.850000e+00 1.853488e+01 -1.372208e+01
      vertex   3.825000e+00 1.869021e+01 -1.360289e+01
      vertex   3.825000e+00 1.853488e+01 -1.372208e+01
    endloop
  endfacet
  facet normal 0.000000e+00 6.087626e-01 -7.933525e-01
    outer loop
      vertex   3.825000e+00 1.853488e+01 -1.372208e+01
      vertex   3.825000e+00 1.869021e+01 -1.360289e+01
      vertex   4.800000e+00 1.869021e+01 -1.360289e+01
    endloop
  endfacet
  facet normal 0.000000e+00 6.087626e-01 -7.933525e-01
    outer loop
      vertex   3.825000e+00 1.853488e+01 -1.372208e+01
      vertex   4.800000e+00 1.869021e+01 -1.360289e+01
      vertex   4.800000e+00 1.853488e+01 -1.372208e+01
    endloop
  endfacet
  facet normal 0.000000e+00 6.087626e-01 -7.933525e-01
    outer loop
      vertex   4.800000e+00 1.853488e+01 -1.372208e+01
      vertex   4.800000e+00 1.869021e+01 -1.360289e+01
      vertex   5.775000e+00 1.869021e+01 -1.360289e+01
    endloop
  endfacet
  facet normal 0.000000e+00 6.087626e-01 -7.933525e-01
    outer loop
      vertex   4.800000e+00 1.853488e+01 -1.372208e+01
      vertex   5.775000e+00 1.869021e+01 -1.360289e+01
      vertex   5.775000e+00 1.853488e+01 -1.372208e+01
    endloop
  endfacet
  facet normal 0.000000e+00 6.087626e-01 -7.933525e-01
    outer loop
      vertex   5.775000e+00 1.853488e+01 -1.372208e+01
      vertex   5.775000e+00 1.869021e+01 -1.360289e+01
      vertex   6.750000e+00 1.869021e+01 -1.360289e+01
    endloop
  endfacet
  facet normal 0.000000e+00 6.087626e-01 -7.933525e-01
    outer loop
      vertex   5.775000e+00 1.853488e+01 -1.372208e+01
      vertex   6.750000e+00 1.869021e+01 -1.360289e+01
      vertex   6.750000e+00 1.853488e+01 -1.372208e+01
    endloop
  endfacet
  facet normal 0.000000e+00 7.933525e-01 -6.087626e-01
    outer loop
      vertex   1.875000e+00 1.869021e+01 -1.360289e+01
      vertex   1.875000e+00 1.880940e+01 -1.344756e+01
      vertex   2.850000e+00 1.880940e+01 -1.344756e+01
    endloop
  endfacet
  facet normal 0.000000e+00 7.933525e-01 -6.087626e-01
    outer loop
      vertex   1.875000e+00 1.869021e+01 -1.360289e+01
      vertex   2.850000e+00 1.880940e+01 -1.344756e+01
      vertex   2.850000e+00 1.869021e+01 -1.360289e+01
    endloop
  endfacet
  facet normal 0.000000e+00 7.933525e-01 -6.087626e-01
    outer loop
      vertex   2.850000e+00 1.869021e+01 -1.360289e+01
      vertex   2.850000e+00 1.880940e+01 -1.344756e+01
      vertex   3.825000e+00 1.880940e+01 -1.344756e+01
    endloop
  endfacet
  facet normal 0.000000e+00 7.933525e-01 -6.087626e-01
    outer loop
      vertex   2.850000e+00 1.869021e+01 -1.360289e+01
      vertex   3.825000e+00 1.880940e+01 -1.344756e+01
      vertex   3.825000e+00 1.869021e+01 -1.360289e+01
    endloop
  endfacet
  facet normal 0.000000e+00 7.933525e-01 -6.087626e-01
    outer loop
      vertex   3.825000e+00 1.869021e+01 -1.360289e+01
      vertex   3.825000e+00 1.880940e+01 -1.344756e+01
      vertex   4.800000e+00 1.880940e+01 -1.344756e+01
    endloop
  endfacet
  facet normal 0.000000e+00 7.933525e-01 -6.087626e-01
    outer loop
      vertex   3.825000e+00 1.869021e+01 -1.360289e+01
      vertex   4.800000e+00 1.880940e+01 -1.344756e+01
      vertex   4.800000e+00 1.869021e+01 -1.360289e+01
    endloop
  endfacet
  facet normal 0.000000e+00 7.933525e-01 -6.087626e-01
    outer loop
      vertex   4.800000e+00 1.869021e+01 -1.360289e+01
      vertex   4.800000e+00 1.880940e+01 -1.344756e+01
      vertex   5.775000e+00 1.880940e+01 -1.344756e+01
    endloop
  endfacet
  facet normal 0.000000e+00 7.933525e-01 -6.087626e-01
    outer loop
      vertex   4.800000e+00 1.869021e+01 -1.360289e+01
      vertex   5.775000e+00 1.880940e+01 -1.344756e+01
      vertex   5.775000e+00 1.869021e+01 -1.360289e+01
    endloop
  endfacet
  facet normal 0.000000e+00 7.933525e-01 -6.087626e-01
    outer loop
      vertex   5.775000e+00 1.869021e+01 -1.360289e+01
      vertex   5.775000e+00 1.880940e+01 -1.344756e+01
      vertex   6.750000e+00 1.880940e+01 -1.344756e+01
    endloop
  endfacet
  facet normal 0.000000e+00 7.933525e-01 -6.087626e-01
    outer loop
      vertex   5.775000e+00 1.869021e+01 -1.360289e+01
      vertex   6.750000e+00 1.880940e+01 -1.344756e+01
      vertex   6.750000e+00 1.869021e+01 -1.360289e+01
    endloop
  endfacet
  facet normal 0.000000e+00 8.660248e-01 -5.000010e-01
    outer loop
      vertex   6.500000e+00 2.003627e+01 -1.132256e+01
      vertex   6.500000e+00 2.046928e+01 -1.057256e+01
      vertex   6.750000e+00 2.046928e+01 -1.057256e+01
    endloop
  endfacet
  facet normal 3.017032e-06 8.660244e-01 -5.000018e-01
    outer loop
      vertex   6.500000e+00 2.003627e+01 -1.132256e+01
      vertex   6.750000e+00 2.046928e+01 -1.057256e+01
      vertex   6.750000e+00 2.005431e+01 -1.129131e+01
    endloop
  endfacet
  facet normal 2.657952e-06 8.660256e-01 -4.999996e-01
    outer loop
      vertex   6.750000e+00 2.005431e+01 -1.129131e+01
      vertex   6.750000e+00 1.963934e+01 -1.201006e+01
      vertex   6.500000e+00 2.003627e+01 -1.132256e+01
    endloop
  endfacet
  facet normal 0.000000e+00 8.660252e-01 -5.000003e-01
    outer loop
      vertex   6.500000e+00 2.003627e+01 -1.132256e+01
      vertex   6.750000e+00 1.963934e+01 -1.201006e+01
      vertex   5.775000e+00 1.963934e+01 -1.201006e+01
    endloop
  endfacet
  facet normal 0.000000e+00 8.660252e-01 -5.000003e-01
    outer loop
      vertex   6.500000e+00 2.003627e+01 -1.132256e+01
      vertex   5.775000e+00 1.963934e+01 -1.201006e+01
      vertex   5.575000e+00 2.003627e+01 -1.132256e+01
    endloop
  endfacet
  facet normal 0.000000e+00 8.660252e-01 -5.000003e-01
    outer loop
      vertex   5.575000e+00 2.003627e+01 -1.132256e+01
      vertex   5.775000e+00 1.963934e+01 -1.201006e+01
      vertex   4.800000e+00 1.963934e+01 -1.201006e+01
    endloop
  endfacet
  facet normal 0.000000e+00 8.660252e-01 -5.000003e-01
    outer loop
      vertex   5.575000e+00 2.003627e+01 -1.132256e+01
      vertex   4.800000e+00 1.963934e+01 -1.201006e+01
      vertex   4.650000e+00 2.003627e+01 -1.132256e+01
    endloop
  endfacet
  facet normal 0.000000e+00 8.660252e-01 -5.000003e-01
    outer loop
      vertex   4.650000e+00 2.003627e+01 -1.132256e+01
      vertex   4.800000e+00 1.963934e+01 -1.201006e+01
      vertex   3.825000e+00 1.963934e+01 -1.201006e+01
    endloop
  endfacet
  facet normal 0.000000e+00 8.660252e-01 -5.000003e-01
    outer loop
      vertex   4.650000e+00 2.003627e+01 -1.132256e+01
      vertex   3.825000e+00 1.963934e+01 -1.201006e+01
      vertex   3.725000e+00 2.003627e+01 -1.132256e+01
    endloop
  endfacet
  facet normal 0.000000e+00 8.660252e-01 -5.000003e-01
    outer loop
      vertex   3.725000e+00 2.003627e+01 -1.132256e+01
      vertex   3.825000e+00 1.963934e+01 -1.201006e+01
      vertex   2.850000e+00 1.963934e+01 -1.201006e+01
    endloop
  endfacet
  facet normal 0.000000e+00 8.660252e-01 -5.000003e-01
    outer loop
      vertex   3.725000e+00 2.003627e+01 -1.132256e+01
      vertex   2.850000e+00 1.963934e+01 -1.201006e+01
      vertex   2.800000e+00 2.003627e+01 -1.132256e+01
    endloop
  endfacet
  facet normal -2.305411e-07 8.660252e-01 -5.000003e-01
    outer loop
      vertex   2.800000e+00 2.003627e+01 -1.132256e+01
      vertex   2.850000e+00 1.963934e+01 -1.201006e+01
      vertex   1.875000e+00 1.962731e+01 -1.203089e+01
    endloop
  endfacet
  facet normal 0.000000e+00 8.660251e-01 -5.000006e-01
    outer loop
      vertex   2.800000e+00 2.003627e+01 -1.132256e+01
      vertex   1.875000e+00 1.962731e+01 -1.203089e+01
      vertex   1.875000e+00 2.003627e+01 -1.132256e+01
    endloop
  endfacet
  facet normal 0.000000e+00 8.660256e-01 -4.999996e-01
    outer loop
      vertex   6.750000e+00 1.963934e+01 -1.201006e+01
      vertex   6.750000e+00 1.922437e+01 -1.272881e+01
      vertex   5.775000e+00 1.922437e+01 -1.272881e+01
    endloop
  endfacet
  facet normal 0.000000e+00 8.660256e-01 -4.999996e-01
    outer loop
      vertex   6.750000e+00 1.963934e+01 -1.201006e+01
      vertex   5.775000e+00 1.922437e+01 -1.272881e+01
      vertex   5.775000e+00 1.963934e+01 -1.201006e+01
    endloop
  endfacet
  facet normal 0.000000e+00 8.660256e-01 -4.999996e-01
    outer loop
      vertex   5.775000e+00 1.963934e+01 -1.201006e+01
      vertex   5.775000e+00 1.922437e+01 -1.272881e+01
      vertex   4.800000e+00 1.922437e+01 -1.272881e+01
    endloop
  endfacet
  facet normal 0.000000e+00 8.660256e-01 -4.999996e-01
    outer loop
      vertex   5.775000e+00 1.963934e+01 -1.201006e+01
      vertex   4.800000e+00 1.922437e+01 -1.272881e+01
      vertex   4.800000e+00 1.963934e+01 -1.201006e+01
    endloop
  endfacet
  facet normal 0.000000e+00 8.660256e-01 -4.999996e-01
    outer loop
      vertex   4.800000e+00 1.963934e+01 -1.201006e+01
      vertex   4.800000e+00 1.922437e+01 -1.272881e+01
      vertex   3.825000e+00 1.922437e+01 -1.272881e+01
    endloop
  endfacet
  facet normal 0.000000e+00 8.660256e-01 -4.999996e-01
    outer loop
      vertex   4.800000e+00 1.963934e+01 -1.201006e+01
      vertex   3.825000e+00 1.922437e+01 -1.272881e+01
      vertex   3.825000e+00 1.963934e+01 -1.201006e+01
    endloop
  endfacet
  facet normal 0.000000e+00 8.660256e-01 -4.999996e-01
    outer loop
      vertex   3.825000e+00 1.963934e+01 -1.201006e+01
      vertex   3.825000e+00 1.922437e+01 -1.272881e+01
      vertex   2.850000e+00 1.922437e+01 -1.272881e+01
    endloop
  endfacet
  facet normal 0.000000e+00 8.660256e-01 -4.999996e-01
    outer loop
      vertex   3.825000e+00 1.963934e+01 -1.201006e+01
      vertex   2.850000e+00 1.922437e+01 -1.272881e+01
      vertex   2.850000e+00 1.963934e+01 -1.201006e+01
    endloop
  endfacet
  facet normal 4.855535e-07 8.660256e-01 -4.999996e-01
    outer loop
      vertex   2.850000e+00 1.963934e+01 -1.201006e+01
      vertex   2.850000e+00 1.922437e+01 -1.272881e+01
      vertex   1.875000e+00 1.921836e+01 -1.273923e+01
    endloop
  endfacet
  facet normal -2.732308e-07 8.660261e-01 -4.999988e-01
    outer loop
      vertex   2.850000e+00 1.963934e+01 -1.201006e+01
      vertex   1.875000e+00 1.921836e+01 -1.273923e+01
      vertex   1.875000e+00 1.962731e+01 -1.203089e+01
    endloop
  endfacet
  facet normal 0.000000e+00 8.660254e-01 -5.000001e-01
    outer loop
      vertex   6.750000e+00 1.922437e+01 -1.272881e+01
      vertex   6.750000e+00 1.880940e+01 -1.344756e+01
      vertex   5.775000e+00 1.880940e+01 -1.344756e+01
    endloop
  endfacet
  facet normal 0.000000e+00 8.660254e-01 -5.000001e-01
    outer loop
      vertex   6.750000e+00 1.922437e+01 -1.272881e+01
      vertex   5.775000e+00 1.880940e+01 -1.344756e+01
      vertex   5.775000e+00 1.922437e+01 -1.272881e+01
    endloop
  endfacet
  facet normal 0.000000e+00 8.660254e-01 -5.000001e-01
    outer loop
      vertex   5.775000e+00 1.922437e+01 -1.272881e+01
      vertex   5.775000e+00 1.880940e+01 -1.344756e+01
      vertex   4.800000e+00 1.880940e+01 -1.344756e+01
    endloop
  endfacet
  facet normal 0.000000e+00 8.660254e-01 -5.000001e-01
    outer loop
      vertex   5.775000e+00 1.922437e+01 -1.272881e+01
      vertex   4.800000e+00 1.880940e+01 -1.344756e+01
      vertex   4.800000e+00 1.922437e+01 -1.272881e+01
    endloop
  endfacet
  facet normal 0.000000e+00 8.660254e-01 -5.000001e-01
    outer loop
      vertex   4.800000e+00 1.922437e+01 -1.272881e+01
      vertex   4.800000e+00 1.880940e+01 -1.344756e+01
      vertex   3.825000e+00 1.880940e+01 -1.344756e+01
    endloop
  endfacet
  facet normal 0.000000e+00 8.660254e-01 -5.000001e-01
    outer loop
      vertex   4.800000e+00 1.922437e+01 -1.272881e+01
      vertex   3.825000e+00 1.880940e+01 -1.344756e+01
      vertex   3.825000e+00 1.922437e+01 -1.272881e+01
    endloop
  endfacet
  facet normal 0.000000e+00 8.660254e-01 -5.000001e-01
    outer loop
      vertex   3.825000e+00 1.922437e+01 -1.272881e+01
      vertex   3.825000e+00 1.880940e+01 -1.344756e+01
      vertex   2.850000e+00 1.880940e+01 -1.344756e+01
    endloop
  endfacet
  facet normal 0.000000e+00 8.660254e-01 -5.000001e-01
    outer loop
      vertex   3.825000e+00 1.922437e+01 -1.272881e+01
      vertex   2.850000e+00 1.880940e+01 -1.344756e+01
      vertex   2.850000e+00 1.922437e+01 -1.272881e+01
    endloop
  endfacet
  facet normal 0.000000e+00 8.660254e-01 -5.000001e-01
    outer loop
      vertex   2.850000e+00 1.922437e+01 -1.272881e+01
      vertex   2.850000e+00 1.880940e+01 -1.344756e+01
      vertex   1.875000e+00 1.880940e+01 -1.344756e+01
    endloop
  endfacet
  facet normal 4.992763e-07 8.660251e-01 -5.000006e-01
    outer loop
      vertex   2.850000e+00 1.922437e+01 -1.272881e+01
      vertex   1.875000e+00 1.880940e+01 -1.344756e+01
      vertex   1.875000e+00 1.921836e+01 -1.273923e+01
    endloop
  endfacet
  facet normal 0.000000e+00 7.933536e-01 6.087611e-01
    outer loop
      vertex   1.875000e+00 1.880940e+01 -6.947561e+00
      vertex   1.875000e+00 1.869021e+01 -6.792231e+00
      vertex   2.850000e+00 1.869021e+01 -6.792231e+00
    endloop
  endfacet
  facet normal -0.000000e+00 7.933536e-01 6.087611e-01
    outer loop
      vertex   1.875000e+00 1.880940e+01 -6.947561e+00
      vertex   2.850000e+00 1.869021e+01 -6.792231e+00
      vertex   2.850000e+00 1.880940e+01 -6.947561e+00
    endloop
  endfacet
  facet normal 0.000000e+00 7.933536e-01 6.087611e-01
    outer loop
      vertex   2.850000e+00 1.880940e+01 -6.947561e+00
      vertex   2.850000e+00 1.869021e+01 -6.792231e+00
      vertex   3.825000e+00 1.869021e+01 -6.792231e+00
    endloop
  endfacet
  facet normal -0.000000e+00 7.933536e-01 6.087611e-01
    outer loop
      vertex   2.850000e+00 1.880940e+01 -6.947561e+00
      vertex   3.825000e+00 1.869021e+01 -6.792231e+00
      vertex   3.825000e+00 1.880940e+01 -6.947561e+00
    endloop
  endfacet
  facet normal 0.000000e+00 7.933536e-01 6.087611e-01
    outer loop
      vertex   3.825000e+00 1.880940e+01 -6.947561e+00
      vertex   3.825000e+00 1.869021e+01 -6.792231e+00
      vertex   4.800000e+00 1.869021e+01 -6.792231e+00
    endloop
  endfacet
  facet normal -0.000000e+00 7.933536e-01 6.087611e-01
    outer loop
      vertex   3.825000e+00 1.880940e+01 -6.947561e+00
      vertex   4.800000e+00 1.869021e+01 -6.792231e+00
      vertex   4.800000e+00 1.880940e+01 -6.947561e+00
    endloop
  endfacet
  facet normal 0.000000e+00 7.933536e-01 6.087611e-01
    outer loop
      vertex   4.800000e+00 1.880940e+01 -6.947561e+00
      vertex   4.800000e+00 1.869021e+01 -6.792231e+00
      vertex   5.775000e+00 1.869021e+01 -6.792231e+00
    endloop
  endfacet
  facet normal -0.000000e+00 7.933536e-01 6.087611e-01
    outer loop
      vertex   4.800000e+00 1.880940e+01 -6.947561e+00
      vertex   5.775000e+00 1.869021e+01 -6.792231e+00
      vertex   5.775000e+00 1.880940e+01 -6.947561e+00
    endloop
  endfacet
  facet normal 0.000000e+00 7.933536e-01 6.087611e-01
    outer loop
      vertex   5.775000e+00 1.880940e+01 -6.947561e+00
      vertex   5.775000e+00 1.869021e+01 -6.792231e+00
      vertex   6.750000e+00 1.869021e+01 -6.792231e+00
    endloop
  endfacet
  facet normal -0.000000e+00 7.933536e-01 6.087611e-01
    outer loop
      vertex   5.775000e+00 1.880940e+01 -6.947561e+00
      vertex   6.750000e+00 1.869021e+01 -6.792231e+00
      vertex   6.750000e+00 1.880940e+01 -6.947561e+00
    endloop
  endfacet
  facet normal 0.000000e+00 6.087626e-01 7.933525e-01
    outer loop
      vertex   1.875000e+00 1.869021e+01 -6.792231e+00
      vertex   1.875000e+00 1.853488e+01 -6.673042e+00
      vertex   2.850000e+00 1.853488e+01 -6.673042e+00
    endloop
  endfacet
  facet normal -0.000000e+00 6.087626e-01 7.933525e-01
    outer loop
      vertex   1.875000e+00 1.869021e+01 -6.792231e+00
      vertex   2.850000e+00 1.853488e+01 -6.673042e+00
      vertex   2.850000e+00 1.869021e+01 -6.792231e+00
    endloop
  endfacet
  facet normal 0.000000e+00 6.087626e-01 7.933525e-01
    outer loop
      vertex   2.850000e+00 1.869021e+01 -6.792231e+00
      vertex   2.850000e+00 1.853488e+01 -6.673042e+00
      vertex   3.825000e+00 1.853488e+01 -6.673042e+00
    endloop
  endfacet
  facet normal -0.000000e+00 6.087626e-01 7.933525e-01
    outer loop
      vertex   2.850000e+00 1.869021e+01 -6.792231e+00
      vertex   3.825000e+00 1.853488e+01 -6.673042e+00
      vertex   3.825000e+00 1.869021e+01 -6.792231e+00
    endloop
  endfacet
  facet normal 0.000000e+00 6.087626e-01 7.933525e-01
    outer loop
      vertex   3.825000e+00 1.869021e+01 -6.792231e+00
      vertex   3.825000e+00 1.853488e+01 -6.673042e+00
      vertex   4.800000e+00 1.853488e+01 -6.673042e+00
    endloop
  endfacet
  facet normal -0.000000e+00 6.087626e-01 7.933525e-01
    outer loop
      vertex   3.825000e+00 1.869021e+01 -6.792231e+00
      vertex   4.800000e+00 1.853488e+01 -6.673042e+00
      vertex   4.800000e+00 1.869021e+01 -6.792231e+00
    endloop
  endfacet
  facet normal 0.000000e+00 6.087626e-01 7.933525e-01
    outer loop
      vertex   4.800000e+00 1.869021e+01 -6.792231e+00
      vertex   4.800000e+00 1.853488e+01 -6.673042e+00
      vertex   5.775000e+00 1.853488e+01 -6.673042e+00
    endloop
  endfacet
  facet normal -0.000000e+00 6.087626e-01 7.933525e-01
    outer loop
      vertex   4.800000e+00 1.869021e+01 -6.792231e+00
      vertex   5.775000e+00 1.853488e+01 -6.673042e+00
      vertex   5.775000e+00 1.869021e+01 -6.792231e+00
    endloop
  endfacet
  facet normal 0.000000e+00 6.087626e-01 7.933525e-01
    outer loop
      vertex   5.775000e+00 1.869021e+01 -6.792231e+00
      vertex   5.775000e+00 1.853488e+01 -6.673042e+00
      vertex   6.750000e+00 1.853488e+01 -6.673042e+00
    endloop
  endfacet
  facet normal -0.000000e+00 6.087626e-01 7.933525e-01
    outer loop
      vertex   5.775000e+00 1.869021e+01 -6.792231e+00
      vertex   6.750000e+00 1.853488e+01 -6.673042e+00
      vertex   6.750000e+00 1.869021e+01 -6.792231e+00
    endloop
  endfacet
  facet normal 0.000000e+00 3.826838e-01 9.238794e-01
    outer loop
      vertex   1.875000e+00 1.853488e+01 -6.673042e+00
      vertex   1.875000e+00 1.835400e+01 -6.598116e+00
      vertex   2.850000e+00 1.835400e+01 -6.598116e+00
    endloop
  endfacet
  facet normal -0.000000e+00 3.826838e-01 9.238794e-01
    outer loop
      vertex   1.875000e+00 1.853488e+01 -6.673042e+00
      vertex   2.850000e+00 1.835400e+01 -6.598116e+00
      vertex   2.850000e+00 1.853488e+01 -6.673042e+00
    endloop
  endfacet
  facet normal 0.000000e+00 3.826838e-01 9.238794e-01
    outer loop
      vertex   2.850000e+00 1.853488e+01 -6.673042e+00
      vertex   2.850000e+00 1.835400e+01 -6.598116e+00
      vertex   3.825000e+00 1.835400e+01 -6.598116e+00
    endloop
  endfacet
  facet normal -0.000000e+00 3.826838e-01 9.238794e-01
    outer loop
      vertex   2.850000e+00 1.853488e+01 -6.673042e+00
      vertex   3.825000e+00 1.835400e+01 -6.598116e+00
      vertex   3.825000e+00 1.853488e+01 -6.673042e+00
    endloop
  endfacet
  facet normal 0.000000e+00 3.826838e-01 9.238794e-01
    outer loop
      vertex   3.825000e+00 1.853488e+01 -6.673042e+00
      vertex   3.825000e+00 1.835400e+01 -6.598116e+00
      vertex   4.800000e+00 1.835400e+01 -6.598116e+00
    endloop
  endfacet
  facet normal -0.000000e+00 3.826838e-01 9.238794e-01
    outer loop
      vertex   3.825000e+00 1.853488e+01 -6.673042e+00
      vertex   4.800000e+00 1.835400e+01 -6.598116e+00
      vertex   4.800000e+00 1.853488e+01 -6.673042e+00
    endloop
  endfacet
  facet normal 0.000000e+00 3.826838e-01 9.238794e-01
    outer loop
      vertex   4.800000e+00 1.853488e+01 -6.673042e+00
      vertex   4.800000e+00 1.835400e+01 -6.598116e+00
      vertex   5.775000e+00 1.835400e+01 -6.598116e+00
    endloop
  endfacet
  facet normal -0.000000e+00 3.826838e-01 9.238794e-01
    outer loop
      vertex   4.800000e+00 1.853488e+01 -6.673042e+00
      vertex   5.775000e+00 1.835400e+01 -6.598116e+00
      vertex   5.775000e+00 1.853488e+01 -6.673042e+00
    endloop
  endfacet
  facet normal 0.000000e+00 3.826838e-01 9.238794e-01
    outer loop
      vertex   5.775000e+00 1.853488e+01 -6.673042e+00
      vertex   5.775000e+00 1.835400e+01 -6.598116e+00
      vertex   6.750000e+00 1.835400e+01 -6.598116e+00
    endloop
  endfacet
  facet normal -0.000000e+00 3.826838e-01 9.238794e-01
    outer loop
      vertex   5.775000e+00 1.853488e+01 -6.673042e+00
      vertex   6.750000e+00 1.835400e+01 -6.598116e+00
      vertex   6.750000e+00 1.853488e+01 -6.673042e+00
    endloop
  endfacet
  facet normal 0.000000e+00 1.305254e-01 9.914450e-01
    outer loop
      vertex   1.875000e+00 1.835400e+01 -6.598116e+00
      vertex   1.875000e+00 1.815988e+01 -6.572561e+00
      vertex   2.850000e+00 1.815988e+01 -6.572561e+00
    endloop
  endfacet
  facet normal -0.000000e+00 1.305254e-01 9.914450e-01
    outer loop
      vertex   1.875000e+00 1.835400e+01 -6.598116e+00
      vertex   2.850000e+00 1.815988e+01 -6.572561e+00
      vertex   2.850000e+00 1.835400e+01 -6.598116e+00
    endloop
  endfacet
  facet normal 0.000000e+00 1.305254e-01 9.914450e-01
    outer loop
      vertex   2.850000e+00 1.835400e+01 -6.598116e+00
      vertex   2.850000e+00 1.815988e+01 -6.572561e+00
      vertex   3.825000e+00 1.815988e+01 -6.572561e+00
    endloop
  endfacet
  facet normal -0.000000e+00 1.305254e-01 9.914450e-01
    outer loop
      vertex   2.850000e+00 1.835400e+01 -6.598116e+00
      vertex   3.825000e+00 1.815988e+01 -6.572561e+00
      vertex   3.825000e+00 1.835400e+01 -6.598116e+00
    endloop
  endfacet
  facet normal 0.000000e+00 1.305254e-01 9.914450e-01
    outer loop
      vertex   3.825000e+00 1.835400e+01 -6.598116e+00
      vertex   3.825000e+00 1.815988e+01 -6.572561e+00
      vertex   4.800000e+00 1.815988e+01 -6.572561e+00
    endloop
  endfacet
  facet normal -0.000000e+00 1.305254e-01 9.914450e-01
    outer loop
      vertex   3.825000e+00 1.835400e+01 -6.598116e+00
      vertex   4.800000e+00 1.815988e+01 -6.572561e+00
      vertex   4.800000e+00 1.835400e+01 -6.598116e+00
    endloop
  endfacet
  facet normal 0.000000e+00 1.305254e-01 9.914450e-01
    outer loop
      vertex   4.800000e+00 1.835400e+01 -6.598116e+00
      vertex   4.800000e+00 1.815988e+01 -6.572561e+00
      vertex   5.775000e+00 1.815988e+01 -6.572561e+00
    endloop
  endfacet
  facet normal -0.000000e+00 1.305254e-01 9.914450e-01
    outer loop
      vertex   4.800000e+00 1.835400e+01 -6.598116e+00
      vertex   5.775000e+00 1.815988e+01 -6.572561e+00
      vertex   5.775000e+00 1.835400e+01 -6.598116e+00
    endloop
  endfacet
  facet normal 0.000000e+00 1.305254e-01 9.914450e-01
    outer loop
      vertex   5.775000e+00 1.835400e+01 -6.598116e+00
      vertex   5.775000e+00 1.815988e+01 -6.572561e+00
      vertex   6.750000e+00 1.815988e+01 -6.572561e+00
    endloop
  endfacet
  facet normal -0.000000e+00 1.305254e-01 9.914450e-01
    outer loop
      vertex   5.775000e+00 1.835400e+01 -6.598116e+00
      vertex   6.750000e+00 1.815988e+01 -6.572561e+00
      vertex   6.750000e+00 1.835400e+01 -6.598116e+00
    endloop
  endfacet
  facet normal -1.000000e+00 8.241268e-16 6.344129e-16
    outer loop
      vertex   0.000000e+00 1.683679e+01 -8.447561e+00
      vertex   5.551115e-16 1.751036e+01 -8.447561e+00
      vertex   0.000000e+00 1.751036e+01 -9.322561e+00
    endloop
  endfacet
  facet normal -1.000000e+00 0.000000e+00 -0.000000e+00
    outer loop
      vertex   0.000000e+00 1.683679e+01 -8.447561e+00
      vertex   0.000000e+00 1.751036e+01 -9.322561e+00
      vertex   0.000000e+00 1.650000e+01 -9.322561e+00
    endloop
  endfacet
  facet normal -1.000000e+00 0.000000e+00 0.000000e+00
    outer loop
      vertex   0.000000e+00 1.650000e+01 -9.322561e+00
      vertex   0.000000e+00 1.751036e+01 -9.322561e+00
      vertex   0.000000e+00 1.751036e+01 -1.019756e+01
    endloop
  endfacet
  facet normal -1.000000e+00 0.000000e+00 0.000000e+00
    outer loop
      vertex   0.000000e+00 1.650000e+01 -9.322561e+00
      vertex   0.000000e+00 1.751036e+01 -1.019756e+01
      vertex   0.000000e+00 1.650000e+01 -1.019756e+01
    endloop
  endfacet
  facet normal -1.000000e+00 0.000000e+00 0.000000e+00
    outer loop
      vertex   0.000000e+00 1.650000e+01 -1.019756e+01
      vertex   0.000000e+00 1.751036e+01 -1.019756e+01
      vertex   0.000000e+00 1.751036e+01 -1.107256e+01
    endloop
  endfacet
  facet normal -1.000000e+00 0.000000e+00 0.000000e+00
    outer loop
      vertex   0.000000e+00 1.650000e+01 -1.019756e+01
      vertex   0.000000e+00 1.751036e+01 -1.107256e+01
      vertex   0.000000e+00 1.650000e+01 -1.107256e+01
    endloop
  endfacet
  facet normal -1.000000e+00 0.000000e+00 0.000000e+00
    outer loop
      vertex   0.000000e+00 1.650000e+01 -1.107256e+01
      vertex   0.000000e+00 1.751036e+01 -1.107256e+01
      vertex   0.000000e+00 1.683679e+01 -1.194756e+01
    endloop
  endfacet
  facet normal -1.000000e+00 0.000000e+00 -0.000000e+00
    outer loop
      vertex   0.000000e+00 1.650000e+01 -1.107256e+01
      vertex   0.000000e+00 1.683679e+01 -1.194756e+01
      vertex   0.000000e+00 1.616321e+01 -1.194756e+01
    endloop
  endfacet
  facet normal -1.000000e+00 0.000000e+00 -0.000000e+00
    outer loop
      vertex   0.000000e+00 1.784715e+01 -9.030894e+00
      vertex   0.000000e+00 1.818394e+01 -9.614227e+00
      vertex   0.000000e+00 1.751036e+01 -1.019756e+01
    endloop
  endfacet
  facet normal -1.000000e+00 0.000000e+00 0.000000e+00
    outer loop
      vertex   0.000000e+00 1.784715e+01 -9.030894e+00
      vertex   0.000000e+00 1.751036e+01 -1.019756e+01
      vertex   0.000000e+00 1.751036e+01 -9.322561e+00
    endloop
  endfacet
  facet normal -1.000000e+00 0.000000e+00 0.000000e+00
    outer loop
      vertex   0.000000e+00 1.818394e+01 -9.614227e+00
      vertex   0.000000e+00 1.852073e+01 -1.019756e+01
      vertex   0.000000e+00 1.818394e+01 -1.078089e+01
    endloop
  endfacet
  facet normal -1.000000e+00 0.000000e+00 -0.000000e+00
    outer loop
      vertex   0.000000e+00 1.818394e+01 -9.614227e+00
      vertex   0.000000e+00 1.818394e+01 -1.078089e+01
      vertex   0.000000e+00 1.751036e+01 -1.019756e+01
    endloop
  endfacet
  facet normal -1.000000e+00 0.000000e+00 0.000000e+00
    outer loop
      vertex   0.000000e+00 1.751036e+01 -1.019756e+01
      vertex   0.000000e+00 1.818394e+01 -1.078089e+01
      vertex   0.000000e+00 1.784715e+01 -1.136423e+01
    endloop
  endfacet
  facet normal -1.000000e+00 0.000000e+00 0.000000e+00
    outer loop
      vertex   0.000000e+00 1.751036e+01 -1.019756e+01
      vertex   0.000000e+00 1.784715e+01 -1.136423e+01
      vertex   0.000000e+00 1.751036e+01 -1.107256e+01
    endloop
  endfacet
  facet normal -1.000000e+00 0.000000e+00 0.000000e+00
    outer loop
      vertex   0.000000e+00 1.751036e+01 -1.107256e+01
      vertex   0.000000e+00 1.784715e+01 -1.136423e+01
      vertex   0.000000e+00 1.751036e+01 -1.194756e+01
    endloop
  endfacet
  facet normal -1.000000e+00 0.000000e+00 -0.000000e+00
    outer loop
      vertex   0.000000e+00 1.751036e+01 -1.107256e+01
      vertex   0.000000e+00 1.751036e+01 -1.194756e+01
      vertex   0.000000e+00 1.683679e+01 -1.194756e+01
    endloop
  endfacet
  facet normal -1.000000e+00 0.000000e+00 0.000000e+00
    outer loop
      vertex   0.000000e+00 1.616321e+01 -1.194756e+01
      vertex   0.000000e+00 1.548964e+01 -1.194756e+01
      vertex   0.000000e+00 1.548964e+01 -1.107256e+01
    endloop
  endfacet
  facet normal -1.000000e+00 0.000000e+00 0.000000e+00
    outer loop
      vertex   0.000000e+00 1.616321e+01 -1.194756e+01
      vertex   0.000000e+00 1.548964e+01 -1.107256e+01
      vertex   0.000000e+00 1.650000e+01 -1.107256e+01
    endloop
  endfacet
  facet normal -1.000000e+00 0.000000e+00 0.000000e+00
    outer loop
      vertex   0.000000e+00 1.650000e+01 -1.107256e+01
      vertex   0.000000e+00 1.548964e+01 -1.107256e+01
      vertex   0.000000e+00 1.548964e+01 -1.019756e+01
    endloop
  endfacet
  facet normal -1.000000e+00 0.000000e+00 0.000000e+00
    outer loop
      vertex   0.000000e+00 1.650000e+01 -1.107256e+01
      vertex   0.000000e+00 1.548964e+01 -1.019756e+01
      vertex   0.000000e+00 1.650000e+01 -1.019756e+01
    endloop
  endfacet
  facet normal -1.000000e+00 0.000000e+00 0.000000e+00
    outer loop
      vertex   0.000000e+00 1.650000e+01 -1.019756e+01
      vertex   0.000000e+00 1.548964e+01 -1.019756e+01
      vertex   0.000000e+00 1.548964e+01 -9.322561e+00
    endloop
  endfacet
  facet normal -1.000000e+00 0.000000e+00 0.000000e+00
    outer loop
      vertex   0.000000e+00 1.650000e+01 -1.019756e+01
      vertex   0.000000e+00 1.548964e+01 -9.322561e+00
      vertex   0.000000e+00 1.650000e+01 -9.322561e+00
    endloop
  endfacet
  facet normal -1.000000e+00 0.000000e+00 0.000000e+00
    outer loop
      vertex   0.000000e+00 1.650000e+01 -9.322561e+00
      vertex   0.000000e+00 1.548964e+01 -9.322561e+00
      vertex   0.000000e+00 1.616321e+01 -8.447561e+00
    endloop
  endfacet
  facet normal -1.000000e+00 0.000000e+00 0.000000e+00
    outer loop
      vertex   0.000000e+00 1.650000e+01 -9.322561e+00
      vertex   0.000000e+00 1.616321e+01 -8.447561e+00
      vertex   0.000000e+00 1.683679e+01 -8.447561e+00
    endloop
  endfacet
  facet normal -1.000000e+00 0.000000e+00 0.000000e+00
    outer loop
      vertex   0.000000e+00 1.548964e+01 -1.194756e+01
      vertex   0.000000e+00 1.515285e+01 -1.136423e+01
      vertex   0.000000e+00 1.548964e+01 -1.107256e+01
    endloop
  endfacet
  facet normal -1.000000e+00 -0.000000e+00 0.000000e+00
    outer loop
      vertex   0.000000e+00 1.548964e+01 -1.107256e+01
      vertex   0.000000e+00 1.515285e+01 -1.136423e+01
      vertex   0.000000e+00 1.481606e+01 -1.078089e+01
    endloop
  endfacet
  facet normal -1.000000e+00 0.000000e+00 0.000000e+00
    outer loop
      vertex   0.000000e+00 1.548964e+01 -1.107256e+01
      vertex   0.000000e+00 1.481606e+01 -1.078089e+01
      vertex   0.000000e+00 1.548964e+01 -1.019756e+01
    endloop
  endfacet
  facet normal -1.000000e+00 -0.000000e+00 0.000000e+00
    outer loop
      vertex   0.000000e+00 1.548964e+01 -1.019756e+01
      vertex   0.000000e+00 1.481606e+01 -1.078089e+01
      vertex   0.000000e+00 1.447927e+01 -1.019756e+01
    endloop
  endfacet
  facet normal -1.000000e+00 0.000000e+00 0.000000e+00
    outer loop
      vertex   0.000000e+00 1.548964e+01 -1.019756e+01
      vertex   0.000000e+00 1.447927e+01 -1.019756e+01
      vertex   0.000000e+00 1.481606e+01 -9.614227e+00
    endloop
  endfacet
  facet normal -1.000000e+00 0.000000e+00 0.000000e+00
    outer loop
      vertex   0.000000e+00 1.481606e+01 -9.614227e+00
      vertex   0.000000e+00 1.515285e+01 -9.030894e+00
      vertex   0.000000e+00 1.548964e+01 -9.322561e+00
    endloop
  endfacet
  facet normal -1.000000e+00 0.000000e+00 0.000000e+00
    outer loop
      vertex   0.000000e+00 1.481606e+01 -9.614227e+00
      vertex   0.000000e+00 1.548964e+01 -9.322561e+00
      vertex   0.000000e+00 1.548964e+01 -1.019756e+01
    endloop
  endfacet
  facet normal -1.000000e+00 0.000000e+00 0.000000e+00
    outer loop
      vertex   0.000000e+00 1.515285e+01 -9.030894e+00
      vertex   0.000000e+00 1.548964e+01 -8.447561e+00
      vertex   0.000000e+00 1.616321e+01 -8.447561e+00
    endloop
  endfacet
  facet normal -1.000000e+00 0.000000e+00 0.000000e+00
    outer loop
      vertex   0.000000e+00 1.515285e+01 -9.030894e+00
      vertex   0.000000e+00 1.616321e+01 -8.447561e+00
      vertex   0.000000e+00 1.548964e+01 -9.322561e+00
    endloop
  endfacet
  facet normal -1.000000e+00 -5.494182e-16 6.344129e-16
    outer loop
      vertex   0.000000e+00 1.751036e+01 -9.322561e+00
      vertex   5.551115e-16 1.751036e+01 -8.447561e+00
      vertex   0.000000e+00 1.784715e+01 -9.030894e+00
    endloop
  endfacet
  facet normal 2.290801e-01 9.650799e-01 -1.270556e-01
    outer loop
      vertex   6.750000e+00 1.400000e+01 -1.019756e+01
      vertex   6.750000e+00 1.408519e+01 -9.550513e+00
      vertex   6.944115e+00 1.400771e+01 -9.788972e+00
    endloop
  endfacet
  facet normal 7.406453e-02 9.957909e-01 -5.399003e-02
    outer loop
      vertex   6.750000e+00 1.400000e+01 -1.019756e+01
      vertex   6.944115e+00 1.400771e+01 -9.788972e+00
      vertex   6.944115e+00 1.397815e+01 -1.033429e+01
    endloop
  endfacet
  facet normal 3.807675e-01 9.233147e-01 -5.006050e-02
    outer loop
      vertex   6.944115e+00 1.397815e+01 -1.033429e+01
      vertex   6.944115e+00 1.400771e+01 -9.788972e+00
      vertex   7.125000e+00 1.393378e+01 -9.776850e+00
    endloop
  endfacet
  facet normal 3.807684e-01 9.233143e-01 -5.006083e-02
    outer loop
      vertex   6.944115e+00 1.397815e+01 -1.033429e+01
      vertex   7.125000e+00 1.393378e+01 -9.776850e+00
      vertex   7.125000e+00 1.390333e+01 -1.033835e+01
    endloop
  endfacet
  facet normal 6.065081e-01 7.939112e-01 -4.304477e-02
    outer loop
      vertex   7.125000e+00 1.390333e+01 -1.033835e+01
      vertex   7.125000e+00 1.393378e+01 -9.776850e+00
      vertex   7.280330e+00 1.381616e+01 -9.757567e+00
    endloop
  endfacet
  facet normal 6.065063e-01 7.939127e-01 -4.304405e-02
    outer loop
      vertex   7.125000e+00 1.390333e+01 -1.033835e+01
      vertex   7.280330e+00 1.381616e+01 -9.757567e+00
      vertex   7.280330e+00 1.378432e+01 -1.034480e+01
    endloop
  endfacet
  facet normal 7.916205e-01 6.101170e-01 -3.307908e-02
    outer loop
      vertex   7.280330e+00 1.378432e+01 -1.034480e+01
      vertex   7.280330e+00 1.381616e+01 -9.757567e+00
      vertex   7.399519e+00 1.366287e+01 -9.732438e+00
    endloop
  endfacet
  facet normal 7.916219e-01 6.101151e-01 -3.307973e-02
    outer loop
      vertex   7.280330e+00 1.378432e+01 -1.034480e+01
      vertex   7.399519e+00 1.366287e+01 -9.732438e+00
      vertex   7.399519e+00 1.362922e+01 -1.035321e+01
    endloop
  endfacet
  facet normal 9.230802e-01 3.840434e-01 -2.082239e-02
    outer loop
      vertex   7.399519e+00 1.362922e+01 -1.035321e+01
      vertex   7.399519e+00 1.366287e+01 -9.732438e+00
      vertex   7.474445e+00 1.348437e+01 -9.703174e+00
    endloop
  endfacet
  facet normal 9.230799e-01 3.840443e-01 -2.082216e-02
    outer loop
      vertex   7.399519e+00 1.362922e+01 -1.035321e+01
      vertex   7.474445e+00 1.348437e+01 -9.703174e+00
      vertex   7.474445e+00 1.344860e+01 -1.036300e+01
    endloop
  endfacet
  facet normal 6.415666e-01 7.659424e-01 -4.152795e-02
    outer loop
      vertex   7.474445e+00 1.344860e+01 -1.036300e+01
      vertex   7.474445e+00 1.348437e+01 -9.703174e+00
      vertex   7.487996e+00 1.348988e+01 -9.392255e+00
    endloop
  endfacet
  facet normal 9.945221e-01 1.029190e-01 -1.826022e-02
    outer loop
      vertex   7.474445e+00 1.344860e+01 -1.036300e+01
      vertex   7.487996e+00 1.348988e+01 -9.392255e+00
      vertex   7.499998e+00 1.325447e+01 -1.006542e+01
    endloop
  endfacet
  facet normal -2.563467e-02 9.235761e-01 -3.825572e-01
    outer loop
      vertex   6.750000e+00 1.408519e+01 -9.550513e+00
      vertex   6.750000e+00 1.433494e+01 -8.947561e+00
      vertex   6.944115e+00 1.440963e+01 -8.780252e+00
    endloop
  endfacet
  facet normal 3.568437e-01 8.253452e-01 -4.375704e-01
    outer loop
      vertex   6.750000e+00 1.408519e+01 -9.550513e+00
      vertex   6.944115e+00 1.440963e+01 -8.780252e+00
      vertex   6.944115e+00 1.415382e+01 -9.262756e+00
    endloop
  endfacet
  facet normal 3.807674e-01 8.169578e-01 -4.331236e-01
    outer loop
      vertex   6.944115e+00 1.415382e+01 -9.262756e+00
      vertex   6.944115e+00 1.440963e+01 -8.780252e+00
      vertex   7.125000e+00 1.434761e+01 -8.738205e+00
    endloop
  endfacet
  facet normal 3.807664e-01 8.169584e-01 -4.331235e-01
    outer loop
      vertex   6.944115e+00 1.415382e+01 -9.262756e+00
      vertex   7.125000e+00 1.434761e+01 -8.738205e+00
      vertex   7.125000e+00 1.408421e+01 -9.235024e+00
    endloop
  endfacet
  facet normal 6.065088e-01 7.024601e-01 -3.724204e-01
    outer loop
      vertex   7.125000e+00 1.408421e+01 -9.235024e+00
      vertex   7.125000e+00 1.434761e+01 -8.738205e+00
      vertex   7.280330e+00 1.424896e+01 -8.671317e+00
    endloop
  endfacet
  facet normal 6.065081e-01 7.024607e-01 -3.724203e-01
    outer loop
      vertex   7.125000e+00 1.408421e+01 -9.235024e+00
      vertex   7.280330e+00 1.424896e+01 -8.671317e+00
      vertex   7.280330e+00 1.397349e+01 -9.190907e+00
    endloop
  endfacet
  facet normal 7.916194e-01 5.398389e-01 -2.862039e-01
    outer loop
      vertex   7.280330e+00 1.397349e+01 -9.190907e+00
      vertex   7.280330e+00 1.424896e+01 -8.671317e+00
      vertex   7.399519e+00 1.412039e+01 -8.584148e+00
    endloop
  endfacet
  facet normal 7.916206e-01 5.398373e-01 -2.862037e-01
    outer loop
      vertex   7.280330e+00 1.397349e+01 -9.190907e+00
      vertex   7.399519e+00 1.412039e+01 -8.584148e+00
      vertex   7.399519e+00 1.382919e+01 -9.133413e+00
    endloop
  endfacet
  facet normal 9.230804e-01 3.398049e-01 -1.801532e-01
    outer loop
      vertex   7.399519e+00 1.382919e+01 -9.133413e+00
      vertex   7.399519e+00 1.412039e+01 -8.584148e+00
      vertex   7.474445e+00 1.397068e+01 -8.482637e+00
    endloop
  endfacet
  facet normal 9.505303e-01 2.622678e-01 -1.664563e-01
    outer loop
      vertex   7.399519e+00 1.382919e+01 -9.133413e+00
      vertex   7.474445e+00 1.397068e+01 -8.482637e+00
      vertex   7.476184e+00 1.384780e+01 -8.666311e+00
    endloop
  endfacet
  facet normal 9.235770e-01 3.459193e-01 -1.653644e-01
    outer loop
      vertex   7.399519e+00 1.382919e+01 -9.133413e+00
      vertex   7.476184e+00 1.384780e+01 -8.666311e+00
      vertex   7.474445e+00 1.366115e+01 -9.066461e+00
    endloop
  endfacet
  facet normal 7.593217e-01 5.884489e-01 -2.777743e-01
    outer loop
      vertex   7.474445e+00 1.366115e+01 -9.066461e+00
      vertex   7.476184e+00 1.384780e+01 -8.666311e+00
      vertex   7.487996e+00 1.348988e+01 -9.392255e+00
    endloop
  endfacet
  facet normal 7.955777e-02 7.908382e-01 -6.068323e-01
    outer loop
      vertex   6.750000e+00 1.433494e+01 -8.947561e+00
      vertex   6.750000e+00 1.473223e+01 -8.429794e+00
      vertex   6.944115e+00 1.476318e+01 -8.364019e+00
    endloop
  endfacet
  facet normal 2.559149e-01 7.367820e-01 -6.258273e-01
    outer loop
      vertex   6.750000e+00 1.433494e+01 -8.947561e+00
      vertex   6.944115e+00 1.476318e+01 -8.364019e+00
      vertex   6.944115e+00 1.440963e+01 -8.780252e+00
    endloop
  endfacet
  facet normal 3.807655e-01 7.047501e-01 -5.986192e-01
    outer loop
      vertex   6.944115e+00 1.440963e+01 -8.780252e+00
      vertex   6.944115e+00 1.476318e+01 -8.364019e+00
      vertex   7.125000e+00 1.471165e+01 -8.309624e+00
    endloop
  endfacet
  facet normal 3.807672e-01 7.047491e-01 -5.986192e-01
    outer loop
      vertex   6.944115e+00 1.440963e+01 -8.780252e+00
      vertex   7.125000e+00 1.471165e+01 -8.309624e+00
      vertex   7.125000e+00 1.434761e+01 -8.738205e+00
    endloop
  endfacet
  facet normal 6.065076e-01 6.059781e-01 -5.147223e-01
    outer loop
      vertex   7.125000e+00 1.434761e+01 -8.738205e+00
      vertex   7.125000e+00 1.471165e+01 -8.309624e+00
      vertex   7.280330e+00 1.462968e+01 -8.223093e+00
    endloop
  endfacet
  facet normal 6.065090e-01 6.059769e-01 -5.147221e-01
    outer loop
      vertex   7.125000e+00 1.434761e+01 -8.738205e+00
      vertex   7.280330e+00 1.462968e+01 -8.223093e+00
      vertex   7.280330e+00 1.424896e+01 -8.671317e+00
    endloop
  endfacet
  facet normal 7.916212e-01 4.656901e-01 -3.955612e-01
    outer loop
      vertex   7.280330e+00 1.424896e+01 -8.671317e+00
      vertex   7.280330e+00 1.462968e+01 -8.223093e+00
      vertex   7.399519e+00 1.452286e+01 -8.110324e+00
    endloop
  endfacet
  facet normal 7.916194e-01 4.656924e-01 -3.955620e-01
    outer loop
      vertex   7.280330e+00 1.424896e+01 -8.671317e+00
      vertex   7.399519e+00 1.452286e+01 -8.110324e+00
      vertex   7.399519e+00 1.412039e+01 -8.584148e+00
    endloop
  endfacet
  facet normal 9.230801e-01 2.931337e-01 -2.489895e-01
    outer loop
      vertex   7.399519e+00 1.412039e+01 -8.584148e+00
      vertex   7.399519e+00 1.452286e+01 -8.110324e+00
      vertex   7.474445e+00 1.439847e+01 -7.979001e+00
    endloop
  endfacet
  facet normal 9.230804e-01 2.931329e-01 -2.489892e-01
    outer loop
      vertex   7.399519e+00 1.412039e+01 -8.584148e+00
      vertex   7.474445e+00 1.439847e+01 -7.979001e+00
      vertex   7.474445e+00 1.397068e+01 -8.482637e+00
    endloop
  endfacet
  facet normal 9.805112e-01 1.497369e-01 -1.271876e-01
    outer loop
      vertex   7.474445e+00 1.397068e+01 -8.482637e+00
      vertex   7.474445e+00 1.439847e+01 -7.979001e+00
      vertex   7.487996e+00 1.429752e+01 -7.993371e+00
    endloop
  endfacet
  facet normal 9.647105e-01 1.593501e-01 -2.096216e-01
    outer loop
      vertex   7.487996e+00 1.429752e+01 -7.993371e+00
      vertex   7.474445e+00 1.439847e+01 -7.979001e+00
      vertex   7.474445e+00 1.492453e+01 -7.579103e+00
    endloop
  endfacet
  facet normal 9.920750e-01 8.348445e-02 -9.390221e-02
    outer loop
      vertex   7.487996e+00 1.429752e+01 -7.993371e+00
      vertex   7.474445e+00 1.492453e+01 -7.579103e+00
      vertex   7.499998e+00 1.476280e+01 -7.452921e+00
    endloop
  endfacet
  facet normal 9.913924e-01 7.063232e-02 -1.102367e-01
    outer loop
      vertex   7.499998e+00 1.476280e+01 -7.452921e+00
      vertex   7.474445e+00 1.492453e+01 -7.579103e+00
      vertex   7.500000e+00 1.483904e+01 -7.404048e+00
    endloop
  endfacet
  facet normal 9.999992e-01 6.612957e-04 -1.080422e-03
    outer loop
      vertex   7.499998e+00 1.476280e+01 -7.452921e+00
      vertex   7.500000e+00 1.483904e+01 -7.404048e+00
      vertex   7.500000e+00 1.476795e+01 -7.447561e+00
    endloop
  endfacet
  facet normal 1.571066e-01 6.012020e-01 -7.835009e-01
    outer loop
      vertex   6.750000e+00 1.473223e+01 -8.429794e+00
      vertex   6.750000e+00 1.525000e+01 -8.032497e+00
      vertex   6.944115e+00 1.519794e+01 -8.033521e+00
    endloop
  endfacet
  facet normal 1.707398e-01 5.962875e-01 -7.844037e-01
    outer loop
      vertex   6.750000e+00 1.473223e+01 -8.429794e+00
      vertex   6.944115e+00 1.519794e+01 -8.033521e+00
      vertex   6.944115e+00 1.476318e+01 -8.364019e+00
    endloop
  endfacet
  facet normal 3.807670e-01 5.595867e-01 -7.361245e-01
    outer loop
      vertex   6.944115e+00 1.476318e+01 -8.364019e+00
      vertex   6.944115e+00 1.519794e+01 -8.033521e+00
      vertex   7.125000e+00 1.515931e+01 -7.969320e+00
    endloop
  endfacet
  facet normal 3.807656e-01 5.595875e-01 -7.361246e-01
    outer loop
      vertex   6.944115e+00 1.476318e+01 -8.364019e+00
      vertex   7.125000e+00 1.515931e+01 -7.969320e+00
      vertex   7.125000e+00 1.471165e+01 -8.309624e+00
    endloop
  endfacet
  facet normal 6.065081e-01 4.811604e-01 -6.329555e-01
    outer loop
      vertex   7.125000e+00 1.471165e+01 -8.309624e+00
      vertex   7.125000e+00 1.515931e+01 -7.969320e+00
      vertex   7.280330e+00 1.509786e+01 -7.867192e+00
    endloop
  endfacet
  facet normal 6.065080e-01 4.811604e-01 -6.329555e-01
    outer loop
      vertex   7.125000e+00 1.471165e+01 -8.309624e+00
      vertex   7.280330e+00 1.509786e+01 -7.867192e+00
      vertex   7.280330e+00 1.462968e+01 -8.223093e+00
    endloop
  endfacet
  facet normal 7.916199e-01 3.697699e-01 -4.864239e-01
    outer loop
      vertex   7.280330e+00 1.462968e+01 -8.223093e+00
      vertex   7.280330e+00 1.509786e+01 -7.867192e+00
      vertex   7.399519e+00 1.501778e+01 -7.734097e+00
    endloop
  endfacet
  facet normal 7.916209e-01 3.697686e-01 -4.864231e-01
    outer loop
      vertex   7.280330e+00 1.462968e+01 -8.223093e+00
      vertex   7.399519e+00 1.501778e+01 -7.734097e+00
      vertex   7.399519e+00 1.452286e+01 -8.110324e+00
    endloop
  endfacet
  facet normal 9.230804e-01 2.327541e-01 -3.061832e-01
    outer loop
      vertex   7.399519e+00 1.452286e+01 -8.110324e+00
      vertex   7.399519e+00 1.501778e+01 -7.734097e+00
      vertex   7.474445e+00 1.492453e+01 -7.579103e+00
    endloop
  endfacet
  facet normal 9.230801e-01 2.327546e-01 -3.061836e-01
    outer loop
      vertex   7.399519e+00 1.452286e+01 -8.110324e+00
      vertex   7.474445e+00 1.492453e+01 -7.579103e+00
      vertex   7.474445e+00 1.439847e+01 -7.979001e+00
    endloop
  endfacet
  facet normal 2.074110e-01 3.743618e-01 -9.037886e-01
    outer loop
      vertex   6.750000e+00 1.525000e+01 -8.032497e+00
      vertex   6.750000e+00 1.585295e+01 -7.782746e+00
      vertex   6.944115e+00 1.569359e+01 -7.804210e+00
    endloop
  endfacet
  facet normal 1.072045e-01 4.174695e-01 -9.023450e-01
    outer loop
      vertex   6.750000e+00 1.525000e+01 -8.032497e+00
      vertex   6.944115e+00 1.569359e+01 -7.804210e+00
      vertex   6.944115e+00 1.519794e+01 -8.033521e+00
    endloop
  endfacet
  facet normal 3.807664e-01 3.882596e-01 -8.392088e-01
    outer loop
      vertex   6.944115e+00 1.519794e+01 -8.033521e+00
      vertex   6.944115e+00 1.569359e+01 -7.804210e+00
      vertex   7.125000e+00 1.566966e+01 -7.733207e+00
    endloop
  endfacet
  facet normal 3.807678e-01 3.882589e-01 -8.392085e-01
    outer loop
      vertex   6.944115e+00 1.519794e+01 -8.033521e+00
      vertex   7.125000e+00 1.566966e+01 -7.733207e+00
      vertex   7.125000e+00 1.515931e+01 -7.969320e+00
    endloop
  endfacet
  facet normal 6.065074e-01 3.338443e-01 -7.215932e-01
    outer loop
      vertex   7.125000e+00 1.515931e+01 -7.969320e+00
      vertex   7.125000e+00 1.566966e+01 -7.733207e+00
      vertex   7.280330e+00 1.563161e+01 -7.620257e+00
    endloop
  endfacet
  facet normal 6.065077e-01 3.338441e-01 -7.215931e-01
    outer loop
      vertex   7.125000e+00 1.515931e+01 -7.969320e+00
      vertex   7.280330e+00 1.563161e+01 -7.620257e+00
      vertex   7.280330e+00 1.509786e+01 -7.867192e+00
    endloop
  endfacet
  facet normal 7.916200e-01 2.565577e-01 -5.545411e-01
    outer loop
      vertex   7.280330e+00 1.509786e+01 -7.867192e+00
      vertex   7.280330e+00 1.563161e+01 -7.620257e+00
      vertex   7.399519e+00 1.558201e+01 -7.473058e+00
    endloop
  endfacet
  facet normal 7.916197e-01 2.565580e-01 -5.545414e-01
    outer loop
      vertex   7.280330e+00 1.509786e+01 -7.867192e+00
      vertex   7.399519e+00 1.558201e+01 -7.473058e+00
      vertex   7.399519e+00 1.501778e+01 -7.734097e+00
    endloop
  endfacet
  facet normal 9.230802e-01 1.614924e-01 -3.490603e-01
    outer loop
      vertex   7.399519e+00 1.501778e+01 -7.734097e+00
      vertex   7.399519e+00 1.558201e+01 -7.473058e+00
      vertex   7.474445e+00 1.552425e+01 -7.301641e+00
    endloop
  endfacet
  facet normal 9.230804e-01 1.614921e-01 -3.490600e-01
    outer loop
      vertex   7.399519e+00 1.501778e+01 -7.734097e+00
      vertex   7.474445e+00 1.552425e+01 -7.301641e+00
      vertex   7.474445e+00 1.492453e+01 -7.579103e+00
    endloop
  endfacet
  facet normal 9.230669e-01 1.615057e-01 -3.490894e-01
    outer loop
      vertex   7.474445e+00 1.492453e+01 -7.579103e+00
      vertex   7.474445e+00 1.552425e+01 -7.301641e+00
      vertex   7.487999e+00 1.569224e+01 -7.188080e+00
    endloop
  endfacet
  facet normal 9.934442e-01 3.746970e-02 -1.080034e-01
    outer loop
      vertex   7.474445e+00 1.492453e+01 -7.579103e+00
      vertex   7.487999e+00 1.569224e+01 -7.188080e+00
      vertex   7.499998e+00 1.499146e+01 -7.320832e+00
    endloop
  endfacet
  facet normal 2.320125e-01 1.269641e-01 -9.643912e-01
    outer loop
      vertex   6.750000e+00 1.585295e+01 -7.782746e+00
      vertex   6.750000e+00 1.650000e+01 -7.697561e+00
      vertex   6.944115e+00 1.622694e+01 -7.686810e+00
    endloop
  endfacet
  facet normal 6.833921e-02 2.144686e-01 -9.743372e-01
    outer loop
      vertex   6.750000e+00 1.585295e+01 -7.782746e+00
      vertex   6.944115e+00 1.622694e+01 -7.686810e+00
      vertex   6.944115e+00 1.569359e+01 -7.804210e+00
    endloop
  endfacet
  facet normal 3.807667e-01 1.987776e-01 -9.030527e-01
    outer loop
      vertex   6.944115e+00 1.569359e+01 -7.804210e+00
      vertex   6.944115e+00 1.622694e+01 -7.686810e+00
      vertex   7.125000e+00 1.621884e+01 -7.612324e+00
    endloop
  endfacet
  facet normal 3.807673e-01 1.987773e-01 -9.030525e-01
    outer loop
      vertex   6.944115e+00 1.569359e+01 -7.804210e+00
      vertex   7.125000e+00 1.621884e+01 -7.612324e+00
      vertex   7.125000e+00 1.566966e+01 -7.733207e+00
    endloop
  endfacet
  facet normal 6.065061e-01 1.709188e-01 -7.764903e-01
    outer loop
      vertex   7.125000e+00 1.566966e+01 -7.733207e+00
      vertex   7.125000e+00 1.621884e+01 -7.612324e+00
      vertex   7.280330e+00 1.620595e+01 -7.493834e+00
    endloop
  endfacet
  facet normal 6.065071e-01 1.709182e-01 -7.764896e-01
    outer loop
      vertex   7.125000e+00 1.566966e+01 -7.733207e+00
      vertex   7.280330e+00 1.620595e+01 -7.493834e+00
      vertex   7.280330e+00 1.563161e+01 -7.620257e+00
    endloop
  endfacet
  facet normal 7.916202e-01 1.313498e-01 -5.967284e-01
    outer loop
      vertex   7.280330e+00 1.563161e+01 -7.620257e+00
      vertex   7.280330e+00 1.620595e+01 -7.493834e+00
      vertex   7.399519e+00 1.618916e+01 -7.339414e+00
    endloop
  endfacet
  facet normal 7.916201e-01 1.313499e-01 -5.967285e-01
    outer loop
      vertex   7.280330e+00 1.563161e+01 -7.620257e+00
      vertex   7.399519e+00 1.618916e+01 -7.339414e+00
      vertex   7.399519e+00 1.558201e+01 -7.473058e+00
    endloop
  endfacet
  facet normal 9.230803e-01 8.267919e-02 -3.756153e-01
    outer loop
      vertex   7.399519e+00 1.558201e+01 -7.473058e+00
      vertex   7.399519e+00 1.618916e+01 -7.339414e+00
      vertex   7.474445e+00 1.616960e+01 -7.159589e+00
    endloop
  endfacet
  facet normal 9.230802e-01 8.267928e-02 -3.756155e-01
    outer loop
      vertex   7.399519e+00 1.558201e+01 -7.473058e+00
      vertex   7.474445e+00 1.616960e+01 -7.159589e+00
      vertex   7.474445e+00 1.552425e+01 -7.301641e+00
    endloop
  endfacet
  facet normal 9.839719e-01 3.833428e-02 -1.741542e-01
    outer loop
      vertex   7.474445e+00 1.552425e+01 -7.301641e+00
      vertex   7.474445e+00 1.616960e+01 -7.159589e+00
      vertex   7.487999e+00 1.569224e+01 -7.188080e+00
    endloop
  endfacet
  facet normal 3.959693e-01 6.590834e-02 -9.158954e-01
    outer loop
      vertex   7.487999e+00 1.569224e+01 -7.188080e+00
      vertex   7.474445e+00 1.616960e+01 -7.159589e+00
      vertex   7.476184e+00 1.650000e+01 -7.135061e+00
    endloop
  endfacet
  facet normal 9.237305e-01 2.351809e-02 -3.823205e-01
    outer loop
      vertex   7.476184e+00 1.650000e+01 -7.135061e+00
      vertex   7.474445e+00 1.616960e+01 -7.159589e+00
      vertex   7.399519e+00 1.618916e+01 -7.339414e+00
    endloop
  endfacet
  facet normal 9.362798e-01 0.000000e+00 -3.512551e-01
    outer loop
      vertex   7.476184e+00 1.650000e+01 -7.135061e+00
      vertex   7.399519e+00 1.618916e+01 -7.339414e+00
      vertex   7.399519e+00 1.681084e+01 -7.339414e+00
    endloop
  endfacet
  facet normal 9.237304e-01 -2.351810e-02 -3.823206e-01
    outer loop
      vertex   7.476184e+00 1.650000e+01 -7.135061e+00
      vertex   7.399519e+00 1.681084e+01 -7.339414e+00
      vertex   7.474445e+00 1.683040e+01 -7.159589e+00
    endloop
  endfacet
  facet normal 9.230801e-01 -8.267930e-02 -3.756158e-01
    outer loop
      vertex   7.474445e+00 1.683040e+01 -7.159589e+00
      vertex   7.399519e+00 1.681084e+01 -7.339414e+00
      vertex   7.399519e+00 1.741799e+01 -7.473058e+00
    endloop
  endfacet
  facet normal 9.230802e-01 -8.267914e-02 -3.756155e-01
    outer loop
      vertex   7.474445e+00 1.683040e+01 -7.159589e+00
      vertex   7.399519e+00 1.741799e+01 -7.473058e+00
      vertex   7.474445e+00 1.747575e+01 -7.301641e+00
    endloop
  endfacet
  facet normal 9.230802e-01 -1.614927e-01 -3.490602e-01
    outer loop
      vertex   7.474445e+00 1.747575e+01 -7.301641e+00
      vertex   7.399519e+00 1.741799e+01 -7.473058e+00
      vertex   7.399519e+00 1.798222e+01 -7.734097e+00
    endloop
  endfacet
  facet normal 9.230804e-01 -1.614924e-01 -3.490599e-01
    outer loop
      vertex   7.474445e+00 1.747575e+01 -7.301641e+00
      vertex   7.399519e+00 1.798222e+01 -7.734097e+00
      vertex   7.474445e+00 1.807547e+01 -7.579103e+00
    endloop
  endfacet
  facet normal 9.230804e-01 -2.327541e-01 -3.061832e-01
    outer loop
      vertex   7.474445e+00 1.807547e+01 -7.579103e+00
      vertex   7.399519e+00 1.798222e+01 -7.734097e+00
      vertex   7.399519e+00 1.847714e+01 -8.110324e+00
    endloop
  endfacet
  facet normal 9.230801e-01 -2.327546e-01 -3.061836e-01
    outer loop
      vertex   7.474445e+00 1.807547e+01 -7.579103e+00
      vertex   7.399519e+00 1.847714e+01 -8.110324e+00
      vertex   7.474445e+00 1.860153e+01 -7.979001e+00
    endloop
  endfacet
  facet normal 9.230801e-01 -2.931337e-01 -2.489895e-01
    outer loop
      vertex   7.474445e+00 1.860153e+01 -7.979001e+00
      vertex   7.399519e+00 1.847714e+01 -8.110324e+00
      vertex   7.399519e+00 1.887961e+01 -8.584148e+00
    endloop
  endfacet
  facet normal 9.230804e-01 -2.931329e-01 -2.489892e-01
    outer loop
      vertex   7.474445e+00 1.860153e+01 -7.979001e+00
      vertex   7.399519e+00 1.887961e+01 -8.584148e+00
      vertex   7.474445e+00 1.902932e+01 -8.482637e+00
    endloop
  endfacet
  facet normal 9.230804e-01 -3.398049e-01 -1.801532e-01
    outer loop
      vertex   7.474445e+00 1.902932e+01 -8.482637e+00
      vertex   7.399519e+00 1.887961e+01 -8.584148e+00
      vertex   7.399519e+00 1.917081e+01 -9.133413e+00
    endloop
  endfacet
  facet normal 9.230802e-01 -3.398054e-01 -1.801533e-01
    outer loop
      vertex   7.474445e+00 1.902932e+01 -8.482637e+00
      vertex   7.399519e+00 1.917081e+01 -9.133413e+00
      vertex   7.474445e+00 1.933885e+01 -9.066461e+00
    endloop
  endfacet
  facet normal 9.970319e-01 -6.802120e-02 -3.606254e-02
    outer loop
      vertex   7.474445e+00 1.902932e+01 -8.482637e+00
      vertex   7.474445e+00 1.933885e+01 -9.066461e+00
      vertex   7.476184e+00 1.915220e+01 -8.666311e+00
    endloop
  endfacet
  facet normal 7.593217e-01 -5.884489e-01 -2.777743e-01
    outer loop
      vertex   7.476184e+00 1.915220e+01 -8.666311e+00
      vertex   7.474445e+00 1.933885e+01 -9.066461e+00
      vertex   7.487996e+00 1.951012e+01 -9.392255e+00
    endloop
  endfacet
  facet normal 9.851938e-01 -1.651952e-01 -4.586625e-02
    outer loop
      vertex   7.487996e+00 1.951012e+01 -9.392255e+00
      vertex   7.474445e+00 1.933885e+01 -9.066461e+00
      vertex   7.474445e+00 1.951563e+01 -9.703174e+00
    endloop
  endfacet
  facet normal 9.794768e-01 -1.961986e-01 -4.616613e-02
    outer loop
      vertex   7.487996e+00 1.951012e+01 -9.392255e+00
      vertex   7.474445e+00 1.951563e+01 -9.703174e+00
      vertex   7.500000e+00 1.974973e+01 -1.015589e+01
    endloop
  endfacet
  facet normal 9.982775e-01 -5.860764e-02 -2.697526e-03
    outer loop
      vertex   7.487996e+00 1.951012e+01 -9.392255e+00
      vertex   7.500000e+00 1.974973e+01 -1.015589e+01
      vertex   7.499998e+00 1.974553e+01 -1.006542e+01
    endloop
  endfacet
  facet normal 9.999992e-01 -1.265565e-03 -3.246384e-05
    outer loop
      vertex   7.499998e+00 1.974553e+01 -1.006542e+01
      vertex   7.500000e+00 1.974973e+01 -1.015589e+01
      vertex   7.500000e+00 1.974760e+01 -1.007256e+01
    endloop
  endfacet
  facet normal -2.468712e-03 -1.305254e-01 -9.914419e-01
    outer loop
      vertex   6.750000e+00 1.650000e+01 -7.697561e+00
      vertex   6.750000e+00 1.714705e+01 -7.782746e+00
      vertex   6.944115e+00 1.730641e+01 -7.804210e+00
    endloop
  endfacet
  facet normal 3.357904e-01 -2.024892e-01 -9.199146e-01
    outer loop
      vertex   6.750000e+00 1.650000e+01 -7.697561e+00
      vertex   6.944115e+00 1.730641e+01 -7.804210e+00
      vertex   6.944115e+00 1.677306e+01 -7.686810e+00
    endloop
  endfacet
  facet normal 3.807684e-01 -1.987774e-01 -9.030520e-01
    outer loop
      vertex   6.944115e+00 1.677306e+01 -7.686810e+00
      vertex   6.944115e+00 1.730641e+01 -7.804210e+00
      vertex   7.125000e+00 1.733034e+01 -7.733207e+00
    endloop
  endfacet
  facet normal 3.807678e-01 -1.987773e-01 -9.030523e-01
    outer loop
      vertex   6.944115e+00 1.677306e+01 -7.686810e+00
      vertex   7.125000e+00 1.733034e+01 -7.733207e+00
      vertex   7.125000e+00 1.678116e+01 -7.612324e+00
    endloop
  endfacet
  facet normal 6.065071e-01 -1.709186e-01 -7.764895e-01
    outer loop
      vertex   7.125000e+00 1.678116e+01 -7.612324e+00
      vertex   7.125000e+00 1.733034e+01 -7.733207e+00
      vertex   7.280330e+00 1.736840e+01 -7.620257e+00
    endloop
  endfacet
  facet normal 6.065061e-01 -1.709184e-01 -7.764903e-01
    outer loop
      vertex   7.125000e+00 1.678116e+01 -7.612324e+00
      vertex   7.280330e+00 1.736840e+01 -7.620257e+00
      vertex   7.280330e+00 1.679405e+01 -7.493834e+00
    endloop
  endfacet
  facet normal 7.916201e-01 -1.313498e-01 -5.967285e-01
    outer loop
      vertex   7.280330e+00 1.679405e+01 -7.493834e+00
      vertex   7.280330e+00 1.736840e+01 -7.620257e+00
      vertex   7.399519e+00 1.741799e+01 -7.473058e+00
    endloop
  endfacet
  facet normal 7.916202e-01 -1.313499e-01 -5.967284e-01
    outer loop
      vertex   7.280330e+00 1.679405e+01 -7.493834e+00
      vertex   7.399519e+00 1.741799e+01 -7.473058e+00
      vertex   7.399519e+00 1.681084e+01 -7.339414e+00
    endloop
  endfacet
  facet normal 9.729787e-02 -3.808680e-01 -9.194959e-01
    outer loop
      vertex   6.750000e+00 1.714705e+01 -7.782746e+00
      vertex   6.750000e+00 1.775000e+01 -8.032497e+00
      vertex   6.944115e+00 1.780206e+01 -8.033521e+00
    endloop
  endfacet
  facet normal 2.373848e-01 -4.078871e-01 -8.816329e-01
    outer loop
      vertex   6.750000e+00 1.714705e+01 -7.782746e+00
      vertex   6.944115e+00 1.780206e+01 -8.033521e+00
      vertex   6.944115e+00 1.730641e+01 -7.804210e+00
    endloop
  endfacet
  facet normal 3.807700e-01 -3.882590e-01 -8.392075e-01
    outer loop
      vertex   6.944115e+00 1.730641e+01 -7.804210e+00
      vertex   6.944115e+00 1.780206e+01 -8.033521e+00
      vertex   7.125000e+00 1.784069e+01 -7.969320e+00
    endloop
  endfacet
  facet normal 3.807686e-01 -3.882587e-01 -8.392082e-01
    outer loop
      vertex   6.944115e+00 1.730641e+01 -7.804210e+00
      vertex   7.125000e+00 1.784069e+01 -7.969320e+00
      vertex   7.125000e+00 1.733034e+01 -7.733207e+00
    endloop
  endfacet
  facet normal 6.065061e-01 -3.338447e-01 -7.215941e-01
    outer loop
      vertex   7.125000e+00 1.733034e+01 -7.733207e+00
      vertex   7.125000e+00 1.784069e+01 -7.969320e+00
      vertex   7.280330e+00 1.790214e+01 -7.867192e+00
    endloop
  endfacet
  facet normal 6.065074e-01 -3.338448e-01 -7.215930e-01
    outer loop
      vertex   7.125000e+00 1.733034e+01 -7.733207e+00
      vertex   7.280330e+00 1.790214e+01 -7.867192e+00
      vertex   7.280330e+00 1.736840e+01 -7.620257e+00
    endloop
  endfacet
  facet normal 7.916198e-01 -2.565583e-01 -5.545412e-01
    outer loop
      vertex   7.280330e+00 1.736840e+01 -7.620257e+00
      vertex   7.280330e+00 1.790214e+01 -7.867192e+00
      vertex   7.399519e+00 1.798222e+01 -7.734097e+00
    endloop
  endfacet
  facet normal 7.916200e-01 -2.565583e-01 -5.545409e-01
    outer loop
      vertex   7.280330e+00 1.736840e+01 -7.620257e+00
      vertex   7.399519e+00 1.798222e+01 -7.734097e+00
      vertex   7.399519e+00 1.741799e+01 -7.473058e+00
    endloop
  endfacet
  facet normal 1.693007e-01 -5.999731e-01 -7.819012e-01
    outer loop
      vertex   6.750000e+00 1.775000e+01 -8.032497e+00
      vertex   6.750000e+00 1.826777e+01 -8.429794e+00
      vertex   6.944115e+00 1.823682e+01 -8.364019e+00
    endloop
  endfacet
  facet normal 1.561656e-01 -5.977489e-01 -7.863260e-01
    outer loop
      vertex   6.750000e+00 1.775000e+01 -8.032497e+00
      vertex   6.944115e+00 1.823682e+01 -8.364019e+00
      vertex   6.944115e+00 1.780206e+01 -8.033521e+00
    endloop
  endfacet
  facet normal 3.807655e-01 -5.595870e-01 -7.361249e-01
    outer loop
      vertex   6.944115e+00 1.780206e+01 -8.033521e+00
      vertex   6.944115e+00 1.823682e+01 -8.364019e+00
      vertex   7.125000e+00 1.828835e+01 -8.309624e+00
    endloop
  endfacet
  facet normal 3.807701e-01 -5.595873e-01 -7.361224e-01
    outer loop
      vertex   6.944115e+00 1.780206e+01 -8.033521e+00
      vertex   7.125000e+00 1.828835e+01 -8.309624e+00
      vertex   7.125000e+00 1.784069e+01 -7.969320e+00
    endloop
  endfacet
  facet normal 6.065103e-01 -4.811601e-01 -6.329535e-01
    outer loop
      vertex   7.125000e+00 1.784069e+01 -7.969320e+00
      vertex   7.125000e+00 1.828835e+01 -8.309624e+00
      vertex   7.280330e+00 1.837032e+01 -8.223093e+00
    endloop
  endfacet
  facet normal 6.065058e-01 -4.811607e-01 -6.329575e-01
    outer loop
      vertex   7.125000e+00 1.784069e+01 -7.969320e+00
      vertex   7.280330e+00 1.837032e+01 -8.223093e+00
      vertex   7.280330e+00 1.790214e+01 -7.867192e+00
    endloop
  endfacet
  facet normal 7.916196e-01 -3.697696e-01 -4.864246e-01
    outer loop
      vertex   7.280330e+00 1.790214e+01 -7.867192e+00
      vertex   7.280330e+00 1.837032e+01 -8.223093e+00
      vertex   7.399519e+00 1.847714e+01 -8.110324e+00
    endloop
  endfacet
  facet normal 7.916199e-01 -3.697695e-01 -4.864242e-01
    outer loop
      vertex   7.280330e+00 1.790214e+01 -7.867192e+00
      vertex   7.399519e+00 1.847714e+01 -8.110324e+00
      vertex   7.399519e+00 1.798222e+01 -7.734097e+00
    endloop
  endfacet
  facet normal 2.143426e-01 -7.749152e-01 -5.946123e-01
    outer loop
      vertex   6.750000e+00 1.826777e+01 -8.429794e+00
      vertex   6.750000e+00 1.866506e+01 -8.947561e+00
      vertex   6.944115e+00 1.859038e+01 -8.780252e+00
    endloop
  endfacet
  facet normal 9.740083e-02 -7.585376e-01 -6.443088e-01
    outer loop
      vertex   6.750000e+00 1.826777e+01 -8.429794e+00
      vertex   6.944115e+00 1.859038e+01 -8.780252e+00
      vertex   6.944115e+00 1.823682e+01 -8.364019e+00
    endloop
  endfacet
  facet normal 3.807632e-01 -7.047498e-01 -5.986210e-01
    outer loop
      vertex   6.944115e+00 1.823682e+01 -8.364019e+00
      vertex   6.944115e+00 1.859038e+01 -8.780252e+00
      vertex   7.125000e+00 1.865239e+01 -8.738205e+00
    endloop
  endfacet
  facet normal 3.807655e-01 -7.047497e-01 -5.986197e-01
    outer loop
      vertex   6.944115e+00 1.823682e+01 -8.364019e+00
      vertex   7.125000e+00 1.865239e+01 -8.738205e+00
      vertex   7.125000e+00 1.828835e+01 -8.309624e+00
    endloop
  endfacet
  facet normal 6.065090e-01 -6.059773e-01 -5.147217e-01
    outer loop
      vertex   7.125000e+00 1.828835e+01 -8.309624e+00
      vertex   7.125000e+00 1.865239e+01 -8.738205e+00
      vertex   7.280330e+00 1.875104e+01 -8.671317e+00
    endloop
  endfacet
  facet normal 6.065105e-01 -6.059768e-01 -5.147204e-01
    outer loop
      vertex   7.125000e+00 1.828835e+01 -8.309624e+00
      vertex   7.280330e+00 1.875104e+01 -8.671317e+00
      vertex   7.280330e+00 1.837032e+01 -8.223093e+00
    endloop
  endfacet
  facet normal 7.916194e-01 -4.656924e-01 -3.955620e-01
    outer loop
      vertex   7.280330e+00 1.837032e+01 -8.223093e+00
      vertex   7.280330e+00 1.875104e+01 -8.671317e+00
      vertex   7.399519e+00 1.887961e+01 -8.584148e+00
    endloop
  endfacet
  facet normal 7.916194e-01 -4.656924e-01 -3.955620e-01
    outer loop
      vertex   7.280330e+00 1.837032e+01 -8.223093e+00
      vertex   7.399519e+00 1.887961e+01 -8.584148e+00
      vertex   7.399519e+00 1.847714e+01 -8.110324e+00
    endloop
  endfacet
  facet normal 2.339661e-01 -8.982372e-01 -3.720615e-01
    outer loop
      vertex   6.750000e+00 1.866506e+01 -8.947561e+00
      vertex   6.750000e+00 1.891481e+01 -9.550513e+00
      vertex   6.944115e+00 1.884618e+01 -9.262756e+00
    endloop
  endfacet
  facet normal 6.365288e-02 -8.817204e-01 -4.674586e-01
    outer loop
      vertex   6.750000e+00 1.866506e+01 -8.947561e+00
      vertex   6.944115e+00 1.884618e+01 -9.262756e+00
      vertex   6.944115e+00 1.859038e+01 -8.780252e+00
    endloop
  endfacet
  facet normal 3.807663e-01 -8.169582e-01 -4.331239e-01
    outer loop
      vertex   6.944115e+00 1.859038e+01 -8.780252e+00
      vertex   6.944115e+00 1.884618e+01 -9.262756e+00
      vertex   7.125000e+00 1.891579e+01 -9.235024e+00
    endloop
  endfacet
  facet normal 3.807629e-01 -8.169589e-01 -4.331257e-01
    outer loop
      vertex   6.944115e+00 1.859038e+01 -8.780252e+00
      vertex   7.125000e+00 1.891579e+01 -9.235024e+00
      vertex   7.125000e+00 1.865239e+01 -8.738205e+00
    endloop
  endfacet
  facet normal 6.065046e-01 -7.024622e-01 -3.724232e-01
    outer loop
      vertex   7.125000e+00 1.865239e+01 -8.738205e+00
      vertex   7.125000e+00 1.891579e+01 -9.235024e+00
      vertex   7.280330e+00 1.902651e+01 -9.190907e+00
    endloop
  endfacet
  facet normal 6.065088e-01 -7.024602e-01 -3.724201e-01
    outer loop
      vertex   7.125000e+00 1.865239e+01 -8.738205e+00
      vertex   7.280330e+00 1.902651e+01 -9.190907e+00
      vertex   7.280330e+00 1.875104e+01 -8.671317e+00
    endloop
  endfacet
  facet normal 7.916206e-01 -5.398375e-01 -2.862032e-01
    outer loop
      vertex   7.280330e+00 1.875104e+01 -8.671317e+00
      vertex   7.280330e+00 1.902651e+01 -9.190907e+00
      vertex   7.399519e+00 1.917081e+01 -9.133413e+00
    endloop
  endfacet
  facet normal 7.916195e-01 -5.398385e-01 -2.862044e-01
    outer loop
      vertex   7.280330e+00 1.875104e+01 -8.671317e+00
      vertex   7.399519e+00 1.917081e+01 -9.133413e+00
      vertex   7.399519e+00 1.887961e+01 -8.584148e+00
    endloop
  endfacet
  facet normal 1.966658e-02 -9.912530e-01 -1.305014e-01
    outer loop
      vertex   6.750000e+00 1.891481e+01 -9.550513e+00
      vertex   6.750000e+00 1.900000e+01 -1.019756e+01
      vertex   6.944115e+00 1.902185e+01 -1.033429e+01
    endloop
  endfacet
  facet normal 3.150987e-01 -9.476670e-01 -5.138084e-02
    outer loop
      vertex   6.750000e+00 1.891481e+01 -9.550513e+00
      vertex   6.944115e+00 1.902185e+01 -1.033429e+01
      vertex   6.944115e+00 1.899229e+01 -9.788972e+00
    endloop
  endfacet
  facet normal 3.807632e-01 -9.233165e-01 -5.006060e-02
    outer loop
      vertex   6.944115e+00 1.899229e+01 -9.788972e+00
      vertex   6.944115e+00 1.902185e+01 -1.033429e+01
      vertex   7.125000e+00 1.909667e+01 -1.033835e+01
    endloop
  endfacet
  facet normal 3.807675e-01 -9.233148e-01 -5.005889e-02
    outer loop
      vertex   6.944115e+00 1.899229e+01 -9.788972e+00
      vertex   7.125000e+00 1.909667e+01 -1.033835e+01
      vertex   7.125000e+00 1.906622e+01 -9.776850e+00
    endloop
  endfacet
  facet normal 6.065102e-01 -7.939098e-01 -4.304301e-02
    outer loop
      vertex   7.125000e+00 1.906622e+01 -9.776850e+00
      vertex   7.125000e+00 1.909667e+01 -1.033835e+01
      vertex   7.280330e+00 1.921568e+01 -1.034480e+01
    endloop
  endfacet
  facet normal 6.065043e-01 -7.939141e-01 -4.304573e-02
    outer loop
      vertex   7.125000e+00 1.906622e+01 -9.776850e+00
      vertex   7.280330e+00 1.921568e+01 -1.034480e+01
      vertex   7.280330e+00 1.918384e+01 -9.757567e+00
    endloop
  endfacet
  facet normal 7.916196e-01 -6.101181e-01 -3.308038e-02
    outer loop
      vertex   7.280330e+00 1.918384e+01 -9.757567e+00
      vertex   7.280330e+00 1.921568e+01 -1.034480e+01
      vertex   7.399519e+00 1.937078e+01 -1.035321e+01
    endloop
  endfacet
  facet normal 7.916205e-01 -6.101169e-01 -3.307983e-02
    outer loop
      vertex   7.280330e+00 1.918384e+01 -9.757567e+00
      vertex   7.399519e+00 1.937078e+01 -1.035321e+01
      vertex   7.399519e+00 1.933713e+01 -9.732438e+00
    endloop
  endfacet
  facet normal 9.230798e-01 -3.840443e-01 -2.082244e-02
    outer loop
      vertex   7.399519e+00 1.933713e+01 -9.732438e+00
      vertex   7.399519e+00 1.937078e+01 -1.035321e+01
      vertex   7.474445e+00 1.955140e+01 -1.036300e+01
    endloop
  endfacet
  facet normal 9.230802e-01 -3.840435e-01 -2.082211e-02
    outer loop
      vertex   7.399519e+00 1.933713e+01 -9.732438e+00
      vertex   7.474445e+00 1.955140e+01 -1.036300e+01
      vertex   7.474445e+00 1.951563e+01 -9.703174e+00
    endloop
  endfacet
  facet normal 9.915780e-01 -1.293208e-01 -7.011529e-03
    outer loop
      vertex   7.474445e+00 1.951563e+01 -9.703174e+00
      vertex   7.474445e+00 1.955140e+01 -1.036300e+01
      vertex   7.499998e+00 1.974553e+01 -1.032970e+01
    endloop
  endfacet
  facet normal 9.978861e-01 -6.251307e-02 1.776029e-02
    outer loop
      vertex   7.474445e+00 1.951563e+01 -9.703174e+00
      vertex   7.499998e+00 1.974553e+01 -1.032970e+01
      vertex   7.500000e+00 1.974760e+01 -1.032256e+01
    endloop
  endfacet
  facet normal 9.947231e-01 -1.025624e-01 2.630897e-03
    outer loop
      vertex   7.474445e+00 1.951563e+01 -9.703174e+00
      vertex   7.500000e+00 1.974760e+01 -1.032256e+01
      vertex   7.500000e+00 1.974973e+01 -1.023924e+01
    endloop
  endfacet
  facet normal 1.139250e-01 -9.849899e-01 1.296769e-01
    outer loop
      vertex   6.750000e+00 1.900000e+01 -1.019756e+01
      vertex   6.750000e+00 1.891481e+01 -1.084461e+01
      vertex   6.944115e+00 1.893350e+01 -1.087322e+01
    endloop
  endfacet
  facet normal 2.195568e-01 -9.627475e-01 1.578354e-01
    outer loop
      vertex   6.750000e+00 1.900000e+01 -1.019756e+01
      vertex   6.944115e+00 1.893350e+01 -1.087322e+01
      vertex   6.944115e+00 1.902185e+01 -1.033429e+01
    endloop
  endfacet
  facet normal 3.807668e-01 -9.124898e-01 1.495960e-01
    outer loop
      vertex   6.944115e+00 1.902185e+01 -1.033429e+01
      vertex   6.944115e+00 1.893350e+01 -1.087322e+01
      vertex   7.125000e+00 1.900569e+01 -1.089326e+01
    endloop
  endfacet
  facet normal 3.807636e-01 -9.124913e-01 1.495950e-01
    outer loop
      vertex   6.944115e+00 1.902185e+01 -1.033429e+01
      vertex   7.125000e+00 1.900569e+01 -1.089326e+01
      vertex   7.125000e+00 1.909667e+01 -1.033835e+01
    endloop
  endfacet
  facet normal 6.065095e-01 -7.846024e-01 1.286287e-01
    outer loop
      vertex   7.125000e+00 1.909667e+01 -1.033835e+01
      vertex   7.125000e+00 1.900569e+01 -1.089326e+01
      vertex   7.280330e+00 1.912054e+01 -1.092515e+01
    endloop
  endfacet
  facet normal 6.065101e-01 -7.846019e-01 1.286289e-01
    outer loop
      vertex   7.125000e+00 1.909667e+01 -1.033835e+01
      vertex   7.280330e+00 1.912054e+01 -1.092515e+01
      vertex   7.280330e+00 1.921568e+01 -1.034480e+01
    endloop
  endfacet
  facet normal 7.916204e-01 -6.029641e-01 9.885087e-02
    outer loop
      vertex   7.280330e+00 1.921568e+01 -1.034480e+01
      vertex   7.280330e+00 1.912054e+01 -1.092515e+01
      vertex   7.399519e+00 1.927021e+01 -1.096671e+01
    endloop
  endfacet
  facet normal 7.916195e-01 -6.029652e-01 9.885060e-02
    outer loop
      vertex   7.280330e+00 1.921568e+01 -1.034480e+01
      vertex   7.399519e+00 1.927021e+01 -1.096671e+01
      vertex   7.399519e+00 1.937078e+01 -1.035321e+01
    endloop
  endfacet
  facet normal 9.230801e-01 -3.795412e-01 6.222229e-02
    outer loop
      vertex   7.399519e+00 1.937078e+01 -1.035321e+01
      vertex   7.399519e+00 1.927021e+01 -1.096671e+01
      vertex   7.474445e+00 1.944450e+01 -1.101510e+01
    endloop
  endfacet
  facet normal 9.230799e-01 -3.795417e-01 6.222220e-02
    outer loop
      vertex   7.399519e+00 1.937078e+01 -1.035321e+01
      vertex   7.474445e+00 1.944450e+01 -1.101510e+01
      vertex   7.474445e+00 1.955140e+01 -1.036300e+01
    endloop
  endfacet
  facet normal 9.774863e-01 -2.082192e-01 3.413554e-02
    outer loop
      vertex   7.474445e+00 1.955140e+01 -1.036300e+01
      vertex   7.474445e+00 1.944450e+01 -1.101510e+01
      vertex   7.487996e+00 1.951012e+01 -1.100287e+01
    endloop
  endfacet
  facet normal 9.903375e-01 -1.354572e-01 2.971346e-02
    outer loop
      vertex   7.474445e+00 1.955140e+01 -1.036300e+01
      vertex   7.487996e+00 1.951012e+01 -1.100287e+01
      vertex   7.499998e+00 1.974553e+01 -1.032970e+01
    endloop
  endfacet
  facet normal 1.804193e-01 -9.087187e-01 3.764030e-01
    outer loop
      vertex   6.750000e+00 1.891481e+01 -1.084461e+01
      vertex   6.750000e+00 1.866506e+01 -1.144756e+01
      vertex   6.944115e+00 1.873136e+01 -1.138055e+01
    endloop
  endfacet
  facet normal 1.425051e-01 -9.194959e-01 3.663599e-01
    outer loop
      vertex   6.750000e+00 1.891481e+01 -1.084461e+01
      vertex   6.944115e+00 1.873136e+01 -1.138055e+01
      vertex   6.944115e+00 1.893350e+01 -1.087322e+01
    endloop
  endfacet
  facet normal 3.807663e-01 -8.589984e-01 3.422555e-01
    outer loop
      vertex   6.944115e+00 1.893350e+01 -1.087322e+01
      vertex   6.944115e+00 1.873136e+01 -1.138055e+01
      vertex   7.125000e+00 1.879756e+01 -1.141565e+01
    endloop
  endfacet
  facet normal 3.807661e-01 -8.589985e-01 3.422555e-01
    outer loop
      vertex   6.944115e+00 1.893350e+01 -1.087322e+01
      vertex   7.125000e+00 1.879756e+01 -1.141565e+01
      vertex   7.125000e+00 1.900569e+01 -1.089326e+01
    endloop
  endfacet
  facet normal 6.065071e-01 -7.386092e-01 2.942881e-01
    outer loop
      vertex   7.125000e+00 1.900569e+01 -1.089326e+01
      vertex   7.125000e+00 1.879756e+01 -1.141565e+01
      vertex   7.280330e+00 1.890286e+01 -1.147148e+01
    endloop
  endfacet
  facet normal 6.065100e-01 -7.386067e-01 2.942884e-01
    outer loop
      vertex   7.125000e+00 1.900569e+01 -1.089326e+01
      vertex   7.280330e+00 1.890286e+01 -1.147148e+01
      vertex   7.280330e+00 1.912054e+01 -1.092515e+01
    endloop
  endfacet
  facet normal 7.916197e-01 -5.676177e-01 2.261600e-01
    outer loop
      vertex   7.280330e+00 1.912054e+01 -1.092515e+01
      vertex   7.280330e+00 1.890286e+01 -1.147148e+01
      vertex   7.399519e+00 1.904010e+01 -1.154423e+01
    endloop
  endfacet
  facet normal 7.916203e-01 -5.676168e-01 2.261600e-01
    outer loop
      vertex   7.280330e+00 1.912054e+01 -1.092515e+01
      vertex   7.399519e+00 1.904010e+01 -1.154423e+01
      vertex   7.399519e+00 1.927021e+01 -1.096671e+01
    endloop
  endfacet
  facet normal 9.230802e-01 -3.572912e-01 1.423584e-01
    outer loop
      vertex   7.399519e+00 1.927021e+01 -1.096671e+01
      vertex   7.399519e+00 1.904010e+01 -1.154423e+01
      vertex   7.474445e+00 1.919991e+01 -1.162896e+01
    endloop
  endfacet
  facet normal 9.230801e-01 -3.572916e-01 1.423584e-01
    outer loop
      vertex   7.399519e+00 1.927021e+01 -1.096671e+01
      vertex   7.474445e+00 1.919991e+01 -1.162896e+01
      vertex   7.474445e+00 1.944450e+01 -1.101510e+01
    endloop
  endfacet
  facet normal 9.723597e-01 -2.169049e-01 8.642306e-02
    outer loop
      vertex   7.474445e+00 1.944450e+01 -1.101510e+01
      vertex   7.474445e+00 1.919991e+01 -1.162896e+01
      vertex   7.487996e+00 1.951012e+01 -1.100287e+01
    endloop
  endfacet
  facet normal 3.764906e-01 -8.333308e-01 4.047401e-01
    outer loop
      vertex   7.487996e+00 1.951012e+01 -1.100287e+01
      vertex   7.474445e+00 1.919991e+01 -1.162896e+01
      vertex   7.476184e+00 1.915220e+01 -1.172881e+01
    endloop
  endfacet
  facet normal 9.238784e-01 -3.387826e-01 1.779748e-01
    outer loop
      vertex   7.476184e+00 1.915220e+01 -1.172881e+01
      vertex   7.474445e+00 1.919991e+01 -1.162896e+01
      vertex   7.399519e+00 1.904010e+01 -1.154423e+01
    endloop
  endfacet
  facet normal 9.315248e-01 -3.010123e-01 2.040912e-01
    outer loop
      vertex   7.476184e+00 1.915220e+01 -1.172881e+01
      vertex   7.399519e+00 1.904010e+01 -1.154423e+01
      vertex   7.399519e+00 1.869122e+01 -1.205880e+01
    endloop
  endfacet
  facet normal 9.233779e-01 -3.128359e-01 2.225015e-01
    outer loop
      vertex   7.476184e+00 1.915220e+01 -1.172881e+01
      vertex   7.399519e+00 1.869122e+01 -1.205880e+01
      vertex   7.474445e+00 1.882908e+01 -1.217590e+01
    endloop
  endfacet
  facet normal 9.230802e-01 -2.644942e-01 2.792234e-01
    outer loop
      vertex   7.474445e+00 1.882908e+01 -1.217590e+01
      vertex   7.399519e+00 1.869122e+01 -1.205880e+01
      vertex   7.399519e+00 1.823988e+01 -1.248633e+01
    endloop
  endfacet
  facet normal 9.230806e-01 -2.644938e-01 2.792226e-01
    outer loop
      vertex   7.474445e+00 1.882908e+01 -1.217590e+01
      vertex   7.399519e+00 1.823988e+01 -1.248633e+01
      vertex   7.474445e+00 1.834934e+01 -1.263033e+01
    endloop
  endfacet
  facet normal 9.230806e-01 -1.982854e-01 3.295528e-01
    outer loop
      vertex   7.474445e+00 1.834934e+01 -1.263033e+01
      vertex   7.399519e+00 1.823988e+01 -1.248633e+01
      vertex   7.399519e+00 1.770718e+01 -1.280684e+01
    endloop
  endfacet
  facet normal 9.230805e-01 -1.982855e-01 3.295532e-01
    outer loop
      vertex   7.474445e+00 1.834934e+01 -1.263033e+01
      vertex   7.399519e+00 1.770718e+01 -1.280684e+01
      vertex   7.474445e+00 1.778313e+01 -1.297101e+01
    endloop
  endfacet
  facet normal 9.230805e-01 -1.228057e-01 3.644737e-01
    outer loop
      vertex   7.474445e+00 1.778313e+01 -1.297101e+01
      vertex   7.399519e+00 1.770718e+01 -1.280684e+01
      vertex   7.399519e+00 1.711804e+01 -1.300534e+01
    endloop
  endfacet
  facet normal 9.230799e-01 -1.228057e-01 3.644754e-01
    outer loop
      vertex   7.474445e+00 1.778313e+01 -1.297101e+01
      vertex   7.399519e+00 1.711804e+01 -1.300534e+01
      vertex   7.474445e+00 1.715693e+01 -1.318200e+01
    endloop
  endfacet
  facet normal 9.230799e-01 -4.158360e-02 3.823537e-01
    outer loop
      vertex   7.474445e+00 1.715693e+01 -1.318200e+01
      vertex   7.399519e+00 1.711804e+01 -1.300534e+01
      vertex   7.399519e+00 1.650000e+01 -1.307256e+01
    endloop
  endfacet
  facet normal 9.230803e-01 -4.158381e-02 3.823527e-01
    outer loop
      vertex   7.474445e+00 1.715693e+01 -1.318200e+01
      vertex   7.399519e+00 1.650000e+01 -1.307256e+01
      vertex   7.474445e+00 1.650000e+01 -1.325345e+01
    endloop
  endfacet
  facet normal 9.230803e-01 4.158357e-02 3.823527e-01
    outer loop
      vertex   7.474445e+00 1.650000e+01 -1.325345e+01
      vertex   7.399519e+00 1.650000e+01 -1.307256e+01
      vertex   7.399519e+00 1.588196e+01 -1.300534e+01
    endloop
  endfacet
  facet normal 9.230800e-01 4.158388e-02 3.823534e-01
    outer loop
      vertex   7.474445e+00 1.650000e+01 -1.325345e+01
      vertex   7.399519e+00 1.588196e+01 -1.300534e+01
      vertex   7.474445e+00 1.584307e+01 -1.318200e+01
    endloop
  endfacet
  facet normal 9.230801e-01 1.228058e-01 3.644747e-01
    outer loop
      vertex   7.474445e+00 1.584307e+01 -1.318200e+01
      vertex   7.399519e+00 1.588196e+01 -1.300534e+01
      vertex   7.399519e+00 1.529282e+01 -1.280684e+01
    endloop
  endfacet
  facet normal 9.230805e-01 1.228052e-01 3.644740e-01
    outer loop
      vertex   7.474445e+00 1.584307e+01 -1.318200e+01
      vertex   7.399519e+00 1.529282e+01 -1.280684e+01
      vertex   7.474445e+00 1.521687e+01 -1.297101e+01
    endloop
  endfacet
  facet normal 9.230804e-01 1.982859e-01 3.295530e-01
    outer loop
      vertex   7.474445e+00 1.521687e+01 -1.297101e+01
      vertex   7.399519e+00 1.529282e+01 -1.280684e+01
      vertex   7.399519e+00 1.476012e+01 -1.248633e+01
    endloop
  endfacet
  facet normal 9.230807e-01 1.982855e-01 3.295526e-01
    outer loop
      vertex   7.474445e+00 1.521687e+01 -1.297101e+01
      vertex   7.399519e+00 1.476012e+01 -1.248633e+01
      vertex   7.474445e+00 1.465066e+01 -1.263033e+01
    endloop
  endfacet
  facet normal 9.230806e-01 2.644931e-01 2.792231e-01
    outer loop
      vertex   7.474445e+00 1.465066e+01 -1.263033e+01
      vertex   7.399519e+00 1.476012e+01 -1.248633e+01
      vertex   7.399519e+00 1.430878e+01 -1.205880e+01
    endloop
  endfacet
  facet normal 9.230802e-01 2.644940e-01 2.792235e-01
    outer loop
      vertex   7.474445e+00 1.465066e+01 -1.263033e+01
      vertex   7.399519e+00 1.430878e+01 -1.205880e+01
      vertex   7.474445e+00 1.417092e+01 -1.217590e+01
    endloop
  endfacet
  facet normal 9.848254e-01 1.193489e-01 1.259954e-01
    outer loop
      vertex   7.474445e+00 1.465066e+01 -1.263033e+01
      vertex   7.474445e+00 1.417092e+01 -1.217590e+01
      vertex   7.487996e+00 1.429752e+01 -1.240175e+01
    endloop
  endfacet
  facet normal 9.001553e-01 3.546778e-01 2.528321e-01
    outer loop
      vertex   7.487996e+00 1.429752e+01 -1.240175e+01
      vertex   7.474445e+00 1.417092e+01 -1.217590e+01
      vertex   7.476184e+00 1.384780e+01 -1.172881e+01
    endloop
  endfacet
  facet normal 9.233779e-01 3.128359e-01 2.225015e-01
    outer loop
      vertex   7.476184e+00 1.384780e+01 -1.172881e+01
      vertex   7.474445e+00 1.417092e+01 -1.217590e+01
      vertex   7.399519e+00 1.430878e+01 -1.205880e+01
    endloop
  endfacet
  facet normal 9.315248e-01 3.010123e-01 2.040912e-01
    outer loop
      vertex   7.476184e+00 1.384780e+01 -1.172881e+01
      vertex   7.399519e+00 1.430878e+01 -1.205880e+01
      vertex   7.399519e+00 1.395990e+01 -1.154423e+01
    endloop
  endfacet
  facet normal 9.238784e-01 3.387826e-01 1.779748e-01
    outer loop
      vertex   7.476184e+00 1.384780e+01 -1.172881e+01
      vertex   7.399519e+00 1.395990e+01 -1.154423e+01
      vertex   7.474445e+00 1.380009e+01 -1.162896e+01
    endloop
  endfacet
  facet normal 9.230802e-01 3.572915e-01 1.423577e-01
    outer loop
      vertex   7.474445e+00 1.380009e+01 -1.162896e+01
      vertex   7.399519e+00 1.395990e+01 -1.154423e+01
      vertex   7.399519e+00 1.372979e+01 -1.096671e+01
    endloop
  endfacet
  facet normal 9.230801e-01 3.572918e-01 1.423578e-01
    outer loop
      vertex   7.474445e+00 1.380009e+01 -1.162896e+01
      vertex   7.399519e+00 1.372979e+01 -1.096671e+01
      vertex   7.474445e+00 1.355550e+01 -1.101510e+01
    endloop
  endfacet
  facet normal 9.230801e-01 3.795410e-01 6.222299e-02
    outer loop
      vertex   7.474445e+00 1.355550e+01 -1.101510e+01
      vertex   7.399519e+00 1.372979e+01 -1.096671e+01
      vertex   7.399519e+00 1.362922e+01 -1.035321e+01
    endloop
  endfacet
  facet normal 9.230799e-01 3.795417e-01 6.222289e-02
    outer loop
      vertex   7.474445e+00 1.355550e+01 -1.101510e+01
      vertex   7.399519e+00 1.362922e+01 -1.035321e+01
      vertex   7.474445e+00 1.344860e+01 -1.036300e+01
    endloop
  endfacet
  facet normal 2.202559e-01 -7.738704e-01 5.938113e-01
    outer loop
      vertex   6.750000e+00 1.866506e+01 -1.144756e+01
      vertex   6.750000e+00 1.826777e+01 -1.196533e+01
      vertex   6.944115e+00 1.842488e+01 -1.183257e+01
    endloop
  endfacet
  facet normal 8.860760e-02 -8.244335e-01 5.589796e-01
    outer loop
      vertex   6.750000e+00 1.866506e+01 -1.144756e+01
      vertex   6.944115e+00 1.842488e+01 -1.183257e+01
      vertex   6.944115e+00 1.873136e+01 -1.138055e+01
    endloop
  endfacet
  facet normal 3.807643e-01 -7.653410e-01 5.189139e-01
    outer loop
      vertex   6.944115e+00 1.873136e+01 -1.138055e+01
      vertex   6.944115e+00 1.842488e+01 -1.183257e+01
      vertex   7.125000e+00 1.848199e+01 -1.188108e+01
    endloop
  endfacet
  facet normal 3.807671e-01 -7.653395e-01 5.189142e-01
    outer loop
      vertex   6.944115e+00 1.873136e+01 -1.138055e+01
      vertex   7.125000e+00 1.848199e+01 -1.188108e+01
      vertex   7.125000e+00 1.879756e+01 -1.141565e+01
    endloop
  endfacet
  facet normal 6.065077e-01 -6.580765e-01 4.461879e-01
    outer loop
      vertex   7.125000e+00 1.879756e+01 -1.141565e+01
      vertex   7.125000e+00 1.848199e+01 -1.188108e+01
      vertex   7.280330e+00 1.857283e+01 -1.195824e+01
    endloop
  endfacet
  facet normal 6.065073e-01 -6.580769e-01 4.461880e-01
    outer loop
      vertex   7.125000e+00 1.879756e+01 -1.141565e+01
      vertex   7.280330e+00 1.857283e+01 -1.195824e+01
      vertex   7.280330e+00 1.890286e+01 -1.147148e+01
    endloop
  endfacet
  facet normal 7.916207e-01 -5.057283e-01 3.428929e-01
    outer loop
      vertex   7.280330e+00 1.890286e+01 -1.147148e+01
      vertex   7.280330e+00 1.857283e+01 -1.195824e+01
      vertex   7.399519e+00 1.869122e+01 -1.205880e+01
    endloop
  endfacet
  facet normal 7.916193e-01 -5.057302e-01 3.428933e-01
    outer loop
      vertex   7.280330e+00 1.890286e+01 -1.147148e+01
      vertex   7.399519e+00 1.869122e+01 -1.205880e+01
      vertex   7.399519e+00 1.904010e+01 -1.154423e+01
    endloop
  endfacet
  facet normal 2.349390e-01 -5.917223e-01 7.711474e-01
    outer loop
      vertex   6.750000e+00 1.826777e+01 -1.196533e+01
      vertex   6.750000e+00 1.775000e+01 -1.236262e+01
      vertex   6.944115e+00 1.802840e+01 -1.220814e+01
    endloop
  endfacet
  facet normal 5.999979e-02 -6.864607e-01 7.246873e-01
    outer loop
      vertex   6.750000e+00 1.826777e+01 -1.196533e+01
      vertex   6.944115e+00 1.802840e+01 -1.220814e+01
      vertex   6.944115e+00 1.842488e+01 -1.183257e+01
    endloop
  endfacet
  facet normal 3.807622e-01 -6.358973e-01 6.713083e-01
    outer loop
      vertex   6.944115e+00 1.842488e+01 -1.183257e+01
      vertex   6.944115e+00 1.802840e+01 -1.220814e+01
      vertex   7.125000e+00 1.807374e+01 -1.226779e+01
    endloop
  endfacet
  facet normal 3.807641e-01 -6.358962e-01 6.713082e-01
    outer loop
      vertex   6.944115e+00 1.842488e+01 -1.183257e+01
      vertex   7.125000e+00 1.807374e+01 -1.226779e+01
      vertex   7.125000e+00 1.848199e+01 -1.188108e+01
    endloop
  endfacet
  facet normal 6.065080e-01 -5.467740e-01 5.772229e-01
    outer loop
      vertex   7.125000e+00 1.848199e+01 -1.188108e+01
      vertex   7.125000e+00 1.807374e+01 -1.226779e+01
      vertex   7.280330e+00 1.814587e+01 -1.236267e+01
    endloop
  endfacet
  facet normal 6.065080e-01 -5.467739e-01 5.772229e-01
    outer loop
      vertex   7.125000e+00 1.848199e+01 -1.188108e+01
      vertex   7.280330e+00 1.814587e+01 -1.236267e+01
      vertex   7.280330e+00 1.857283e+01 -1.195824e+01
    endloop
  endfacet
  facet normal 7.916208e-01 -4.201929e-01 4.435927e-01
    outer loop
      vertex   7.280330e+00 1.857283e+01 -1.195824e+01
      vertex   7.280330e+00 1.814587e+01 -1.236267e+01
      vertex   7.399519e+00 1.823988e+01 -1.248633e+01
    endloop
  endfacet
  facet normal 7.916208e-01 -4.201929e-01 4.435927e-01
    outer loop
      vertex   7.280330e+00 1.857283e+01 -1.195824e+01
      vertex   7.399519e+00 1.823988e+01 -1.248633e+01
      vertex   7.399519e+00 1.869122e+01 -1.205880e+01
    endloop
  endfacet
  facet normal 4.072569e-02 -3.823654e-01 9.231133e-01
    outer loop
      vertex   6.750000e+00 1.775000e+01 -1.236262e+01
      vertex   6.750000e+00 1.714705e+01 -1.261238e+01
      vertex   6.944115e+00 1.704292e+01 -1.266407e+01
    endloop
  endfacet
  facet normal 2.948384e-01 -3.051068e-01 9.055276e-01
    outer loop
      vertex   6.750000e+00 1.775000e+01 -1.236262e+01
      vertex   6.944115e+00 1.704292e+01 -1.266407e+01
      vertex   6.944115e+00 1.756045e+01 -1.248969e+01
    endloop
  endfacet
  facet normal 3.807709e-01 -2.952475e-01 8.762662e-01
    outer loop
      vertex   6.944115e+00 1.756045e+01 -1.248969e+01
      vertex   6.944115e+00 1.704292e+01 -1.266407e+01
      vertex   7.125000e+00 1.705903e+01 -1.273724e+01
    endloop
  endfacet
  facet normal 3.807682e-01 -2.952489e-01 8.762669e-01
    outer loop
      vertex   6.944115e+00 1.756045e+01 -1.248969e+01
      vertex   7.125000e+00 1.705903e+01 -1.273724e+01
      vertex   7.125000e+00 1.759191e+01 -1.255769e+01
    endloop
  endfacet
  facet normal 6.065055e-01 -2.538702e-01 7.534594e-01
    outer loop
      vertex   7.125000e+00 1.759191e+01 -1.255769e+01
      vertex   7.125000e+00 1.705903e+01 -1.273724e+01
      vertex   7.280330e+00 1.708465e+01 -1.285365e+01
    endloop
  endfacet
  facet normal 6.065063e-01 -2.538697e-01 7.534589e-01
    outer loop
      vertex   7.125000e+00 1.759191e+01 -1.255769e+01
      vertex   7.280330e+00 1.708465e+01 -1.285365e+01
      vertex   7.280330e+00 1.764196e+01 -1.266587e+01
    endloop
  endfacet
  facet normal 7.916204e-01 -1.950973e-01 5.790286e-01
    outer loop
      vertex   7.280330e+00 1.764196e+01 -1.266587e+01
      vertex   7.280330e+00 1.708465e+01 -1.285365e+01
      vertex   7.399519e+00 1.711804e+01 -1.300534e+01
    endloop
  endfacet
  facet normal 7.916196e-01 -1.950981e-01 5.790295e-01
    outer loop
      vertex   7.280330e+00 1.764196e+01 -1.266587e+01
      vertex   7.399519e+00 1.711804e+01 -1.300534e+01
      vertex   7.399519e+00 1.770718e+01 -1.280684e+01
    endloop
  endfacet
  facet normal 1.294305e-01 -1.294287e-01 9.831053e-01
    outer loop
      vertex   6.750000e+00 1.714705e+01 -1.261238e+01
      vertex   6.750000e+00 1.650000e+01 -1.269756e+01
      vertex   6.944115e+00 1.650000e+01 -1.272312e+01
    endloop
  endfacet
  facet normal 2.024706e-01 -1.058809e-01 9.735476e-01
    outer loop
      vertex   6.750000e+00 1.714705e+01 -1.261238e+01
      vertex   6.944115e+00 1.650000e+01 -1.272312e+01
      vertex   6.944115e+00 1.704292e+01 -1.266407e+01
    endloop
  endfacet
  facet normal 3.807675e-01 -9.997563e-02 9.192502e-01
    outer loop
      vertex   6.944115e+00 1.704292e+01 -1.266407e+01
      vertex   6.944115e+00 1.650000e+01 -1.272312e+01
      vertex   7.125000e+00 1.650000e+01 -1.279804e+01
    endloop
  endfacet
  facet normal 3.807703e-01 -9.997447e-02 9.192492e-01
    outer loop
      vertex   6.944115e+00 1.704292e+01 -1.266407e+01
      vertex   7.125000e+00 1.650000e+01 -1.279804e+01
      vertex   7.125000e+00 1.705903e+01 -1.273724e+01
    endloop
  endfacet
  facet normal 6.065076e-01 -8.596310e-02 7.904169e-01
    outer loop
      vertex   7.125000e+00 1.705903e+01 -1.273724e+01
      vertex   7.125000e+00 1.650000e+01 -1.279804e+01
      vertex   7.280330e+00 1.650000e+01 -1.291723e+01
    endloop
  endfacet
  facet normal 6.065058e-01 -8.596404e-02 7.904182e-01
    outer loop
      vertex   7.125000e+00 1.705903e+01 -1.273724e+01
      vertex   7.280330e+00 1.650000e+01 -1.291723e+01
      vertex   7.280330e+00 1.708465e+01 -1.285365e+01
    endloop
  endfacet
  facet normal 7.916194e-01 -6.606296e-02 6.074327e-01
    outer loop
      vertex   7.280330e+00 1.708465e+01 -1.285365e+01
      vertex   7.280330e+00 1.650000e+01 -1.291723e+01
      vertex   7.399519e+00 1.650000e+01 -1.307256e+01
    endloop
  endfacet
  facet normal 7.916203e-01 -6.606236e-02 6.074316e-01
    outer loop
      vertex   7.280330e+00 1.708465e+01 -1.285365e+01
      vertex   7.399519e+00 1.650000e+01 -1.307256e+01
      vertex   7.399519e+00 1.711804e+01 -1.300534e+01
    endloop
  endfacet
  facet normal 1.904646e-01 1.281373e-01 9.732955e-01
    outer loop
      vertex   6.750000e+00 1.650000e+01 -1.269756e+01
      vertex   6.750000e+00 1.585295e+01 -1.261238e+01
      vertex   6.944115e+00 1.595708e+01 -1.266407e+01
    endloop
  endfacet
  facet normal 1.297761e-01 1.072059e-01 9.857307e-01
    outer loop
      vertex   6.750000e+00 1.650000e+01 -1.269756e+01
      vertex   6.944115e+00 1.595708e+01 -1.266407e+01
      vertex   6.944115e+00 1.650000e+01 -1.272312e+01
    endloop
  endfacet
  facet normal 3.807697e-01 9.997553e-02 9.192493e-01
    outer loop
      vertex   6.944115e+00 1.650000e+01 -1.272312e+01
      vertex   6.944115e+00 1.595708e+01 -1.266407e+01
      vertex   7.125000e+00 1.594097e+01 -1.273724e+01
    endloop
  endfacet
  facet normal 3.807676e-01 9.997480e-02 9.192503e-01
    outer loop
      vertex   6.944115e+00 1.650000e+01 -1.272312e+01
      vertex   7.125000e+00 1.594097e+01 -1.273724e+01
      vertex   7.125000e+00 1.650000e+01 -1.279804e+01
    endloop
  endfacet
  facet normal 6.065062e-01 8.596340e-02 7.904180e-01
    outer loop
      vertex   7.125000e+00 1.650000e+01 -1.279804e+01
      vertex   7.125000e+00 1.594097e+01 -1.273724e+01
      vertex   7.280330e+00 1.591535e+01 -1.285365e+01
    endloop
  endfacet
  facet normal 6.065076e-01 8.596389e-02 7.904168e-01
    outer loop
      vertex   7.125000e+00 1.650000e+01 -1.279804e+01
      vertex   7.280330e+00 1.591535e+01 -1.285365e+01
      vertex   7.280330e+00 1.650000e+01 -1.291723e+01
    endloop
  endfacet
  facet normal 7.916200e-01 6.606286e-02 6.074318e-01
    outer loop
      vertex   7.280330e+00 1.650000e+01 -1.291723e+01
      vertex   7.280330e+00 1.591535e+01 -1.285365e+01
      vertex   7.399519e+00 1.588196e+01 -1.300534e+01
    endloop
  endfacet
  facet normal 7.916194e-01 6.606261e-02 6.074327e-01
    outer loop
      vertex   7.280330e+00 1.650000e+01 -1.291723e+01
      vertex   7.399519e+00 1.588196e+01 -1.300534e+01
      vertex   7.399519e+00 1.650000e+01 -1.307256e+01
    endloop
  endfacet
  facet normal 2.251645e-01 3.728559e-01 9.001552e-01
    outer loop
      vertex   6.750000e+00 1.585295e+01 -1.261238e+01
      vertex   6.750000e+00 1.525000e+01 -1.236262e+01
      vertex   6.944115e+00 1.543955e+01 -1.248969e+01
    endloop
  endfacet
  facet normal 8.082497e-02 3.182566e-01 9.445528e-01
    outer loop
      vertex   6.750000e+00 1.585295e+01 -1.261238e+01
      vertex   6.944115e+00 1.543955e+01 -1.248969e+01
      vertex   6.944115e+00 1.595708e+01 -1.266407e+01
    endloop
  endfacet
  facet normal 3.807681e-01 2.952485e-01 8.762671e-01
    outer loop
      vertex   6.944115e+00 1.595708e+01 -1.266407e+01
      vertex   6.944115e+00 1.543955e+01 -1.248969e+01
      vertex   7.125000e+00 1.540809e+01 -1.255769e+01
    endloop
  endfacet
  facet normal 3.807692e-01 2.952488e-01 8.762665e-01
    outer loop
      vertex   6.944115e+00 1.595708e+01 -1.266407e+01
      vertex   7.125000e+00 1.540809e+01 -1.255769e+01
      vertex   7.125000e+00 1.594097e+01 -1.273724e+01
    endloop
  endfacet
  facet normal 6.065075e-01 2.538697e-01 7.534579e-01
    outer loop
      vertex   7.125000e+00 1.594097e+01 -1.273724e+01
      vertex   7.125000e+00 1.540809e+01 -1.255769e+01
      vertex   7.280330e+00 1.535804e+01 -1.266587e+01
    endloop
  endfacet
  facet normal 6.065068e-01 2.538696e-01 7.534586e-01
    outer loop
      vertex   7.125000e+00 1.594097e+01 -1.273724e+01
      vertex   7.280330e+00 1.535804e+01 -1.266587e+01
      vertex   7.280330e+00 1.591535e+01 -1.285365e+01
    endloop
  endfacet
  facet normal 7.916196e-01 1.950977e-01 5.790297e-01
    outer loop
      vertex   7.280330e+00 1.591535e+01 -1.285365e+01
      vertex   7.280330e+00 1.535804e+01 -1.266587e+01
      vertex   7.399519e+00 1.529282e+01 -1.280684e+01
    endloop
  endfacet
  facet normal 7.916197e-01 1.950977e-01 5.790295e-01
    outer loop
      vertex   7.280330e+00 1.591535e+01 -1.285365e+01
      vertex   7.399519e+00 1.529282e+01 -1.280684e+01
      vertex   7.399519e+00 1.588196e+01 -1.300534e+01
    endloop
  endfacet
  facet normal -4.978780e-02 6.080074e-01 7.923687e-01
    outer loop
      vertex   6.750000e+00 1.525000e+01 -1.236262e+01
      vertex   6.750000e+00 1.473223e+01 -1.196533e+01
      vertex   6.944115e+00 1.457512e+01 -1.183257e+01
    endloop
  endfacet
  facet normal 3.781861e-01 6.366249e-01 6.720744e-01
    outer loop
      vertex   6.750000e+00 1.525000e+01 -1.236262e+01
      vertex   6.944115e+00 1.457512e+01 -1.183257e+01
      vertex   6.944115e+00 1.497160e+01 -1.220814e+01
    endloop
  endfacet
  facet normal 3.807678e-01 6.358967e-01 6.713056e-01
    outer loop
      vertex   6.944115e+00 1.497160e+01 -1.220814e+01
      vertex   6.944115e+00 1.457512e+01 -1.183257e+01
      vertex   7.125000e+00 1.451801e+01 -1.188108e+01
    endloop
  endfacet
  facet normal 3.807622e-01 6.358968e-01 6.713088e-01
    outer loop
      vertex   6.944115e+00 1.497160e+01 -1.220814e+01
      vertex   7.125000e+00 1.451801e+01 -1.188108e+01
      vertex   7.125000e+00 1.492626e+01 -1.226779e+01
    endloop
  endfacet
  facet normal 6.065080e-01 5.467740e-01 5.772229e-01
    outer loop
      vertex   7.125000e+00 1.492626e+01 -1.226779e+01
      vertex   7.125000e+00 1.451801e+01 -1.188108e+01
      vertex   7.280330e+00 1.442717e+01 -1.195824e+01
    endloop
  endfacet
  facet normal 6.065080e-01 5.467740e-01 5.772229e-01
    outer loop
      vertex   7.125000e+00 1.492626e+01 -1.226779e+01
      vertex   7.280330e+00 1.442717e+01 -1.195824e+01
      vertex   7.280330e+00 1.485413e+01 -1.236267e+01
    endloop
  endfacet
  facet normal 7.916208e-01 4.201929e-01 4.435927e-01
    outer loop
      vertex   7.280330e+00 1.485413e+01 -1.236267e+01
      vertex   7.280330e+00 1.442717e+01 -1.195824e+01
      vertex   7.399519e+00 1.430878e+01 -1.205880e+01
    endloop
  endfacet
  facet normal 7.916193e-01 4.201936e-01 4.435947e-01
    outer loop
      vertex   7.280330e+00 1.485413e+01 -1.236267e+01
      vertex   7.399519e+00 1.430878e+01 -1.205880e+01
      vertex   7.399519e+00 1.476012e+01 -1.248633e+01
    endloop
  endfacet
  facet normal 6.069049e-02 7.918902e-01 6.076402e-01
    outer loop
      vertex   6.750000e+00 1.473223e+01 -1.196533e+01
      vertex   6.750000e+00 1.433494e+01 -1.144756e+01
      vertex   6.944115e+00 1.426864e+01 -1.138055e+01
    endloop
  endfacet
  facet normal 2.750894e-01 7.957557e-01 5.395356e-01
    outer loop
      vertex   6.750000e+00 1.473223e+01 -1.196533e+01
      vertex   6.944115e+00 1.426864e+01 -1.138055e+01
      vertex   6.944115e+00 1.457512e+01 -1.183257e+01
    endloop
  endfacet
  facet normal 3.807715e-01 7.653386e-01 5.189122e-01
    outer loop
      vertex   6.944115e+00 1.457512e+01 -1.183257e+01
      vertex   6.944115e+00 1.426864e+01 -1.138055e+01
      vertex   7.125000e+00 1.420244e+01 -1.141565e+01
    endloop
  endfacet
  facet normal 3.807686e-01 7.653390e-01 5.189138e-01
    outer loop
      vertex   6.944115e+00 1.457512e+01 -1.183257e+01
      vertex   7.125000e+00 1.420244e+01 -1.141565e+01
      vertex   7.125000e+00 1.451801e+01 -1.188108e+01
    endloop
  endfacet
  facet normal 6.065073e-01 6.580768e-01 4.461881e-01
    outer loop
      vertex   7.125000e+00 1.451801e+01 -1.188108e+01
      vertex   7.125000e+00 1.420244e+01 -1.141565e+01
      vertex   7.280330e+00 1.409714e+01 -1.147148e+01
    endloop
  endfacet
  facet normal 6.065077e-01 6.580766e-01 4.461878e-01
    outer loop
      vertex   7.125000e+00 1.451801e+01 -1.188108e+01
      vertex   7.280330e+00 1.409714e+01 -1.147148e+01
      vertex   7.280330e+00 1.442717e+01 -1.195824e+01
    endloop
  endfacet
  facet normal 7.916193e-01 5.057298e-01 3.428939e-01
    outer loop
      vertex   7.280330e+00 1.442717e+01 -1.195824e+01
      vertex   7.280330e+00 1.409714e+01 -1.147148e+01
      vertex   7.399519e+00 1.395990e+01 -1.154423e+01
    endloop
  endfacet
  facet normal 7.916206e-01 5.057288e-01 3.428923e-01
    outer loop
      vertex   7.280330e+00 1.442717e+01 -1.195824e+01
      vertex   7.399519e+00 1.395990e+01 -1.154423e+01
      vertex   7.399519e+00 1.430878e+01 -1.205880e+01
    endloop
  endfacet
  facet normal 1.438220e-01 9.142747e-01 3.787044e-01
    outer loop
      vertex   6.750000e+00 1.433494e+01 -1.144756e+01
      vertex   6.750000e+00 1.408519e+01 -1.084461e+01
      vertex   6.944115e+00 1.406650e+01 -1.087322e+01
    endloop
  endfacet
  facet normal 1.861812e-01 9.127335e-01 3.636676e-01
    outer loop
      vertex   6.750000e+00 1.433494e+01 -1.144756e+01
      vertex   6.944115e+00 1.406650e+01 -1.087322e+01
      vertex   6.944115e+00 1.426864e+01 -1.138055e+01
    endloop
  endfacet
  facet normal 3.807660e-01 8.589978e-01 3.422573e-01
    outer loop
      vertex   6.944115e+00 1.426864e+01 -1.138055e+01
      vertex   6.944115e+00 1.406650e+01 -1.087322e+01
      vertex   7.125000e+00 1.399431e+01 -1.089326e+01
    endloop
  endfacet
  facet normal 3.807711e-01 8.589966e-01 3.422547e-01
    outer loop
      vertex   6.944115e+00 1.426864e+01 -1.138055e+01
      vertex   7.125000e+00 1.399431e+01 -1.089326e+01
      vertex   7.125000e+00 1.420244e+01 -1.141565e+01
    endloop
  endfacet
  facet normal 6.065065e-01 7.386097e-01 2.942883e-01
    outer loop
      vertex   7.125000e+00 1.420244e+01 -1.141565e+01
      vertex   7.125000e+00 1.399431e+01 -1.089326e+01
      vertex   7.280330e+00 1.387946e+01 -1.092515e+01
    endloop
  endfacet
  facet normal 6.065071e-01 7.386094e-01 2.942879e-01
    outer loop
      vertex   7.125000e+00 1.420244e+01 -1.141565e+01
      vertex   7.280330e+00 1.387946e+01 -1.092515e+01
      vertex   7.280330e+00 1.409714e+01 -1.147148e+01
    endloop
  endfacet
  facet normal 7.916204e-01 5.676173e-01 2.261586e-01
    outer loop
      vertex   7.280330e+00 1.409714e+01 -1.147148e+01
      vertex   7.280330e+00 1.387946e+01 -1.092515e+01
      vertex   7.399519e+00 1.372979e+01 -1.096671e+01
    endloop
  endfacet
  facet normal 7.916197e-01 5.676180e-01 2.261594e-01
    outer loop
      vertex   7.280330e+00 1.409714e+01 -1.147148e+01
      vertex   7.399519e+00 1.372979e+01 -1.096671e+01
      vertex   7.399519e+00 1.395990e+01 -1.154423e+01
    endloop
  endfacet
  facet normal 1.994556e-01 9.715236e-01 1.279040e-01
    outer loop
      vertex   6.750000e+00 1.408519e+01 -1.084461e+01
      vertex   6.750000e+00 1.400000e+01 -1.019756e+01
      vertex   6.944115e+00 1.397815e+01 -1.033429e+01
    endloop
  endfacet
  facet normal 1.180033e-01 9.799320e-01 1.606504e-01
    outer loop
      vertex   6.750000e+00 1.408519e+01 -1.084461e+01
      vertex   6.944115e+00 1.397815e+01 -1.033429e+01
      vertex   6.944115e+00 1.406650e+01 -1.087322e+01
    endloop
  endfacet
  facet normal 3.807688e-01 9.124894e-01 1.495939e-01
    outer loop
      vertex   6.944115e+00 1.406650e+01 -1.087322e+01
      vertex   6.944115e+00 1.397815e+01 -1.033429e+01
      vertex   7.125000e+00 1.390333e+01 -1.033835e+01
    endloop
  endfacet
  facet normal 3.807668e-01 9.124900e-01 1.495948e-01
    outer loop
      vertex   6.944115e+00 1.406650e+01 -1.087322e+01
      vertex   7.125000e+00 1.390333e+01 -1.033835e+01
      vertex   7.125000e+00 1.399431e+01 -1.089326e+01
    endloop
  endfacet
  facet normal 6.065063e-01 7.846048e-01 1.286291e-01
    outer loop
      vertex   7.125000e+00 1.399431e+01 -1.089326e+01
      vertex   7.125000e+00 1.390333e+01 -1.033835e+01
      vertex   7.280330e+00 1.378432e+01 -1.034480e+01
    endloop
  endfacet
  facet normal 6.065057e-01 7.846052e-01 1.286294e-01
    outer loop
      vertex   7.125000e+00 1.399431e+01 -1.089326e+01
      vertex   7.280330e+00 1.378432e+01 -1.034480e+01
      vertex   7.280330e+00 1.387946e+01 -1.092515e+01
    endloop
  endfacet
  facet normal 7.916218e-01 6.029623e-01 9.885059e-02
    outer loop
      vertex   7.280330e+00 1.387946e+01 -1.092515e+01
      vertex   7.280330e+00 1.378432e+01 -1.034480e+01
      vertex   7.399519e+00 1.362922e+01 -1.035321e+01
    endloop
  endfacet
  facet normal 7.916204e-01 6.029639e-01 9.885155e-02
    outer loop
      vertex   7.280330e+00 1.387946e+01 -1.092515e+01
      vertex   7.399519e+00 1.362922e+01 -1.035321e+01
      vertex   7.399519e+00 1.372979e+01 -1.096671e+01
    endloop
  endfacet
  facet normal 2.185398e-02 8.310467e-01 -5.557731e-01
    outer loop
      vertex   7.487996e+00 1.429752e+01 -7.993371e+00
      vertex   7.476184e+00 1.384780e+01 -8.666311e+00
      vertex   7.474445e+00 1.397068e+01 -8.482637e+00
    endloop
  endfacet
  facet normal 9.999992e-01 1.266366e-03 -3.248440e-05
    outer loop
      vertex   7.499998e+00 1.325447e+01 -1.006542e+01
      vertex   7.500000e+00 1.325240e+01 -1.007256e+01
      vertex   7.500000e+00 1.325027e+01 -1.015589e+01
    endloop
  endfacet
  facet normal 9.925144e-01 1.219976e-01 -5.642168e-03
    outer loop
      vertex   7.499998e+00 1.325447e+01 -1.006542e+01
      vertex   7.500000e+00 1.325027e+01 -1.015589e+01
      vertex   7.474445e+00 1.344860e+01 -1.036300e+01
    endloop
  endfacet
  facet normal 9.918002e-01 1.277978e-01 0.000000e+00
    outer loop
      vertex   7.474445e+00 1.344860e+01 -1.036300e+01
      vertex   7.500000e+00 1.325027e+01 -1.015589e+01
      vertex   7.500000e+00 1.325027e+01 -1.023924e+01
    endloop
  endfacet
  facet normal 9.999992e-01 1.266366e-03 3.248440e-05
    outer loop
      vertex   7.500000e+00 1.325027e+01 -1.023924e+01
      vertex   7.500000e+00 1.325240e+01 -1.032256e+01
      vertex   7.499998e+00 1.325447e+01 -1.032970e+01
    endloop
  endfacet
  facet normal 9.912935e-01 1.315299e-01 6.085095e-03
    outer loop
      vertex   7.500000e+00 1.325027e+01 -1.023924e+01
      vertex   7.499998e+00 1.325447e+01 -1.032970e+01
      vertex   7.474445e+00 1.344860e+01 -1.036300e+01
    endloop
  endfacet
  facet normal 9.903375e-01 1.354572e-01 2.971346e-02
    outer loop
      vertex   7.474445e+00 1.344860e+01 -1.036300e+01
      vertex   7.499998e+00 1.325447e+01 -1.032970e+01
      vertex   7.487996e+00 1.348988e+01 -1.100287e+01
    endloop
  endfacet
  facet normal 9.774871e-01 2.082156e-01 3.413532e-02
    outer loop
      vertex   7.474445e+00 1.344860e+01 -1.036300e+01
      vertex   7.487996e+00 1.348988e+01 -1.100287e+01
      vertex   7.474445e+00 1.355550e+01 -1.101510e+01
    endloop
  endfacet
  facet normal 9.723608e-01 2.169008e-01 8.642100e-02
    outer loop
      vertex   7.474445e+00 1.355550e+01 -1.101510e+01
      vertex   7.487996e+00 1.348988e+01 -1.100287e+01
      vertex   7.474445e+00 1.380009e+01 -1.162896e+01
    endloop
  endfacet
  facet normal 3.764906e-01 8.333308e-01 4.047401e-01
    outer loop
      vertex   7.474445e+00 1.380009e+01 -1.162896e+01
      vertex   7.487996e+00 1.348988e+01 -1.100287e+01
      vertex   7.476184e+00 1.384780e+01 -1.172881e+01
    endloop
  endfacet
  facet normal 9.854425e-01 1.174069e-01 1.229585e-01
    outer loop
      vertex   7.487996e+00 1.429752e+01 -1.240175e+01
      vertex   7.499998e+00 1.476280e+01 -1.294220e+01
      vertex   7.474445e+00 1.465066e+01 -1.263033e+01
    endloop
  endfacet
  facet normal 9.926374e-01 6.244577e-02 1.037855e-01
    outer loop
      vertex   7.474445e+00 1.465066e+01 -1.263033e+01
      vertex   7.499998e+00 1.476280e+01 -1.294220e+01
      vertex   7.474445e+00 1.521687e+01 -1.297101e+01
    endloop
  endfacet
  facet normal 9.999992e-01 6.614964e-04 1.080735e-03
    outer loop
      vertex   7.499998e+00 1.476280e+01 -1.294220e+01
      vertex   7.500000e+00 1.476795e+01 -1.294756e+01
      vertex   7.500000e+00 1.483904e+01 -1.299107e+01
    endloop
  endfacet
  facet normal 9.933639e-01 6.204616e-02 9.684216e-02
    outer loop
      vertex   7.499998e+00 1.476280e+01 -1.294220e+01
      vertex   7.500000e+00 1.483904e+01 -1.299107e+01
      vertex   7.474445e+00 1.521687e+01 -1.297101e+01
    endloop
  endfacet
  facet normal 9.924139e-01 6.147051e-02 1.064709e-01
    outer loop
      vertex   7.474445e+00 1.521687e+01 -1.297101e+01
      vertex   7.500000e+00 1.483904e+01 -1.299107e+01
      vertex   7.500000e+00 1.491123e+01 -1.303275e+01
    endloop
  endfacet
  facet normal 9.999995e-01 4.674566e-04 8.598452e-04
    outer loop
      vertex   7.500000e+00 1.498446e+01 -1.307256e+01
      vertex   7.499998e+00 1.499146e+01 -1.307429e+01
      vertex   7.500000e+00 1.491123e+01 -1.303275e+01
    endloop
  endfacet
  facet normal 9.982837e-01 2.694306e-02 5.199751e-02
    outer loop
      vertex   7.500000e+00 1.491123e+01 -1.303275e+01
      vertex   7.499998e+00 1.499146e+01 -1.307429e+01
      vertex   7.487999e+00 1.569224e+01 -1.320704e+01
    endloop
  endfacet
  facet normal 9.861021e-01 5.047546e-02 1.582870e-01
    outer loop
      vertex   7.500000e+00 1.491123e+01 -1.303275e+01
      vertex   7.487999e+00 1.569224e+01 -1.320704e+01
      vertex   7.474445e+00 1.521687e+01 -1.297101e+01
    endloop
  endfacet
  facet normal 9.826855e-01 5.916047e-02 1.755825e-01
    outer loop
      vertex   7.474445e+00 1.521687e+01 -1.297101e+01
      vertex   7.487999e+00 1.569224e+01 -1.320704e+01
      vertex   7.474445e+00 1.584307e+01 -1.318200e+01
    endloop
  endfacet
  facet normal 9.505357e-01 3.416753e-02 3.087304e-01
    outer loop
      vertex   7.474445e+00 1.584307e+01 -1.318200e+01
      vertex   7.487999e+00 1.569224e+01 -1.320704e+01
      vertex   7.476184e+00 1.650000e+01 -1.326006e+01
    endloop
  endfacet
  facet normal 9.667260e-01 2.765866e-02 2.543145e-01
    outer loop
      vertex   7.474445e+00 1.584307e+01 -1.318200e+01
      vertex   7.476184e+00 1.650000e+01 -1.326006e+01
      vertex   7.474445e+00 1.650000e+01 -1.325345e+01
    endloop
  endfacet
  facet normal 9.666363e-01 -3.082970e-02 2.542909e-01
    outer loop
      vertex   7.474445e+00 1.650000e+01 -1.325345e+01
      vertex   7.476184e+00 1.650000e+01 -1.326006e+01
      vertex   7.487999e+00 1.730776e+01 -1.320704e+01
    endloop
  endfacet
  facet normal 9.499150e-01 -3.378845e-02 3.106763e-01
    outer loop
      vertex   7.474445e+00 1.650000e+01 -1.325345e+01
      vertex   7.487999e+00 1.730776e+01 -1.320704e+01
      vertex   7.474445e+00 1.715693e+01 -1.318200e+01
    endloop
  endfacet
  facet normal 9.826857e-01 -5.916016e-02 1.755816e-01
    outer loop
      vertex   7.474445e+00 1.715693e+01 -1.318200e+01
      vertex   7.487999e+00 1.730776e+01 -1.320704e+01
      vertex   7.474445e+00 1.778313e+01 -1.297101e+01
    endloop
  endfacet
  facet normal 9.881469e-01 -4.473730e-02 1.468475e-01
    outer loop
      vertex   7.474445e+00 1.778313e+01 -1.297101e+01
      vertex   7.487999e+00 1.730776e+01 -1.320704e+01
      vertex   7.499998e+00 1.800854e+01 -1.307429e+01
    endloop
  endfacet
  facet normal 9.922986e-01 -6.386104e-02 1.061379e-01
    outer loop
      vertex   7.474445e+00 1.778313e+01 -1.297101e+01
      vertex   7.499998e+00 1.800854e+01 -1.307429e+01
      vertex   7.474445e+00 1.834934e+01 -1.263033e+01
    endloop
  endfacet
  facet normal 9.973131e-01 -1.779363e-02 7.106319e-02
    outer loop
      vertex   7.474445e+00 1.834934e+01 -1.263033e+01
      vertex   7.499998e+00 1.800854e+01 -1.307429e+01
      vertex   7.500000e+00 1.801554e+01 -1.307256e+01
    endloop
  endfacet
  facet normal 9.938357e-01 -5.295155e-02 9.739971e-02
    outer loop
      vertex   7.474445e+00 1.834934e+01 -1.263033e+01
      vertex   7.500000e+00 1.801554e+01 -1.307256e+01
      vertex   7.500000e+00 1.808877e+01 -1.303275e+01
    endloop
  endfacet
  facet normal 9.932126e-01 -5.815607e-02 1.007301e-01
    outer loop
      vertex   7.500000e+00 1.808877e+01 -1.303275e+01
      vertex   7.500000e+00 1.816096e+01 -1.299107e+01
      vertex   7.474445e+00 1.834934e+01 -1.263033e+01
    endloop
  endfacet
  facet normal 9.921011e-01 -6.767248e-02 1.056210e-01
    outer loop
      vertex   7.474445e+00 1.834934e+01 -1.263033e+01
      vertex   7.500000e+00 1.816096e+01 -1.299107e+01
      vertex   7.499998e+00 1.823720e+01 -1.294220e+01
    endloop
  endfacet
  facet normal 9.854425e-01 -1.174069e-01 1.229585e-01
    outer loop
      vertex   7.474445e+00 1.834934e+01 -1.263033e+01
      vertex   7.499998e+00 1.823720e+01 -1.294220e+01
      vertex   7.487996e+00 1.870248e+01 -1.240175e+01
    endloop
  endfacet
  facet normal 9.999992e-01 -6.614695e-04 1.080709e-03
    outer loop
      vertex   7.500000e+00 1.816096e+01 -1.299107e+01
      vertex   7.500000e+00 1.823205e+01 -1.294756e+01
      vertex   7.499998e+00 1.823720e+01 -1.294220e+01
    endloop
  endfacet
  facet normal 9.848256e-01 -1.193483e-01 1.259944e-01
    outer loop
      vertex   7.474445e+00 1.834934e+01 -1.263033e+01
      vertex   7.487996e+00 1.870248e+01 -1.240175e+01
      vertex   7.474445e+00 1.882908e+01 -1.217590e+01
    endloop
  endfacet
  facet normal 9.001609e-01 -3.546685e-01 2.528253e-01
    outer loop
      vertex   7.474445e+00 1.882908e+01 -1.217590e+01
      vertex   7.487996e+00 1.870248e+01 -1.240175e+01
      vertex   7.476184e+00 1.915220e+01 -1.172881e+01
    endloop
  endfacet
  facet normal 9.940945e-01 -1.085181e-01 0.000000e+00
    outer loop
      vertex   7.500000e+00 1.974973e+01 -1.023924e+01
      vertex   7.500000e+00 1.974973e+01 -1.015589e+01
      vertex   7.474445e+00 1.951563e+01 -9.703174e+00
    endloop
  endfacet
  facet normal 2.190844e-02 -8.310460e-01 -5.557721e-01
    outer loop
      vertex   7.476184e+00 1.915220e+01 -8.666311e+00
      vertex   7.487996e+00 1.870248e+01 -7.993371e+00
      vertex   7.474445e+00 1.902932e+01 -8.482637e+00
    endloop
  endfacet
  facet normal 9.805117e-01 -1.497350e-01 -1.271860e-01
    outer loop
      vertex   7.474445e+00 1.902932e+01 -8.482637e+00
      vertex   7.487996e+00 1.870248e+01 -7.993371e+00
      vertex   7.474445e+00 1.860153e+01 -7.979001e+00
    endloop
  endfacet
  facet normal 9.920750e-01 -8.348408e-02 -9.390190e-02
    outer loop
      vertex   7.487996e+00 1.870248e+01 -7.993371e+00
      vertex   7.499998e+00 1.823720e+01 -7.452921e+00
      vertex   7.474445e+00 1.807547e+01 -7.579103e+00
    endloop
  endfacet
  facet normal 9.647115e-01 -1.593479e-01 -2.096188e-01
    outer loop
      vertex   7.487996e+00 1.870248e+01 -7.993371e+00
      vertex   7.474445e+00 1.807547e+01 -7.579103e+00
      vertex   7.474445e+00 1.860153e+01 -7.979001e+00
    endloop
  endfacet
  facet normal 9.999992e-01 -6.612688e-04 -1.080396e-03
    outer loop
      vertex   7.499998e+00 1.823720e+01 -7.452921e+00
      vertex   7.500000e+00 1.823205e+01 -7.447561e+00
      vertex   7.500000e+00 1.816096e+01 -7.404048e+00
    endloop
  endfacet
  facet normal 9.913924e-01 -7.063148e-02 -1.102371e-01
    outer loop
      vertex   7.499998e+00 1.823720e+01 -7.452921e+00
      vertex   7.500000e+00 1.816096e+01 -7.404048e+00
      vertex   7.474445e+00 1.807547e+01 -7.579103e+00
    endloop
  endfacet
  facet normal 9.914650e-01 -6.518696e-02 -1.129065e-01
    outer loop
      vertex   7.474445e+00 1.807547e+01 -7.579103e+00
      vertex   7.500000e+00 1.816096e+01 -7.404048e+00
      vertex   7.500000e+00 1.808877e+01 -7.362372e+00
    endloop
  endfacet
  facet normal 9.999995e-01 -4.676023e-04 -8.601132e-04
    outer loop
      vertex   7.500000e+00 1.808877e+01 -7.362372e+00
      vertex   7.500000e+00 1.801554e+01 -7.322561e+00
      vertex   7.499998e+00 1.800854e+01 -7.320832e+00
    endloop
  endfacet
  facet normal 9.918197e-01 -5.870591e-02 -1.133460e-01
    outer loop
      vertex   7.500000e+00 1.808877e+01 -7.362372e+00
      vertex   7.499998e+00 1.800854e+01 -7.320832e+00
      vertex   7.474445e+00 1.807547e+01 -7.579103e+00
    endloop
  endfacet
  facet normal 9.934442e-01 -3.746967e-02 -1.080032e-01
    outer loop
      vertex   7.474445e+00 1.807547e+01 -7.579103e+00
      vertex   7.499998e+00 1.800854e+01 -7.320832e+00
      vertex   7.487999e+00 1.730776e+01 -7.188080e+00
    endloop
  endfacet
  facet normal 9.230663e-01 -1.615066e-01 -3.490906e-01
    outer loop
      vertex   7.474445e+00 1.807547e+01 -7.579103e+00
      vertex   7.487999e+00 1.730776e+01 -7.188080e+00
      vertex   7.474445e+00 1.747575e+01 -7.301641e+00
    endloop
  endfacet
  facet normal 9.839720e-01 -3.833417e-02 -1.741541e-01
    outer loop
      vertex   7.474445e+00 1.747575e+01 -7.301641e+00
      vertex   7.487999e+00 1.730776e+01 -7.188080e+00
      vertex   7.474445e+00 1.683040e+01 -7.159589e+00
    endloop
  endfacet
  facet normal 3.959734e-01 -6.590819e-02 -9.158937e-01
    outer loop
      vertex   7.474445e+00 1.683040e+01 -7.159589e+00
      vertex   7.487999e+00 1.730776e+01 -7.188080e+00
      vertex   7.476184e+00 1.650000e+01 -7.135061e+00
    endloop
  endfacet
  facet normal 9.999995e-01 4.674566e-04 -8.598452e-04
    outer loop
      vertex   7.499998e+00 1.499146e+01 -7.320832e+00
      vertex   7.500000e+00 1.498446e+01 -7.322561e+00
      vertex   7.500000e+00 1.491123e+01 -7.362372e+00
    endloop
  endfacet
  facet normal 9.918197e-01 5.870507e-02 -1.133461e-01
    outer loop
      vertex   7.499998e+00 1.499146e+01 -7.320832e+00
      vertex   7.500000e+00 1.491123e+01 -7.362372e+00
      vertex   7.474445e+00 1.492453e+01 -7.579103e+00
    endloop
  endfacet
  facet normal 9.914650e-01 6.518696e-02 -1.129065e-01
    outer loop
      vertex   7.474445e+00 1.492453e+01 -7.579103e+00
      vertex   7.500000e+00 1.491123e+01 -7.362372e+00
      vertex   7.500000e+00 1.483904e+01 -7.404048e+00
    endloop
  endfacet
  facet normal 3.807677e-01 8.909665e-01 -2.473755e-01
    outer loop
      vertex   7.125000e+00 1.393378e+01 -9.776850e+00
      vertex   6.944115e+00 1.400771e+01 -9.788972e+00
      vertex   6.944115e+00 1.415382e+01 -9.262756e+00
    endloop
  endfacet
  facet normal 3.807668e-01 8.909668e-01 -2.473759e-01
    outer loop
      vertex   7.125000e+00 1.393378e+01 -9.776850e+00
      vertex   6.944115e+00 1.415382e+01 -9.262756e+00
      vertex   7.125000e+00 1.408421e+01 -9.235024e+00
    endloop
  endfacet
  facet normal 6.065082e-01 7.660966e-01 -2.127059e-01
    outer loop
      vertex   7.280330e+00 1.381616e+01 -9.757567e+00
      vertex   7.125000e+00 1.393378e+01 -9.776850e+00
      vertex   7.125000e+00 1.408421e+01 -9.235024e+00
    endloop
  endfacet
  facet normal 6.065081e-01 7.660967e-01 -2.127059e-01
    outer loop
      vertex   7.280330e+00 1.381616e+01 -9.757567e+00
      vertex   7.125000e+00 1.408421e+01 -9.235024e+00
      vertex   7.280330e+00 1.397349e+01 -9.190907e+00
    endloop
  endfacet
  facet normal 7.916204e-01 5.887418e-01 -1.634635e-01
    outer loop
      vertex   7.399519e+00 1.366287e+01 -9.732438e+00
      vertex   7.280330e+00 1.381616e+01 -9.757567e+00
      vertex   7.280330e+00 1.397349e+01 -9.190907e+00
    endloop
  endfacet
  facet normal 7.916204e-01 5.887417e-01 -1.634635e-01
    outer loop
      vertex   7.399519e+00 1.366287e+01 -9.732438e+00
      vertex   7.280330e+00 1.397349e+01 -9.190907e+00
      vertex   7.399519e+00 1.382919e+01 -9.133413e+00
    endloop
  endfacet
  facet normal 9.230802e-01 3.705885e-01 -1.028935e-01
    outer loop
      vertex   7.474445e+00 1.348437e+01 -9.703174e+00
      vertex   7.399519e+00 1.366287e+01 -9.732438e+00
      vertex   7.399519e+00 1.382919e+01 -9.133413e+00
    endloop
  endfacet
  facet normal 9.230802e-01 3.705885e-01 -1.028935e-01
    outer loop
      vertex   7.474445e+00 1.348437e+01 -9.703174e+00
      vertex   7.399519e+00 1.382919e+01 -9.133413e+00
      vertex   7.474445e+00 1.366115e+01 -9.066461e+00
    endloop
  endfacet
  facet normal 9.851938e-01 1.651952e-01 -4.586625e-02
    outer loop
      vertex   7.474445e+00 1.348437e+01 -9.703174e+00
      vertex   7.474445e+00 1.366115e+01 -9.066461e+00
      vertex   7.487996e+00 1.348988e+01 -9.392255e+00
    endloop
  endfacet
  facet normal 5.581990e-02 9.620477e-01 -2.671111e-01
    outer loop
      vertex   6.944115e+00 1.415382e+01 -9.262756e+00
      vertex   6.944115e+00 1.400771e+01 -9.788972e+00
      vertex   6.750000e+00 1.408519e+01 -9.550513e+00
    endloop
  endfacet
  facet normal 3.807673e-01 0.000000e+00 -9.246709e-01
    outer loop
      vertex   7.125000e+00 1.621884e+01 -7.612324e+00
      vertex   6.944115e+00 1.622694e+01 -7.686810e+00
      vertex   6.944115e+00 1.677306e+01 -7.686810e+00
    endloop
  endfacet
  facet normal 3.807673e-01 0.000000e+00 -9.246709e-01
    outer loop
      vertex   7.125000e+00 1.621884e+01 -7.612324e+00
      vertex   6.944115e+00 1.677306e+01 -7.686810e+00
      vertex   7.125000e+00 1.678116e+01 -7.612324e+00
    endloop
  endfacet
  facet normal 6.065061e-01 0.000000e+00 -7.950788e-01
    outer loop
      vertex   7.280330e+00 1.620595e+01 -7.493834e+00
      vertex   7.125000e+00 1.621884e+01 -7.612324e+00
      vertex   7.125000e+00 1.678116e+01 -7.612324e+00
    endloop
  endfacet
  facet normal 6.065061e-01 0.000000e+00 -7.950788e-01
    outer loop
      vertex   7.280330e+00 1.620595e+01 -7.493834e+00
      vertex   7.125000e+00 1.678116e+01 -7.612324e+00
      vertex   7.280330e+00 1.679405e+01 -7.493834e+00
    endloop
  endfacet
  facet normal 7.916201e-01 0.000000e+00 -6.110135e-01
    outer loop
      vertex   7.399519e+00 1.618916e+01 -7.339414e+00
      vertex   7.280330e+00 1.620595e+01 -7.493834e+00
      vertex   7.280330e+00 1.679405e+01 -7.493834e+00
    endloop
  endfacet
  facet normal 7.916201e-01 0.000000e+00 -6.110135e-01
    outer loop
      vertex   7.399519e+00 1.618916e+01 -7.339414e+00
      vertex   7.280330e+00 1.679405e+01 -7.493834e+00
      vertex   7.399519e+00 1.681084e+01 -7.339414e+00
    endloop
  endfacet
  facet normal 5.529954e-02 0.000000e+00 -9.984698e-01
    outer loop
      vertex   6.944115e+00 1.677306e+01 -7.686810e+00
      vertex   6.944115e+00 1.622694e+01 -7.686810e+00
      vertex   6.750000e+00 1.650000e+01 -7.697561e+00
    endloop
  endfacet
  facet normal 3.807668e-01 -8.909669e-01 -2.473756e-01
    outer loop
      vertex   7.125000e+00 1.891579e+01 -9.235024e+00
      vertex   6.944115e+00 1.884618e+01 -9.262756e+00
      vertex   6.944115e+00 1.899229e+01 -9.788972e+00
    endloop
  endfacet
  facet normal 3.807677e-01 -8.909664e-01 -2.473758e-01
    outer loop
      vertex   7.125000e+00 1.891579e+01 -9.235024e+00
      vertex   6.944115e+00 1.899229e+01 -9.788972e+00
      vertex   7.125000e+00 1.906622e+01 -9.776850e+00
    endloop
  endfacet
  facet normal 6.065044e-01 -7.660994e-01 -2.127067e-01
    outer loop
      vertex   7.280330e+00 1.902651e+01 -9.190907e+00
      vertex   7.125000e+00 1.891579e+01 -9.235024e+00
      vertex   7.125000e+00 1.906622e+01 -9.776850e+00
    endloop
  endfacet
  facet normal 6.065044e-01 -7.660994e-01 -2.127067e-01
    outer loop
      vertex   7.280330e+00 1.902651e+01 -9.190907e+00
      vertex   7.125000e+00 1.906622e+01 -9.776850e+00
      vertex   7.280330e+00 1.918384e+01 -9.757567e+00
    endloop
  endfacet
  facet normal 7.916204e-01 -5.887417e-01 -1.634635e-01
    outer loop
      vertex   7.399519e+00 1.917081e+01 -9.133413e+00
      vertex   7.280330e+00 1.902651e+01 -9.190907e+00
      vertex   7.280330e+00 1.918384e+01 -9.757567e+00
    endloop
  endfacet
  facet normal 7.916204e-01 -5.887418e-01 -1.634635e-01
    outer loop
      vertex   7.399519e+00 1.917081e+01 -9.133413e+00
      vertex   7.280330e+00 1.918384e+01 -9.757567e+00
      vertex   7.399519e+00 1.933713e+01 -9.732438e+00
    endloop
  endfacet
  facet normal 9.230802e-01 -3.705885e-01 -1.028935e-01
    outer loop
      vertex   7.474445e+00 1.933885e+01 -9.066461e+00
      vertex   7.399519e+00 1.917081e+01 -9.133413e+00
      vertex   7.399519e+00 1.933713e+01 -9.732438e+00
    endloop
  endfacet
  facet normal 9.230802e-01 -3.705885e-01 -1.028935e-01
    outer loop
      vertex   7.474445e+00 1.933885e+01 -9.066461e+00
      vertex   7.399519e+00 1.933713e+01 -9.732438e+00
      vertex   7.474445e+00 1.951563e+01 -9.703174e+00
    endloop
  endfacet
  facet normal 5.582579e-02 -9.620474e-01 -2.671110e-01
    outer loop
      vertex   6.944115e+00 1.899229e+01 -9.788972e+00
      vertex   6.944115e+00 1.884618e+01 -9.262756e+00
      vertex   6.750000e+00 1.891481e+01 -9.550513e+00
    endloop
  endfacet
  facet normal 3.807618e-01 -4.767184e-01 7.923131e-01
    outer loop
      vertex   7.125000e+00 1.807374e+01 -1.226779e+01
      vertex   6.944115e+00 1.802840e+01 -1.220814e+01
      vertex   6.944115e+00 1.756045e+01 -1.248969e+01
    endloop
  endfacet
  facet normal 3.807682e-01 -4.767191e-01 7.923096e-01
    outer loop
      vertex   7.125000e+00 1.807374e+01 -1.226779e+01
      vertex   6.944115e+00 1.756045e+01 -1.248969e+01
      vertex   7.125000e+00 1.759191e+01 -1.255769e+01
    endloop
  endfacet
  facet normal 6.065082e-01 -4.099065e-01 6.812668e-01
    outer loop
      vertex   7.280330e+00 1.814587e+01 -1.236267e+01
      vertex   7.125000e+00 1.807374e+01 -1.226779e+01
      vertex   7.125000e+00 1.759191e+01 -1.255769e+01
    endloop
  endfacet
  facet normal 6.065057e-01 -4.099066e-01 6.812690e-01
    outer loop
      vertex   7.280330e+00 1.814587e+01 -1.236267e+01
      vertex   7.125000e+00 1.759191e+01 -1.255769e+01
      vertex   7.280330e+00 1.764196e+01 -1.266587e+01
    endloop
  endfacet
  facet normal 7.916205e-01 -3.150105e-01 5.235507e-01
    outer loop
      vertex   7.399519e+00 1.823988e+01 -1.248633e+01
      vertex   7.280330e+00 1.814587e+01 -1.236267e+01
      vertex   7.280330e+00 1.764196e+01 -1.266587e+01
    endloop
  endfacet
  facet normal 7.916198e-01 -3.150107e-01 5.235517e-01
    outer loop
      vertex   7.399519e+00 1.823988e+01 -1.248633e+01
      vertex   7.280330e+00 1.764196e+01 -1.266587e+01
      vertex   7.399519e+00 1.770718e+01 -1.280684e+01
    endloop
  endfacet
  facet normal 5.738964e-02 -5.147037e-01 8.554452e-01
    outer loop
      vertex   6.944115e+00 1.756045e+01 -1.248969e+01
      vertex   6.944115e+00 1.802840e+01 -1.220814e+01
      vertex   6.750000e+00 1.775000e+01 -1.236262e+01
    endloop
  endfacet
  facet normal 3.807683e-01 4.767161e-01 7.923113e-01
    outer loop
      vertex   7.125000e+00 1.540809e+01 -1.255769e+01
      vertex   6.944115e+00 1.543955e+01 -1.248969e+01
      vertex   6.944115e+00 1.497160e+01 -1.220814e+01
    endloop
  endfacet
  facet normal 3.807619e-01 4.767196e-01 7.923123e-01
    outer loop
      vertex   7.125000e+00 1.540809e+01 -1.255769e+01
      vertex   6.944115e+00 1.497160e+01 -1.220814e+01
      vertex   7.125000e+00 1.492626e+01 -1.226779e+01
    endloop
  endfacet
  facet normal 6.065077e-01 4.099060e-01 6.812676e-01
    outer loop
      vertex   7.280330e+00 1.535804e+01 -1.266587e+01
      vertex   7.125000e+00 1.540809e+01 -1.255769e+01
      vertex   7.125000e+00 1.492626e+01 -1.226779e+01
    endloop
  endfacet
  facet normal 6.065082e-01 4.099056e-01 6.812674e-01
    outer loop
      vertex   7.280330e+00 1.535804e+01 -1.266587e+01
      vertex   7.125000e+00 1.492626e+01 -1.226779e+01
      vertex   7.280330e+00 1.485413e+01 -1.236267e+01
    endloop
  endfacet
  facet normal 7.916198e-01 3.150110e-01 5.235515e-01
    outer loop
      vertex   7.399519e+00 1.529282e+01 -1.280684e+01
      vertex   7.280330e+00 1.535804e+01 -1.266587e+01
      vertex   7.280330e+00 1.485413e+01 -1.236267e+01
    endloop
  endfacet
  facet normal 7.916193e-01 3.150115e-01 5.235519e-01
    outer loop
      vertex   7.399519e+00 1.529282e+01 -1.280684e+01
      vertex   7.280330e+00 1.485413e+01 -1.236267e+01
      vertex   7.399519e+00 1.476012e+01 -1.248633e+01
    endloop
  endfacet
  facet normal 5.738781e-02 5.147028e-01 8.554459e-01
    outer loop
      vertex   6.944115e+00 1.497160e+01 -1.220814e+01
      vertex   6.944115e+00 1.543955e+01 -1.248969e+01
      vertex   6.750000e+00 1.525000e+01 -1.236262e+01
    endloop
  endfacet
  facet normal 9.999991e-01 1.158791e-03 6.690304e-04
    outer loop
      vertex   7.500000e+00 1.823205e+01 -7.447561e+00
      vertex   7.499998e+00 1.823720e+01 -7.452921e+00
      vertex   7.500000e+00 1.815988e+01 -7.322561e+00
    endloop
  endfacet
  facet normal 9.953920e-01 8.248157e-02 4.890452e-02
    outer loop
      vertex   7.500000e+00 1.815988e+01 -7.322561e+00
      vertex   7.499998e+00 1.823720e+01 -7.452921e+00
      vertex   7.487996e+00 1.870248e+01 -7.993371e+00
    endloop
  endfacet
  facet normal 9.765264e-01 1.756816e-01 1.246284e-01
    outer loop
      vertex   7.500000e+00 1.815988e+01 -7.322561e+00
      vertex   7.487996e+00 1.870248e+01 -7.993371e+00
      vertex   7.474445e+00 1.874296e+01 -7.944254e+00
    endloop
  endfacet
  facet normal 9.914449e-01 1.130386e-01 6.526296e-02
    outer loop
      vertex   7.500000e+00 1.815988e+01 -7.322561e+00
      vertex   7.474445e+00 1.874296e+01 -7.944254e+00
      vertex   7.474445e+00 1.832799e+01 -7.225504e+00
    endloop
  endfacet
  facet normal 9.238794e-01 3.314136e-01 1.913421e-01
    outer loop
      vertex   7.474445e+00 1.832799e+01 -7.225504e+00
      vertex   7.474445e+00 1.874296e+01 -7.944254e+00
      vertex   7.399519e+00 1.889961e+01 -7.853811e+00
    endloop
  endfacet
  facet normal 9.238794e-01 3.314136e-01 1.913421e-01
    outer loop
      vertex   7.474445e+00 1.832799e+01 -7.225504e+00
      vertex   7.399519e+00 1.889961e+01 -7.853811e+00
      vertex   7.399519e+00 1.848464e+01 -7.135061e+00
    endloop
  endfacet
  facet normal 7.933523e-01 5.272038e-01 3.043818e-01
    outer loop
      vertex   7.399519e+00 1.848464e+01 -7.135061e+00
      vertex   7.399519e+00 1.889961e+01 -7.853811e+00
      vertex   7.280330e+00 1.903413e+01 -7.776146e+00
    endloop
  endfacet
  facet normal 7.933548e-01 5.272015e-01 3.043793e-01
    outer loop
      vertex   7.399519e+00 1.848464e+01 -7.135061e+00
      vertex   7.280330e+00 1.903413e+01 -7.776146e+00
      vertex   7.280330e+00 1.861916e+01 -7.057396e+00
    endloop
  endfacet
  facet normal 6.087617e-01 6.870643e-01 3.966760e-01
    outer loop
      vertex   7.280330e+00 1.861916e+01 -7.057396e+00
      vertex   7.280330e+00 1.903413e+01 -7.776146e+00
      vertex   7.125000e+00 1.913735e+01 -7.716551e+00
    endloop
  endfacet
  facet normal 6.087584e-01 6.870660e-01 3.966781e-01
    outer loop
      vertex   7.280330e+00 1.861916e+01 -7.057396e+00
      vertex   7.125000e+00 1.913735e+01 -7.716551e+00
      vertex   7.125000e+00 1.872238e+01 -6.997801e+00
    endloop
  endfacet
  facet normal 3.826829e-01 8.001031e-01 4.619402e-01
    outer loop
      vertex   7.125000e+00 1.872238e+01 -6.997801e+00
      vertex   7.125000e+00 1.913735e+01 -7.716551e+00
      vertex   6.944115e+00 1.920224e+01 -7.679089e+00
    endloop
  endfacet
  facet normal 3.826874e-01 8.001021e-01 4.619383e-01
    outer loop
      vertex   7.125000e+00 1.872238e+01 -6.997801e+00
      vertex   6.944115e+00 1.920224e+01 -7.679089e+00
      vertex   6.944115e+00 1.878727e+01 -6.960338e+00
    endloop
  endfacet
  facet normal 1.305291e-01 8.586165e-01 4.957215e-01
    outer loop
      vertex   6.944115e+00 1.878727e+01 -6.960338e+00
      vertex   6.944115e+00 1.920224e+01 -7.679089e+00
      vertex   6.750000e+00 1.922437e+01 -7.666311e+00
    endloop
  endfacet
  facet normal 1.305225e-01 8.586165e-01 4.957233e-01
    outer loop
      vertex   6.944115e+00 1.878727e+01 -6.960338e+00
      vertex   6.750000e+00 1.922437e+01 -7.666311e+00
      vertex   6.750000e+00 1.880940e+01 -6.947561e+00
    endloop
  endfacet
  facet normal 9.670985e-01 2.190321e-01 1.294039e-01
    outer loop
      vertex   7.487996e+00 1.870248e+01 -7.993371e+00
      vertex   7.476184e+00 1.915220e+01 -8.666311e+00
      vertex   7.474445e+00 1.915793e+01 -8.663003e+00
    endloop
  endfacet
  facet normal 9.751254e-01 1.919578e-01 1.108268e-01
    outer loop
      vertex   7.487996e+00 1.870248e+01 -7.993371e+00
      vertex   7.474445e+00 1.915793e+01 -8.663003e+00
      vertex   7.474445e+00 1.874296e+01 -7.944254e+00
    endloop
  endfacet
  facet normal 9.238794e-01 3.314139e-01 1.913417e-01
    outer loop
      vertex   7.474445e+00 1.874296e+01 -7.944254e+00
      vertex   7.474445e+00 1.915793e+01 -8.663003e+00
      vertex   7.399519e+00 1.931458e+01 -8.572561e+00
    endloop
  endfacet
  facet normal 9.238794e-01 3.314139e-01 1.913417e-01
    outer loop
      vertex   7.474445e+00 1.874296e+01 -7.944254e+00
      vertex   7.399519e+00 1.931458e+01 -8.572561e+00
      vertex   7.399519e+00 1.889961e+01 -7.853811e+00
    endloop
  endfacet
  facet normal 7.933542e-01 5.272020e-01 3.043799e-01
    outer loop
      vertex   7.399519e+00 1.889961e+01 -7.853811e+00
      vertex   7.399519e+00 1.931458e+01 -8.572561e+00
      vertex   7.280330e+00 1.944910e+01 -8.494896e+00
    endloop
  endfacet
  facet normal 7.933523e-01 5.272038e-01 3.043818e-01
    outer loop
      vertex   7.399519e+00 1.889961e+01 -7.853811e+00
      vertex   7.280330e+00 1.944910e+01 -8.494896e+00
      vertex   7.280330e+00 1.903413e+01 -7.776146e+00
    endloop
  endfacet
  facet normal 6.087584e-01 6.870659e-01 3.966784e-01
    outer loop
      vertex   7.280330e+00 1.903413e+01 -7.776146e+00
      vertex   7.280330e+00 1.944910e+01 -8.494896e+00
      vertex   7.125000e+00 1.955232e+01 -8.435301e+00
    endloop
  endfacet
  facet normal 6.087617e-01 6.870642e-01 3.966763e-01
    outer loop
      vertex   7.280330e+00 1.903413e+01 -7.776146e+00
      vertex   7.125000e+00 1.955232e+01 -8.435301e+00
      vertex   7.125000e+00 1.913735e+01 -7.716551e+00
    endloop
  endfacet
  facet normal 3.826874e-01 8.001019e-01 4.619386e-01
    outer loop
      vertex   7.125000e+00 1.913735e+01 -7.716551e+00
      vertex   7.125000e+00 1.955232e+01 -8.435301e+00
      vertex   6.944115e+00 1.961721e+01 -8.397838e+00
    endloop
  endfacet
  facet normal 3.826829e-01 8.001030e-01 4.619405e-01
    outer loop
      vertex   7.125000e+00 1.913735e+01 -7.716551e+00
      vertex   6.944115e+00 1.961721e+01 -8.397838e+00
      vertex   6.944115e+00 1.920224e+01 -7.679089e+00
    endloop
  endfacet
  facet normal 1.305225e-01 8.586165e-01 4.957233e-01
    outer loop
      vertex   6.944115e+00 1.920224e+01 -7.679089e+00
      vertex   6.944115e+00 1.961721e+01 -8.397838e+00
      vertex   6.750000e+00 1.963934e+01 -8.385061e+00
    endloop
  endfacet
  facet normal 1.305291e-01 8.586165e-01 4.957215e-01
    outer loop
      vertex   6.944115e+00 1.920224e+01 -7.679089e+00
      vertex   6.750000e+00 1.963934e+01 -8.385061e+00
      vertex   6.750000e+00 1.922437e+01 -7.666311e+00
    endloop
  endfacet
  facet normal 9.751484e-01 1.920093e-01 1.105350e-01
    outer loop
      vertex   7.476184e+00 1.915220e+01 -8.666311e+00
      vertex   7.487996e+00 1.951012e+01 -9.392255e+00
      vertex   7.474445e+00 1.957290e+01 -9.381754e+00
    endloop
  endfacet
  facet normal 9.671016e-01 2.203084e-01 1.271952e-01
    outer loop
      vertex   7.476184e+00 1.915220e+01 -8.666311e+00
      vertex   7.474445e+00 1.957290e+01 -9.381754e+00
      vertex   7.474445e+00 1.915793e+01 -8.663003e+00
    endloop
  endfacet
  facet normal 9.238794e-01 3.314137e-01 1.913420e-01
    outer loop
      vertex   7.474445e+00 1.915793e+01 -8.663003e+00
      vertex   7.474445e+00 1.957290e+01 -9.381754e+00
      vertex   7.399519e+00 1.972955e+01 -9.291311e+00
    endloop
  endfacet
  facet normal 9.238794e-01 3.314137e-01 1.913420e-01
    outer loop
      vertex   7.474445e+00 1.915793e+01 -8.663003e+00
      vertex   7.399519e+00 1.972955e+01 -9.291311e+00
      vertex   7.399519e+00 1.931458e+01 -8.572561e+00
    endloop
  endfacet
  facet normal 7.933523e-01 5.272040e-01 3.043816e-01
    outer loop
      vertex   7.399519e+00 1.931458e+01 -8.572561e+00
      vertex   7.399519e+00 1.972955e+01 -9.291311e+00
      vertex   7.280330e+00 1.986407e+01 -9.213646e+00
    endloop
  endfacet
  facet normal 7.933542e-01 5.272021e-01 3.043797e-01
    outer loop
      vertex   7.399519e+00 1.931458e+01 -8.572561e+00
      vertex   7.280330e+00 1.986407e+01 -9.213646e+00
      vertex   7.280330e+00 1.944910e+01 -8.494896e+00
    endloop
  endfacet
  facet normal 6.087617e-01 6.870643e-01 3.966760e-01
    outer loop
      vertex   7.280330e+00 1.944910e+01 -8.494896e+00
      vertex   7.280330e+00 1.986407e+01 -9.213646e+00
      vertex   7.125000e+00 1.996729e+01 -9.154052e+00
    endloop
  endfacet
  facet normal 6.087584e-01 6.870660e-01 3.966781e-01
    outer loop
      vertex   7.280330e+00 1.944910e+01 -8.494896e+00
      vertex   7.125000e+00 1.996729e+01 -9.154052e+00
      vertex   7.125000e+00 1.955232e+01 -8.435301e+00
    endloop
  endfacet
  facet normal 3.826874e-01 8.001015e-01 4.619393e-01
    outer loop
      vertex   7.125000e+00 1.955232e+01 -8.435301e+00
      vertex   7.125000e+00 1.996729e+01 -9.154052e+00
      vertex   6.944115e+00 2.003218e+01 -9.116589e+00
    endloop
  endfacet
  facet normal 3.826874e-01 8.001015e-01 4.619393e-01
    outer loop
      vertex   7.125000e+00 1.955232e+01 -8.435301e+00
      vertex   6.944115e+00 2.003218e+01 -9.116589e+00
      vertex   6.944115e+00 1.961721e+01 -8.397838e+00
    endloop
  endfacet
  facet normal 1.305188e-01 8.586171e-01 4.957233e-01
    outer loop
      vertex   6.944115e+00 1.961721e+01 -8.397838e+00
      vertex   6.944115e+00 2.003218e+01 -9.116589e+00
      vertex   6.750000e+00 2.005431e+01 -9.103811e+00
    endloop
  endfacet
  facet normal 1.305225e-01 8.586171e-01 4.957223e-01
    outer loop
      vertex   6.944115e+00 1.961721e+01 -8.397838e+00
      vertex   6.750000e+00 2.005431e+01 -9.103811e+00
      vertex   6.750000e+00 1.963934e+01 -8.385061e+00
    endloop
  endfacet
  facet normal 9.919646e-01 1.128695e-01 5.715570e-02
    outer loop
      vertex   7.487996e+00 1.951012e+01 -9.392255e+00
      vertex   7.499998e+00 1.974553e+01 -1.006542e+01
      vertex   7.474445e+00 1.998787e+01 -1.010050e+01
    endloop
  endfacet
  facet normal 9.751260e-01 1.919558e-01 1.108255e-01
    outer loop
      vertex   7.487996e+00 1.951012e+01 -9.392255e+00
      vertex   7.474445e+00 1.998787e+01 -1.010050e+01
      vertex   7.474445e+00 1.957290e+01 -9.381754e+00
    endloop
  endfacet
  facet normal 9.238802e-01 3.314123e-01 1.913406e-01
    outer loop
      vertex   7.474445e+00 1.957290e+01 -9.381754e+00
      vertex   7.474445e+00 1.998787e+01 -1.010050e+01
      vertex   7.399519e+00 2.014452e+01 -1.001006e+01
    endloop
  endfacet
  facet normal 9.238794e-01 3.314137e-01 1.913420e-01
    outer loop
      vertex   7.474445e+00 1.957290e+01 -9.381754e+00
      vertex   7.399519e+00 2.014452e+01 -1.001006e+01
      vertex   7.399519e+00 1.972955e+01 -9.291311e+00
    endloop
  endfacet
  facet normal 7.933509e-01 5.272055e-01 3.043825e-01
    outer loop
      vertex   7.399519e+00 1.972955e+01 -9.291311e+00
      vertex   7.399519e+00 2.014452e+01 -1.001006e+01
      vertex   7.280330e+00 2.027904e+01 -9.932396e+00
    endloop
  endfacet
  facet normal 7.933523e-01 5.272042e-01 3.043812e-01
    outer loop
      vertex   7.399519e+00 1.972955e+01 -9.291311e+00
      vertex   7.280330e+00 2.027904e+01 -9.932396e+00
      vertex   7.280330e+00 1.986407e+01 -9.213646e+00
    endloop
  endfacet
  facet normal 6.087617e-01 6.870642e-01 3.966763e-01
    outer loop
      vertex   7.280330e+00 1.986407e+01 -9.213646e+00
      vertex   7.280330e+00 2.027904e+01 -9.932396e+00
      vertex   7.125000e+00 2.038226e+01 -9.872801e+00
    endloop
  endfacet
  facet normal 6.087617e-01 6.870642e-01 3.966763e-01
    outer loop
      vertex   7.280330e+00 1.986407e+01 -9.213646e+00
      vertex   7.125000e+00 2.038226e+01 -9.872801e+00
      vertex   7.125000e+00 1.996729e+01 -9.154052e+00
    endloop
  endfacet
  facet normal 3.826874e-01 8.001019e-01 4.619386e-01
    outer loop
      vertex   7.125000e+00 1.996729e+01 -9.154052e+00
      vertex   7.125000e+00 2.038226e+01 -9.872801e+00
      vertex   6.944115e+00 2.044715e+01 -9.835339e+00
    endloop
  endfacet
  facet normal 3.826874e-01 8.001019e-01 4.619386e-01
    outer loop
      vertex   7.125000e+00 1.996729e+01 -9.154052e+00
      vertex   6.944115e+00 2.044715e+01 -9.835339e+00
      vertex   6.944115e+00 2.003218e+01 -9.116589e+00
    endloop
  endfacet
  facet normal 1.305291e-01 8.586163e-01 4.957218e-01
    outer loop
      vertex   6.944115e+00 2.003218e+01 -9.116589e+00
      vertex   6.944115e+00 2.044715e+01 -9.835339e+00
      vertex   6.750000e+00 2.046928e+01 -9.822561e+00
    endloop
  endfacet
  facet normal 1.305188e-01 8.586163e-01 4.957247e-01
    outer loop
      vertex   6.944115e+00 2.003218e+01 -9.116589e+00
      vertex   6.750000e+00 2.046928e+01 -9.822561e+00
      vertex   6.750000e+00 2.005431e+01 -9.103811e+00
    endloop
  endfacet
  facet normal 9.999991e-01 1.159513e-03 6.694365e-04
    outer loop
      vertex   7.499998e+00 1.974553e+01 -1.006542e+01
      vertex   7.500000e+00 1.974760e+01 -1.007256e+01
      vertex   7.500000e+00 1.981976e+01 -1.019756e+01
    endloop
  endfacet
  facet normal 9.914438e-01 1.137979e-01 6.394751e-02
    outer loop
      vertex   7.499998e+00 1.974553e+01 -1.006542e+01
      vertex   7.500000e+00 1.981976e+01 -1.019756e+01
      vertex   7.474445e+00 1.998787e+01 -1.010050e+01
    endloop
  endfacet
  facet normal 9.999991e-01 1.159513e-03 -6.694365e-04
    outer loop
      vertex   7.500000e+00 1.974760e+01 -1.032256e+01
      vertex   7.499998e+00 1.974553e+01 -1.032970e+01
      vertex   7.500000e+00 1.981976e+01 -1.019756e+01
    endloop
  endfacet
  facet normal 9.953921e-01 8.359166e-02 -4.697827e-02
    outer loop
      vertex   7.500000e+00 1.981976e+01 -1.019756e+01
      vertex   7.499998e+00 1.974553e+01 -1.032970e+01
      vertex   7.487996e+00 1.951012e+01 -1.100287e+01
    endloop
  endfacet
  facet normal 9.765268e-01 1.957702e-01 -8.982986e-02
    outer loop
      vertex   7.500000e+00 1.981976e+01 -1.019756e+01
      vertex   7.487996e+00 1.951012e+01 -1.100287e+01
      vertex   7.474445e+00 1.957290e+01 -1.101337e+01
    endloop
  endfacet
  facet normal 9.914449e-01 1.130387e-01 -6.526274e-02
    outer loop
      vertex   7.500000e+00 1.981976e+01 -1.019756e+01
      vertex   7.474445e+00 1.957290e+01 -1.101337e+01
      vertex   7.474445e+00 1.998787e+01 -1.029462e+01
    endloop
  endfacet
  facet normal 9.238794e-01 3.314140e-01 -1.913415e-01
    outer loop
      vertex   7.474445e+00 1.998787e+01 -1.029462e+01
      vertex   7.474445e+00 1.957290e+01 -1.101337e+01
      vertex   7.399519e+00 1.972955e+01 -1.110381e+01
    endloop
  endfacet
  facet normal 9.238802e-01 3.314122e-01 -1.913409e-01
    outer loop
      vertex   7.474445e+00 1.998787e+01 -1.029462e+01
      vertex   7.399519e+00 1.972955e+01 -1.110381e+01
      vertex   7.399519e+00 2.014452e+01 -1.038506e+01
    endloop
  endfacet
  facet normal 7.933523e-01 5.272041e-01 -3.043814e-01
    outer loop
      vertex   7.399519e+00 2.014452e+01 -1.038506e+01
      vertex   7.399519e+00 1.972955e+01 -1.110381e+01
      vertex   7.280330e+00 1.986407e+01 -1.118148e+01
    endloop
  endfacet
  facet normal 7.933514e-01 5.272052e-01 -3.043817e-01
    outer loop
      vertex   7.399519e+00 2.014452e+01 -1.038506e+01
      vertex   7.280330e+00 1.986407e+01 -1.118148e+01
      vertex   7.280330e+00 2.027904e+01 -1.046273e+01
    endloop
  endfacet
  facet normal 6.087607e-01 6.870648e-01 -3.966766e-01
    outer loop
      vertex   7.280330e+00 2.027904e+01 -1.046273e+01
      vertex   7.280330e+00 1.986407e+01 -1.118148e+01
      vertex   7.125000e+00 1.996729e+01 -1.124107e+01
    endloop
  endfacet
  facet normal 6.087607e-01 6.870648e-01 -3.966766e-01
    outer loop
      vertex   7.280330e+00 2.027904e+01 -1.046273e+01
      vertex   7.125000e+00 1.996729e+01 -1.124107e+01
      vertex   7.125000e+00 2.038226e+01 -1.052232e+01
    endloop
  endfacet
  facet normal 3.826874e-01 8.001019e-01 -4.619386e-01
    outer loop
      vertex   7.125000e+00 2.038226e+01 -1.052232e+01
      vertex   7.125000e+00 1.996729e+01 -1.124107e+01
      vertex   6.944115e+00 2.003218e+01 -1.127853e+01
    endloop
  endfacet
  facet normal 3.826874e-01 8.001019e-01 -4.619386e-01
    outer loop
      vertex   7.125000e+00 2.038226e+01 -1.052232e+01
      vertex   6.944115e+00 2.003218e+01 -1.127853e+01
      vertex   6.944115e+00 2.044715e+01 -1.055978e+01
    endloop
  endfacet
  facet normal 1.305188e-01 8.586175e-01 -4.957225e-01
    outer loop
      vertex   6.944115e+00 2.044715e+01 -1.055978e+01
      vertex   6.944115e+00 2.003218e+01 -1.127853e+01
      vertex   6.750000e+00 2.005431e+01 -1.129131e+01
    endloop
  endfacet
  facet normal 1.305291e-01 8.586151e-01 -4.957240e-01
    outer loop
      vertex   6.944115e+00 2.044715e+01 -1.055978e+01
      vertex   6.750000e+00 2.005431e+01 -1.129131e+01
      vertex   6.750000e+00 2.046928e+01 -1.057256e+01
    endloop
  endfacet
  facet normal 9.670957e-01 2.215929e-01 -1.249900e-01
    outer loop
      vertex   7.487996e+00 1.951012e+01 -1.100287e+01
      vertex   7.476184e+00 1.915220e+01 -1.172881e+01
      vertex   7.474445e+00 1.915793e+01 -1.173212e+01
    endloop
  endfacet
  facet normal 9.751259e-01 1.919558e-01 -1.108259e-01
    outer loop
      vertex   7.487996e+00 1.951012e+01 -1.100287e+01
      vertex   7.474445e+00 1.915793e+01 -1.173212e+01
      vertex   7.474445e+00 1.957290e+01 -1.101337e+01
    endloop
  endfacet
  facet normal 9.238794e-01 3.314136e-01 -1.913421e-01
    outer loop
      vertex   7.474445e+00 1.957290e+01 -1.101337e+01
      vertex   7.474445e+00 1.915793e+01 -1.173212e+01
      vertex   7.399519e+00 1.931458e+01 -1.182256e+01
    endloop
  endfacet
  facet normal 9.238794e-01 3.314136e-01 -1.913421e-01
    outer loop
      vertex   7.474445e+00 1.957290e+01 -1.101337e+01
      vertex   7.399519e+00 1.931458e+01 -1.182256e+01
      vertex   7.399519e+00 1.972955e+01 -1.110381e+01
    endloop
  endfacet
  facet normal 7.933542e-01 5.272016e-01 -3.043806e-01
    outer loop
      vertex   7.399519e+00 1.972955e+01 -1.110381e+01
      vertex   7.399519e+00 1.931458e+01 -1.182256e+01
      vertex   7.280330e+00 1.944910e+01 -1.190023e+01
    endloop
  endfacet
  facet normal 7.933523e-01 5.272042e-01 -3.043812e-01
    outer loop
      vertex   7.399519e+00 1.972955e+01 -1.110381e+01
      vertex   7.280330e+00 1.944910e+01 -1.190023e+01
      vertex   7.280330e+00 1.986407e+01 -1.118148e+01
    endloop
  endfacet
  facet normal 6.087574e-01 6.870670e-01 -3.966779e-01
    outer loop
      vertex   7.280330e+00 1.986407e+01 -1.118148e+01
      vertex   7.280330e+00 1.944910e+01 -1.190023e+01
      vertex   7.125000e+00 1.955232e+01 -1.195982e+01
    endloop
  endfacet
  facet normal 6.087607e-01 6.870643e-01 -3.966775e-01
    outer loop
      vertex   7.280330e+00 1.986407e+01 -1.118148e+01
      vertex   7.125000e+00 1.955232e+01 -1.195982e+01
      vertex   7.125000e+00 1.996729e+01 -1.124107e+01
    endloop
  endfacet
  facet normal 3.826874e-01 8.001014e-01 -4.619396e-01
    outer loop
      vertex   7.125000e+00 1.996729e+01 -1.124107e+01
      vertex   7.125000e+00 1.955232e+01 -1.195982e+01
      vertex   6.944115e+00 1.961721e+01 -1.199728e+01
    endloop
  endfacet
  facet normal 3.826874e-01 8.001014e-01 -4.619396e-01
    outer loop
      vertex   7.125000e+00 1.996729e+01 -1.124107e+01
      vertex   6.944115e+00 1.961721e+01 -1.199728e+01
      vertex   6.944115e+00 2.003218e+01 -1.127853e+01
    endloop
  endfacet
  facet normal 1.305240e-01 8.586163e-01 -4.957232e-01
    outer loop
      vertex   6.944115e+00 2.003218e+01 -1.127853e+01
      vertex   6.944115e+00 1.961721e+01 -1.199728e+01
      vertex   6.750000e+00 1.963934e+01 -1.201006e+01
    endloop
  endfacet
  facet normal 1.305188e-01 8.586175e-01 -4.957225e-01
    outer loop
      vertex   6.944115e+00 2.003218e+01 -1.127853e+01
      vertex   6.750000e+00 1.963934e+01 -1.201006e+01
      vertex   6.750000e+00 2.005431e+01 -1.129131e+01
    endloop
  endfacet
  facet normal 9.751482e-01 1.917317e-01 -1.110180e-01
    outer loop
      vertex   7.476184e+00 1.915220e+01 -1.172881e+01
      vertex   7.487996e+00 1.870248e+01 -1.240175e+01
      vertex   7.474445e+00 1.874296e+01 -1.245087e+01
    endloop
  endfacet
  facet normal 9.670988e-01 2.203178e-01 -1.272004e-01
    outer loop
      vertex   7.476184e+00 1.915220e+01 -1.172881e+01
      vertex   7.474445e+00 1.874296e+01 -1.245087e+01
      vertex   7.474445e+00 1.915793e+01 -1.173212e+01
    endloop
  endfacet
  facet normal 9.238794e-01 3.314139e-01 -1.913417e-01
    outer loop
      vertex   7.474445e+00 1.915793e+01 -1.173212e+01
      vertex   7.474445e+00 1.874296e+01 -1.245087e+01
      vertex   7.399519e+00 1.889961e+01 -1.254131e+01
    endloop
  endfacet
  facet normal 9.238794e-01 3.314139e-01 -1.913417e-01
    outer loop
      vertex   7.474445e+00 1.915793e+01 -1.173212e+01
      vertex   7.399519e+00 1.889961e+01 -1.254131e+01
      vertex   7.399519e+00 1.931458e+01 -1.182256e+01
    endloop
  endfacet
  facet normal 7.933523e-01 5.272042e-01 -3.043812e-01
    outer loop
      vertex   7.399519e+00 1.931458e+01 -1.182256e+01
      vertex   7.399519e+00 1.889961e+01 -1.254131e+01
      vertex   7.280330e+00 1.903413e+01 -1.261898e+01
    endloop
  endfacet
  facet normal 7.933542e-01 5.272016e-01 -3.043806e-01
    outer loop
      vertex   7.399519e+00 1.931458e+01 -1.182256e+01
      vertex   7.280330e+00 1.903413e+01 -1.261898e+01
      vertex   7.280330e+00 1.944910e+01 -1.190023e+01
    endloop
  endfacet
  facet normal 6.087626e-01 6.870630e-01 -3.966767e-01
    outer loop
      vertex   7.280330e+00 1.944910e+01 -1.190023e+01
      vertex   7.280330e+00 1.903413e+01 -1.261898e+01
      vertex   7.125000e+00 1.913735e+01 -1.267857e+01
    endloop
  endfacet
  facet normal 6.087574e-01 6.870673e-01 -3.966774e-01
    outer loop
      vertex   7.280330e+00 1.944910e+01 -1.190023e+01
      vertex   7.125000e+00 1.913735e+01 -1.267857e+01
      vertex   7.125000e+00 1.955232e+01 -1.195982e+01
    endloop
  endfacet
  facet normal 3.826829e-01 8.001039e-01 -4.619389e-01
    outer loop
      vertex   7.125000e+00 1.955232e+01 -1.195982e+01
      vertex   7.125000e+00 1.913735e+01 -1.267857e+01
      vertex   6.944115e+00 1.920224e+01 -1.271603e+01
    endloop
  endfacet
  facet normal 3.826874e-01 8.001017e-01 -4.619390e-01
    outer loop
      vertex   7.125000e+00 1.955232e+01 -1.195982e+01
      vertex   6.944115e+00 1.920224e+01 -1.271603e+01
      vertex   6.944115e+00 1.961721e+01 -1.199728e+01
    endloop
  endfacet
  facet normal 1.305262e-01 8.586164e-01 -4.957225e-01
    outer loop
      vertex   6.944115e+00 1.961721e+01 -1.199728e+01
      vertex   6.944115e+00 1.920224e+01 -1.271603e+01
      vertex   6.750000e+00 1.922437e+01 -1.272881e+01
    endloop
  endfacet
  facet normal 1.305240e-01 8.586169e-01 -4.957222e-01
    outer loop
      vertex   6.944115e+00 1.961721e+01 -1.199728e+01
      vertex   6.750000e+00 1.922437e+01 -1.272881e+01
      vertex   6.750000e+00 1.963934e+01 -1.201006e+01
    endloop
  endfacet
  facet normal 9.919645e-01 1.059335e-01 -6.917026e-02
    outer loop
      vertex   7.487996e+00 1.870248e+01 -1.240175e+01
      vertex   7.499998e+00 1.823720e+01 -1.294220e+01
      vertex   7.474445e+00 1.832799e+01 -1.316962e+01
    endloop
  endfacet
  facet normal 9.751257e-01 1.919567e-01 -1.108264e-01
    outer loop
      vertex   7.487996e+00 1.870248e+01 -1.240175e+01
      vertex   7.474445e+00 1.832799e+01 -1.316962e+01
      vertex   7.474445e+00 1.874296e+01 -1.245087e+01
    endloop
  endfacet
  facet normal 9.238794e-01 3.314136e-01 -1.913421e-01
    outer loop
      vertex   7.474445e+00 1.874296e+01 -1.245087e+01
      vertex   7.474445e+00 1.832799e+01 -1.316962e+01
      vertex   7.399519e+00 1.848464e+01 -1.326006e+01
    endloop
  endfacet
  facet normal 9.238794e-01 3.314136e-01 -1.913421e-01
    outer loop
      vertex   7.474445e+00 1.874296e+01 -1.245087e+01
      vertex   7.399519e+00 1.848464e+01 -1.326006e+01
      vertex   7.399519e+00 1.889961e+01 -1.254131e+01
    endloop
  endfacet
  facet normal 7.933542e-01 5.272016e-01 -3.043806e-01
    outer loop
      vertex   7.399519e+00 1.889961e+01 -1.254131e+01
      vertex   7.399519e+00 1.848464e+01 -1.326006e+01
      vertex   7.280330e+00 1.861916e+01 -1.333773e+01
    endloop
  endfacet
  facet normal 7.933523e-01 5.272042e-01 -3.043812e-01
    outer loop
      vertex   7.399519e+00 1.889961e+01 -1.254131e+01
      vertex   7.280330e+00 1.861916e+01 -1.333773e+01
      vertex   7.280330e+00 1.903413e+01 -1.261898e+01
    endloop
  endfacet
  facet normal 6.087593e-01 6.870657e-01 -3.966772e-01
    outer loop
      vertex   7.280330e+00 1.903413e+01 -1.261898e+01
      vertex   7.280330e+00 1.861916e+01 -1.333773e+01
      vertex   7.125000e+00 1.872238e+01 -1.339732e+01
    endloop
  endfacet
  facet normal 6.087626e-01 6.870630e-01 -3.966767e-01
    outer loop
      vertex   7.280330e+00 1.903413e+01 -1.261898e+01
      vertex   7.125000e+00 1.872238e+01 -1.339732e+01
      vertex   7.125000e+00 1.913735e+01 -1.267857e+01
    endloop
  endfacet
  facet normal 3.826874e-01 8.001014e-01 -4.619396e-01
    outer loop
      vertex   7.125000e+00 1.913735e+01 -1.267857e+01
      vertex   7.125000e+00 1.872238e+01 -1.339732e+01
      vertex   6.944115e+00 1.878727e+01 -1.343478e+01
    endloop
  endfacet
  facet normal 3.826829e-01 8.001036e-01 -4.619395e-01
    outer loop
      vertex   7.125000e+00 1.913735e+01 -1.267857e+01
      vertex   6.944115e+00 1.878727e+01 -1.343478e+01
      vertex   6.944115e+00 1.920224e+01 -1.271603e+01
    endloop
  endfacet
  facet normal 1.305240e-01 8.586169e-01 -4.957222e-01
    outer loop
      vertex   6.944115e+00 1.920224e+01 -1.271603e+01
      vertex   6.944115e+00 1.878727e+01 -1.343478e+01
      vertex   6.750000e+00 1.880940e+01 -1.344756e+01
    endloop
  endfacet
  facet normal 1.305262e-01 8.586164e-01 -4.957225e-01
    outer loop
      vertex   6.944115e+00 1.920224e+01 -1.271603e+01
      vertex   6.750000e+00 1.880940e+01 -1.344756e+01
      vertex   6.750000e+00 1.922437e+01 -1.272881e+01
    endloop
  endfacet
  facet normal 9.999991e-01 1.158597e-03 -6.689185e-04
    outer loop
      vertex   7.499998e+00 1.823720e+01 -1.294220e+01
      vertex   7.500000e+00 1.823205e+01 -1.294756e+01
      vertex   7.500000e+00 1.815988e+01 -1.307256e+01
    endloop
  endfacet
  facet normal 9.914438e-01 1.122788e-01 -6.657866e-02
    outer loop
      vertex   7.499998e+00 1.823720e+01 -1.294220e+01
      vertex   7.500000e+00 1.815988e+01 -1.307256e+01
      vertex   7.474445e+00 1.832799e+01 -1.316962e+01
    endloop
  endfacet
  facet normal 9.999995e-01 0.000000e+00 -1.034482e-03
    outer loop
      vertex   7.500000e+00 1.801554e+01 -1.307256e+01
      vertex   7.499998e+00 1.800854e+01 -1.307429e+01
      vertex   7.500000e+00 1.815988e+01 -1.307256e+01
    endloop
  endfacet
  facet normal 9.954117e-01 1.081032e-03 -9.567895e-02
    outer loop
      vertex   7.500000e+00 1.815988e+01 -1.307256e+01
      vertex   7.499998e+00 1.800854e+01 -1.307429e+01
      vertex   7.487999e+00 1.730776e+01 -1.320704e+01
    endloop
  endfacet
  facet normal 9.765205e-01 2.009679e-02 -2.144849e-01
    outer loop
      vertex   7.500000e+00 1.815988e+01 -1.307256e+01
      vertex   7.487999e+00 1.730776e+01 -1.320704e+01
      vertex   7.474445e+00 1.732994e+01 -1.326668e+01
    endloop
  endfacet
  facet normal 9.914450e-01 0.000000e+00 -1.305254e-01
    outer loop
      vertex   7.500000e+00 1.815988e+01 -1.307256e+01
      vertex   7.474445e+00 1.732994e+01 -1.326668e+01
      vertex   7.474445e+00 1.815988e+01 -1.326668e+01
    endloop
  endfacet
  facet normal 9.238794e-01 0.000000e+00 -3.826838e-01
    outer loop
      vertex   7.474445e+00 1.815988e+01 -1.326668e+01
      vertex   7.474445e+00 1.732994e+01 -1.326668e+01
      vertex   7.399519e+00 1.732994e+01 -1.344756e+01
    endloop
  endfacet
  facet normal 9.238794e-01 0.000000e+00 -3.826838e-01
    outer loop
      vertex   7.474445e+00 1.815988e+01 -1.326668e+01
      vertex   7.399519e+00 1.732994e+01 -1.344756e+01
      vertex   7.399519e+00 1.815988e+01 -1.344756e+01
    endloop
  endfacet
  facet normal 7.933525e-01 0.000000e+00 -6.087626e-01
    outer loop
      vertex   7.399519e+00 1.815988e+01 -1.344756e+01
      vertex   7.399519e+00 1.732994e+01 -1.344756e+01
      vertex   7.280330e+00 1.732994e+01 -1.360289e+01
    endloop
  endfacet
  facet normal 7.933525e-01 0.000000e+00 -6.087626e-01
    outer loop
      vertex   7.399519e+00 1.815988e+01 -1.344756e+01
      vertex   7.280330e+00 1.732994e+01 -1.360289e+01
      vertex   7.280330e+00 1.815988e+01 -1.360289e+01
    endloop
  endfacet
  facet normal 6.087611e-01 0.000000e+00 -7.933536e-01
    outer loop
      vertex   7.280330e+00 1.815988e+01 -1.360289e+01
      vertex   7.280330e+00 1.732994e+01 -1.360289e+01
      vertex   7.125000e+00 1.732994e+01 -1.372208e+01
    endloop
  endfacet
  facet normal 6.087611e-01 0.000000e+00 -7.933536e-01
    outer loop
      vertex   7.280330e+00 1.815988e+01 -1.360289e+01
      vertex   7.125000e+00 1.732994e+01 -1.372208e+01
      vertex   7.125000e+00 1.815988e+01 -1.372208e+01
    endloop
  endfacet
  facet normal 3.826848e-01 0.000000e+00 -9.238790e-01
    outer loop
      vertex   7.125000e+00 1.815988e+01 -1.372208e+01
      vertex   7.125000e+00 1.732994e+01 -1.372208e+01
      vertex   6.944115e+00 1.732994e+01 -1.379701e+01
    endloop
  endfacet
  facet normal 3.826848e-01 0.000000e+00 -9.238790e-01
    outer loop
      vertex   7.125000e+00 1.815988e+01 -1.372208e+01
      vertex   6.944115e+00 1.732994e+01 -1.379701e+01
      vertex   6.944115e+00 1.815988e+01 -1.379701e+01
    endloop
  endfacet
  facet normal 1.305224e-01 0.000000e+00 -9.914454e-01
    outer loop
      vertex   6.944115e+00 1.815988e+01 -1.379701e+01
      vertex   6.944115e+00 1.732994e+01 -1.379701e+01
      vertex   6.750000e+00 1.732994e+01 -1.382256e+01
    endloop
  endfacet
  facet normal 1.305224e-01 0.000000e+00 -9.914454e-01
    outer loop
      vertex   6.944115e+00 1.815988e+01 -1.379701e+01
      vertex   6.750000e+00 1.732994e+01 -1.382256e+01
      vertex   6.750000e+00 1.815988e+01 -1.382256e+01
    endloop
  endfacet
  facet normal 9.671041e-01 2.550632e-03 -2.543681e-01
    outer loop
      vertex   7.487999e+00 1.730776e+01 -1.320704e+01
      vertex   7.476184e+00 1.650000e+01 -1.326006e+01
      vertex   7.474445e+00 1.650000e+01 -1.326668e+01
    endloop
  endfacet
  facet normal 9.751279e-01 0.000000e+00 -2.216430e-01
    outer loop
      vertex   7.487999e+00 1.730776e+01 -1.320704e+01
      vertex   7.474445e+00 1.650000e+01 -1.326668e+01
      vertex   7.474445e+00 1.732994e+01 -1.326668e+01
    endloop
  endfacet
  facet normal 9.238794e-01 0.000000e+00 -3.826838e-01
    outer loop
      vertex   7.474445e+00 1.732994e+01 -1.326668e+01
      vertex   7.474445e+00 1.650000e+01 -1.326668e+01
      vertex   7.399519e+00 1.650000e+01 -1.344756e+01
    endloop
  endfacet
  facet normal 9.238794e-01 0.000000e+00 -3.826838e-01
    outer loop
      vertex   7.474445e+00 1.732994e+01 -1.326668e+01
      vertex   7.399519e+00 1.650000e+01 -1.344756e+01
      vertex   7.399519e+00 1.732994e+01 -1.344756e+01
    endloop
  endfacet
  facet normal 7.933525e-01 0.000000e+00 -6.087626e-01
    outer loop
      vertex   7.399519e+00 1.732994e+01 -1.344756e+01
      vertex   7.399519e+00 1.650000e+01 -1.344756e+01
      vertex   7.280330e+00 1.650000e+01 -1.360289e+01
    endloop
  endfacet
  facet normal 7.933525e-01 0.000000e+00 -6.087626e-01
    outer loop
      vertex   7.399519e+00 1.732994e+01 -1.344756e+01
      vertex   7.280330e+00 1.650000e+01 -1.360289e+01
      vertex   7.280330e+00 1.732994e+01 -1.360289e+01
    endloop
  endfacet
  facet normal 6.087611e-01 0.000000e+00 -7.933536e-01
    outer loop
      vertex   7.280330e+00 1.732994e+01 -1.360289e+01
      vertex   7.280330e+00 1.650000e+01 -1.360289e+01
      vertex   7.125000e+00 1.650000e+01 -1.372208e+01
    endloop
  endfacet
  facet normal 6.087611e-01 0.000000e+00 -7.933536e-01
    outer loop
      vertex   7.280330e+00 1.732994e+01 -1.360289e+01
      vertex   7.125000e+00 1.650000e+01 -1.372208e+01
      vertex   7.125000e+00 1.732994e+01 -1.372208e+01
    endloop
  endfacet
  facet normal 3.826848e-01 0.000000e+00 -9.238790e-01
    outer loop
      vertex   7.125000e+00 1.732994e+01 -1.372208e+01
      vertex   7.125000e+00 1.650000e+01 -1.372208e+01
      vertex   6.944115e+00 1.650000e+01 -1.379701e+01
    endloop
  endfacet
  facet normal 3.826848e-01 0.000000e+00 -9.238790e-01
    outer loop
      vertex   7.125000e+00 1.732994e+01 -1.372208e+01
      vertex   6.944115e+00 1.650000e+01 -1.379701e+01
      vertex   6.944115e+00 1.732994e+01 -1.379701e+01
    endloop
  endfacet
  facet normal 1.305224e-01 0.000000e+00 -9.914454e-01
    outer loop
      vertex   6.944115e+00 1.732994e+01 -1.379701e+01
      vertex   6.944115e+00 1.650000e+01 -1.379701e+01
      vertex   6.750000e+00 1.650000e+01 -1.382256e+01
    endloop
  endfacet
  facet normal 1.305224e-01 0.000000e+00 -9.914454e-01
    outer loop
      vertex   6.944115e+00 1.732994e+01 -1.379701e+01
      vertex   6.750000e+00 1.650000e+01 -1.382256e+01
      vertex   6.750000e+00 1.732994e+01 -1.382256e+01
    endloop
  endfacet
  facet normal 9.751502e-01 -2.784830e-04 -2.215445e-01
    outer loop
      vertex   7.476184e+00 1.650000e+01 -1.326006e+01
      vertex   7.487999e+00 1.569224e+01 -1.320704e+01
      vertex   7.474445e+00 1.567006e+01 -1.326668e+01
    endloop
  endfacet
  facet normal 9.671073e-01 0.000000e+00 -2.543689e-01
    outer loop
      vertex   7.476184e+00 1.650000e+01 -1.326006e+01
      vertex   7.474445e+00 1.567006e+01 -1.326668e+01
      vertex   7.474445e+00 1.650000e+01 -1.326668e+01
    endloop
  endfacet
  facet normal 9.238794e-01 0.000000e+00 -3.826838e-01
    outer loop
      vertex   7.474445e+00 1.650000e+01 -1.326668e+01
      vertex   7.474445e+00 1.567006e+01 -1.326668e+01
      vertex   7.399519e+00 1.567006e+01 -1.344756e+01
    endloop
  endfacet
  facet normal 9.238794e-01 0.000000e+00 -3.826838e-01
    outer loop
      vertex   7.474445e+00 1.650000e+01 -1.326668e+01
      vertex   7.399519e+00 1.567006e+01 -1.344756e+01
      vertex   7.399519e+00 1.650000e+01 -1.344756e+01
    endloop
  endfacet
  facet normal 7.933525e-01 0.000000e+00 -6.087626e-01
    outer loop
      vertex   7.399519e+00 1.650000e+01 -1.344756e+01
      vertex   7.399519e+00 1.567006e+01 -1.344756e+01
      vertex   7.280330e+00 1.567006e+01 -1.360289e+01
    endloop
  endfacet
  facet normal 7.933525e-01 0.000000e+00 -6.087626e-01
    outer loop
      vertex   7.399519e+00 1.650000e+01 -1.344756e+01
      vertex   7.280330e+00 1.567006e+01 -1.360289e+01
      vertex   7.280330e+00 1.650000e+01 -1.360289e+01
    endloop
  endfacet
  facet normal 6.087611e-01 0.000000e+00 -7.933536e-01
    outer loop
      vertex   7.280330e+00 1.650000e+01 -1.360289e+01
      vertex   7.280330e+00 1.567006e+01 -1.360289e+01
      vertex   7.125000e+00 1.567006e+01 -1.372208e+01
    endloop
  endfacet
  facet normal 6.087611e-01 0.000000e+00 -7.933536e-01
    outer loop
      vertex   7.280330e+00 1.650000e+01 -1.360289e+01
      vertex   7.125000e+00 1.567006e+01 -1.372208e+01
      vertex   7.125000e+00 1.650000e+01 -1.372208e+01
    endloop
  endfacet
  facet normal 3.826848e-01 0.000000e+00 -9.238790e-01
    outer loop
      vertex   7.125000e+00 1.650000e+01 -1.372208e+01
      vertex   7.125000e+00 1.567006e+01 -1.372208e+01
      vertex   6.944115e+00 1.567006e+01 -1.379701e+01
    endloop
  endfacet
  facet normal 3.826848e-01 0.000000e+00 -9.238790e-01
    outer loop
      vertex   7.125000e+00 1.650000e+01 -1.372208e+01
      vertex   6.944115e+00 1.567006e+01 -1.379701e+01
      vertex   6.944115e+00 1.650000e+01 -1.379701e+01
    endloop
  endfacet
  facet normal 1.305224e-01 0.000000e+00 -9.914454e-01
    outer loop
      vertex   6.944115e+00 1.650000e+01 -1.379701e+01
      vertex   6.944115e+00 1.567006e+01 -1.379701e+01
      vertex   6.750000e+00 1.567006e+01 -1.382256e+01
    endloop
  endfacet
  facet normal 1.305224e-01 0.000000e+00 -9.914454e-01
    outer loop
      vertex   6.944115e+00 1.650000e+01 -1.379701e+01
      vertex   6.750000e+00 1.567006e+01 -1.382256e+01
      vertex   6.750000e+00 1.650000e+01 -1.382256e+01
    endloop
  endfacet
  facet normal 9.919680e-01 -6.940401e-03 -1.262986e-01
    outer loop
      vertex   7.487999e+00 1.569224e+01 -1.320704e+01
      vertex   7.499998e+00 1.499146e+01 -1.307429e+01
      vertex   7.474445e+00 1.484012e+01 -1.326668e+01
    endloop
  endfacet
  facet normal 9.751279e-01 0.000000e+00 -2.216430e-01
    outer loop
      vertex   7.487999e+00 1.569224e+01 -1.320704e+01
      vertex   7.474445e+00 1.484012e+01 -1.326668e+01
      vertex   7.474445e+00 1.567006e+01 -1.326668e+01
    endloop
  endfacet
  facet normal 9.238794e-01 0.000000e+00 -3.826838e-01
    outer loop
      vertex   7.474445e+00 1.567006e+01 -1.326668e+01
      vertex   7.474445e+00 1.484012e+01 -1.326668e+01
      vertex   7.399519e+00 1.484012e+01 -1.344756e+01
    endloop
  endfacet
  facet normal 9.238794e-01 0.000000e+00 -3.826838e-01
    outer loop
      vertex   7.474445e+00 1.567006e+01 -1.326668e+01
      vertex   7.399519e+00 1.484012e+01 -1.344756e+01
      vertex   7.399519e+00 1.567006e+01 -1.344756e+01
    endloop
  endfacet
  facet normal 7.933525e-01 0.000000e+00 -6.087626e-01
    outer loop
      vertex   7.399519e+00 1.567006e+01 -1.344756e+01
      vertex   7.399519e+00 1.484012e+01 -1.344756e+01
      vertex   7.280330e+00 1.484012e+01 -1.360289e+01
    endloop
  endfacet
  facet normal 7.933525e-01 0.000000e+00 -6.087626e-01
    outer loop
      vertex   7.399519e+00 1.567006e+01 -1.344756e+01
      vertex   7.280330e+00 1.484012e+01 -1.360289e+01
      vertex   7.280330e+00 1.567006e+01 -1.360289e+01
    endloop
  endfacet
  facet normal 6.087611e-01 0.000000e+00 -7.933536e-01
    outer loop
      vertex   7.280330e+00 1.567006e+01 -1.360289e+01
      vertex   7.280330e+00 1.484012e+01 -1.360289e+01
      vertex   7.125000e+00 1.484012e+01 -1.372208e+01
    endloop
  endfacet
  facet normal 6.087611e-01 0.000000e+00 -7.933536e-01
    outer loop
      vertex   7.280330e+00 1.567006e+01 -1.360289e+01
      vertex   7.125000e+00 1.484012e+01 -1.372208e+01
      vertex   7.125000e+00 1.567006e+01 -1.372208e+01
    endloop
  endfacet
  facet normal 3.826848e-01 0.000000e+00 -9.238790e-01
    outer loop
      vertex   7.125000e+00 1.567006e+01 -1.372208e+01
      vertex   7.125000e+00 1.484012e+01 -1.372208e+01
      vertex   6.944115e+00 1.484012e+01 -1.379701e+01
    endloop
  endfacet
  facet normal 3.826848e-01 0.000000e+00 -9.238790e-01
    outer loop
      vertex   7.125000e+00 1.567006e+01 -1.372208e+01
      vertex   6.944115e+00 1.484012e+01 -1.379701e+01
      vertex   6.944115e+00 1.567006e+01 -1.379701e+01
    endloop
  endfacet
  facet normal 1.305224e-01 0.000000e+00 -9.914454e-01
    outer loop
      vertex   6.944115e+00 1.567006e+01 -1.379701e+01
      vertex   6.944115e+00 1.484012e+01 -1.379701e+01
      vertex   6.750000e+00 1.484012e+01 -1.382256e+01
    endloop
  endfacet
  facet normal 1.305224e-01 0.000000e+00 -9.914454e-01
    outer loop
      vertex   6.944115e+00 1.567006e+01 -1.379701e+01
      vertex   6.750000e+00 1.484012e+01 -1.382256e+01
      vertex   6.750000e+00 1.567006e+01 -1.382256e+01
    endloop
  endfacet
  facet normal 9.999995e-01 0.000000e+00 -1.034482e-03
    outer loop
      vertex   7.499998e+00 1.499146e+01 -1.307429e+01
      vertex   7.500000e+00 1.498446e+01 -1.307256e+01
      vertex   7.500000e+00 1.484012e+01 -1.307256e+01
    endloop
  endfacet
  facet normal 9.914439e-01 -1.479063e-03 -1.305252e-01
    outer loop
      vertex   7.499998e+00 1.499146e+01 -1.307429e+01
      vertex   7.500000e+00 1.484012e+01 -1.307256e+01
      vertex   7.474445e+00 1.484012e+01 -1.326668e+01
    endloop
  endfacet
  facet normal 1.000000e+00 0.000000e+00 0.000000e+00
    outer loop
      vertex   7.500000e+00 1.823205e+01 -1.294756e+01
      vertex   7.500000e+00 1.816096e+01 -1.299107e+01
      vertex   7.500000e+00 1.815988e+01 -1.307256e+01
    endloop
  endfacet
  facet normal 1.000000e+00 0.000000e+00 -0.000000e+00
    outer loop
      vertex   7.500000e+00 1.815988e+01 -1.307256e+01
      vertex   7.500000e+00 1.816096e+01 -1.299107e+01
      vertex   7.500000e+00 1.808877e+01 -1.303275e+01
    endloop
  endfacet
  facet normal 1.000000e+00 0.000000e+00 0.000000e+00
    outer loop
      vertex   7.500000e+00 1.815988e+01 -1.307256e+01
      vertex   7.500000e+00 1.808877e+01 -1.303275e+01
      vertex   7.500000e+00 1.801554e+01 -1.307256e+01
    endloop
  endfacet
  facet normal 1.000000e+00 0.000000e+00 0.000000e+00
    outer loop
      vertex   7.500000e+00 1.498446e+01 -1.307256e+01
      vertex   7.500000e+00 1.491123e+01 -1.303275e+01
      vertex   7.500000e+00 1.484012e+01 -1.307256e+01
    endloop
  endfacet
  facet normal 1.000000e+00 0.000000e+00 -0.000000e+00
    outer loop
      vertex   7.500000e+00 1.484012e+01 -1.307256e+01
      vertex   7.500000e+00 1.491123e+01 -1.303275e+01
      vertex   7.500000e+00 1.483904e+01 -1.299107e+01
    endloop
  endfacet
  facet normal 1.000000e+00 0.000000e+00 0.000000e+00
    outer loop
      vertex   7.500000e+00 1.484012e+01 -1.307256e+01
      vertex   7.500000e+00 1.483904e+01 -1.299107e+01
      vertex   7.500000e+00 1.476795e+01 -1.294756e+01
    endloop
  endfacet
  facet normal 1.000000e+00 0.000000e+00 0.000000e+00
    outer loop
      vertex   7.500000e+00 1.325240e+01 -1.032256e+01
      vertex   7.500000e+00 1.325027e+01 -1.023924e+01
      vertex   7.500000e+00 1.318024e+01 -1.019756e+01
    endloop
  endfacet
  facet normal 1.000000e+00 -0.000000e+00 0.000000e+00
    outer loop
      vertex   7.500000e+00 1.318024e+01 -1.019756e+01
      vertex   7.500000e+00 1.325027e+01 -1.023924e+01
      vertex   7.500000e+00 1.325027e+01 -1.015589e+01
    endloop
  endfacet
  facet normal 1.000000e+00 0.000000e+00 0.000000e+00
    outer loop
      vertex   7.500000e+00 1.318024e+01 -1.019756e+01
      vertex   7.500000e+00 1.325027e+01 -1.015589e+01
      vertex   7.500000e+00 1.325240e+01 -1.007256e+01
    endloop
  endfacet
  facet normal 1.000000e+00 0.000000e+00 0.000000e+00
    outer loop
      vertex   7.500000e+00 1.974760e+01 -1.007256e+01
      vertex   7.500000e+00 1.974973e+01 -1.015589e+01
      vertex   7.500000e+00 1.981976e+01 -1.019756e+01
    endloop
  endfacet
  facet normal 1.000000e+00 0.000000e+00 0.000000e+00
    outer loop
      vertex   7.500000e+00 1.981976e+01 -1.019756e+01
      vertex   7.500000e+00 1.974973e+01 -1.015589e+01
      vertex   7.500000e+00 1.974973e+01 -1.023924e+01
    endloop
  endfacet
  facet normal 1.000000e+00 0.000000e+00 0.000000e+00
    outer loop
      vertex   7.500000e+00 1.981976e+01 -1.019756e+01
      vertex   7.500000e+00 1.974973e+01 -1.023924e+01
      vertex   7.500000e+00 1.974760e+01 -1.032256e+01
    endloop
  endfacet
  facet normal 1.000000e+00 0.000000e+00 0.000000e+00
    outer loop
      vertex   7.500000e+00 1.476795e+01 -7.447561e+00
      vertex   7.500000e+00 1.483904e+01 -7.404048e+00
      vertex   7.500000e+00 1.484012e+01 -7.322561e+00
    endloop
  endfacet
  facet normal 1.000000e+00 0.000000e+00 0.000000e+00
    outer loop
      vertex   7.500000e+00 1.484012e+01 -7.322561e+00
      vertex   7.500000e+00 1.483904e+01 -7.404048e+00
      vertex   7.500000e+00 1.491123e+01 -7.362372e+00
    endloop
  endfacet
  facet normal 1.000000e+00 -0.000000e+00 0.000000e+00
    outer loop
      vertex   7.500000e+00 1.484012e+01 -7.322561e+00
      vertex   7.500000e+00 1.491123e+01 -7.362372e+00
      vertex   7.500000e+00 1.498446e+01 -7.322561e+00
    endloop
  endfacet
  facet normal 9.999991e-01 -1.158568e-03 -6.688908e-04
    outer loop
      vertex   7.500000e+00 1.476795e+01 -1.294756e+01
      vertex   7.499998e+00 1.476280e+01 -1.294220e+01
      vertex   7.500000e+00 1.484012e+01 -1.307256e+01
    endloop
  endfacet
  facet normal 9.953922e-01 -8.248001e-02 -4.890306e-02
    outer loop
      vertex   7.500000e+00 1.484012e+01 -1.307256e+01
      vertex   7.499998e+00 1.476280e+01 -1.294220e+01
      vertex   7.487996e+00 1.429752e+01 -1.240175e+01
    endloop
  endfacet
  facet normal 9.765266e-01 -1.756810e-01 -1.246275e-01
    outer loop
      vertex   7.500000e+00 1.484012e+01 -1.307256e+01
      vertex   7.487996e+00 1.429752e+01 -1.240175e+01
      vertex   7.474445e+00 1.425704e+01 -1.245087e+01
    endloop
  endfacet
  facet normal 9.914449e-01 -1.130386e-01 -6.526282e-02
    outer loop
      vertex   7.500000e+00 1.484012e+01 -1.307256e+01
      vertex   7.474445e+00 1.425704e+01 -1.245087e+01
      vertex   7.474445e+00 1.467201e+01 -1.316962e+01
    endloop
  endfacet
  facet normal 9.238794e-01 -3.314139e-01 -1.913417e-01
    outer loop
      vertex   7.474445e+00 1.467201e+01 -1.316962e+01
      vertex   7.474445e+00 1.425704e+01 -1.245087e+01
      vertex   7.399519e+00 1.410039e+01 -1.254131e+01
    endloop
  endfacet
  facet normal 9.238794e-01 -3.314139e-01 -1.913417e-01
    outer loop
      vertex   7.474445e+00 1.467201e+01 -1.316962e+01
      vertex   7.399519e+00 1.410039e+01 -1.254131e+01
      vertex   7.399519e+00 1.451536e+01 -1.326006e+01
    endloop
  endfacet
  facet normal 7.933542e-01 -5.272020e-01 -3.043799e-01
    outer loop
      vertex   7.399519e+00 1.451536e+01 -1.326006e+01
      vertex   7.399519e+00 1.410039e+01 -1.254131e+01
      vertex   7.280330e+00 1.396587e+01 -1.261898e+01
    endloop
  endfacet
  facet normal 7.933523e-01 -5.272038e-01 -3.043818e-01
    outer loop
      vertex   7.399519e+00 1.451536e+01 -1.326006e+01
      vertex   7.280330e+00 1.396587e+01 -1.261898e+01
      vertex   7.280330e+00 1.438084e+01 -1.333773e+01
    endloop
  endfacet
  facet normal 6.087593e-01 -6.870652e-01 -3.966780e-01
    outer loop
      vertex   7.280330e+00 1.438084e+01 -1.333773e+01
      vertex   7.280330e+00 1.396587e+01 -1.261898e+01
      vertex   7.125000e+00 1.386265e+01 -1.267857e+01
    endloop
  endfacet
  facet normal 6.087626e-01 -6.870635e-01 -3.966759e-01
    outer loop
      vertex   7.280330e+00 1.438084e+01 -1.333773e+01
      vertex   7.125000e+00 1.386265e+01 -1.267857e+01
      vertex   7.125000e+00 1.427762e+01 -1.339732e+01
    endloop
  endfacet
  facet normal 3.826874e-01 -8.001019e-01 -4.619386e-01
    outer loop
      vertex   7.125000e+00 1.427762e+01 -1.339732e+01
      vertex   7.125000e+00 1.386265e+01 -1.267857e+01
      vertex   6.944115e+00 1.379776e+01 -1.271603e+01
    endloop
  endfacet
  facet normal 3.826829e-01 -8.001030e-01 -4.619405e-01
    outer loop
      vertex   7.125000e+00 1.427762e+01 -1.339732e+01
      vertex   6.944115e+00 1.379776e+01 -1.271603e+01
      vertex   6.944115e+00 1.421273e+01 -1.343478e+01
    endloop
  endfacet
  facet normal 1.305210e-01 -8.586166e-01 -4.957234e-01
    outer loop
      vertex   6.944115e+00 1.421273e+01 -1.343478e+01
      vertex   6.944115e+00 1.379776e+01 -1.271603e+01
      vertex   6.750000e+00 1.377563e+01 -1.272881e+01
    endloop
  endfacet
  facet normal 1.305291e-01 -8.586167e-01 -4.957212e-01
    outer loop
      vertex   6.944115e+00 1.421273e+01 -1.343478e+01
      vertex   6.750000e+00 1.377563e+01 -1.272881e+01
      vertex   6.750000e+00 1.419060e+01 -1.344756e+01
    endloop
  endfacet
  facet normal 9.670957e-01 -2.190409e-01 -1.294105e-01
    outer loop
      vertex   7.487996e+00 1.429752e+01 -1.240175e+01
      vertex   7.476184e+00 1.384780e+01 -1.172881e+01
      vertex   7.474445e+00 1.384207e+01 -1.173212e+01
    endloop
  endfacet
  facet normal 9.751257e-01 -1.919567e-01 -1.108264e-01
    outer loop
      vertex   7.487996e+00 1.429752e+01 -1.240175e+01
      vertex   7.474445e+00 1.384207e+01 -1.173212e+01
      vertex   7.474445e+00 1.425704e+01 -1.245087e+01
    endloop
  endfacet
  facet normal 9.238794e-01 -3.314136e-01 -1.913421e-01
    outer loop
      vertex   7.474445e+00 1.425704e+01 -1.245087e+01
      vertex   7.474445e+00 1.384207e+01 -1.173212e+01
      vertex   7.399519e+00 1.368542e+01 -1.182256e+01
    endloop
  endfacet
  facet normal 9.238794e-01 -3.314136e-01 -1.913421e-01
    outer loop
      vertex   7.474445e+00 1.425704e+01 -1.245087e+01
      vertex   7.399519e+00 1.368542e+01 -1.182256e+01
      vertex   7.399519e+00 1.410039e+01 -1.254131e+01
    endloop
  endfacet
  facet normal 7.933523e-01 -5.272038e-01 -3.043818e-01
    outer loop
      vertex   7.399519e+00 1.410039e+01 -1.254131e+01
      vertex   7.399519e+00 1.368542e+01 -1.182256e+01
      vertex   7.280330e+00 1.355090e+01 -1.190023e+01
    endloop
  endfacet
  facet normal 7.933542e-01 -5.272020e-01 -3.043799e-01
    outer loop
      vertex   7.399519e+00 1.410039e+01 -1.254131e+01
      vertex   7.280330e+00 1.355090e+01 -1.190023e+01
      vertex   7.280330e+00 1.396587e+01 -1.261898e+01
    endloop
  endfacet
  facet normal 6.087607e-01 -6.870648e-01 -3.966766e-01
    outer loop
      vertex   7.280330e+00 1.396587e+01 -1.261898e+01
      vertex   7.280330e+00 1.355090e+01 -1.190023e+01
      vertex   7.125000e+00 1.344768e+01 -1.195982e+01
    endloop
  endfacet
  facet normal 6.087593e-01 -6.870655e-01 -3.966775e-01
    outer loop
      vertex   7.280330e+00 1.396587e+01 -1.261898e+01
      vertex   7.125000e+00 1.344768e+01 -1.195982e+01
      vertex   7.125000e+00 1.386265e+01 -1.267857e+01
    endloop
  endfacet
  facet normal 3.826829e-01 -8.001033e-01 -4.619399e-01
    outer loop
      vertex   7.125000e+00 1.386265e+01 -1.267857e+01
      vertex   7.125000e+00 1.344768e+01 -1.195982e+01
      vertex   6.944115e+00 1.338279e+01 -1.199728e+01
    endloop
  endfacet
  facet normal 3.826874e-01 -8.001023e-01 -4.619380e-01
    outer loop
      vertex   7.125000e+00 1.386265e+01 -1.267857e+01
      vertex   6.944115e+00 1.338279e+01 -1.199728e+01
      vertex   6.944115e+00 1.379776e+01 -1.271603e+01
    endloop
  endfacet
  facet normal 1.305291e-01 -8.586167e-01 -4.957212e-01
    outer loop
      vertex   6.944115e+00 1.379776e+01 -1.271603e+01
      vertex   6.944115e+00 1.338279e+01 -1.199728e+01
      vertex   6.750000e+00 1.336066e+01 -1.201006e+01
    endloop
  endfacet
  facet normal 1.305210e-01 -8.586166e-01 -4.957234e-01
    outer loop
      vertex   6.944115e+00 1.379776e+01 -1.271603e+01
      vertex   6.750000e+00 1.336066e+01 -1.201006e+01
      vertex   6.750000e+00 1.377563e+01 -1.272881e+01
    endloop
  endfacet
  facet normal 9.751476e-01 -1.920125e-01 -1.105366e-01
    outer loop
      vertex   7.476184e+00 1.384780e+01 -1.172881e+01
      vertex   7.487996e+00 1.348988e+01 -1.100287e+01
      vertex   7.474445e+00 1.342710e+01 -1.101337e+01
    endloop
  endfacet
  facet normal 9.670988e-01 -2.203178e-01 -1.272004e-01
    outer loop
      vertex   7.476184e+00 1.384780e+01 -1.172881e+01
      vertex   7.474445e+00 1.342710e+01 -1.101337e+01
      vertex   7.474445e+00 1.384207e+01 -1.173212e+01
    endloop
  endfacet
  facet normal 9.238794e-01 -3.314139e-01 -1.913417e-01
    outer loop
      vertex   7.474445e+00 1.384207e+01 -1.173212e+01
      vertex   7.474445e+00 1.342710e+01 -1.101337e+01
      vertex   7.399519e+00 1.327045e+01 -1.110381e+01
    endloop
  endfacet
  facet normal 9.238794e-01 -3.314139e-01 -1.913417e-01
    outer loop
      vertex   7.474445e+00 1.384207e+01 -1.173212e+01
      vertex   7.399519e+00 1.327045e+01 -1.110381e+01
      vertex   7.399519e+00 1.368542e+01 -1.182256e+01
    endloop
  endfacet
  facet normal 7.933542e-01 -5.272020e-01 -3.043799e-01
    outer loop
      vertex   7.399519e+00 1.368542e+01 -1.182256e+01
      vertex   7.399519e+00 1.327045e+01 -1.110381e+01
      vertex   7.280330e+00 1.313593e+01 -1.118148e+01
    endloop
  endfacet
  facet normal 7.933523e-01 -5.272038e-01 -3.043818e-01
    outer loop
      vertex   7.399519e+00 1.368542e+01 -1.182256e+01
      vertex   7.280330e+00 1.313593e+01 -1.118148e+01
      vertex   7.280330e+00 1.355090e+01 -1.190023e+01
    endloop
  endfacet
  facet normal 6.087574e-01 -6.870665e-01 -3.966787e-01
    outer loop
      vertex   7.280330e+00 1.355090e+01 -1.190023e+01
      vertex   7.280330e+00 1.313593e+01 -1.118148e+01
      vertex   7.125000e+00 1.303271e+01 -1.124107e+01
    endloop
  endfacet
  facet normal 6.087607e-01 -6.870648e-01 -3.966766e-01
    outer loop
      vertex   7.280330e+00 1.355090e+01 -1.190023e+01
      vertex   7.125000e+00 1.303271e+01 -1.124107e+01
      vertex   7.125000e+00 1.344768e+01 -1.195982e+01
    endloop
  endfacet
  facet normal 3.826874e-01 -8.001019e-01 -4.619386e-01
    outer loop
      vertex   7.125000e+00 1.344768e+01 -1.195982e+01
      vertex   7.125000e+00 1.303271e+01 -1.124107e+01
      vertex   6.944115e+00 1.296782e+01 -1.127853e+01
    endloop
  endfacet
  facet normal 3.826829e-01 -8.001030e-01 -4.619405e-01
    outer loop
      vertex   7.125000e+00 1.344768e+01 -1.195982e+01
      vertex   6.944115e+00 1.296782e+01 -1.127853e+01
      vertex   6.944115e+00 1.338279e+01 -1.199728e+01
    endloop
  endfacet
  facet normal 1.305240e-01 -8.586163e-01 -4.957232e-01
    outer loop
      vertex   6.944115e+00 1.338279e+01 -1.199728e+01
      vertex   6.944115e+00 1.296782e+01 -1.127853e+01
      vertex   6.750000e+00 1.294569e+01 -1.129131e+01
    endloop
  endfacet
  facet normal 1.305291e-01 -8.586163e-01 -4.957218e-01
    outer loop
      vertex   6.944115e+00 1.338279e+01 -1.199728e+01
      vertex   6.750000e+00 1.294569e+01 -1.129131e+01
      vertex   6.750000e+00 1.336066e+01 -1.201006e+01
    endloop
  endfacet
  facet normal 9.919646e-01 -1.128695e-01 -5.715564e-02
    outer loop
      vertex   7.487996e+00 1.348988e+01 -1.100287e+01
      vertex   7.499998e+00 1.325447e+01 -1.032970e+01
      vertex   7.474445e+00 1.301213e+01 -1.029462e+01
    endloop
  endfacet
  facet normal 9.751251e-01 -1.919590e-01 -1.108276e-01
    outer loop
      vertex   7.487996e+00 1.348988e+01 -1.100287e+01
      vertex   7.474445e+00 1.301213e+01 -1.029462e+01
      vertex   7.474445e+00 1.342710e+01 -1.101337e+01
    endloop
  endfacet
  facet normal 9.238794e-01 -3.314138e-01 -1.913419e-01
    outer loop
      vertex   7.474445e+00 1.342710e+01 -1.101337e+01
      vertex   7.474445e+00 1.301213e+01 -1.029462e+01
      vertex   7.399519e+00 1.285548e+01 -1.038506e+01
    endloop
  endfacet
  facet normal 9.238794e-01 -3.314138e-01 -1.913419e-01
    outer loop
      vertex   7.474445e+00 1.342710e+01 -1.101337e+01
      vertex   7.399519e+00 1.285548e+01 -1.038506e+01
      vertex   7.399519e+00 1.327045e+01 -1.110381e+01
    endloop
  endfacet
  facet normal 7.933534e-01 -5.272028e-01 -3.043807e-01
    outer loop
      vertex   7.399519e+00 1.327045e+01 -1.110381e+01
      vertex   7.399519e+00 1.285548e+01 -1.038506e+01
      vertex   7.280330e+00 1.272096e+01 -1.046273e+01
    endloop
  endfacet
  facet normal 7.933542e-01 -5.272020e-01 -3.043799e-01
    outer loop
      vertex   7.399519e+00 1.327045e+01 -1.110381e+01
      vertex   7.280330e+00 1.272096e+01 -1.046273e+01
      vertex   7.280330e+00 1.313593e+01 -1.118148e+01
    endloop
  endfacet
  facet normal 6.087607e-01 -6.870648e-01 -3.966766e-01
    outer loop
      vertex   7.280330e+00 1.313593e+01 -1.118148e+01
      vertex   7.280330e+00 1.272096e+01 -1.046273e+01
      vertex   7.125000e+00 1.261774e+01 -1.052232e+01
    endloop
  endfacet
  facet normal 6.087574e-01 -6.870665e-01 -3.966787e-01
    outer loop
      vertex   7.280330e+00 1.313593e+01 -1.118148e+01
      vertex   7.125000e+00 1.261774e+01 -1.052232e+01
      vertex   7.125000e+00 1.303271e+01 -1.124107e+01
    endloop
  endfacet
  facet normal 3.826829e-01 -8.001030e-01 -4.619405e-01
    outer loop
      vertex   7.125000e+00 1.303271e+01 -1.124107e+01
      vertex   7.125000e+00 1.261774e+01 -1.052232e+01
      vertex   6.944115e+00 1.255285e+01 -1.055978e+01
    endloop
  endfacet
  facet normal 3.826874e-01 -8.001019e-01 -4.619386e-01
    outer loop
      vertex   7.125000e+00 1.303271e+01 -1.124107e+01
      vertex   6.944115e+00 1.255285e+01 -1.055978e+01
      vertex   6.944115e+00 1.296782e+01 -1.127853e+01
    endloop
  endfacet
  facet normal 1.305291e-01 -8.586163e-01 -4.957218e-01
    outer loop
      vertex   6.944115e+00 1.296782e+01 -1.127853e+01
      vertex   6.944115e+00 1.255285e+01 -1.055978e+01
      vertex   6.750000e+00 1.253072e+01 -1.057256e+01
    endloop
  endfacet
  facet normal 1.305240e-01 -8.586163e-01 -4.957232e-01
    outer loop
      vertex   6.944115e+00 1.296782e+01 -1.127853e+01
      vertex   6.750000e+00 1.253072e+01 -1.057256e+01
      vertex   6.750000e+00 1.294569e+01 -1.129131e+01
    endloop
  endfacet
  facet normal 9.999991e-01 -1.158803e-03 -6.690376e-04
    outer loop
      vertex   7.499998e+00 1.325447e+01 -1.032970e+01
      vertex   7.500000e+00 1.325240e+01 -1.032256e+01
      vertex   7.500000e+00 1.318024e+01 -1.019756e+01
    endloop
  endfacet
  facet normal 9.914438e-01 -1.137979e-01 -6.394751e-02
    outer loop
      vertex   7.499998e+00 1.325447e+01 -1.032970e+01
      vertex   7.500000e+00 1.318024e+01 -1.019756e+01
      vertex   7.474445e+00 1.301213e+01 -1.029462e+01
    endloop
  endfacet
  facet normal 0.000000e+00 9.914448e-01 -1.305267e-01
    outer loop
      vertex   3.750000e+00 1.408519e+01 -9.550513e+00
      vertex   4.750000e+00 1.408519e+01 -9.550513e+00
      vertex   3.750000e+00 1.400000e+01 -1.019756e+01
    endloop
  endfacet
  facet normal 0.000000e+00 9.914448e-01 -1.305267e-01
    outer loop
      vertex   3.750000e+00 1.400000e+01 -1.019756e+01
      vertex   4.750000e+00 1.408519e+01 -9.550513e+00
      vertex   4.750000e+00 1.400000e+01 -1.019756e+01
    endloop
  endfacet
  facet normal -0.000000e+00 9.914448e-01 1.305267e-01
    outer loop
      vertex   3.750000e+00 1.400000e+01 -1.019756e+01
      vertex   4.750000e+00 1.400000e+01 -1.019756e+01
      vertex   4.750000e+00 1.408519e+01 -1.084461e+01
    endloop
  endfacet
  facet normal 0.000000e+00 9.914448e-01 1.305267e-01
    outer loop
      vertex   3.750000e+00 1.400000e+01 -1.019756e+01
      vertex   4.750000e+00 1.408519e+01 -1.084461e+01
      vertex   3.750000e+00 1.408519e+01 -1.084461e+01
    endloop
  endfacet
  facet normal -0.000000e+00 9.238797e-01 3.826829e-01
    outer loop
      vertex   3.750000e+00 1.408519e+01 -1.084461e+01
      vertex   4.750000e+00 1.408519e+01 -1.084461e+01
      vertex   4.750000e+00 1.433494e+01 -1.144756e+01
    endloop
  endfacet
  facet normal 0.000000e+00 9.238797e-01 3.826829e-01
    outer loop
      vertex   3.750000e+00 1.408519e+01 -1.084461e+01
      vertex   4.750000e+00 1.433494e+01 -1.144756e+01
      vertex   3.750000e+00 1.433494e+01 -1.144756e+01
    endloop
  endfacet
  facet normal -0.000000e+00 7.933526e-01 6.087623e-01
    outer loop
      vertex   3.750000e+00 1.433494e+01 -1.144756e+01
      vertex   4.750000e+00 1.433494e+01 -1.144756e+01
      vertex   4.750000e+00 1.473223e+01 -1.196533e+01
    endloop
  endfacet
  facet normal 0.000000e+00 7.933526e-01 6.087623e-01
    outer loop
      vertex   3.750000e+00 1.433494e+01 -1.144756e+01
      vertex   4.750000e+00 1.473223e+01 -1.196533e+01
      vertex   3.750000e+00 1.473223e+01 -1.196533e+01
    endloop
  endfacet
  facet normal -0.000000e+00 6.087623e-01 7.933526e-01
    outer loop
      vertex   3.750000e+00 1.473223e+01 -1.196533e+01
      vertex   4.750000e+00 1.473223e+01 -1.196533e+01
      vertex   4.750000e+00 1.525000e+01 -1.236262e+01
    endloop
  endfacet
  facet normal 0.000000e+00 6.087623e-01 7.933526e-01
    outer loop
      vertex   3.750000e+00 1.473223e+01 -1.196533e+01
      vertex   4.750000e+00 1.525000e+01 -1.236262e+01
      vertex   3.750000e+00 1.525000e+01 -1.236262e+01
    endloop
  endfacet
  facet normal -0.000000e+00 3.826829e-01 9.238797e-01
    outer loop
      vertex   3.750000e+00 1.525000e+01 -1.236262e+01
      vertex   4.750000e+00 1.525000e+01 -1.236262e+01
      vertex   4.750000e+00 1.585295e+01 -1.261238e+01
    endloop
  endfacet
  facet normal 0.000000e+00 3.826829e-01 9.238797e-01
    outer loop
      vertex   3.750000e+00 1.525000e+01 -1.236262e+01
      vertex   4.750000e+00 1.585295e+01 -1.261238e+01
      vertex   3.750000e+00 1.585295e+01 -1.261238e+01
    endloop
  endfacet
  facet normal -0.000000e+00 1.305267e-01 9.914448e-01
    outer loop
      vertex   3.750000e+00 1.585295e+01 -1.261238e+01
      vertex   4.750000e+00 1.585295e+01 -1.261238e+01
      vertex   4.750000e+00 1.650000e+01 -1.269756e+01
    endloop
  endfacet
  facet normal 0.000000e+00 1.305267e-01 9.914448e-01
    outer loop
      vertex   3.750000e+00 1.585295e+01 -1.261238e+01
      vertex   4.750000e+00 1.650000e+01 -1.269756e+01
      vertex   3.750000e+00 1.650000e+01 -1.269756e+01
    endloop
  endfacet
  facet normal 0.000000e+00 -1.305267e-01 9.914448e-01
    outer loop
      vertex   3.750000e+00 1.650000e+01 -1.269756e+01
      vertex   4.750000e+00 1.650000e+01 -1.269756e+01
      vertex   4.750000e+00 1.714705e+01 -1.261238e+01
    endloop
  endfacet
  facet normal 0.000000e+00 -1.305267e-01 9.914448e-01
    outer loop
      vertex   3.750000e+00 1.650000e+01 -1.269756e+01
      vertex   4.750000e+00 1.714705e+01 -1.261238e+01
      vertex   3.750000e+00 1.714705e+01 -1.261238e+01
    endloop
  endfacet
  facet normal 0.000000e+00 -3.826829e-01 9.238797e-01
    outer loop
      vertex   3.750000e+00 1.714705e+01 -1.261238e+01
      vertex   4.750000e+00 1.714705e+01 -1.261238e+01
      vertex   4.750000e+00 1.775000e+01 -1.236262e+01
    endloop
  endfacet
  facet normal 0.000000e+00 -3.826829e-01 9.238797e-01
    outer loop
      vertex   3.750000e+00 1.714705e+01 -1.261238e+01
      vertex   4.750000e+00 1.775000e+01 -1.236262e+01
      vertex   3.750000e+00 1.775000e+01 -1.236262e+01
    endloop
  endfacet
  facet normal 0.000000e+00 -6.087615e-01 7.933533e-01
    outer loop
      vertex   3.750000e+00 1.775000e+01 -1.236262e+01
      vertex   4.750000e+00 1.775000e+01 -1.236262e+01
      vertex   4.750000e+00 1.826777e+01 -1.196533e+01
    endloop
  endfacet
  facet normal 0.000000e+00 -6.087615e-01 7.933533e-01
    outer loop
      vertex   3.750000e+00 1.775000e+01 -1.236262e+01
      vertex   4.750000e+00 1.826777e+01 -1.196533e+01
      vertex   3.750000e+00 1.826777e+01 -1.196533e+01
    endloop
  endfacet
  facet normal 0.000000e+00 -7.933535e-01 6.087612e-01
    outer loop
      vertex   3.750000e+00 1.826777e+01 -1.196533e+01
      vertex   4.750000e+00 1.826777e+01 -1.196533e+01
      vertex   4.750000e+00 1.866506e+01 -1.144756e+01
    endloop
  endfacet
  facet normal 0.000000e+00 -7.933535e-01 6.087612e-01
    outer loop
      vertex   3.750000e+00 1.826777e+01 -1.196533e+01
      vertex   4.750000e+00 1.866506e+01 -1.144756e+01
      vertex   3.750000e+00 1.866506e+01 -1.144756e+01
    endloop
  endfacet
  facet normal 0.000000e+00 -9.238797e-01 3.826829e-01
    outer loop
      vertex   3.750000e+00 1.866506e+01 -1.144756e+01
      vertex   4.750000e+00 1.866506e+01 -1.144756e+01
      vertex   4.750000e+00 1.891481e+01 -1.084461e+01
    endloop
  endfacet
  facet normal 0.000000e+00 -9.238797e-01 3.826829e-01
    outer loop
      vertex   3.750000e+00 1.866506e+01 -1.144756e+01
      vertex   4.750000e+00 1.891481e+01 -1.084461e+01
      vertex   3.750000e+00 1.891481e+01 -1.084461e+01
    endloop
  endfacet
  facet normal 0.000000e+00 -9.914448e-01 1.305267e-01
    outer loop
      vertex   3.750000e+00 1.891481e+01 -1.084461e+01
      vertex   4.750000e+00 1.891481e+01 -1.084461e+01
      vertex   4.750000e+00 1.900000e+01 -1.019756e+01
    endloop
  endfacet
  facet normal 0.000000e+00 -9.914448e-01 1.305267e-01
    outer loop
      vertex   3.750000e+00 1.891481e+01 -1.084461e+01
      vertex   4.750000e+00 1.900000e+01 -1.019756e+01
      vertex   3.750000e+00 1.900000e+01 -1.019756e+01
    endloop
  endfacet
  facet normal 0.000000e+00 -9.914448e-01 -1.305267e-01
    outer loop
      vertex   3.750000e+00 1.900000e+01 -1.019756e+01
      vertex   4.750000e+00 1.900000e+01 -1.019756e+01
      vertex   4.750000e+00 1.891481e+01 -9.550513e+00
    endloop
  endfacet
  facet normal 0.000000e+00 -9.914448e-01 -1.305267e-01
    outer loop
      vertex   3.750000e+00 1.900000e+01 -1.019756e+01
      vertex   4.750000e+00 1.891481e+01 -9.550513e+00
      vertex   3.750000e+00 1.891481e+01 -9.550513e+00
    endloop
  endfacet
  facet normal 0.000000e+00 -9.238797e-01 -3.826829e-01
    outer loop
      vertex   3.750000e+00 1.891481e+01 -9.550513e+00
      vertex   4.750000e+00 1.891481e+01 -9.550513e+00
      vertex   4.750000e+00 1.866506e+01 -8.947561e+00
    endloop
  endfacet
  facet normal 0.000000e+00 -9.238797e-01 -3.826829e-01
    outer loop
      vertex   3.750000e+00 1.891481e+01 -9.550513e+00
      vertex   4.750000e+00 1.866506e+01 -8.947561e+00
      vertex   3.750000e+00 1.866506e+01 -8.947561e+00
    endloop
  endfacet
  facet normal 0.000000e+00 -7.933539e-01 -6.087608e-01
    outer loop
      vertex   3.750000e+00 1.866506e+01 -8.947561e+00
      vertex   4.750000e+00 1.866506e+01 -8.947561e+00
      vertex   4.750000e+00 1.826777e+01 -8.429794e+00
    endloop
  endfacet
  facet normal 0.000000e+00 -7.933539e-01 -6.087608e-01
    outer loop
      vertex   3.750000e+00 1.866506e+01 -8.947561e+00
      vertex   4.750000e+00 1.826777e+01 -8.429794e+00
      vertex   3.750000e+00 1.826777e+01 -8.429794e+00
    endloop
  endfacet
  facet normal 0.000000e+00 -6.087609e-01 -7.933538e-01
    outer loop
      vertex   3.750000e+00 1.826777e+01 -8.429794e+00
      vertex   4.750000e+00 1.826777e+01 -8.429794e+00
      vertex   4.750000e+00 1.775000e+01 -8.032497e+00
    endloop
  endfacet
  facet normal 0.000000e+00 -6.087609e-01 -7.933538e-01
    outer loop
      vertex   3.750000e+00 1.826777e+01 -8.429794e+00
      vertex   4.750000e+00 1.775000e+01 -8.032497e+00
      vertex   3.750000e+00 1.775000e+01 -8.032497e+00
    endloop
  endfacet
  facet normal 0.000000e+00 -3.826837e-01 -9.238794e-01
    outer loop
      vertex   3.750000e+00 1.775000e+01 -8.032497e+00
      vertex   4.750000e+00 1.775000e+01 -8.032497e+00
      vertex   4.750000e+00 1.714705e+01 -7.782746e+00
    endloop
  endfacet
  facet normal 0.000000e+00 -3.826837e-01 -9.238794e-01
    outer loop
      vertex   3.750000e+00 1.775000e+01 -8.032497e+00
      vertex   4.750000e+00 1.714705e+01 -7.782746e+00
      vertex   3.750000e+00 1.714705e+01 -7.782746e+00
    endloop
  endfacet
  facet normal 0.000000e+00 -1.305258e-01 -9.914449e-01
    outer loop
      vertex   3.750000e+00 1.714705e+01 -7.782746e+00
      vertex   4.750000e+00 1.714705e+01 -7.782746e+00
      vertex   4.750000e+00 1.650000e+01 -7.697561e+00
    endloop
  endfacet
  facet normal 0.000000e+00 -1.305258e-01 -9.914449e-01
    outer loop
      vertex   3.750000e+00 1.714705e+01 -7.782746e+00
      vertex   4.750000e+00 1.650000e+01 -7.697561e+00
      vertex   3.750000e+00 1.650000e+01 -7.697561e+00
    endloop
  endfacet
  facet normal 0.000000e+00 1.305258e-01 -9.914449e-01
    outer loop
      vertex   3.750000e+00 1.650000e+01 -7.697561e+00
      vertex   4.750000e+00 1.650000e+01 -7.697561e+00
      vertex   4.750000e+00 1.585295e+01 -7.782746e+00
    endloop
  endfacet
  facet normal 0.000000e+00 1.305258e-01 -9.914449e-01
    outer loop
      vertex   3.750000e+00 1.650000e+01 -7.697561e+00
      vertex   4.750000e+00 1.585295e+01 -7.782746e+00
      vertex   3.750000e+00 1.585295e+01 -7.782746e+00
    endloop
  endfacet
  facet normal 0.000000e+00 3.826837e-01 -9.238794e-01
    outer loop
      vertex   3.750000e+00 1.585295e+01 -7.782746e+00
      vertex   4.750000e+00 1.585295e+01 -7.782746e+00
      vertex   4.750000e+00 1.525000e+01 -8.032497e+00
    endloop
  endfacet
  facet normal 0.000000e+00 3.826837e-01 -9.238794e-01
    outer loop
      vertex   3.750000e+00 1.585295e+01 -7.782746e+00
      vertex   4.750000e+00 1.525000e+01 -8.032497e+00
      vertex   3.750000e+00 1.525000e+01 -8.032497e+00
    endloop
  endfacet
  facet normal 0.000000e+00 6.087618e-01 -7.933531e-01
    outer loop
      vertex   3.750000e+00 1.525000e+01 -8.032497e+00
      vertex   4.750000e+00 1.525000e+01 -8.032497e+00
      vertex   4.750000e+00 1.473223e+01 -8.429794e+00
    endloop
  endfacet
  facet normal 0.000000e+00 6.087618e-01 -7.933531e-01
    outer loop
      vertex   3.750000e+00 1.525000e+01 -8.032497e+00
      vertex   4.750000e+00 1.473223e+01 -8.429794e+00
      vertex   3.750000e+00 1.473223e+01 -8.429794e+00
    endloop
  endfacet
  facet normal 0.000000e+00 7.933530e-01 -6.087619e-01
    outer loop
      vertex   3.750000e+00 1.473223e+01 -8.429794e+00
      vertex   4.750000e+00 1.473223e+01 -8.429794e+00
      vertex   4.750000e+00 1.433494e+01 -8.947561e+00
    endloop
  endfacet
  facet normal 0.000000e+00 7.933530e-01 -6.087619e-01
    outer loop
      vertex   3.750000e+00 1.473223e+01 -8.429794e+00
      vertex   4.750000e+00 1.433494e+01 -8.947561e+00
      vertex   3.750000e+00 1.433494e+01 -8.947561e+00
    endloop
  endfacet
  facet normal 0.000000e+00 9.238797e-01 -3.826829e-01
    outer loop
      vertex   3.750000e+00 1.433494e+01 -8.947561e+00
      vertex   4.750000e+00 1.433494e+01 -8.947561e+00
      vertex   4.750000e+00 1.408519e+01 -9.550513e+00
    endloop
  endfacet
  facet normal 0.000000e+00 9.238797e-01 -3.826829e-01
    outer loop
      vertex   3.750000e+00 1.433494e+01 -8.947561e+00
      vertex   4.750000e+00 1.408519e+01 -9.550513e+00
      vertex   3.750000e+00 1.408519e+01 -9.550513e+00
    endloop
  endfacet
  facet normal 0.000000e+00 9.914448e-01 1.305267e-01
    outer loop
      vertex   6.750000e+00 1.408519e+01 -1.084461e+01
      vertex   5.750000e+00 1.408519e+01 -1.084461e+01
      vertex   6.750000e+00 1.400000e+01 -1.019756e+01
    endloop
  endfacet
  facet normal 0.000000e+00 9.914448e-01 1.305267e-01
    outer loop
      vertex   6.750000e+00 1.400000e+01 -1.019756e+01
      vertex   5.750000e+00 1.408519e+01 -1.084461e+01
      vertex   5.750000e+00 1.400000e+01 -1.019756e+01
    endloop
  endfacet
  facet normal 0.000000e+00 9.914448e-01 -1.305267e-01
    outer loop
      vertex   6.750000e+00 1.400000e+01 -1.019756e+01
      vertex   5.750000e+00 1.400000e+01 -1.019756e+01
      vertex   5.750000e+00 1.408519e+01 -9.550513e+00
    endloop
  endfacet
  facet normal 0.000000e+00 9.914448e-01 -1.305267e-01
    outer loop
      vertex   6.750000e+00 1.400000e+01 -1.019756e+01
      vertex   5.750000e+00 1.408519e+01 -9.550513e+00
      vertex   6.750000e+00 1.408519e+01 -9.550513e+00
    endloop
  endfacet
  facet normal 0.000000e+00 9.238797e-01 -3.826829e-01
    outer loop
      vertex   6.750000e+00 1.408519e+01 -9.550513e+00
      vertex   5.750000e+00 1.408519e+01 -9.550513e+00
      vertex   5.750000e+00 1.433494e+01 -8.947561e+00
    endloop
  endfacet
  facet normal 0.000000e+00 9.238797e-01 -3.826829e-01
    outer loop
      vertex   6.750000e+00 1.408519e+01 -9.550513e+00
      vertex   5.750000e+00 1.433494e+01 -8.947561e+00
      vertex   6.750000e+00 1.433494e+01 -8.947561e+00
    endloop
  endfacet
  facet normal 0.000000e+00 7.933530e-01 -6.087619e-01
    outer loop
      vertex   6.750000e+00 1.433494e+01 -8.947561e+00
      vertex   5.750000e+00 1.433494e+01 -8.947561e+00
      vertex   5.750000e+00 1.473223e+01 -8.429794e+00
    endloop
  endfacet
  facet normal 0.000000e+00 7.933530e-01 -6.087619e-01
    outer loop
      vertex   6.750000e+00 1.433494e+01 -8.947561e+00
      vertex   5.750000e+00 1.473223e+01 -8.429794e+00
      vertex   6.750000e+00 1.473223e+01 -8.429794e+00
    endloop
  endfacet
  facet normal 0.000000e+00 6.087618e-01 -7.933531e-01
    outer loop
      vertex   6.750000e+00 1.473223e+01 -8.429794e+00
      vertex   5.750000e+00 1.473223e+01 -8.429794e+00
      vertex   5.750000e+00 1.525000e+01 -8.032497e+00
    endloop
  endfacet
  facet normal 0.000000e+00 6.087618e-01 -7.933531e-01
    outer loop
      vertex   6.750000e+00 1.473223e+01 -8.429794e+00
      vertex   5.750000e+00 1.525000e+01 -8.032497e+00
      vertex   6.750000e+00 1.525000e+01 -8.032497e+00
    endloop
  endfacet
  facet normal 0.000000e+00 3.826837e-01 -9.238794e-01
    outer loop
      vertex   6.750000e+00 1.525000e+01 -8.032497e+00
      vertex   5.750000e+00 1.525000e+01 -8.032497e+00
      vertex   5.750000e+00 1.585295e+01 -7.782746e+00
    endloop
  endfacet
  facet normal 0.000000e+00 3.826837e-01 -9.238794e-01
    outer loop
      vertex   6.750000e+00 1.525000e+01 -8.032497e+00
      vertex   5.750000e+00 1.585295e+01 -7.782746e+00
      vertex   6.750000e+00 1.585295e+01 -7.782746e+00
    endloop
  endfacet
  facet normal 0.000000e+00 1.305258e-01 -9.914449e-01
    outer loop
      vertex   6.750000e+00 1.585295e+01 -7.782746e+00
      vertex   5.750000e+00 1.585295e+01 -7.782746e+00
      vertex   5.750000e+00 1.650000e+01 -7.697561e+00
    endloop
  endfacet
  facet normal 0.000000e+00 1.305258e-01 -9.914449e-01
    outer loop
      vertex   6.750000e+00 1.585295e+01 -7.782746e+00
      vertex   5.750000e+00 1.650000e+01 -7.697561e+00
      vertex   6.750000e+00 1.650000e+01 -7.697561e+00
    endloop
  endfacet
  facet normal -0.000000e+00 -1.305258e-01 -9.914449e-01
    outer loop
      vertex   6.750000e+00 1.650000e+01 -7.697561e+00
      vertex   5.750000e+00 1.650000e+01 -7.697561e+00
      vertex   5.750000e+00 1.714705e+01 -7.782746e+00
    endloop
  endfacet
  facet normal 0.000000e+00 -1.305258e-01 -9.914449e-01
    outer loop
      vertex   6.750000e+00 1.650000e+01 -7.697561e+00
      vertex   5.750000e+00 1.714705e+01 -7.782746e+00
      vertex   6.750000e+00 1.714705e+01 -7.782746e+00
    endloop
  endfacet
  facet normal -0.000000e+00 -3.826837e-01 -9.238794e-01
    outer loop
      vertex   6.750000e+00 1.714705e+01 -7.782746e+00
      vertex   5.750000e+00 1.714705e+01 -7.782746e+00
      vertex   5.750000e+00 1.775000e+01 -8.032497e+00
    endloop
  endfacet
  facet normal 0.000000e+00 -3.826837e-01 -9.238794e-01
    outer loop
      vertex   6.750000e+00 1.714705e+01 -7.782746e+00
      vertex   5.750000e+00 1.775000e+01 -8.032497e+00
      vertex   6.750000e+00 1.775000e+01 -8.032497e+00
    endloop
  endfacet
  facet normal -0.000000e+00 -6.087609e-01 -7.933538e-01
    outer loop
      vertex   6.750000e+00 1.775000e+01 -8.032497e+00
      vertex   5.750000e+00 1.775000e+01 -8.032497e+00
      vertex   5.750000e+00 1.826777e+01 -8.429794e+00
    endloop
  endfacet
  facet normal 0.000000e+00 -6.087609e-01 -7.933538e-01
    outer loop
      vertex   6.750000e+00 1.775000e+01 -8.032497e+00
      vertex   5.750000e+00 1.826777e+01 -8.429794e+00
      vertex   6.750000e+00 1.826777e+01 -8.429794e+00
    endloop
  endfacet
  facet normal -0.000000e+00 -7.933539e-01 -6.087608e-01
    outer loop
      vertex   6.750000e+00 1.826777e+01 -8.429794e+00
      vertex   5.750000e+00 1.826777e+01 -8.429794e+00
      vertex   5.750000e+00 1.866506e+01 -8.947561e+00
    endloop
  endfacet
  facet normal 0.000000e+00 -7.933539e-01 -6.087608e-01
    outer loop
      vertex   6.750000e+00 1.826777e+01 -8.429794e+00
      vertex   5.750000e+00 1.866506e+01 -8.947561e+00
      vertex   6.750000e+00 1.866506e+01 -8.947561e+00
    endloop
  endfacet
  facet normal -0.000000e+00 -9.238797e-01 -3.826829e-01
    outer loop
      vertex   6.750000e+00 1.866506e+01 -8.947561e+00
      vertex   5.750000e+00 1.866506e+01 -8.947561e+00
      vertex   5.750000e+00 1.891481e+01 -9.550513e+00
    endloop
  endfacet
  facet normal 0.000000e+00 -9.238797e-01 -3.826829e-01
    outer loop
      vertex   6.750000e+00 1.866506e+01 -8.947561e+00
      vertex   5.750000e+00 1.891481e+01 -9.550513e+00
      vertex   6.750000e+00 1.891481e+01 -9.550513e+00
    endloop
  endfacet
  facet normal -0.000000e+00 -9.914448e-01 -1.305267e-01
    outer loop
      vertex   6.750000e+00 1.891481e+01 -9.550513e+00
      vertex   5.750000e+00 1.891481e+01 -9.550513e+00
      vertex   5.750000e+00 1.900000e+01 -1.019756e+01
    endloop
  endfacet
  facet normal 0.000000e+00 -9.914448e-01 -1.305267e-01
    outer loop
      vertex   6.750000e+00 1.891481e+01 -9.550513e+00
      vertex   5.750000e+00 1.900000e+01 -1.019756e+01
      vertex   6.750000e+00 1.900000e+01 -1.019756e+01
    endloop
  endfacet
  facet normal 0.000000e+00 -9.914448e-01 1.305267e-01
    outer loop
      vertex   6.750000e+00 1.900000e+01 -1.019756e+01
      vertex   5.750000e+00 1.900000e+01 -1.019756e+01
      vertex   5.750000e+00 1.891481e+01 -1.084461e+01
    endloop
  endfacet
  facet normal 0.000000e+00 -9.914448e-01 1.305267e-01
    outer loop
      vertex   6.750000e+00 1.900000e+01 -1.019756e+01
      vertex   5.750000e+00 1.891481e+01 -1.084461e+01
      vertex   6.750000e+00 1.891481e+01 -1.084461e+01
    endloop
  endfacet
  facet normal 0.000000e+00 -9.238797e-01 3.826829e-01
    outer loop
      vertex   6.750000e+00 1.891481e+01 -1.084461e+01
      vertex   5.750000e+00 1.891481e+01 -1.084461e+01
      vertex   5.750000e+00 1.866506e+01 -1.144756e+01
    endloop
  endfacet
  facet normal 0.000000e+00 -9.238797e-01 3.826829e-01
    outer loop
      vertex   6.750000e+00 1.891481e+01 -1.084461e+01
      vertex   5.750000e+00 1.866506e+01 -1.144756e+01
      vertex   6.750000e+00 1.866506e+01 -1.144756e+01
    endloop
  endfacet
  facet normal 0.000000e+00 -7.933535e-01 6.087612e-01
    outer loop
      vertex   6.750000e+00 1.866506e+01 -1.144756e+01
      vertex   5.750000e+00 1.866506e+01 -1.144756e+01
      vertex   5.750000e+00 1.826777e+01 -1.196533e+01
    endloop
  endfacet
  facet normal 0.000000e+00 -7.933535e-01 6.087612e-01
    outer loop
      vertex   6.750000e+00 1.866506e+01 -1.144756e+01
      vertex   5.750000e+00 1.826777e+01 -1.196533e+01
      vertex   6.750000e+00 1.826777e+01 -1.196533e+01
    endloop
  endfacet
  facet normal 0.000000e+00 -6.087615e-01 7.933533e-01
    outer loop
      vertex   6.750000e+00 1.826777e+01 -1.196533e+01
      vertex   5.750000e+00 1.826777e+01 -1.196533e+01
      vertex   5.750000e+00 1.775000e+01 -1.236262e+01
    endloop
  endfacet
  facet normal 0.000000e+00 -6.087615e-01 7.933533e-01
    outer loop
      vertex   6.750000e+00 1.826777e+01 -1.196533e+01
      vertex   5.750000e+00 1.775000e+01 -1.236262e+01
      vertex   6.750000e+00 1.775000e+01 -1.236262e+01
    endloop
  endfacet
  facet normal 0.000000e+00 -3.826829e-01 9.238797e-01
    outer loop
      vertex   6.750000e+00 1.775000e+01 -1.236262e+01
      vertex   5.750000e+00 1.775000e+01 -1.236262e+01
      vertex   5.750000e+00 1.714705e+01 -1.261238e+01
    endloop
  endfacet
  facet normal 0.000000e+00 -3.826829e-01 9.238797e-01
    outer loop
      vertex   6.750000e+00 1.775000e+01 -1.236262e+01
      vertex   5.750000e+00 1.714705e+01 -1.261238e+01
      vertex   6.750000e+00 1.714705e+01 -1.261238e+01
    endloop
  endfacet
  facet normal 0.000000e+00 -1.305267e-01 9.914448e-01
    outer loop
      vertex   6.750000e+00 1.714705e+01 -1.261238e+01
      vertex   5.750000e+00 1.714705e+01 -1.261238e+01
      vertex   5.750000e+00 1.650000e+01 -1.269756e+01
    endloop
  endfacet
  facet normal 0.000000e+00 -1.305267e-01 9.914448e-01
    outer loop
      vertex   6.750000e+00 1.714705e+01 -1.261238e+01
      vertex   5.750000e+00 1.650000e+01 -1.269756e+01
      vertex   6.750000e+00 1.650000e+01 -1.269756e+01
    endloop
  endfacet
  facet normal 0.000000e+00 1.305267e-01 9.914448e-01
    outer loop
      vertex   6.750000e+00 1.650000e+01 -1.269756e+01
      vertex   5.750000e+00 1.650000e+01 -1.269756e+01
      vertex   5.750000e+00 1.585295e+01 -1.261238e+01
    endloop
  endfacet
  facet normal 0.000000e+00 1.305267e-01 9.914448e-01
    outer loop
      vertex   6.750000e+00 1.650000e+01 -1.269756e+01
      vertex   5.750000e+00 1.585295e+01 -1.261238e+01
      vertex   6.750000e+00 1.585295e+01 -1.261238e+01
    endloop
  endfacet
  facet normal 0.000000e+00 3.826829e-01 9.238797e-01
    outer loop
      vertex   6.750000e+00 1.585295e+01 -1.261238e+01
      vertex   5.750000e+00 1.585295e+01 -1.261238e+01
      vertex   5.750000e+00 1.525000e+01 -1.236262e+01
    endloop
  endfacet
  facet normal 0.000000e+00 3.826829e-01 9.238797e-01
    outer loop
      vertex   6.750000e+00 1.585295e+01 -1.261238e+01
      vertex   5.750000e+00 1.525000e+01 -1.236262e+01
      vertex   6.750000e+00 1.525000e+01 -1.236262e+01
    endloop
  endfacet
  facet normal 0.000000e+00 6.087623e-01 7.933526e-01
    outer loop
      vertex   6.750000e+00 1.525000e+01 -1.236262e+01
      vertex   5.750000e+00 1.525000e+01 -1.236262e+01
      vertex   5.750000e+00 1.473223e+01 -1.196533e+01
    endloop
  endfacet
  facet normal 0.000000e+00 6.087623e-01 7.933526e-01
    outer loop
      vertex   6.750000e+00 1.525000e+01 -1.236262e+01
      vertex   5.750000e+00 1.473223e+01 -1.196533e+01
      vertex   6.750000e+00 1.473223e+01 -1.196533e+01
    endloop
  endfacet
  facet normal 0.000000e+00 7.933526e-01 6.087623e-01
    outer loop
      vertex   6.750000e+00 1.473223e+01 -1.196533e+01
      vertex   5.750000e+00 1.473223e+01 -1.196533e+01
      vertex   5.750000e+00 1.433494e+01 -1.144756e+01
    endloop
  endfacet
  facet normal 0.000000e+00 7.933526e-01 6.087623e-01
    outer loop
      vertex   6.750000e+00 1.473223e+01 -1.196533e+01
      vertex   5.750000e+00 1.433494e+01 -1.144756e+01
      vertex   6.750000e+00 1.433494e+01 -1.144756e+01
    endloop
  endfacet
  facet normal 0.000000e+00 9.238797e-01 3.826829e-01
    outer loop
      vertex   6.750000e+00 1.433494e+01 -1.144756e+01
      vertex   5.750000e+00 1.433494e+01 -1.144756e+01
      vertex   5.750000e+00 1.408519e+01 -1.084461e+01
    endloop
  endfacet
  facet normal 0.000000e+00 9.238797e-01 3.826829e-01
    outer loop
      vertex   6.750000e+00 1.433494e+01 -1.144756e+01
      vertex   5.750000e+00 1.408519e+01 -1.084461e+01
      vertex   6.750000e+00 1.408519e+01 -1.084461e+01
    endloop
  endfacet
  facet normal -0.000000e+00 9.914448e-01 1.305267e-01
    outer loop
      vertex   4.750000e+00 1.400000e+01 -1.019756e+01
      vertex   5.750000e+00 1.400000e+01 -1.019756e+01
      vertex   5.750000e+00 1.408519e+01 -1.084461e+01
    endloop
  endfacet
  facet normal 0.000000e+00 9.914448e-01 1.305267e-01
    outer loop
      vertex   4.750000e+00 1.400000e+01 -1.019756e+01
      vertex   5.750000e+00 1.408519e+01 -1.084461e+01
      vertex   4.750000e+00 1.408519e+01 -1.084461e+01
    endloop
  endfacet
  facet normal -0.000000e+00 9.238797e-01 3.826829e-01
    outer loop
      vertex   4.750000e+00 1.408519e+01 -1.084461e+01
      vertex   5.750000e+00 1.408519e+01 -1.084461e+01
      vertex   5.750000e+00 1.433494e+01 -1.144756e+01
    endloop
  endfacet
  facet normal 0.000000e+00 9.238797e-01 3.826829e-01
    outer loop
      vertex   4.750000e+00 1.408519e+01 -1.084461e+01
      vertex   5.750000e+00 1.433494e+01 -1.144756e+01
      vertex   4.750000e+00 1.433494e+01 -1.144756e+01
    endloop
  endfacet
  facet normal -0.000000e+00 7.933526e-01 6.087623e-01
    outer loop
      vertex   4.750000e+00 1.433494e+01 -1.144756e+01
      vertex   5.750000e+00 1.433494e+01 -1.144756e+01
      vertex   5.750000e+00 1.473223e+01 -1.196533e+01
    endloop
  endfacet
  facet normal 0.000000e+00 7.933526e-01 6.087623e-01
    outer loop
      vertex   4.750000e+00 1.433494e+01 -1.144756e+01
      vertex   5.750000e+00 1.473223e+01 -1.196533e+01
      vertex   4.750000e+00 1.473223e+01 -1.196533e+01
    endloop
  endfacet
  facet normal -0.000000e+00 6.087623e-01 7.933526e-01
    outer loop
      vertex   4.750000e+00 1.473223e+01 -1.196533e+01
      vertex   5.750000e+00 1.473223e+01 -1.196533e+01
      vertex   5.750000e+00 1.525000e+01 -1.236262e+01
    endloop
  endfacet
  facet normal 0.000000e+00 6.087623e-01 7.933526e-01
    outer loop
      vertex   4.750000e+00 1.473223e+01 -1.196533e+01
      vertex   5.750000e+00 1.525000e+01 -1.236262e+01
      vertex   4.750000e+00 1.525000e+01 -1.236262e+01
    endloop
  endfacet
  facet normal -0.000000e+00 3.826829e-01 9.238797e-01
    outer loop
      vertex   4.750000e+00 1.525000e+01 -1.236262e+01
      vertex   5.750000e+00 1.525000e+01 -1.236262e+01
      vertex   5.750000e+00 1.585295e+01 -1.261238e+01
    endloop
  endfacet
  facet normal 0.000000e+00 3.826829e-01 9.238797e-01
    outer loop
      vertex   4.750000e+00 1.525000e+01 -1.236262e+01
      vertex   5.750000e+00 1.585295e+01 -1.261238e+01
      vertex   4.750000e+00 1.585295e+01 -1.261238e+01
    endloop
  endfacet
  facet normal -0.000000e+00 1.305267e-01 9.914448e-01
    outer loop
      vertex   4.750000e+00 1.585295e+01 -1.261238e+01
      vertex   5.750000e+00 1.585295e+01 -1.261238e+01
      vertex   5.750000e+00 1.650000e+01 -1.269756e+01
    endloop
  endfacet
  facet normal 0.000000e+00 1.305267e-01 9.914448e-01
    outer loop
      vertex   4.750000e+00 1.585295e+01 -1.261238e+01
      vertex   5.750000e+00 1.650000e+01 -1.269756e+01
      vertex   4.750000e+00 1.650000e+01 -1.269756e+01
    endloop
  endfacet
  facet normal 0.000000e+00 -1.305267e-01 9.914448e-01
    outer loop
      vertex   4.750000e+00 1.650000e+01 -1.269756e+01
      vertex   5.750000e+00 1.650000e+01 -1.269756e+01
      vertex   5.750000e+00 1.714705e+01 -1.261238e+01
    endloop
  endfacet
  facet normal 0.000000e+00 -1.305267e-01 9.914448e-01
    outer loop
      vertex   4.750000e+00 1.650000e+01 -1.269756e+01
      vertex   5.750000e+00 1.714705e+01 -1.261238e+01
      vertex   4.750000e+00 1.714705e+01 -1.261238e+01
    endloop
  endfacet
  facet normal 0.000000e+00 -3.826829e-01 9.238797e-01
    outer loop
      vertex   4.750000e+00 1.714705e+01 -1.261238e+01
      vertex   5.750000e+00 1.714705e+01 -1.261238e+01
      vertex   5.750000e+00 1.775000e+01 -1.236262e+01
    endloop
  endfacet
  facet normal 0.000000e+00 -3.826829e-01 9.238797e-01
    outer loop
      vertex   4.750000e+00 1.714705e+01 -1.261238e+01
      vertex   5.750000e+00 1.775000e+01 -1.236262e+01
      vertex   4.750000e+00 1.775000e+01 -1.236262e+01
    endloop
  endfacet
  facet normal 0.000000e+00 -6.087615e-01 7.933533e-01
    outer loop
      vertex   4.750000e+00 1.775000e+01 -1.236262e+01
      vertex   5.750000e+00 1.775000e+01 -1.236262e+01
      vertex   5.750000e+00 1.826777e+01 -1.196533e+01
    endloop
  endfacet
  facet normal 0.000000e+00 -6.087615e-01 7.933533e-01
    outer loop
      vertex   4.750000e+00 1.775000e+01 -1.236262e+01
      vertex   5.750000e+00 1.826777e+01 -1.196533e+01
      vertex   4.750000e+00 1.826777e+01 -1.196533e+01
    endloop
  endfacet
  facet normal 0.000000e+00 -7.933535e-01 6.087612e-01
    outer loop
      vertex   4.750000e+00 1.826777e+01 -1.196533e+01
      vertex   5.750000e+00 1.826777e+01 -1.196533e+01
      vertex   5.750000e+00 1.866506e+01 -1.144756e+01
    endloop
  endfacet
  facet normal 0.000000e+00 -7.933535e-01 6.087612e-01
    outer loop
      vertex   4.750000e+00 1.826777e+01 -1.196533e+01
      vertex   5.750000e+00 1.866506e+01 -1.144756e+01
      vertex   4.750000e+00 1.866506e+01 -1.144756e+01
    endloop
  endfacet
  facet normal 0.000000e+00 -9.238797e-01 3.826829e-01
    outer loop
      vertex   4.750000e+00 1.866506e+01 -1.144756e+01
      vertex   5.750000e+00 1.866506e+01 -1.144756e+01
      vertex   5.750000e+00 1.891481e+01 -1.084461e+01
    endloop
  endfacet
  facet normal 0.000000e+00 -9.238797e-01 3.826829e-01
    outer loop
      vertex   4.750000e+00 1.866506e+01 -1.144756e+01
      vertex   5.750000e+00 1.891481e+01 -1.084461e+01
      vertex   4.750000e+00 1.891481e+01 -1.084461e+01
    endloop
  endfacet
  facet normal 0.000000e+00 -9.914448e-01 1.305267e-01
    outer loop
      vertex   4.750000e+00 1.891481e+01 -1.084461e+01
      vertex   5.750000e+00 1.891481e+01 -1.084461e+01
      vertex   5.750000e+00 1.900000e+01 -1.019756e+01
    endloop
  endfacet
  facet normal 0.000000e+00 -9.914448e-01 1.305267e-01
    outer loop
      vertex   4.750000e+00 1.891481e+01 -1.084461e+01
      vertex   5.750000e+00 1.900000e+01 -1.019756e+01
      vertex   4.750000e+00 1.900000e+01 -1.019756e+01
    endloop
  endfacet
  facet normal 0.000000e+00 -9.914448e-01 -1.305267e-01
    outer loop
      vertex   4.750000e+00 1.900000e+01 -1.019756e+01
      vertex   5.750000e+00 1.900000e+01 -1.019756e+01
      vertex   5.750000e+00 1.891481e+01 -9.550513e+00
    endloop
  endfacet
  facet normal 0.000000e+00 -9.914448e-01 -1.305267e-01
    outer loop
      vertex   4.750000e+00 1.900000e+01 -1.019756e+01
      vertex   5.750000e+00 1.891481e+01 -9.550513e+00
      vertex   4.750000e+00 1.891481e+01 -9.550513e+00
    endloop
  endfacet
  facet normal 0.000000e+00 -9.238797e-01 -3.826829e-01
    outer loop
      vertex   4.750000e+00 1.891481e+01 -9.550513e+00
      vertex   5.750000e+00 1.891481e+01 -9.550513e+00
      vertex   5.750000e+00 1.866506e+01 -8.947561e+00
    endloop
  endfacet
  facet normal 0.000000e+00 -9.238797e-01 -3.826829e-01
    outer loop
      vertex   4.750000e+00 1.891481e+01 -9.550513e+00
      vertex   5.750000e+00 1.866506e+01 -8.947561e+00
      vertex   4.750000e+00 1.866506e+01 -8.947561e+00
    endloop
  endfacet
  facet normal 0.000000e+00 -7.933539e-01 -6.087608e-01
    outer loop
      vertex   4.750000e+00 1.866506e+01 -8.947561e+00
      vertex   5.750000e+00 1.866506e+01 -8.947561e+00
      vertex   5.750000e+00 1.826777e+01 -8.429794e+00
    endloop
  endfacet
  facet normal 0.000000e+00 -7.933539e-01 -6.087608e-01
    outer loop
      vertex   4.750000e+00 1.866506e+01 -8.947561e+00
      vertex   5.750000e+00 1.826777e+01 -8.429794e+00
      vertex   4.750000e+00 1.826777e+01 -8.429794e+00
    endloop
  endfacet
  facet normal 0.000000e+00 -6.087609e-01 -7.933538e-01
    outer loop
      vertex   4.750000e+00 1.826777e+01 -8.429794e+00
      vertex   5.750000e+00 1.826777e+01 -8.429794e+00
      vertex   5.750000e+00 1.775000e+01 -8.032497e+00
    endloop
  endfacet
  facet normal 0.000000e+00 -6.087609e-01 -7.933538e-01
    outer loop
      vertex   4.750000e+00 1.826777e+01 -8.429794e+00
      vertex   5.750000e+00 1.775000e+01 -8.032497e+00
      vertex   4.750000e+00 1.775000e+01 -8.032497e+00
    endloop
  endfacet
  facet normal 0.000000e+00 -3.826837e-01 -9.238794e-01
    outer loop
      vertex   4.750000e+00 1.775000e+01 -8.032497e+00
      vertex   5.750000e+00 1.775000e+01 -8.032497e+00
      vertex   5.750000e+00 1.714705e+01 -7.782746e+00
    endloop
  endfacet
  facet normal 0.000000e+00 -3.826837e-01 -9.238794e-01
    outer loop
      vertex   4.750000e+00 1.775000e+01 -8.032497e+00
      vertex   5.750000e+00 1.714705e+01 -7.782746e+00
      vertex   4.750000e+00 1.714705e+01 -7.782746e+00
    endloop
  endfacet
  facet normal 0.000000e+00 -1.305258e-01 -9.914449e-01
    outer loop
      vertex   4.750000e+00 1.714705e+01 -7.782746e+00
      vertex   5.750000e+00 1.714705e+01 -7.782746e+00
      vertex   5.750000e+00 1.650000e+01 -7.697561e+00
    endloop
  endfacet
  facet normal 0.000000e+00 -1.305258e-01 -9.914449e-01
    outer loop
      vertex   4.750000e+00 1.714705e+01 -7.782746e+00
      vertex   5.750000e+00 1.650000e+01 -7.697561e+00
      vertex   4.750000e+00 1.650000e+01 -7.697561e+00
    endloop
  endfacet
  facet normal 0.000000e+00 1.305258e-01 -9.914449e-01
    outer loop
      vertex   4.750000e+00 1.650000e+01 -7.697561e+00
      vertex   5.750000e+00 1.650000e+01 -7.697561e+00
      vertex   5.750000e+00 1.585295e+01 -7.782746e+00
    endloop
  endfacet
  facet normal 0.000000e+00 1.305258e-01 -9.914449e-01
    outer loop
      vertex   4.750000e+00 1.650000e+01 -7.697561e+00
      vertex   5.750000e+00 1.585295e+01 -7.782746e+00
      vertex   4.750000e+00 1.585295e+01 -7.782746e+00
    endloop
  endfacet
  facet normal 0.000000e+00 3.826837e-01 -9.238794e-01
    outer loop
      vertex   4.750000e+00 1.585295e+01 -7.782746e+00
      vertex   5.750000e+00 1.585295e+01 -7.782746e+00
      vertex   5.750000e+00 1.525000e+01 -8.032497e+00
    endloop
  endfacet
  facet normal 0.000000e+00 3.826837e-01 -9.238794e-01
    outer loop
      vertex   4.750000e+00 1.585295e+01 -7.782746e+00
      vertex   5.750000e+00 1.525000e+01 -8.032497e+00
      vertex   4.750000e+00 1.525000e+01 -8.032497e+00
    endloop
  endfacet
  facet normal 0.000000e+00 6.087618e-01 -7.933531e-01
    outer loop
      vertex   4.750000e+00 1.525000e+01 -8.032497e+00
      vertex   5.750000e+00 1.525000e+01 -8.032497e+00
      vertex   5.750000e+00 1.473223e+01 -8.429794e+00
    endloop
  endfacet
  facet normal 0.000000e+00 6.087618e-01 -7.933531e-01
    outer loop
      vertex   4.750000e+00 1.525000e+01 -8.032497e+00
      vertex   5.750000e+00 1.473223e+01 -8.429794e+00
      vertex   4.750000e+00 1.473223e+01 -8.429794e+00
    endloop
  endfacet
  facet normal 0.000000e+00 7.933530e-01 -6.087619e-01
    outer loop
      vertex   4.750000e+00 1.473223e+01 -8.429794e+00
      vertex   5.750000e+00 1.473223e+01 -8.429794e+00
      vertex   5.750000e+00 1.433494e+01 -8.947561e+00
    endloop
  endfacet
  facet normal 0.000000e+00 7.933530e-01 -6.087619e-01
    outer loop
      vertex   4.750000e+00 1.473223e+01 -8.429794e+00
      vertex   5.750000e+00 1.433494e+01 -8.947561e+00
      vertex   4.750000e+00 1.433494e+01 -8.947561e+00
    endloop
  endfacet
  facet normal 0.000000e+00 9.238797e-01 -3.826829e-01
    outer loop
      vertex   4.750000e+00 1.433494e+01 -8.947561e+00
      vertex   5.750000e+00 1.433494e+01 -8.947561e+00
      vertex   5.750000e+00 1.408519e+01 -9.550513e+00
    endloop
  endfacet
  facet normal 0.000000e+00 9.238797e-01 -3.826829e-01
    outer loop
      vertex   4.750000e+00 1.433494e+01 -8.947561e+00
      vertex   5.750000e+00 1.408519e+01 -9.550513e+00
      vertex   4.750000e+00 1.408519e+01 -9.550513e+00
    endloop
  endfacet
  facet normal 0.000000e+00 9.914448e-01 -1.305267e-01
    outer loop
      vertex   4.750000e+00 1.408519e+01 -9.550513e+00
      vertex   5.750000e+00 1.408519e+01 -9.550513e+00
      vertex   5.750000e+00 1.400000e+01 -1.019756e+01
    endloop
  endfacet
  facet normal 0.000000e+00 9.914448e-01 -1.305267e-01
    outer loop
      vertex   4.750000e+00 1.408519e+01 -9.550513e+00
      vertex   5.750000e+00 1.400000e+01 -1.019756e+01
      vertex   4.750000e+00 1.400000e+01 -1.019756e+01
    endloop
  endfacet
  facet normal 9.908391e-01 -1.304456e-01 -3.495341e-02
    outer loop
      vertex   7.474445e+00 1.301213e+01 -1.029462e+01
      vertex   7.500000e+00 1.318024e+01 -1.019756e+01
      vertex   7.474445e+00 1.298612e+01 -1.019756e+01
    endloop
  endfacet
  facet normal 9.908391e-01 -1.304456e-01 3.495341e-02
    outer loop
      vertex   7.474445e+00 1.298612e+01 -1.019756e+01
      vertex   7.500000e+00 1.318024e+01 -1.019756e+01
      vertex   7.474445e+00 1.301213e+01 -1.010050e+01
    endloop
  endfacet
  facet normal 9.190605e-01 -3.806867e-01 1.020065e-01
    outer loop
      vertex   7.474445e+00 1.298612e+01 -1.019756e+01
      vertex   7.474445e+00 1.301213e+01 -1.010050e+01
      vertex   7.399519e+00 1.285548e+01 -1.001006e+01
    endloop
  endfacet
  facet normal 9.190603e-01 -3.806876e-01 1.020058e-01
    outer loop
      vertex   7.474445e+00 1.298612e+01 -1.019756e+01
      vertex   7.399519e+00 1.285548e+01 -1.001006e+01
      vertex   7.399519e+00 1.280524e+01 -1.019756e+01
    endloop
  endfacet
  facet normal 8.635360e-01 -4.871037e-01 1.305201e-01
    outer loop
      vertex   7.399519e+00 1.280524e+01 -1.019756e+01
      vertex   7.399519e+00 1.285548e+01 -1.001006e+01
      vertex   7.377387e+00 1.281801e+01 -1.000345e+01
    endloop
  endfacet
  facet normal 7.548519e-01 -3.477466e-01 5.561213e-01
    outer loop
      vertex   7.377387e+00 1.281801e+01 -1.000345e+01
      vertex   7.399519e+00 1.285548e+01 -1.001006e+01
      vertex   7.280330e+00 1.272096e+01 -9.932396e+00
    endloop
  endfacet
  facet normal 7.692723e-01 -5.902848e-01 2.445075e-01
    outer loop
      vertex   7.377387e+00 1.281801e+01 -1.000345e+01
      vertex   7.280330e+00 1.272096e+01 -9.932396e+00
      vertex   7.262260e+00 1.266798e+01 -1.000345e+01
    endloop
  endfacet
  facet normal 6.084575e-01 -7.025260e-01 3.691025e-01
    outer loop
      vertex   7.262260e+00 1.266798e+01 -1.000345e+01
      vertex   7.280330e+00 1.272096e+01 -9.932396e+00
      vertex   7.125000e+00 1.261774e+01 -9.872801e+00
    endloop
  endfacet
  facet normal 5.773201e-01 -7.523795e-01 3.172170e-01
    outer loop
      vertex   7.262260e+00 1.266798e+01 -1.000345e+01
      vertex   7.125000e+00 1.261774e+01 -9.872801e+00
      vertex   7.112222e+00 1.255285e+01 -1.000345e+01
    endloop
  endfacet
  facet normal 3.810902e-01 -8.423423e-01 3.810902e-01
    outer loop
      vertex   7.112222e+00 1.255285e+01 -1.000345e+01
      vertex   7.125000e+00 1.261774e+01 -9.872801e+00
      vertex   6.944115e+00 1.255285e+01 -9.835339e+00
    endloop
  endfacet
  facet normal 3.574100e-01 -8.628535e-01 3.574100e-01
    outer loop
      vertex   7.112222e+00 1.255285e+01 -1.000345e+01
      vertex   6.944115e+00 1.255285e+01 -9.835339e+00
      vertex   6.937500e+00 1.248048e+01 -1.000345e+01
    endloop
  endfacet
  facet normal 1.295787e-01 -9.125948e-01 3.877887e-01
    outer loop
      vertex   6.937500e+00 1.248048e+01 -1.000345e+01
      vertex   6.944115e+00 1.255285e+01 -9.835339e+00
      vertex   6.750000e+00 1.253072e+01 -9.822561e+00
    endloop
  endfacet
  facet normal 1.207403e-01 -9.171204e-01 3.798841e-01
    outer loop
      vertex   6.937500e+00 1.248048e+01 -1.000345e+01
      vertex   6.750000e+00 1.253072e+01 -9.822561e+00
      vertex   6.750000e+00 1.245579e+01 -1.000345e+01
    endloop
  endfacet
  facet normal 1.294246e-01 -9.831066e-01 1.294246e-01
    outer loop
      vertex   6.750000e+00 1.245579e+01 -1.000345e+01
      vertex   6.750000e+00 1.243024e+01 -1.019756e+01
      vertex   6.944115e+00 1.245579e+01 -1.019756e+01
    endloop
  endfacet
  facet normal 1.294273e-01 -9.831059e-01 1.294273e-01
    outer loop
      vertex   6.750000e+00 1.245579e+01 -1.000345e+01
      vertex   6.944115e+00 1.245579e+01 -1.019756e+01
      vertex   6.937500e+00 1.248048e+01 -1.000345e+01
    endloop
  endfacet
  facet normal 3.794660e-01 -9.161081e-01 1.294274e-01
    outer loop
      vertex   6.937500e+00 1.248048e+01 -1.000345e+01
      vertex   6.944115e+00 1.245579e+01 -1.019756e+01
      vertex   7.125000e+00 1.253072e+01 -1.019756e+01
    endloop
  endfacet
  facet normal 3.794685e-01 -9.161067e-01 1.294302e-01
    outer loop
      vertex   6.937500e+00 1.248048e+01 -1.000345e+01
      vertex   7.125000e+00 1.253072e+01 -1.019756e+01
      vertex   7.112222e+00 1.255285e+01 -1.000345e+01
    endloop
  endfacet
  facet normal 6.036406e-01 -7.866804e-01 1.294294e-01
    outer loop
      vertex   7.112222e+00 1.255285e+01 -1.000345e+01
      vertex   7.125000e+00 1.253072e+01 -1.019756e+01
      vertex   7.280330e+00 1.264991e+01 -1.019756e+01
    endloop
  endfacet
  facet normal 6.036403e-01 -7.866807e-01 1.294290e-01
    outer loop
      vertex   7.112222e+00 1.255285e+01 -1.000345e+01
      vertex   7.280330e+00 1.264991e+01 -1.019756e+01
      vertex   7.262260e+00 1.266798e+01 -1.000345e+01
    endloop
  endfacet
  facet normal 7.866794e-01 -6.036421e-01 1.294285e-01
    outer loop
      vertex   7.262260e+00 1.266798e+01 -1.000345e+01
      vertex   7.280330e+00 1.264991e+01 -1.019756e+01
      vertex   7.399519e+00 1.280524e+01 -1.019756e+01
    endloop
  endfacet
  facet normal 7.866795e-01 -6.036419e-01 1.294288e-01
    outer loop
      vertex   7.262260e+00 1.266798e+01 -1.000345e+01
      vertex   7.399519e+00 1.280524e+01 -1.019756e+01
      vertex   7.377387e+00 1.281801e+01 -1.000345e+01
    endloop
  endfacet
  facet normal 1.294274e-01 -9.831062e-01 -1.294246e-01
    outer loop
      vertex   6.750000e+00 1.243024e+01 -1.019756e+01
      vertex   6.750000e+00 1.245579e+01 -1.039168e+01
      vertex   6.937500e+00 1.248048e+01 -1.039168e+01
    endloop
  endfacet
  facet normal 1.294246e-01 -9.831062e-01 -1.294273e-01
    outer loop
      vertex   6.750000e+00 1.243024e+01 -1.019756e+01
      vertex   6.937500e+00 1.248048e+01 -1.039168e+01
      vertex   6.944115e+00 1.245579e+01 -1.019756e+01
    endloop
  endfacet
  facet normal 3.794687e-01 -9.161070e-01 -1.294274e-01
    outer loop
      vertex   6.944115e+00 1.245579e+01 -1.019756e+01
      vertex   6.937500e+00 1.248048e+01 -1.039168e+01
      vertex   7.112222e+00 1.255285e+01 -1.039168e+01
    endloop
  endfacet
  facet normal 3.794659e-01 -9.161078e-01 -1.294302e-01
    outer loop
      vertex   6.944115e+00 1.245579e+01 -1.019756e+01
      vertex   7.112222e+00 1.255285e+01 -1.039168e+01
      vertex   7.125000e+00 1.253072e+01 -1.019756e+01
    endloop
  endfacet
  facet normal 6.036403e-01 -7.866806e-01 -1.294294e-01
    outer loop
      vertex   7.125000e+00 1.253072e+01 -1.019756e+01
      vertex   7.112222e+00 1.255285e+01 -1.039168e+01
      vertex   7.262260e+00 1.266798e+01 -1.039168e+01
    endloop
  endfacet
  facet normal 6.036406e-01 -7.866805e-01 -1.294290e-01
    outer loop
      vertex   7.125000e+00 1.253072e+01 -1.019756e+01
      vertex   7.262260e+00 1.266798e+01 -1.039168e+01
      vertex   7.280330e+00 1.264991e+01 -1.019756e+01
    endloop
  endfacet
  facet normal 7.866796e-01 -6.036419e-01 -1.294285e-01
    outer loop
      vertex   7.280330e+00 1.264991e+01 -1.019756e+01
      vertex   7.262260e+00 1.266798e+01 -1.039168e+01
      vertex   7.377387e+00 1.281801e+01 -1.039168e+01
    endloop
  endfacet
  facet normal 7.866794e-01 -6.036421e-01 -1.294288e-01
    outer loop
      vertex   7.280330e+00 1.264991e+01 -1.019756e+01
      vertex   7.377387e+00 1.281801e+01 -1.039168e+01
      vertex   7.399519e+00 1.280524e+01 -1.019756e+01
    endloop
  endfacet
  facet normal 8.635360e-01 -4.871037e-01 -1.305201e-01
    outer loop
      vertex   7.399519e+00 1.280524e+01 -1.019756e+01
      vertex   7.377387e+00 1.281801e+01 -1.039168e+01
      vertex   7.399519e+00 1.285548e+01 -1.038506e+01
    endloop
  endfacet
  facet normal 7.548542e-01 -3.477488e-01 -5.561169e-01
    outer loop
      vertex   7.399519e+00 1.285548e+01 -1.038506e+01
      vertex   7.377387e+00 1.281801e+01 -1.039168e+01
      vertex   7.280330e+00 1.272096e+01 -1.046273e+01
    endloop
  endfacet
  facet normal 7.692727e-01 -5.902851e-01 -2.445056e-01
    outer loop
      vertex   7.280330e+00 1.272096e+01 -1.046273e+01
      vertex   7.377387e+00 1.281801e+01 -1.039168e+01
      vertex   7.262260e+00 1.266798e+01 -1.039168e+01
    endloop
  endfacet
  facet normal 5.578744e-01 -7.270372e-01 -4.002412e-01
    outer loop
      vertex   7.280330e+00 1.272096e+01 -1.046273e+01
      vertex   7.262260e+00 1.266798e+01 -1.039168e+01
      vertex   7.112222e+00 1.255285e+01 -1.039168e+01
    endloop
  endfacet
  facet normal 6.055464e-01 -7.347518e-01 -3.057013e-01
    outer loop
      vertex   7.280330e+00 1.272096e+01 -1.046273e+01
      vertex   7.112222e+00 1.255285e+01 -1.039168e+01
      vertex   7.125000e+00 1.261774e+01 -1.052232e+01
    endloop
  endfacet
  facet normal 3.526507e-01 -8.513636e-01 -3.883522e-01
    outer loop
      vertex   7.125000e+00 1.261774e+01 -1.052232e+01
      vertex   7.112222e+00 1.255285e+01 -1.039168e+01
      vertex   6.937500e+00 1.248048e+01 -1.039168e+01
    endloop
  endfacet
  facet normal 3.798399e-01 -8.549922e-01 -3.531431e-01
    outer loop
      vertex   7.125000e+00 1.261774e+01 -1.052232e+01
      vertex   6.937500e+00 1.248048e+01 -1.039168e+01
      vertex   6.944115e+00 1.255285e+01 -1.055978e+01
    endloop
  endfacet
  facet normal 1.202689e-01 -9.135399e-01 -3.885619e-01
    outer loop
      vertex   6.944115e+00 1.255285e+01 -1.055978e+01
      vertex   6.937500e+00 1.248048e+01 -1.039168e+01
      vertex   6.750000e+00 1.245579e+01 -1.039168e+01
    endloop
  endfacet
  facet normal 1.294313e-01 -9.161081e-01 -3.794648e-01
    outer loop
      vertex   6.944115e+00 1.255285e+01 -1.055978e+01
      vertex   6.750000e+00 1.245579e+01 -1.039168e+01
      vertex   6.750000e+00 1.253072e+01 -1.057256e+01
    endloop
  endfacet
  facet normal 9.190605e-01 -3.806867e-01 -1.020065e-01
    outer loop
      vertex   7.399519e+00 1.285548e+01 -1.038506e+01
      vertex   7.474445e+00 1.301213e+01 -1.029462e+01
      vertex   7.474445e+00 1.298612e+01 -1.019756e+01
    endloop
  endfacet
  facet normal 9.190603e-01 -3.806876e-01 -1.020058e-01
    outer loop
      vertex   7.399519e+00 1.285548e+01 -1.038506e+01
      vertex   7.474445e+00 1.298612e+01 -1.019756e+01
      vertex   7.399519e+00 1.280524e+01 -1.019756e+01
    endloop
  endfacet
  facet normal 0.000000e+00 -9.238794e-01 3.826838e-01
    outer loop
      vertex   1.875000e+00 1.253072e+01 -9.822561e+00
      vertex   1.875000e+00 1.245579e+01 -1.000345e+01
      vertex   2.850000e+00 1.245579e+01 -1.000345e+01
    endloop
  endfacet
  facet normal 0.000000e+00 -9.238794e-01 3.826838e-01
    outer loop
      vertex   1.875000e+00 1.253072e+01 -9.822561e+00
      vertex   2.850000e+00 1.245579e+01 -1.000345e+01
      vertex   2.850000e+00 1.253072e+01 -9.822561e+00
    endloop
  endfacet
  facet normal 0.000000e+00 -9.238794e-01 3.826838e-01
    outer loop
      vertex   2.850000e+00 1.253072e+01 -9.822561e+00
      vertex   2.850000e+00 1.245579e+01 -1.000345e+01
      vertex   3.825000e+00 1.245579e+01 -1.000345e+01
    endloop
  endfacet
  facet normal 0.000000e+00 -9.238794e-01 3.826838e-01
    outer loop
      vertex   2.850000e+00 1.253072e+01 -9.822561e+00
      vertex   3.825000e+00 1.245579e+01 -1.000345e+01
      vertex   3.825000e+00 1.253072e+01 -9.822561e+00
    endloop
  endfacet
  facet normal 0.000000e+00 -9.238794e-01 3.826838e-01
    outer loop
      vertex   3.825000e+00 1.253072e+01 -9.822561e+00
      vertex   3.825000e+00 1.245579e+01 -1.000345e+01
      vertex   4.800000e+00 1.245579e+01 -1.000345e+01
    endloop
  endfacet
  facet normal 0.000000e+00 -9.238794e-01 3.826838e-01
    outer loop
      vertex   3.825000e+00 1.253072e+01 -9.822561e+00
      vertex   4.800000e+00 1.245579e+01 -1.000345e+01
      vertex   4.800000e+00 1.253072e+01 -9.822561e+00
    endloop
  endfacet
  facet normal 0.000000e+00 -9.238794e-01 3.826838e-01
    outer loop
      vertex   4.800000e+00 1.253072e+01 -9.822561e+00
      vertex   4.800000e+00 1.245579e+01 -1.000345e+01
      vertex   5.775000e+00 1.245579e+01 -1.000345e+01
    endloop
  endfacet
  facet normal 0.000000e+00 -9.238794e-01 3.826838e-01
    outer loop
      vertex   4.800000e+00 1.253072e+01 -9.822561e+00
      vertex   5.775000e+00 1.245579e+01 -1.000345e+01
      vertex   5.775000e+00 1.253072e+01 -9.822561e+00
    endloop
  endfacet
  facet normal 0.000000e+00 -9.238794e-01 3.826838e-01
    outer loop
      vertex   5.775000e+00 1.253072e+01 -9.822561e+00
      vertex   5.775000e+00 1.245579e+01 -1.000345e+01
      vertex   6.750000e+00 1.245579e+01 -1.000345e+01
    endloop
  endfacet
  facet normal 0.000000e+00 -9.238794e-01 3.826838e-01
    outer loop
      vertex   5.775000e+00 1.253072e+01 -9.822561e+00
      vertex   6.750000e+00 1.245579e+01 -1.000345e+01
      vertex   6.750000e+00 1.253072e+01 -9.822561e+00
    endloop
  endfacet
  facet normal 0.000000e+00 -9.914454e-01 1.305224e-01
    outer loop
      vertex   1.875000e+00 1.245579e+01 -1.000345e+01
      vertex   1.875000e+00 1.243024e+01 -1.019756e+01
      vertex   2.850000e+00 1.243024e+01 -1.019756e+01
    endloop
  endfacet
  facet normal 0.000000e+00 -9.914454e-01 1.305224e-01
    outer loop
      vertex   1.875000e+00 1.245579e+01 -1.000345e+01
      vertex   2.850000e+00 1.243024e+01 -1.019756e+01
      vertex   2.850000e+00 1.245579e+01 -1.000345e+01
    endloop
  endfacet
  facet normal 0.000000e+00 -9.914454e-01 1.305224e-01
    outer loop
      vertex   2.850000e+00 1.245579e+01 -1.000345e+01
      vertex   2.850000e+00 1.243024e+01 -1.019756e+01
      vertex   3.825000e+00 1.243024e+01 -1.019756e+01
    endloop
  endfacet
  facet normal 0.000000e+00 -9.914454e-01 1.305224e-01
    outer loop
      vertex   2.850000e+00 1.245579e+01 -1.000345e+01
      vertex   3.825000e+00 1.243024e+01 -1.019756e+01
      vertex   3.825000e+00 1.245579e+01 -1.000345e+01
    endloop
  endfacet
  facet normal 0.000000e+00 -9.914454e-01 1.305224e-01
    outer loop
      vertex   3.825000e+00 1.245579e+01 -1.000345e+01
      vertex   3.825000e+00 1.243024e+01 -1.019756e+01
      vertex   4.800000e+00 1.243024e+01 -1.019756e+01
    endloop
  endfacet
  facet normal 0.000000e+00 -9.914454e-01 1.305224e-01
    outer loop
      vertex   3.825000e+00 1.245579e+01 -1.000345e+01
      vertex   4.800000e+00 1.243024e+01 -1.019756e+01
      vertex   4.800000e+00 1.245579e+01 -1.000345e+01
    endloop
  endfacet
  facet normal 0.000000e+00 -9.914454e-01 1.305224e-01
    outer loop
      vertex   4.800000e+00 1.245579e+01 -1.000345e+01
      vertex   4.800000e+00 1.243024e+01 -1.019756e+01
      vertex   5.775000e+00 1.243024e+01 -1.019756e+01
    endloop
  endfacet
  facet normal 0.000000e+00 -9.914454e-01 1.305224e-01
    outer loop
      vertex   4.800000e+00 1.245579e+01 -1.000345e+01
      vertex   5.775000e+00 1.243024e+01 -1.019756e+01
      vertex   5.775000e+00 1.245579e+01 -1.000345e+01
    endloop
  endfacet
  facet normal 0.000000e+00 -9.914454e-01 1.305224e-01
    outer loop
      vertex   5.775000e+00 1.245579e+01 -1.000345e+01
      vertex   5.775000e+00 1.243024e+01 -1.019756e+01
      vertex   6.750000e+00 1.243024e+01 -1.019756e+01
    endloop
  endfacet
  facet normal 0.000000e+00 -9.914454e-01 1.305224e-01
    outer loop
      vertex   5.775000e+00 1.245579e+01 -1.000345e+01
      vertex   6.750000e+00 1.243024e+01 -1.019756e+01
      vertex   6.750000e+00 1.245579e+01 -1.000345e+01
    endloop
  endfacet
  facet normal 0.000000e+00 -9.914454e-01 -1.305224e-01
    outer loop
      vertex   1.875000e+00 1.243024e+01 -1.019756e+01
      vertex   1.875000e+00 1.245579e+01 -1.039168e+01
      vertex   2.850000e+00 1.245579e+01 -1.039168e+01
    endloop
  endfacet
  facet normal 0.000000e+00 -9.914454e-01 -1.305224e-01
    outer loop
      vertex   1.875000e+00 1.243024e+01 -1.019756e+01
      vertex   2.850000e+00 1.245579e+01 -1.039168e+01
      vertex   2.850000e+00 1.243024e+01 -1.019756e+01
    endloop
  endfacet
  facet normal 0.000000e+00 -9.914454e-01 -1.305224e-01
    outer loop
      vertex   2.850000e+00 1.243024e+01 -1.019756e+01
      vertex   2.850000e+00 1.245579e+01 -1.039168e+01
      vertex   3.825000e+00 1.245579e+01 -1.039168e+01
    endloop
  endfacet
  facet normal 0.000000e+00 -9.914454e-01 -1.305224e-01
    outer loop
      vertex   2.850000e+00 1.243024e+01 -1.019756e+01
      vertex   3.825000e+00 1.245579e+01 -1.039168e+01
      vertex   3.825000e+00 1.243024e+01 -1.019756e+01
    endloop
  endfacet
  facet normal 0.000000e+00 -9.914454e-01 -1.305224e-01
    outer loop
      vertex   3.825000e+00 1.243024e+01 -1.019756e+01
      vertex   3.825000e+00 1.245579e+01 -1.039168e+01
      vertex   4.800000e+00 1.245579e+01 -1.039168e+01
    endloop
  endfacet
  facet normal 0.000000e+00 -9.914454e-01 -1.305224e-01
    outer loop
      vertex   3.825000e+00 1.243024e+01 -1.019756e+01
      vertex   4.800000e+00 1.245579e+01 -1.039168e+01
      vertex   4.800000e+00 1.243024e+01 -1.019756e+01
    endloop
  endfacet
  facet normal 0.000000e+00 -9.914454e-01 -1.305224e-01
    outer loop
      vertex   4.800000e+00 1.243024e+01 -1.019756e+01
      vertex   4.800000e+00 1.245579e+01 -1.039168e+01
      vertex   5.775000e+00 1.245579e+01 -1.039168e+01
    endloop
  endfacet
  facet normal 0.000000e+00 -9.914454e-01 -1.305224e-01
    outer loop
      vertex   4.800000e+00 1.243024e+01 -1.019756e+01
      vertex   5.775000e+00 1.245579e+01 -1.039168e+01
      vertex   5.775000e+00 1.243024e+01 -1.019756e+01
    endloop
  endfacet
  facet normal 0.000000e+00 -9.914454e-01 -1.305224e-01
    outer loop
      vertex   5.775000e+00 1.243024e+01 -1.019756e+01
      vertex   5.775000e+00 1.245579e+01 -1.039168e+01
      vertex   6.750000e+00 1.245579e+01 -1.039168e+01
    endloop
  endfacet
  facet normal 0.000000e+00 -9.914454e-01 -1.305224e-01
    outer loop
      vertex   5.775000e+00 1.243024e+01 -1.019756e+01
      vertex   6.750000e+00 1.245579e+01 -1.039168e+01
      vertex   6.750000e+00 1.243024e+01 -1.019756e+01
    endloop
  endfacet
  facet normal 0.000000e+00 -9.238794e-01 -3.826838e-01
    outer loop
      vertex   1.875000e+00 1.245579e+01 -1.039168e+01
      vertex   1.875000e+00 1.253072e+01 -1.057256e+01
      vertex   2.850000e+00 1.253072e+01 -1.057256e+01
    endloop
  endfacet
  facet normal 0.000000e+00 -9.238794e-01 -3.826838e-01
    outer loop
      vertex   1.875000e+00 1.245579e+01 -1.039168e+01
      vertex   2.850000e+00 1.253072e+01 -1.057256e+01
      vertex   2.850000e+00 1.245579e+01 -1.039168e+01
    endloop
  endfacet
  facet normal 0.000000e+00 -9.238794e-01 -3.826838e-01
    outer loop
      vertex   2.850000e+00 1.245579e+01 -1.039168e+01
      vertex   2.850000e+00 1.253072e+01 -1.057256e+01
      vertex   3.825000e+00 1.253072e+01 -1.057256e+01
    endloop
  endfacet
  facet normal 0.000000e+00 -9.238794e-01 -3.826838e-01
    outer loop
      vertex   2.850000e+00 1.245579e+01 -1.039168e+01
      vertex   3.825000e+00 1.253072e+01 -1.057256e+01
      vertex   3.825000e+00 1.245579e+01 -1.039168e+01
    endloop
  endfacet
  facet normal 0.000000e+00 -9.238794e-01 -3.826838e-01
    outer loop
      vertex   3.825000e+00 1.245579e+01 -1.039168e+01
      vertex   3.825000e+00 1.253072e+01 -1.057256e+01
      vertex   4.800000e+00 1.253072e+01 -1.057256e+01
    endloop
  endfacet
  facet normal 0.000000e+00 -9.238794e-01 -3.826838e-01
    outer loop
      vertex   3.825000e+00 1.245579e+01 -1.039168e+01
      vertex   4.800000e+00 1.253072e+01 -1.057256e+01
      vertex   4.800000e+00 1.245579e+01 -1.039168e+01
    endloop
  endfacet
  facet normal 0.000000e+00 -9.238794e-01 -3.826838e-01
    outer loop
      vertex   4.800000e+00 1.245579e+01 -1.039168e+01
      vertex   4.800000e+00 1.253072e+01 -1.057256e+01
      vertex   5.775000e+00 1.253072e+01 -1.057256e+01
    endloop
  endfacet
  facet normal 0.000000e+00 -9.238794e-01 -3.826838e-01
    outer loop
      vertex   4.800000e+00 1.245579e+01 -1.039168e+01
      vertex   5.775000e+00 1.253072e+01 -1.057256e+01
      vertex   5.775000e+00 1.245579e+01 -1.039168e+01
    endloop
  endfacet
  facet normal 0.000000e+00 -9.238794e-01 -3.826838e-01
    outer loop
      vertex   5.775000e+00 1.245579e+01 -1.039168e+01
      vertex   5.775000e+00 1.253072e+01 -1.057256e+01
      vertex   6.750000e+00 1.253072e+01 -1.057256e+01
    endloop
  endfacet
  facet normal 0.000000e+00 -9.238794e-01 -3.826838e-01
    outer loop
      vertex   5.775000e+00 1.245579e+01 -1.039168e+01
      vertex   6.750000e+00 1.253072e+01 -1.057256e+01
      vertex   6.750000e+00 1.245579e+01 -1.039168e+01
    endloop
  endfacet
  facet normal 9.913922e-01 1.031610e-02 -1.305184e-01
    outer loop
      vertex   7.474445e+00 1.484012e+01 -1.326668e+01
      vertex   7.500000e+00 1.484012e+01 -1.307256e+01
      vertex   7.479927e+00 1.477108e+01 -1.323049e+01
    endloop
  endfacet
  facet normal 9.912928e-01 -1.042642e-01 -8.042067e-02
    outer loop
      vertex   7.479927e+00 1.477108e+01 -1.323049e+01
      vertex   7.500000e+00 1.484012e+01 -1.307256e+01
      vertex   7.474445e+00 1.467201e+01 -1.316962e+01
    endloop
  endfacet
  facet normal 9.308937e-01 -2.272340e-01 -2.860100e-01
    outer loop
      vertex   7.479927e+00 1.477108e+01 -1.323049e+01
      vertex   7.474445e+00 1.467201e+01 -1.316962e+01
      vertex   7.398912e+00 1.457094e+01 -1.333516e+01
    endloop
  endfacet
  facet normal 9.315307e-01 -2.295643e-01 -2.820475e-01
    outer loop
      vertex   7.479927e+00 1.477108e+01 -1.323049e+01
      vertex   7.398912e+00 1.457094e+01 -1.333516e+01
      vertex   7.421054e+00 1.472428e+01 -1.338684e+01
    endloop
  endfacet
  facet normal 8.265949e-01 -2.832515e-01 -4.863224e-01
    outer loop
      vertex   7.421054e+00 1.472428e+01 -1.338684e+01
      vertex   7.398912e+00 1.457094e+01 -1.333516e+01
      vertex   7.301968e+00 1.453848e+01 -1.348102e+01
    endloop
  endfacet
  facet normal 8.265960e-01 -2.832537e-01 -4.863193e-01
    outer loop
      vertex   7.421054e+00 1.472428e+01 -1.338684e+01
      vertex   7.301968e+00 1.453848e+01 -1.348102e+01
      vertex   7.326629e+00 1.469265e+01 -1.352891e+01
    endloop
  endfacet
  facet normal 6.766369e-01 -3.149389e-01 -6.655644e-01
    outer loop
      vertex   7.326629e+00 1.469265e+01 -1.352891e+01
      vertex   7.301968e+00 1.453848e+01 -1.348102e+01
      vertex   7.173995e+00 1.452342e+01 -1.360400e+01
    endloop
  endfacet
  facet normal 6.766361e-01 -3.149376e-01 -6.655658e-01
    outer loop
      vertex   7.326629e+00 1.469265e+01 -1.352891e+01
      vertex   7.173995e+00 1.452342e+01 -1.360400e+01
      vertex   7.201979e+00 1.467799e+01 -1.364869e+01
    endloop
  endfacet
  facet normal 4.901125e-01 -3.228347e-01 -8.096712e-01
    outer loop
      vertex   7.201979e+00 1.467799e+01 -1.364869e+01
      vertex   7.173995e+00 1.452342e+01 -1.360400e+01
      vertex   7.022209e+00 1.452663e+01 -1.369716e+01
    endloop
  endfacet
  facet normal 4.901125e-01 -3.228348e-01 -8.096712e-01
    outer loop
      vertex   7.201979e+00 1.467799e+01 -1.364869e+01
      vertex   7.022209e+00 1.452663e+01 -1.369716e+01
      vertex   7.054135e+00 1.468112e+01 -1.373943e+01
    endloop
  endfacet
  facet normal 2.775489e-01 -3.064976e-01 -9.105086e-01
    outer loop
      vertex   7.054135e+00 1.468112e+01 -1.373943e+01
      vertex   7.022209e+00 1.452663e+01 -1.369716e+01
      vertex   6.855174e+00 1.454792e+01 -1.375525e+01
    endloop
  endfacet
  facet normal 2.775465e-01 -3.064938e-01 -9.105106e-01
    outer loop
      vertex   7.054135e+00 1.468112e+01 -1.373943e+01
      vertex   6.855174e+00 1.454792e+01 -1.375525e+01
      vertex   6.891438e+00 1.470186e+01 -1.379601e+01
    endloop
  endfacet
  facet normal 1.172538e-01 -2.799377e-01 -9.528307e-01
    outer loop
      vertex   6.891438e+00 1.470186e+01 -1.379601e+01
      vertex   6.855174e+00 1.454792e+01 -1.375525e+01
      vertex   6.750000e+00 1.464600e+01 -1.379701e+01
    endloop
  endfacet
  facet normal -6.288330e-02 -4.472818e-01 -8.921798e-01
    outer loop
      vertex   6.750000e+00 1.464600e+01 -1.379701e+01
      vertex   6.855174e+00 1.454792e+01 -1.375525e+01
      vertex   6.813922e+00 1.440785e+01 -1.368211e+01
    endloop
  endfacet
  facet normal 2.285556e-01 -3.725544e-01 -8.994251e-01
    outer loop
      vertex   6.750000e+00 1.464600e+01 -1.379701e+01
      vertex   6.813922e+00 1.440785e+01 -1.368211e+01
      vertex   6.750000e+00 1.446512e+01 -1.372208e+01
    endloop
  endfacet
  facet normal -8.082092e-02 -6.294878e-01 -7.727956e-01
    outer loop
      vertex   6.750000e+00 1.446512e+01 -1.372208e+01
      vertex   6.813922e+00 1.440785e+01 -1.368211e+01
      vertex   6.769639e+00 1.428826e+01 -1.358008e+01
    endloop
  endfacet
  facet normal 2.465944e-01 -5.899632e-01 -7.688528e-01
    outer loop
      vertex   6.750000e+00 1.446512e+01 -1.372208e+01
      vertex   6.769639e+00 1.428826e+01 -1.358008e+01
      vertex   6.750000e+00 1.430979e+01 -1.360289e+01
    endloop
  endfacet
  facet normal -1.601845e-01 -7.831080e-01 -6.009017e-01
    outer loop
      vertex   6.750000e+00 1.430979e+01 -1.360289e+01
      vertex   6.769639e+00 1.428826e+01 -1.358008e+01
      vertex   6.750000e+00 1.419060e+01 -1.344756e+01
    endloop
  endfacet
  facet normal 9.898043e-02 -8.079860e-01 -5.808282e-01
    outer loop
      vertex   6.750000e+00 1.419060e+01 -1.344756e+01
      vertex   6.769639e+00 1.428826e+01 -1.358008e+01
      vertex   6.921760e+00 1.426887e+01 -1.352718e+01
    endloop
  endfacet
  facet normal 1.303713e-01 -8.329977e-01 -5.376971e-01
    outer loop
      vertex   6.750000e+00 1.419060e+01 -1.344756e+01
      vertex   6.921760e+00 1.426887e+01 -1.352718e+01
      vertex   6.944115e+00 1.421273e+01 -1.343478e+01
    endloop
  endfacet
  facet normal 3.195605e-01 -7.735102e-01 -5.473236e-01
    outer loop
      vertex   6.944115e+00 1.421273e+01 -1.343478e+01
      vertex   6.921760e+00 1.426887e+01 -1.352718e+01
      vertex   7.059993e+00 1.426595e+01 -1.344234e+01
    endloop
  endfacet
  facet normal 3.677449e-01 -6.904172e-01 -6.229669e-01
    outer loop
      vertex   7.059993e+00 1.426595e+01 -1.344234e+01
      vertex   6.921760e+00 1.426887e+01 -1.352718e+01
      vertex   6.977375e+00 1.438701e+01 -1.362527e+01
    endloop
  endfacet
  facet normal 3.677480e-01 -6.904154e-01 -6.229671e-01
    outer loop
      vertex   7.059993e+00 1.426595e+01 -1.344234e+01
      vertex   6.977375e+00 1.438701e+01 -1.362527e+01
      vertex   7.125906e+00 1.438387e+01 -1.353411e+01
    endloop
  endfacet
  facet normal 4.392229e-01 -5.187030e-01 -7.335056e-01
    outer loop
      vertex   7.125906e+00 1.438387e+01 -1.353411e+01
      vertex   6.977375e+00 1.438701e+01 -1.362527e+01
      vertex   7.022209e+00 1.452663e+01 -1.369716e+01
    endloop
  endfacet
  facet normal 4.392227e-01 -5.187032e-01 -7.335056e-01
    outer loop
      vertex   7.125906e+00 1.438387e+01 -1.353411e+01
      vertex   7.022209e+00 1.452663e+01 -1.369716e+01
      vertex   7.173995e+00 1.452342e+01 -1.360400e+01
    endloop
  endfacet
  facet normal 9.227409e-01 -3.061903e-01 -2.340870e-01
    outer loop
      vertex   7.474445e+00 1.467201e+01 -1.316962e+01
      vertex   7.399519e+00 1.451536e+01 -1.326006e+01
      vertex   7.398912e+00 1.457094e+01 -1.333516e+01
    endloop
  endfacet
  facet normal 7.911525e-01 -4.885343e-01 -3.679835e-01
    outer loop
      vertex   7.398912e+00 1.457094e+01 -1.333516e+01
      vertex   7.399519e+00 1.451536e+01 -1.326006e+01
      vertex   7.280330e+00 1.438084e+01 -1.333773e+01
    endloop
  endfacet
  facet normal 7.763932e-01 -4.787631e-01 -4.098773e-01
    outer loop
      vertex   7.398912e+00 1.457094e+01 -1.333516e+01
      vertex   7.280330e+00 1.438084e+01 -1.333773e+01
      vertex   7.251136e+00 1.439860e+01 -1.341377e+01
    endloop
  endfacet
  facet normal 7.764661e-01 -4.790321e-01 -4.094247e-01
    outer loop
      vertex   7.398912e+00 1.457094e+01 -1.333516e+01
      vertex   7.251136e+00 1.439860e+01 -1.341377e+01
      vertex   7.301968e+00 1.453848e+01 -1.348102e+01
    endloop
  endfacet
  facet normal 6.261702e-01 -5.107893e-01 -5.890715e-01
    outer loop
      vertex   7.301968e+00 1.453848e+01 -1.348102e+01
      vertex   7.251136e+00 1.439860e+01 -1.341377e+01
      vertex   7.125906e+00 1.438387e+01 -1.353411e+01
    endloop
  endfacet
  facet normal 6.261700e-01 -5.107889e-01 -5.890720e-01
    outer loop
      vertex   7.301968e+00 1.453848e+01 -1.348102e+01
      vertex   7.125906e+00 1.438387e+01 -1.353411e+01
      vertex   7.173995e+00 1.452342e+01 -1.360400e+01
    endloop
  endfacet
  facet normal 6.087607e-01 -6.883364e-01 -3.944661e-01
    outer loop
      vertex   7.280330e+00 1.438084e+01 -1.333773e+01
      vertex   7.125000e+00 1.427762e+01 -1.339732e+01
      vertex   7.251136e+00 1.439860e+01 -1.341377e+01
    endloop
  endfacet
  facet normal 5.186233e-01 -6.206780e-01 -5.880380e-01
    outer loop
      vertex   7.251136e+00 1.439860e+01 -1.341377e+01
      vertex   7.125000e+00 1.427762e+01 -1.339732e+01
      vertex   7.059993e+00 1.426595e+01 -1.344234e+01
    endloop
  endfacet
  facet normal 5.463681e-01 -6.828531e-01 -4.849675e-01
    outer loop
      vertex   7.251136e+00 1.439860e+01 -1.341377e+01
      vertex   7.059993e+00 1.426595e+01 -1.344234e+01
      vertex   7.125906e+00 1.438387e+01 -1.353411e+01
    endloop
  endfacet
  facet normal 3.779643e-01 -8.685129e-01 -3.206686e-01
    outer loop
      vertex   7.125000e+00 1.427762e+01 -1.339732e+01
      vertex   6.944115e+00 1.421273e+01 -1.343478e+01
      vertex   7.059993e+00 1.426595e+01 -1.344234e+01
    endloop
  endfacet
  facet normal 1.294246e-01 -1.294246e-01 -9.831066e-01
    outer loop
      vertex   6.750000e+00 1.464600e+01 -1.379701e+01
      vertex   6.750000e+00 1.484012e+01 -1.382256e+01
      vertex   6.944115e+00 1.484012e+01 -1.379701e+01
    endloop
  endfacet
  facet normal 1.162909e-02 -1.162909e-02 -9.998648e-01
    outer loop
      vertex   6.750000e+00 1.464600e+01 -1.379701e+01
      vertex   6.944115e+00 1.484012e+01 -1.379701e+01
      vertex   6.891438e+00 1.470186e+01 -1.379601e+01
    endloop
  endfacet
  facet normal 3.783138e-01 -1.507105e-01 -9.133263e-01
    outer loop
      vertex   6.891438e+00 1.470186e+01 -1.379601e+01
      vertex   6.944115e+00 1.484012e+01 -1.379701e+01
      vertex   7.125000e+00 1.484012e+01 -1.372208e+01
    endloop
  endfacet
  facet normal 3.235018e-01 -4.099958e-02 -9.453389e-01
    outer loop
      vertex   6.891438e+00 1.470186e+01 -1.379601e+01
      vertex   7.125000e+00 1.484012e+01 -1.372208e+01
      vertex   7.054135e+00 1.468112e+01 -1.373943e+01
    endloop
  endfacet
  facet normal 5.986331e-01 -1.816519e-01 -7.801545e-01
    outer loop
      vertex   7.054135e+00 1.468112e+01 -1.373943e+01
      vertex   7.125000e+00 1.484012e+01 -1.372208e+01
      vertex   7.280330e+00 1.484012e+01 -1.360289e+01
    endloop
  endfacet
  facet normal 5.228705e-01 -1.189059e-02 -8.523292e-01
    outer loop
      vertex   7.054135e+00 1.468112e+01 -1.373943e+01
      vertex   7.280330e+00 1.484012e+01 -1.360289e+01
      vertex   7.201979e+00 1.467799e+01 -1.364869e+01
    endloop
  endfacet
  facet normal 6.947218e-01 -1.362076e-01 -7.062642e-01
    outer loop
      vertex   7.201979e+00 1.467799e+01 -1.364869e+01
      vertex   7.280330e+00 1.484012e+01 -1.360289e+01
      vertex   7.326629e+00 1.469265e+01 -1.352891e+01
    endloop
  endfacet
  facet normal 7.920970e-01 -5.623639e-02 -6.077992e-01
    outer loop
      vertex   7.326629e+00 1.469265e+01 -1.352891e+01
      vertex   7.280330e+00 1.484012e+01 -1.360289e+01
      vertex   7.399519e+00 1.484012e+01 -1.344756e+01
    endloop
  endfacet
  facet normal 8.389192e-01 -1.220849e-01 -5.303865e-01
    outer loop
      vertex   7.326629e+00 1.469265e+01 -1.352891e+01
      vertex   7.399519e+00 1.484012e+01 -1.344756e+01
      vertex   7.421054e+00 1.472428e+01 -1.338684e+01
    endloop
  endfacet
  facet normal 9.234949e-01 -2.884909e-02 -3.825245e-01
    outer loop
      vertex   7.421054e+00 1.472428e+01 -1.338684e+01
      vertex   7.399519e+00 1.484012e+01 -1.344756e+01
      vertex   7.474445e+00 1.484012e+01 -1.326668e+01
    endloop
  endfacet
  facet normal 9.406656e-01 -9.591997e-02 -3.254958e-01
    outer loop
      vertex   7.421054e+00 1.472428e+01 -1.338684e+01
      vertex   7.474445e+00 1.484012e+01 -1.326668e+01
      vertex   7.479927e+00 1.477108e+01 -1.323049e+01
    endloop
  endfacet
  facet normal 1.641937e-01 -6.747739e-01 -7.195281e-01
    outer loop
      vertex   6.977375e+00 1.438701e+01 -1.362527e+01
      vertex   6.921760e+00 1.426887e+01 -1.352718e+01
      vertex   6.769639e+00 1.428826e+01 -1.358008e+01
    endloop
  endfacet
  facet normal 1.641911e-01 -6.747703e-01 -7.195321e-01
    outer loop
      vertex   6.977375e+00 1.438701e+01 -1.362527e+01
      vertex   6.769639e+00 1.428826e+01 -1.358008e+01
      vertex   6.813922e+00 1.440785e+01 -1.368211e+01
    endloop
  endfacet
  facet normal 2.261771e-01 -5.023291e-01 -8.345714e-01
    outer loop
      vertex   7.022209e+00 1.452663e+01 -1.369716e+01
      vertex   6.977375e+00 1.438701e+01 -1.362527e+01
      vertex   6.813922e+00 1.440785e+01 -1.368211e+01
    endloop
  endfacet
  facet normal 2.261779e-01 -5.023304e-01 -8.345704e-01
    outer loop
      vertex   7.022209e+00 1.452663e+01 -1.369716e+01
      vertex   6.813922e+00 1.440785e+01 -1.368211e+01
      vertex   6.855174e+00 1.454792e+01 -1.375525e+01
    endloop
  endfacet
  facet normal 0.000000e+00 -7.933525e-01 -6.087626e-01
    outer loop
      vertex   1.875000e+00 1.419060e+01 -1.344756e+01
      vertex   1.875000e+00 1.430979e+01 -1.360289e+01
      vertex   2.850000e+00 1.430979e+01 -1.360289e+01
    endloop
  endfacet
  facet normal 0.000000e+00 -7.933525e-01 -6.087626e-01
    outer loop
      vertex   1.875000e+00 1.419060e+01 -1.344756e+01
      vertex   2.850000e+00 1.430979e+01 -1.360289e+01
      vertex   2.850000e+00 1.419060e+01 -1.344756e+01
    endloop
  endfacet
  facet normal 0.000000e+00 -7.933525e-01 -6.087626e-01
    outer loop
      vertex   2.850000e+00 1.419060e+01 -1.344756e+01
      vertex   2.850000e+00 1.430979e+01 -1.360289e+01
      vertex   3.825000e+00 1.430979e+01 -1.360289e+01
    endloop
  endfacet
  facet normal 0.000000e+00 -7.933525e-01 -6.087626e-01
    outer loop
      vertex   2.850000e+00 1.419060e+01 -1.344756e+01
      vertex   3.825000e+00 1.430979e+01 -1.360289e+01
      vertex   3.825000e+00 1.419060e+01 -1.344756e+01
    endloop
  endfacet
  facet normal 0.000000e+00 -7.933525e-01 -6.087626e-01
    outer loop
      vertex   3.825000e+00 1.419060e+01 -1.344756e+01
      vertex   3.825000e+00 1.430979e+01 -1.360289e+01
      vertex   4.800000e+00 1.430979e+01 -1.360289e+01
    endloop
  endfacet
  facet normal 0.000000e+00 -7.933525e-01 -6.087626e-01
    outer loop
      vertex   3.825000e+00 1.419060e+01 -1.344756e+01
      vertex   4.800000e+00 1.430979e+01 -1.360289e+01
      vertex   4.800000e+00 1.419060e+01 -1.344756e+01
    endloop
  endfacet
  facet normal 0.000000e+00 -7.933525e-01 -6.087626e-01
    outer loop
      vertex   4.800000e+00 1.419060e+01 -1.344756e+01
      vertex   4.800000e+00 1.430979e+01 -1.360289e+01
      vertex   5.775000e+00 1.430979e+01 -1.360289e+01
    endloop
  endfacet
  facet normal 0.000000e+00 -7.933525e-01 -6.087626e-01
    outer loop
      vertex   4.800000e+00 1.419060e+01 -1.344756e+01
      vertex   5.775000e+00 1.430979e+01 -1.360289e+01
      vertex   5.775000e+00 1.419060e+01 -1.344756e+01
    endloop
  endfacet
  facet normal 0.000000e+00 -7.933525e-01 -6.087626e-01
    outer loop
      vertex   5.775000e+00 1.419060e+01 -1.344756e+01
      vertex   5.775000e+00 1.430979e+01 -1.360289e+01
      vertex   6.750000e+00 1.430979e+01 -1.360289e+01
    endloop
  endfacet
  facet normal 0.000000e+00 -7.933525e-01 -6.087626e-01
    outer loop
      vertex   5.775000e+00 1.419060e+01 -1.344756e+01
      vertex   6.750000e+00 1.430979e+01 -1.360289e+01
      vertex   6.750000e+00 1.419060e+01 -1.344756e+01
    endloop
  endfacet
  facet normal 0.000000e+00 -6.087626e-01 -7.933525e-01
    outer loop
      vertex   1.875000e+00 1.430979e+01 -1.360289e+01
      vertex   1.875000e+00 1.446512e+01 -1.372208e+01
      vertex   2.850000e+00 1.446512e+01 -1.372208e+01
    endloop
  endfacet
  facet normal 0.000000e+00 -6.087626e-01 -7.933525e-01
    outer loop
      vertex   1.875000e+00 1.430979e+01 -1.360289e+01
      vertex   2.850000e+00 1.446512e+01 -1.372208e+01
      vertex   2.850000e+00 1.430979e+01 -1.360289e+01
    endloop
  endfacet
  facet normal 0.000000e+00 -6.087626e-01 -7.933525e-01
    outer loop
      vertex   2.850000e+00 1.430979e+01 -1.360289e+01
      vertex   2.850000e+00 1.446512e+01 -1.372208e+01
      vertex   3.825000e+00 1.446512e+01 -1.372208e+01
    endloop
  endfacet
  facet normal 0.000000e+00 -6.087626e-01 -7.933525e-01
    outer loop
      vertex   2.850000e+00 1.430979e+01 -1.360289e+01
      vertex   3.825000e+00 1.446512e+01 -1.372208e+01
      vertex   3.825000e+00 1.430979e+01 -1.360289e+01
    endloop
  endfacet
  facet normal 0.000000e+00 -6.087626e-01 -7.933525e-01
    outer loop
      vertex   3.825000e+00 1.430979e+01 -1.360289e+01
      vertex   3.825000e+00 1.446512e+01 -1.372208e+01
      vertex   4.800000e+00 1.446512e+01 -1.372208e+01
    endloop
  endfacet
  facet normal 0.000000e+00 -6.087626e-01 -7.933525e-01
    outer loop
      vertex   3.825000e+00 1.430979e+01 -1.360289e+01
      vertex   4.800000e+00 1.446512e+01 -1.372208e+01
      vertex   4.800000e+00 1.430979e+01 -1.360289e+01
    endloop
  endfacet
  facet normal 0.000000e+00 -6.087626e-01 -7.933525e-01
    outer loop
      vertex   4.800000e+00 1.430979e+01 -1.360289e+01
      vertex   4.800000e+00 1.446512e+01 -1.372208e+01
      vertex   5.775000e+00 1.446512e+01 -1.372208e+01
    endloop
  endfacet
  facet normal 0.000000e+00 -6.087626e-01 -7.933525e-01
    outer loop
      vertex   4.800000e+00 1.430979e+01 -1.360289e+01
      vertex   5.775000e+00 1.446512e+01 -1.372208e+01
      vertex   5.775000e+00 1.430979e+01 -1.360289e+01
    endloop
  endfacet
  facet normal 0.000000e+00 -6.087626e-01 -7.933525e-01
    outer loop
      vertex   5.775000e+00 1.430979e+01 -1.360289e+01
      vertex   5.775000e+00 1.446512e+01 -1.372208e+01
      vertex   6.750000e+00 1.446512e+01 -1.372208e+01
    endloop
  endfacet
  facet normal 0.000000e+00 -6.087626e-01 -7.933525e-01
    outer loop
      vertex   5.775000e+00 1.430979e+01 -1.360289e+01
      vertex   6.750000e+00 1.446512e+01 -1.372208e+01
      vertex   6.750000e+00 1.430979e+01 -1.360289e+01
    endloop
  endfacet
  facet normal 0.000000e+00 -3.826838e-01 -9.238794e-01
    outer loop
      vertex   1.875000e+00 1.446512e+01 -1.372208e+01
      vertex   1.875000e+00 1.464600e+01 -1.379701e+01
      vertex   2.850000e+00 1.464600e+01 -1.379701e+01
    endloop
  endfacet
  facet normal 0.000000e+00 -3.826838e-01 -9.238794e-01
    outer loop
      vertex   1.875000e+00 1.446512e+01 -1.372208e+01
      vertex   2.850000e+00 1.464600e+01 -1.379701e+01
      vertex   2.850000e+00 1.446512e+01 -1.372208e+01
    endloop
  endfacet
  facet normal 0.000000e+00 -3.826838e-01 -9.238794e-01
    outer loop
      vertex   2.850000e+00 1.446512e+01 -1.372208e+01
      vertex   2.850000e+00 1.464600e+01 -1.379701e+01
      vertex   3.825000e+00 1.464600e+01 -1.379701e+01
    endloop
  endfacet
  facet normal 0.000000e+00 -3.826838e-01 -9.238794e-01
    outer loop
      vertex   2.850000e+00 1.446512e+01 -1.372208e+01
      vertex   3.825000e+00 1.464600e+01 -1.379701e+01
      vertex   3.825000e+00 1.446512e+01 -1.372208e+01
    endloop
  endfacet
  facet normal 0.000000e+00 -3.826838e-01 -9.238794e-01
    outer loop
      vertex   3.825000e+00 1.446512e+01 -1.372208e+01
      vertex   3.825000e+00 1.464600e+01 -1.379701e+01
      vertex   4.800000e+00 1.464600e+01 -1.379701e+01
    endloop
  endfacet
  facet normal 0.000000e+00 -3.826838e-01 -9.238794e-01
    outer loop
      vertex   3.825000e+00 1.446512e+01 -1.372208e+01
      vertex   4.800000e+00 1.464600e+01 -1.379701e+01
      vertex   4.800000e+00 1.446512e+01 -1.372208e+01
    endloop
  endfacet
  facet normal 0.000000e+00 -3.826838e-01 -9.238794e-01
    outer loop
      vertex   4.800000e+00 1.446512e+01 -1.372208e+01
      vertex   4.800000e+00 1.464600e+01 -1.379701e+01
      vertex   5.775000e+00 1.464600e+01 -1.379701e+01
    endloop
  endfacet
  facet normal 0.000000e+00 -3.826838e-01 -9.238794e-01
    outer loop
      vertex   4.800000e+00 1.446512e+01 -1.372208e+01
      vertex   5.775000e+00 1.464600e+01 -1.379701e+01
      vertex   5.775000e+00 1.446512e+01 -1.372208e+01
    endloop
  endfacet
  facet normal 0.000000e+00 -3.826838e-01 -9.238794e-01
    outer loop
      vertex   5.775000e+00 1.446512e+01 -1.372208e+01
      vertex   5.775000e+00 1.464600e+01 -1.379701e+01
      vertex   6.750000e+00 1.464600e+01 -1.379701e+01
    endloop
  endfacet
  facet normal 0.000000e+00 -3.826838e-01 -9.238794e-01
    outer loop
      vertex   5.775000e+00 1.446512e+01 -1.372208e+01
      vertex   6.750000e+00 1.464600e+01 -1.379701e+01
      vertex   6.750000e+00 1.446512e+01 -1.372208e+01
    endloop
  endfacet
  facet normal 0.000000e+00 -1.305224e-01 -9.914454e-01
    outer loop
      vertex   1.875000e+00 1.464600e+01 -1.379701e+01
      vertex   1.875000e+00 1.484012e+01 -1.382256e+01
      vertex   2.850000e+00 1.484012e+01 -1.382256e+01
    endloop
  endfacet
  facet normal 0.000000e+00 -1.305224e-01 -9.914454e-01
    outer loop
      vertex   1.875000e+00 1.464600e+01 -1.379701e+01
      vertex   2.850000e+00 1.484012e+01 -1.382256e+01
      vertex   2.850000e+00 1.464600e+01 -1.379701e+01
    endloop
  endfacet
  facet normal 0.000000e+00 -1.305224e-01 -9.914454e-01
    outer loop
      vertex   2.850000e+00 1.464600e+01 -1.379701e+01
      vertex   2.850000e+00 1.484012e+01 -1.382256e+01
      vertex   3.825000e+00 1.484012e+01 -1.382256e+01
    endloop
  endfacet
  facet normal 0.000000e+00 -1.305224e-01 -9.914454e-01
    outer loop
      vertex   2.850000e+00 1.464600e+01 -1.379701e+01
      vertex   3.825000e+00 1.484012e+01 -1.382256e+01
      vertex   3.825000e+00 1.464600e+01 -1.379701e+01
    endloop
  endfacet
  facet normal 0.000000e+00 -1.305224e-01 -9.914454e-01
    outer loop
      vertex   3.825000e+00 1.464600e+01 -1.379701e+01
      vertex   3.825000e+00 1.484012e+01 -1.382256e+01
      vertex   4.800000e+00 1.484012e+01 -1.382256e+01
    endloop
  endfacet
  facet normal 0.000000e+00 -1.305224e-01 -9.914454e-01
    outer loop
      vertex   3.825000e+00 1.464600e+01 -1.379701e+01
      vertex   4.800000e+00 1.484012e+01 -1.382256e+01
      vertex   4.800000e+00 1.464600e+01 -1.379701e+01
    endloop
  endfacet
  facet normal 0.000000e+00 -1.305224e-01 -9.914454e-01
    outer loop
      vertex   4.800000e+00 1.464600e+01 -1.379701e+01
      vertex   4.800000e+00 1.484012e+01 -1.382256e+01
      vertex   5.775000e+00 1.484012e+01 -1.382256e+01
    endloop
  endfacet
  facet normal 0.000000e+00 -1.305224e-01 -9.914454e-01
    outer loop
      vertex   4.800000e+00 1.464600e+01 -1.379701e+01
      vertex   5.775000e+00 1.484012e+01 -1.382256e+01
      vertex   5.775000e+00 1.464600e+01 -1.379701e+01
    endloop
  endfacet
  facet normal 0.000000e+00 -1.305224e-01 -9.914454e-01
    outer loop
      vertex   5.775000e+00 1.464600e+01 -1.379701e+01
      vertex   5.775000e+00 1.484012e+01 -1.382256e+01
      vertex   6.750000e+00 1.484012e+01 -1.382256e+01
    endloop
  endfacet
  facet normal 0.000000e+00 -1.305224e-01 -9.914454e-01
    outer loop
      vertex   5.775000e+00 1.464600e+01 -1.379701e+01
      vertex   6.750000e+00 1.484012e+01 -1.382256e+01
      vertex   6.750000e+00 1.464600e+01 -1.379701e+01
    endloop
  endfacet
  facet normal 9.912928e-01 -1.042642e-01 8.042067e-02
    outer loop
      vertex   7.474445e+00 1.467201e+01 -7.225504e+00
      vertex   7.500000e+00 1.484012e+01 -7.322561e+00
      vertex   7.479927e+00 1.477108e+01 -7.164633e+00
    endloop
  endfacet
  facet normal 9.913921e-01 1.031701e-02 1.305188e-01
    outer loop
      vertex   7.479927e+00 1.477108e+01 -7.164633e+00
      vertex   7.500000e+00 1.484012e+01 -7.322561e+00
      vertex   7.474445e+00 1.484012e+01 -7.128447e+00
    endloop
  endfacet
  facet normal 9.164916e-01 -1.262104e-01 3.796236e-01
    outer loop
      vertex   7.479927e+00 1.477108e+01 -7.164633e+00
      vertex   7.474445e+00 1.484012e+01 -7.128447e+00
      vertex   7.399519e+00 1.484012e+01 -6.947561e+00
    endloop
  endfacet
  facet normal 9.367252e-01 -9.308859e-03 3.499418e-01
    outer loop
      vertex   7.479927e+00 1.477108e+01 -7.164633e+00
      vertex   7.399519e+00 1.484012e+01 -6.947561e+00
      vertex   7.421054e+00 1.472428e+01 -7.008286e+00
    endloop
  endfacet
  facet normal 7.819192e-01 -1.691677e-01 5.999872e-01
    outer loop
      vertex   7.421054e+00 1.472428e+01 -7.008286e+00
      vertex   7.399519e+00 1.484012e+01 -6.947561e+00
      vertex   7.280330e+00 1.484012e+01 -6.792231e+00
    endloop
  endfacet
  facet normal 8.342434e-01 -1.461230e-02 5.512027e-01
    outer loop
      vertex   7.421054e+00 1.472428e+01 -7.008286e+00
      vertex   7.280330e+00 1.484012e+01 -6.792231e+00
      vertex   7.326629e+00 1.469265e+01 -6.866212e+00
    endloop
  endfacet
  facet normal 6.947235e-01 -1.362089e-01 7.062622e-01
    outer loop
      vertex   7.326629e+00 1.469265e+01 -6.866212e+00
      vertex   7.280330e+00 1.484012e+01 -6.792231e+00
      vertex   7.201979e+00 1.467799e+01 -6.746427e+00
    endloop
  endfacet
  facet normal 6.072725e-01 -6.988946e-02 7.914137e-01
    outer loop
      vertex   7.201979e+00 1.467799e+01 -6.746427e+00
      vertex   7.280330e+00 1.484012e+01 -6.792231e+00
      vertex   7.125000e+00 1.484012e+01 -6.673042e+00
    endloop
  endfacet
  facet normal 5.159909e-01 -1.376918e-01 8.454551e-01
    outer loop
      vertex   7.201979e+00 1.467799e+01 -6.746427e+00
      vertex   7.125000e+00 1.484012e+01 -6.673042e+00
      vertex   7.054135e+00 1.468112e+01 -6.655687e+00
    endloop
  endfacet
  facet normal 3.817581e-01 -6.955025e-02 9.216417e-01
    outer loop
      vertex   7.054135e+00 1.468112e+01 -6.655687e+00
      vertex   7.125000e+00 1.484012e+01 -6.673042e+00
      vertex   6.944115e+00 1.484012e+01 -6.598116e+00
    endloop
  endfacet
  facet normal 3.115413e-01 -1.254764e-01 9.419117e-01
    outer loop
      vertex   7.054135e+00 1.468112e+01 -6.655687e+00
      vertex   6.944115e+00 1.484012e+01 -6.598116e+00
      vertex   6.891438e+00 1.470186e+01 -6.599112e+00
    endloop
  endfacet
  facet normal 1.303148e-01 -5.677545e-02 9.898457e-01
    outer loop
      vertex   6.891438e+00 1.470186e+01 -6.599112e+00
      vertex   6.944115e+00 1.484012e+01 -6.598116e+00
      vertex   6.750000e+00 1.484012e+01 -6.572561e+00
    endloop
  endfacet
  facet normal 5.842232e-02 -1.303024e-01 9.897515e-01
    outer loop
      vertex   6.891438e+00 1.470186e+01 -6.599112e+00
      vertex   6.750000e+00 1.484012e+01 -6.572561e+00
      vertex   6.750000e+00 1.464600e+01 -6.598116e+00
    endloop
  endfacet
  facet normal 2.285635e-01 -3.725537e-01 8.994234e-01
    outer loop
      vertex   6.750000e+00 1.464600e+01 -6.598116e+00
      vertex   6.750000e+00 1.446512e+01 -6.673042e+00
      vertex   6.813922e+00 1.440785e+01 -6.713008e+00
    endloop
  endfacet
  facet normal -6.288598e-02 -4.472841e-01 8.921784e-01
    outer loop
      vertex   6.750000e+00 1.464600e+01 -6.598116e+00
      vertex   6.813922e+00 1.440785e+01 -6.713008e+00
      vertex   6.855174e+00 1.454792e+01 -6.639874e+00
    endloop
  endfacet
  facet normal 2.261732e-01 -5.023325e-01 8.345704e-01
    outer loop
      vertex   6.855174e+00 1.454792e+01 -6.639874e+00
      vertex   6.813922e+00 1.440785e+01 -6.713008e+00
      vertex   6.977375e+00 1.438701e+01 -6.769847e+00
    endloop
  endfacet
  facet normal 2.261782e-01 -5.023292e-01 8.345710e-01
    outer loop
      vertex   6.855174e+00 1.454792e+01 -6.639874e+00
      vertex   6.977375e+00 1.438701e+01 -6.769847e+00
      vertex   7.022209e+00 1.452663e+01 -6.697959e+00
    endloop
  endfacet
  facet normal 4.392250e-01 -5.187030e-01 7.335043e-01
    outer loop
      vertex   7.022209e+00 1.452663e+01 -6.697959e+00
      vertex   6.977375e+00 1.438701e+01 -6.769847e+00
      vertex   7.125906e+00 1.438387e+01 -6.861009e+00
    endloop
  endfacet
  facet normal 4.392191e-01 -5.187077e-01 7.335046e-01
    outer loop
      vertex   7.022209e+00 1.452663e+01 -6.697959e+00
      vertex   7.125906e+00 1.438387e+01 -6.861009e+00
      vertex   7.173995e+00 1.452342e+01 -6.791118e+00
    endloop
  endfacet
  facet normal 6.261676e-01 -5.107927e-01 5.890713e-01
    outer loop
      vertex   7.173995e+00 1.452342e+01 -6.791118e+00
      vertex   7.125906e+00 1.438387e+01 -6.861009e+00
      vertex   7.251136e+00 1.439860e+01 -6.981351e+00
    endloop
  endfacet
  facet normal 6.261733e-01 -5.107872e-01 5.890700e-01
    outer loop
      vertex   7.173995e+00 1.452342e+01 -6.791118e+00
      vertex   7.251136e+00 1.439860e+01 -6.981351e+00
      vertex   7.301968e+00 1.453848e+01 -6.914098e+00
    endloop
  endfacet
  facet normal 7.761611e-01 -4.791380e-01 4.098789e-01
    outer loop
      vertex   7.301968e+00 1.453848e+01 -6.914098e+00
      vertex   7.251136e+00 1.439860e+01 -6.981351e+00
      vertex   7.280330e+00 1.438084e+01 -7.057396e+00
    endloop
  endfacet
  facet normal 7.885957e-01 -4.693680e-01 3.972537e-01
    outer loop
      vertex   7.301968e+00 1.453848e+01 -6.914098e+00
      vertex   7.280330e+00 1.438084e+01 -7.057396e+00
      vertex   7.399519e+00 1.451536e+01 -7.135061e+00
    endloop
  endfacet
  facet normal 7.607196e-01 -5.187641e-01 3.901148e-01
    outer loop
      vertex   7.301968e+00 1.453848e+01 -6.914098e+00
      vertex   7.399519e+00 1.451536e+01 -7.135061e+00
      vertex   7.398912e+00 1.457094e+01 -7.059960e+00
    endloop
  endfacet
  facet normal 9.227408e-01 -3.061895e-01 2.340883e-01
    outer loop
      vertex   7.398912e+00 1.457094e+01 -7.059960e+00
      vertex   7.399519e+00 1.451536e+01 -7.135061e+00
      vertex   7.474445e+00 1.467201e+01 -7.225504e+00
    endloop
  endfacet
  facet normal 2.466163e-01 -5.899598e-01 7.688484e-01
    outer loop
      vertex   6.750000e+00 1.446512e+01 -6.673042e+00
      vertex   6.750000e+00 1.430979e+01 -6.792231e+00
      vertex   6.769639e+00 1.428826e+01 -6.815045e+00
    endloop
  endfacet
  facet normal -8.081545e-02 -6.294893e-01 7.727950e-01
    outer loop
      vertex   6.750000e+00 1.446512e+01 -6.673042e+00
      vertex   6.769639e+00 1.428826e+01 -6.815045e+00
      vertex   6.813922e+00 1.440785e+01 -6.713008e+00
    endloop
  endfacet
  facet normal 1.641900e-01 -6.747701e-01 7.195324e-01
    outer loop
      vertex   6.813922e+00 1.440785e+01 -6.713008e+00
      vertex   6.769639e+00 1.428826e+01 -6.815045e+00
      vertex   6.921760e+00 1.426887e+01 -6.867943e+00
    endloop
  endfacet
  facet normal 1.641883e-01 -6.747710e-01 7.195320e-01
    outer loop
      vertex   6.813922e+00 1.440785e+01 -6.713008e+00
      vertex   6.921760e+00 1.426887e+01 -6.867943e+00
      vertex   6.977375e+00 1.438701e+01 -6.769847e+00
    endloop
  endfacet
  facet normal 3.677477e-01 -6.904156e-01 6.229671e-01
    outer loop
      vertex   6.977375e+00 1.438701e+01 -6.769847e+00
      vertex   6.921760e+00 1.426887e+01 -6.867943e+00
      vertex   7.059993e+00 1.426595e+01 -6.952785e+00
    endloop
  endfacet
  facet normal 3.677506e-01 -6.904139e-01 6.229673e-01
    outer loop
      vertex   6.977375e+00 1.438701e+01 -6.769847e+00
      vertex   7.059993e+00 1.426595e+01 -6.952785e+00
      vertex   7.125906e+00 1.438387e+01 -6.861009e+00
    endloop
  endfacet
  facet normal 4.920843e-01 -6.890956e-01 5.319777e-01
    outer loop
      vertex   7.125906e+00 1.438387e+01 -6.861009e+00
      vertex   7.059993e+00 1.426595e+01 -6.952785e+00
      vertex   7.125000e+00 1.427762e+01 -6.997801e+00
    endloop
  endfacet
  facet normal 5.622733e-01 -6.548897e-01 5.049438e-01
    outer loop
      vertex   7.125906e+00 1.438387e+01 -6.861009e+00
      vertex   7.125000e+00 1.427762e+01 -6.997801e+00
      vertex   7.251136e+00 1.439860e+01 -6.981351e+00
    endloop
  endfacet
  facet normal 6.087597e-01 -6.883358e-01 3.944686e-01
    outer loop
      vertex   7.251136e+00 1.439860e+01 -6.981351e+00
      vertex   7.125000e+00 1.427762e+01 -6.997801e+00
      vertex   7.280330e+00 1.438084e+01 -7.057396e+00
    endloop
  endfacet
  facet normal -1.601695e-01 -7.831110e-01 6.009017e-01
    outer loop
      vertex   6.750000e+00 1.430979e+01 -6.792231e+00
      vertex   6.750000e+00 1.419060e+01 -6.947561e+00
      vertex   6.769639e+00 1.428826e+01 -6.815045e+00
    endloop
  endfacet
  facet normal 1.299377e-01 -8.072645e-01 5.757085e-01
    outer loop
      vertex   6.769639e+00 1.428826e+01 -6.815045e+00
      vertex   6.750000e+00 1.419060e+01 -6.947561e+00
      vertex   6.944115e+00 1.421273e+01 -6.960338e+00
    endloop
  endfacet
  facet normal 7.720859e-02 -8.436541e-01 5.313065e-01
    outer loop
      vertex   6.769639e+00 1.428826e+01 -6.815045e+00
      vertex   6.944115e+00 1.421273e+01 -6.960338e+00
      vertex   6.921760e+00 1.426887e+01 -6.867943e+00
    endloop
  endfacet
  facet normal 3.195613e-01 -7.735116e-01 5.473211e-01
    outer loop
      vertex   6.921760e+00 1.426887e+01 -6.867943e+00
      vertex   6.944115e+00 1.421273e+01 -6.960338e+00
      vertex   7.059993e+00 1.426595e+01 -6.952785e+00
    endloop
  endfacet
  facet normal 3.779643e-01 -8.685129e-01 3.206686e-01
    outer loop
      vertex   7.059993e+00 1.426595e+01 -6.952785e+00
      vertex   6.944115e+00 1.421273e+01 -6.960338e+00
      vertex   7.125000e+00 1.427762e+01 -6.997801e+00
    endloop
  endfacet
  facet normal 9.308934e-01 -2.272344e-01 2.860106e-01
    outer loop
      vertex   7.398912e+00 1.457094e+01 -7.059960e+00
      vertex   7.474445e+00 1.467201e+01 -7.225504e+00
      vertex   7.479927e+00 1.477108e+01 -7.164633e+00
    endloop
  endfacet
  facet normal 9.315304e-01 -2.295645e-01 2.820484e-01
    outer loop
      vertex   7.398912e+00 1.457094e+01 -7.059960e+00
      vertex   7.479927e+00 1.477108e+01 -7.164633e+00
      vertex   7.421054e+00 1.472428e+01 -7.008286e+00
    endloop
  endfacet
  facet normal 8.265964e-01 -2.832510e-01 4.863202e-01
    outer loop
      vertex   7.398912e+00 1.457094e+01 -7.059960e+00
      vertex   7.421054e+00 1.472428e+01 -7.008286e+00
      vertex   7.326629e+00 1.469265e+01 -6.866212e+00
    endloop
  endfacet
  facet normal 8.265945e-01 -2.832542e-01 4.863215e-01
    outer loop
      vertex   7.398912e+00 1.457094e+01 -7.059960e+00
      vertex   7.326629e+00 1.469265e+01 -6.866212e+00
      vertex   7.301968e+00 1.453848e+01 -6.914098e+00
    endloop
  endfacet
  facet normal 6.766375e-01 -3.149388e-01 6.655638e-01
    outer loop
      vertex   7.301968e+00 1.453848e+01 -6.914098e+00
      vertex   7.326629e+00 1.469265e+01 -6.866212e+00
      vertex   7.201979e+00 1.467799e+01 -6.746427e+00
    endloop
  endfacet
  facet normal 6.766407e-01 -3.149349e-01 6.655624e-01
    outer loop
      vertex   7.301968e+00 1.453848e+01 -6.914098e+00
      vertex   7.201979e+00 1.467799e+01 -6.746427e+00
      vertex   7.173995e+00 1.452342e+01 -6.791118e+00
    endloop
  endfacet
  facet normal 4.901131e-01 -3.228319e-01 8.096720e-01
    outer loop
      vertex   7.173995e+00 1.452342e+01 -6.791118e+00
      vertex   7.201979e+00 1.467799e+01 -6.746427e+00
      vertex   7.054135e+00 1.468112e+01 -6.655687e+00
    endloop
  endfacet
  facet normal 4.901101e-01 -3.228347e-01 8.096726e-01
    outer loop
      vertex   7.173995e+00 1.452342e+01 -6.791118e+00
      vertex   7.054135e+00 1.468112e+01 -6.655687e+00
      vertex   7.022209e+00 1.452663e+01 -6.697959e+00
    endloop
  endfacet
  facet normal 2.775457e-01 -3.064973e-01 9.105096e-01
    outer loop
      vertex   7.022209e+00 1.452663e+01 -6.697959e+00
      vertex   7.054135e+00 1.468112e+01 -6.655687e+00
      vertex   6.891438e+00 1.470186e+01 -6.599112e+00
    endloop
  endfacet
  facet normal 2.775496e-01 -3.064943e-01 9.105095e-01
    outer loop
      vertex   7.022209e+00 1.452663e+01 -6.697959e+00
      vertex   6.891438e+00 1.470186e+01 -6.599112e+00
      vertex   6.855174e+00 1.454792e+01 -6.639874e+00
    endloop
  endfacet
  facet normal 1.172538e-01 -2.799377e-01 9.528307e-01
    outer loop
      vertex   6.855174e+00 1.454792e+01 -6.639874e+00
      vertex   6.891438e+00 1.470186e+01 -6.599112e+00
      vertex   6.750000e+00 1.464600e+01 -6.598116e+00
    endloop
  endfacet
  facet normal 0.000000e+00 -1.305254e-01 9.914450e-01
    outer loop
      vertex   1.875000e+00 1.484012e+01 -6.572561e+00
      vertex   1.875000e+00 1.464600e+01 -6.598116e+00
      vertex   2.850000e+00 1.464600e+01 -6.598116e+00
    endloop
  endfacet
  facet normal 0.000000e+00 -1.305254e-01 9.914450e-01
    outer loop
      vertex   1.875000e+00 1.484012e+01 -6.572561e+00
      vertex   2.850000e+00 1.464600e+01 -6.598116e+00
      vertex   2.850000e+00 1.484012e+01 -6.572561e+00
    endloop
  endfacet
  facet normal 0.000000e+00 -1.305254e-01 9.914450e-01
    outer loop
      vertex   2.850000e+00 1.484012e+01 -6.572561e+00
      vertex   2.850000e+00 1.464600e+01 -6.598116e+00
      vertex   3.825000e+00 1.464600e+01 -6.598116e+00
    endloop
  endfacet
  facet normal 0.000000e+00 -1.305254e-01 9.914450e-01
    outer loop
      vertex   2.850000e+00 1.484012e+01 -6.572561e+00
      vertex   3.825000e+00 1.464600e+01 -6.598116e+00
      vertex   3.825000e+00 1.484012e+01 -6.572561e+00
    endloop
  endfacet
  facet normal 0.000000e+00 -1.305254e-01 9.914450e-01
    outer loop
      vertex   3.825000e+00 1.484012e+01 -6.572561e+00
      vertex   3.825000e+00 1.464600e+01 -6.598116e+00
      vertex   4.800000e+00 1.464600e+01 -6.598116e+00
    endloop
  endfacet
  facet normal 0.000000e+00 -1.305254e-01 9.914450e-01
    outer loop
      vertex   3.825000e+00 1.484012e+01 -6.572561e+00
      vertex   4.800000e+00 1.464600e+01 -6.598116e+00
      vertex   4.800000e+00 1.484012e+01 -6.572561e+00
    endloop
  endfacet
  facet normal 0.000000e+00 -1.305254e-01 9.914450e-01
    outer loop
      vertex   4.800000e+00 1.484012e+01 -6.572561e+00
      vertex   4.800000e+00 1.464600e+01 -6.598116e+00
      vertex   5.775000e+00 1.464600e+01 -6.598116e+00
    endloop
  endfacet
  facet normal 0.000000e+00 -1.305254e-01 9.914450e-01
    outer loop
      vertex   4.800000e+00 1.484012e+01 -6.572561e+00
      vertex   5.775000e+00 1.464600e+01 -6.598116e+00
      vertex   5.775000e+00 1.484012e+01 -6.572561e+00
    endloop
  endfacet
  facet normal 0.000000e+00 -1.305254e-01 9.914450e-01
    outer loop
      vertex   5.775000e+00 1.484012e+01 -6.572561e+00
      vertex   5.775000e+00 1.464600e+01 -6.598116e+00
      vertex   6.750000e+00 1.464600e+01 -6.598116e+00
    endloop
  endfacet
  facet normal 0.000000e+00 -1.305254e-01 9.914450e-01
    outer loop
      vertex   5.775000e+00 1.484012e+01 -6.572561e+00
      vertex   6.750000e+00 1.464600e+01 -6.598116e+00
      vertex   6.750000e+00 1.484012e+01 -6.572561e+00
    endloop
  endfacet
  facet normal 0.000000e+00 -3.826838e-01 9.238794e-01
    outer loop
      vertex   1.875000e+00 1.464600e+01 -6.598116e+00
      vertex   1.875000e+00 1.446512e+01 -6.673042e+00
      vertex   2.850000e+00 1.446512e+01 -6.673042e+00
    endloop
  endfacet
  facet normal 0.000000e+00 -3.826838e-01 9.238794e-01
    outer loop
      vertex   1.875000e+00 1.464600e+01 -6.598116e+00
      vertex   2.850000e+00 1.446512e+01 -6.673042e+00
      vertex   2.850000e+00 1.464600e+01 -6.598116e+00
    endloop
  endfacet
  facet normal 0.000000e+00 -3.826838e-01 9.238794e-01
    outer loop
      vertex   2.850000e+00 1.464600e+01 -6.598116e+00
      vertex   2.850000e+00 1.446512e+01 -6.673042e+00
      vertex   3.825000e+00 1.446512e+01 -6.673042e+00
    endloop
  endfacet
  facet normal 0.000000e+00 -3.826838e-01 9.238794e-01
    outer loop
      vertex   2.850000e+00 1.464600e+01 -6.598116e+00
      vertex   3.825000e+00 1.446512e+01 -6.673042e+00
      vertex   3.825000e+00 1.464600e+01 -6.598116e+00
    endloop
  endfacet
  facet normal 0.000000e+00 -3.826838e-01 9.238794e-01
    outer loop
      vertex   3.825000e+00 1.464600e+01 -6.598116e+00
      vertex   3.825000e+00 1.446512e+01 -6.673042e+00
      vertex   4.800000e+00 1.446512e+01 -6.673042e+00
    endloop
  endfacet
  facet normal 0.000000e+00 -3.826838e-01 9.238794e-01
    outer loop
      vertex   3.825000e+00 1.464600e+01 -6.598116e+00
      vertex   4.800000e+00 1.446512e+01 -6.673042e+00
      vertex   4.800000e+00 1.464600e+01 -6.598116e+00
    endloop
  endfacet
  facet normal 0.000000e+00 -3.826838e-01 9.238794e-01
    outer loop
      vertex   4.800000e+00 1.464600e+01 -6.598116e+00
      vertex   4.800000e+00 1.446512e+01 -6.673042e+00
      vertex   5.775000e+00 1.446512e+01 -6.673042e+00
    endloop
  endfacet
  facet normal 0.000000e+00 -3.826838e-01 9.238794e-01
    outer loop
      vertex   4.800000e+00 1.464600e+01 -6.598116e+00
      vertex   5.775000e+00 1.446512e+01 -6.673042e+00
      vertex   5.775000e+00 1.464600e+01 -6.598116e+00
    endloop
  endfacet
  facet normal 0.000000e+00 -3.826838e-01 9.238794e-01
    outer loop
      vertex   5.775000e+00 1.464600e+01 -6.598116e+00
      vertex   5.775000e+00 1.446512e+01 -6.673042e+00
      vertex   6.750000e+00 1.446512e+01 -6.673042e+00
    endloop
  endfacet
  facet normal 0.000000e+00 -3.826838e-01 9.238794e-01
    outer loop
      vertex   5.775000e+00 1.464600e+01 -6.598116e+00
      vertex   6.750000e+00 1.446512e+01 -6.673042e+00
      vertex   6.750000e+00 1.464600e+01 -6.598116e+00
    endloop
  endfacet
  facet normal 0.000000e+00 -6.087626e-01 7.933525e-01
    outer loop
      vertex   1.875000e+00 1.446512e+01 -6.673042e+00
      vertex   1.875000e+00 1.430979e+01 -6.792231e+00
      vertex   2.850000e+00 1.430979e+01 -6.792231e+00
    endloop
  endfacet
  facet normal 0.000000e+00 -6.087626e-01 7.933525e-01
    outer loop
      vertex   1.875000e+00 1.446512e+01 -6.673042e+00
      vertex   2.850000e+00 1.430979e+01 -6.792231e+00
      vertex   2.850000e+00 1.446512e+01 -6.673042e+00
    endloop
  endfacet
  facet normal 0.000000e+00 -6.087626e-01 7.933525e-01
    outer loop
      vertex   2.850000e+00 1.446512e+01 -6.673042e+00
      vertex   2.850000e+00 1.430979e+01 -6.792231e+00
      vertex   3.825000e+00 1.430979e+01 -6.792231e+00
    endloop
  endfacet
  facet normal 0.000000e+00 -6.087626e-01 7.933525e-01
    outer loop
      vertex   2.850000e+00 1.446512e+01 -6.673042e+00
      vertex   3.825000e+00 1.430979e+01 -6.792231e+00
      vertex   3.825000e+00 1.446512e+01 -6.673042e+00
    endloop
  endfacet
  facet normal 0.000000e+00 -6.087626e-01 7.933525e-01
    outer loop
      vertex   3.825000e+00 1.446512e+01 -6.673042e+00
      vertex   3.825000e+00 1.430979e+01 -6.792231e+00
      vertex   4.800000e+00 1.430979e+01 -6.792231e+00
    endloop
  endfacet
  facet normal 0.000000e+00 -6.087626e-01 7.933525e-01
    outer loop
      vertex   3.825000e+00 1.446512e+01 -6.673042e+00
      vertex   4.800000e+00 1.430979e+01 -6.792231e+00
      vertex   4.800000e+00 1.446512e+01 -6.673042e+00
    endloop
  endfacet
  facet normal 0.000000e+00 -6.087626e-01 7.933525e-01
    outer loop
      vertex   4.800000e+00 1.446512e+01 -6.673042e+00
      vertex   4.800000e+00 1.430979e+01 -6.792231e+00
      vertex   5.775000e+00 1.430979e+01 -6.792231e+00
    endloop
  endfacet
  facet normal 0.000000e+00 -6.087626e-01 7.933525e-01
    outer loop
      vertex   4.800000e+00 1.446512e+01 -6.673042e+00
      vertex   5.775000e+00 1.430979e+01 -6.792231e+00
      vertex   5.775000e+00 1.446512e+01 -6.673042e+00
    endloop
  endfacet
  facet normal 0.000000e+00 -6.087626e-01 7.933525e-01
    outer loop
      vertex   5.775000e+00 1.446512e+01 -6.673042e+00
      vertex   5.775000e+00 1.430979e+01 -6.792231e+00
      vertex   6.750000e+00 1.430979e+01 -6.792231e+00
    endloop
  endfacet
  facet normal 0.000000e+00 -6.087626e-01 7.933525e-01
    outer loop
      vertex   5.775000e+00 1.446512e+01 -6.673042e+00
      vertex   6.750000e+00 1.430979e+01 -6.792231e+00
      vertex   6.750000e+00 1.446512e+01 -6.673042e+00
    endloop
  endfacet
  facet normal 0.000000e+00 -7.933536e-01 6.087611e-01
    outer loop
      vertex   1.875000e+00 1.430979e+01 -6.792231e+00
      vertex   1.875000e+00 1.419060e+01 -6.947561e+00
      vertex   2.850000e+00 1.419060e+01 -6.947561e+00
    endloop
  endfacet
  facet normal 0.000000e+00 -7.933536e-01 6.087611e-01
    outer loop
      vertex   1.875000e+00 1.430979e+01 -6.792231e+00
      vertex   2.850000e+00 1.419060e+01 -6.947561e+00
      vertex   2.850000e+00 1.430979e+01 -6.792231e+00
    endloop
  endfacet
  facet normal 0.000000e+00 -7.933536e-01 6.087611e-01
    outer loop
      vertex   2.850000e+00 1.430979e+01 -6.792231e+00
      vertex   2.850000e+00 1.419060e+01 -6.947561e+00
      vertex   3.825000e+00 1.419060e+01 -6.947561e+00
    endloop
  endfacet
  facet normal 0.000000e+00 -7.933536e-01 6.087611e-01
    outer loop
      vertex   2.850000e+00 1.430979e+01 -6.792231e+00
      vertex   3.825000e+00 1.419060e+01 -6.947561e+00
      vertex   3.825000e+00 1.430979e+01 -6.792231e+00
    endloop
  endfacet
  facet normal 0.000000e+00 -7.933536e-01 6.087611e-01
    outer loop
      vertex   3.825000e+00 1.430979e+01 -6.792231e+00
      vertex   3.825000e+00 1.419060e+01 -6.947561e+00
      vertex   4.800000e+00 1.419060e+01 -6.947561e+00
    endloop
  endfacet
  facet normal 0.000000e+00 -7.933536e-01 6.087611e-01
    outer loop
      vertex   3.825000e+00 1.430979e+01 -6.792231e+00
      vertex   4.800000e+00 1.419060e+01 -6.947561e+00
      vertex   4.800000e+00 1.430979e+01 -6.792231e+00
    endloop
  endfacet
  facet normal 0.000000e+00 -7.933536e-01 6.087611e-01
    outer loop
      vertex   4.800000e+00 1.430979e+01 -6.792231e+00
      vertex   4.800000e+00 1.419060e+01 -6.947561e+00
      vertex   5.775000e+00 1.419060e+01 -6.947561e+00
    endloop
  endfacet
  facet normal 0.000000e+00 -7.933536e-01 6.087611e-01
    outer loop
      vertex   4.800000e+00 1.430979e+01 -6.792231e+00
      vertex   5.775000e+00 1.419060e+01 -6.947561e+00
      vertex   5.775000e+00 1.430979e+01 -6.792231e+00
    endloop
  endfacet
  facet normal 0.000000e+00 -7.933536e-01 6.087611e-01
    outer loop
      vertex   5.775000e+00 1.430979e+01 -6.792231e+00
      vertex   5.775000e+00 1.419060e+01 -6.947561e+00
      vertex   6.750000e+00 1.419060e+01 -6.947561e+00
    endloop
  endfacet
  facet normal 0.000000e+00 -7.933536e-01 6.087611e-01
    outer loop
      vertex   5.775000e+00 1.430979e+01 -6.792231e+00
      vertex   6.750000e+00 1.419060e+01 -6.947561e+00
      vertex   6.750000e+00 1.430979e+01 -6.792231e+00
    endloop
  endfacet
  facet normal 9.999991e-01 -1.158803e-03 6.690376e-04
    outer loop
      vertex   7.500000e+00 1.325240e+01 -1.007256e+01
      vertex   7.499998e+00 1.325447e+01 -1.006542e+01
      vertex   7.500000e+00 1.318024e+01 -1.019756e+01
    endloop
  endfacet
  facet normal 9.953921e-01 -8.359185e-02 4.697838e-02
    outer loop
      vertex   7.500000e+00 1.318024e+01 -1.019756e+01
      vertex   7.499998e+00 1.325447e+01 -1.006542e+01
      vertex   7.487996e+00 1.348988e+01 -9.392255e+00
    endloop
  endfacet
  facet normal 9.765260e-01 -1.957735e-01 8.983119e-02
    outer loop
      vertex   7.500000e+00 1.318024e+01 -1.019756e+01
      vertex   7.487996e+00 1.348988e+01 -9.392255e+00
      vertex   7.474445e+00 1.342710e+01 -9.381754e+00
    endloop
  endfacet
  facet normal 9.914449e-01 -1.130386e-01 6.526292e-02
    outer loop
      vertex   7.500000e+00 1.318024e+01 -1.019756e+01
      vertex   7.474445e+00 1.342710e+01 -9.381754e+00
      vertex   7.474445e+00 1.301213e+01 -1.010050e+01
    endloop
  endfacet
  facet normal 9.238794e-01 -3.314137e-01 1.913420e-01
    outer loop
      vertex   7.474445e+00 1.301213e+01 -1.010050e+01
      vertex   7.474445e+00 1.342710e+01 -9.381754e+00
      vertex   7.399519e+00 1.327045e+01 -9.291311e+00
    endloop
  endfacet
  facet normal 9.238794e-01 -3.314137e-01 1.913420e-01
    outer loop
      vertex   7.474445e+00 1.301213e+01 -1.010050e+01
      vertex   7.399519e+00 1.327045e+01 -9.291311e+00
      vertex   7.399519e+00 1.285548e+01 -1.001006e+01
    endloop
  endfacet
  facet normal 7.933542e-01 -5.272017e-01 3.043804e-01
    outer loop
      vertex   7.399519e+00 1.285548e+01 -1.001006e+01
      vertex   7.399519e+00 1.327045e+01 -9.291311e+00
      vertex   7.280330e+00 1.313593e+01 -9.213646e+00
    endloop
  endfacet
  facet normal 7.933528e-01 -5.272036e-01 3.043808e-01
    outer loop
      vertex   7.399519e+00 1.285548e+01 -1.001006e+01
      vertex   7.280330e+00 1.313593e+01 -9.213646e+00
      vertex   7.280330e+00 1.272096e+01 -9.932396e+00
    endloop
  endfacet
  facet normal 6.087584e-01 -6.870664e-01 3.966775e-01
    outer loop
      vertex   7.280330e+00 1.272096e+01 -9.932396e+00
      vertex   7.280330e+00 1.313593e+01 -9.213646e+00
      vertex   7.125000e+00 1.303271e+01 -9.154052e+00
    endloop
  endfacet
  facet normal 6.087617e-01 -6.870637e-01 3.966771e-01
    outer loop
      vertex   7.280330e+00 1.272096e+01 -9.932396e+00
      vertex   7.125000e+00 1.303271e+01 -9.154052e+00
      vertex   7.125000e+00 1.261774e+01 -9.872801e+00
    endloop
  endfacet
  facet normal 3.826874e-01 -8.001014e-01 4.619396e-01
    outer loop
      vertex   7.125000e+00 1.261774e+01 -9.872801e+00
      vertex   7.125000e+00 1.303271e+01 -9.154052e+00
      vertex   6.944115e+00 1.296782e+01 -9.116589e+00
    endloop
  endfacet
  facet normal 3.826829e-01 -8.001036e-01 4.619395e-01
    outer loop
      vertex   7.125000e+00 1.261774e+01 -9.872801e+00
      vertex   6.944115e+00 1.296782e+01 -9.116589e+00
      vertex   6.944115e+00 1.255285e+01 -9.835339e+00
    endloop
  endfacet
  facet normal 1.305240e-01 -8.586169e-01 4.957222e-01
    outer loop
      vertex   6.944115e+00 1.255285e+01 -9.835339e+00
      vertex   6.944115e+00 1.296782e+01 -9.116589e+00
      vertex   6.750000e+00 1.294569e+01 -9.103811e+00
    endloop
  endfacet
  facet normal 1.305291e-01 -8.586157e-01 4.957229e-01
    outer loop
      vertex   6.944115e+00 1.255285e+01 -9.835339e+00
      vertex   6.750000e+00 1.294569e+01 -9.103811e+00
      vertex   6.750000e+00 1.253072e+01 -9.822561e+00
    endloop
  endfacet
  facet normal 9.670985e-01 -2.215834e-01 1.249853e-01
    outer loop
      vertex   7.487996e+00 1.348988e+01 -9.392255e+00
      vertex   7.476184e+00 1.384780e+01 -8.666311e+00
      vertex   7.474445e+00 1.384207e+01 -8.663003e+00
    endloop
  endfacet
  facet normal 9.751251e-01 -1.919590e-01 1.108274e-01
    outer loop
      vertex   7.487996e+00 1.348988e+01 -9.392255e+00
      vertex   7.474445e+00 1.384207e+01 -8.663003e+00
      vertex   7.474445e+00 1.342710e+01 -9.381754e+00
    endloop
  endfacet
  facet normal 9.238794e-01 -3.314140e-01 1.913416e-01
    outer loop
      vertex   7.474445e+00 1.342710e+01 -9.381754e+00
      vertex   7.474445e+00 1.384207e+01 -8.663003e+00
      vertex   7.399519e+00 1.368542e+01 -8.572561e+00
    endloop
  endfacet
  facet normal 9.238794e-01 -3.314140e-01 1.913416e-01
    outer loop
      vertex   7.474445e+00 1.342710e+01 -9.381754e+00
      vertex   7.399519e+00 1.368542e+01 -8.572561e+00
      vertex   7.399519e+00 1.327045e+01 -9.291311e+00
    endloop
  endfacet
  facet normal 7.933523e-01 -5.272043e-01 3.043810e-01
    outer loop
      vertex   7.399519e+00 1.327045e+01 -9.291311e+00
      vertex   7.399519e+00 1.368542e+01 -8.572561e+00
      vertex   7.280330e+00 1.355090e+01 -8.494896e+00
    endloop
  endfacet
  facet normal 7.933542e-01 -5.272017e-01 3.043804e-01
    outer loop
      vertex   7.399519e+00 1.327045e+01 -9.291311e+00
      vertex   7.280330e+00 1.355090e+01 -8.494896e+00
      vertex   7.280330e+00 1.313593e+01 -9.213646e+00
    endloop
  endfacet
  facet normal 6.087617e-01 -6.870638e-01 3.966769e-01
    outer loop
      vertex   7.280330e+00 1.313593e+01 -9.213646e+00
      vertex   7.280330e+00 1.355090e+01 -8.494896e+00
      vertex   7.125000e+00 1.344768e+01 -8.435301e+00
    endloop
  endfacet
  facet normal 6.087584e-01 -6.870665e-01 3.966773e-01
    outer loop
      vertex   7.280330e+00 1.313593e+01 -9.213646e+00
      vertex   7.125000e+00 1.344768e+01 -8.435301e+00
      vertex   7.125000e+00 1.303271e+01 -9.154052e+00
    endloop
  endfacet
  facet normal 3.826829e-01 -8.001037e-01 4.619392e-01
    outer loop
      vertex   7.125000e+00 1.303271e+01 -9.154052e+00
      vertex   7.125000e+00 1.344768e+01 -8.435301e+00
      vertex   6.944115e+00 1.338279e+01 -8.397838e+00
    endloop
  endfacet
  facet normal 3.826874e-01 -8.001015e-01 4.619393e-01
    outer loop
      vertex   7.125000e+00 1.303271e+01 -9.154052e+00
      vertex   6.944115e+00 1.338279e+01 -8.397838e+00
      vertex   6.944115e+00 1.296782e+01 -9.116589e+00
    endloop
  endfacet
  facet normal 1.305276e-01 -8.586161e-01 4.957227e-01
    outer loop
      vertex   6.944115e+00 1.296782e+01 -9.116589e+00
      vertex   6.944115e+00 1.338279e+01 -8.397838e+00
      vertex   6.750000e+00 1.336066e+01 -8.385061e+00
    endloop
  endfacet
  facet normal 1.305240e-01 -8.586169e-01 4.957222e-01
    outer loop
      vertex   6.944115e+00 1.296782e+01 -9.116589e+00
      vertex   6.750000e+00 1.336066e+01 -8.385061e+00
      vertex   6.750000e+00 1.294569e+01 -9.103811e+00
    endloop
  endfacet
  facet normal 9.751479e-01 -1.917325e-01 1.110187e-01
    outer loop
      vertex   7.476184e+00 1.384780e+01 -8.666311e+00
      vertex   7.487996e+00 1.429752e+01 -7.993371e+00
      vertex   7.474445e+00 1.425704e+01 -7.944254e+00
    endloop
  endfacet
  facet normal 9.671016e-01 -2.203083e-01 1.271953e-01
    outer loop
      vertex   7.476184e+00 1.384780e+01 -8.666311e+00
      vertex   7.474445e+00 1.425704e+01 -7.944254e+00
      vertex   7.474445e+00 1.384207e+01 -8.663003e+00
    endloop
  endfacet
  facet normal 9.238794e-01 -3.314136e-01 1.913421e-01
    outer loop
      vertex   7.474445e+00 1.384207e+01 -8.663003e+00
      vertex   7.474445e+00 1.425704e+01 -7.944254e+00
      vertex   7.399519e+00 1.410039e+01 -7.853811e+00
    endloop
  endfacet
  facet normal 9.238794e-01 -3.314136e-01 1.913421e-01
    outer loop
      vertex   7.474445e+00 1.384207e+01 -8.663003e+00
      vertex   7.399519e+00 1.410039e+01 -7.853811e+00
      vertex   7.399519e+00 1.368542e+01 -8.572561e+00
    endloop
  endfacet
  facet normal 7.933542e-01 -5.272016e-01 3.043806e-01
    outer loop
      vertex   7.399519e+00 1.368542e+01 -8.572561e+00
      vertex   7.399519e+00 1.410039e+01 -7.853811e+00
      vertex   7.280330e+00 1.396587e+01 -7.776146e+00
    endloop
  endfacet
  facet normal 7.933523e-01 -5.272042e-01 3.043812e-01
    outer loop
      vertex   7.399519e+00 1.368542e+01 -8.572561e+00
      vertex   7.280330e+00 1.396587e+01 -7.776146e+00
      vertex   7.280330e+00 1.355090e+01 -8.494896e+00
    endloop
  endfacet
  facet normal 6.087584e-01 -6.870664e-01 3.966775e-01
    outer loop
      vertex   7.280330e+00 1.355090e+01 -8.494896e+00
      vertex   7.280330e+00 1.396587e+01 -7.776146e+00
      vertex   7.125000e+00 1.386265e+01 -7.716551e+00
    endloop
  endfacet
  facet normal 6.087617e-01 -6.870637e-01 3.966771e-01
    outer loop
      vertex   7.280330e+00 1.355090e+01 -8.494896e+00
      vertex   7.125000e+00 1.386265e+01 -7.716551e+00
      vertex   7.125000e+00 1.344768e+01 -8.435301e+00
    endloop
  endfacet
  facet normal 3.826874e-01 -8.001014e-01 4.619396e-01
    outer loop
      vertex   7.125000e+00 1.344768e+01 -8.435301e+00
      vertex   7.125000e+00 1.386265e+01 -7.716551e+00
      vertex   6.944115e+00 1.379776e+01 -7.679089e+00
    endloop
  endfacet
  facet normal 3.826829e-01 -8.001036e-01 4.619395e-01
    outer loop
      vertex   7.125000e+00 1.344768e+01 -8.435301e+00
      vertex   6.944115e+00 1.379776e+01 -7.679089e+00
      vertex   6.944115e+00 1.338279e+01 -8.397838e+00
    endloop
  endfacet
  facet normal 1.305240e-01 -8.586169e-01 4.957222e-01
    outer loop
      vertex   6.944115e+00 1.338279e+01 -8.397838e+00
      vertex   6.944115e+00 1.379776e+01 -7.679089e+00
      vertex   6.750000e+00 1.377563e+01 -7.666311e+00
    endloop
  endfacet
  facet normal 1.305276e-01 -8.586161e-01 4.957227e-01
    outer loop
      vertex   6.944115e+00 1.338279e+01 -8.397838e+00
      vertex   6.750000e+00 1.377563e+01 -7.666311e+00
      vertex   6.750000e+00 1.336066e+01 -8.385061e+00
    endloop
  endfacet
  facet normal 9.919646e-01 -1.059328e-01 6.916981e-02
    outer loop
      vertex   7.487996e+00 1.429752e+01 -7.993371e+00
      vertex   7.499998e+00 1.476280e+01 -7.452921e+00
      vertex   7.474445e+00 1.467201e+01 -7.225504e+00
    endloop
  endfacet
  facet normal 9.751254e-01 -1.919578e-01 1.108268e-01
    outer loop
      vertex   7.487996e+00 1.429752e+01 -7.993371e+00
      vertex   7.474445e+00 1.467201e+01 -7.225504e+00
      vertex   7.474445e+00 1.425704e+01 -7.944254e+00
    endloop
  endfacet
  facet normal 9.238794e-01 -3.314139e-01 1.913417e-01
    outer loop
      vertex   7.474445e+00 1.425704e+01 -7.944254e+00
      vertex   7.474445e+00 1.467201e+01 -7.225504e+00
      vertex   7.399519e+00 1.451536e+01 -7.135061e+00
    endloop
  endfacet
  facet normal 9.238794e-01 -3.314139e-01 1.913417e-01
    outer loop
      vertex   7.474445e+00 1.425704e+01 -7.944254e+00
      vertex   7.399519e+00 1.451536e+01 -7.135061e+00
      vertex   7.399519e+00 1.410039e+01 -7.853811e+00
    endloop
  endfacet
  facet normal 7.933528e-01 -5.272036e-01 3.043808e-01
    outer loop
      vertex   7.399519e+00 1.410039e+01 -7.853811e+00
      vertex   7.399519e+00 1.451536e+01 -7.135061e+00
      vertex   7.280330e+00 1.438084e+01 -7.057396e+00
    endloop
  endfacet
  facet normal 7.933542e-01 -5.272017e-01 3.043804e-01
    outer loop
      vertex   7.399519e+00 1.410039e+01 -7.853811e+00
      vertex   7.280330e+00 1.438084e+01 -7.057396e+00
      vertex   7.280330e+00 1.396587e+01 -7.776146e+00
    endloop
  endfacet
  facet normal 6.087617e-01 -6.870638e-01 3.966769e-01
    outer loop
      vertex   7.280330e+00 1.396587e+01 -7.776146e+00
      vertex   7.280330e+00 1.438084e+01 -7.057396e+00
      vertex   7.125000e+00 1.427762e+01 -6.997801e+00
    endloop
  endfacet
  facet normal 6.087584e-01 -6.870665e-01 3.966773e-01
    outer loop
      vertex   7.280330e+00 1.396587e+01 -7.776146e+00
      vertex   7.125000e+00 1.427762e+01 -6.997801e+00
      vertex   7.125000e+00 1.386265e+01 -7.716551e+00
    endloop
  endfacet
  facet normal 3.826829e-01 -8.001037e-01 4.619392e-01
    outer loop
      vertex   7.125000e+00 1.386265e+01 -7.716551e+00
      vertex   7.125000e+00 1.427762e+01 -6.997801e+00
      vertex   6.944115e+00 1.421273e+01 -6.960338e+00
    endloop
  endfacet
  facet normal 3.826874e-01 -8.001015e-01 4.619393e-01
    outer loop
      vertex   7.125000e+00 1.386265e+01 -7.716551e+00
      vertex   6.944115e+00 1.421273e+01 -6.960338e+00
      vertex   6.944115e+00 1.379776e+01 -7.679089e+00
    endloop
  endfacet
  facet normal 1.305276e-01 -8.586161e-01 4.957227e-01
    outer loop
      vertex   6.944115e+00 1.379776e+01 -7.679089e+00
      vertex   6.944115e+00 1.421273e+01 -6.960338e+00
      vertex   6.750000e+00 1.419060e+01 -6.947561e+00
    endloop
  endfacet
  facet normal 1.305240e-01 -8.586169e-01 4.957222e-01
    outer loop
      vertex   6.944115e+00 1.379776e+01 -7.679089e+00
      vertex   6.750000e+00 1.419060e+01 -6.947561e+00
      vertex   6.750000e+00 1.377563e+01 -7.666311e+00
    endloop
  endfacet
  facet normal 9.999991e-01 -1.158762e-03 6.690027e-04
    outer loop
      vertex   7.499998e+00 1.476280e+01 -7.452921e+00
      vertex   7.500000e+00 1.476795e+01 -7.447561e+00
      vertex   7.500000e+00 1.484012e+01 -7.322561e+00
    endloop
  endfacet
  facet normal 9.914438e-01 -1.122793e-01 6.657767e-02
    outer loop
      vertex   7.499998e+00 1.476280e+01 -7.452921e+00
      vertex   7.500000e+00 1.484012e+01 -7.322561e+00
      vertex   7.474445e+00 1.467201e+01 -7.225504e+00
    endloop
  endfacet
  facet normal 9.912929e-01 1.042648e-01 -8.041962e-02
    outer loop
      vertex   7.474445e+00 1.832799e+01 -1.316962e+01
      vertex   7.500000e+00 1.815988e+01 -1.307256e+01
      vertex   7.479927e+00 1.822892e+01 -1.323049e+01
    endloop
  endfacet
  facet normal 9.913922e-01 -1.031592e-02 -1.305184e-01
    outer loop
      vertex   7.479927e+00 1.822892e+01 -1.323049e+01
      vertex   7.500000e+00 1.815988e+01 -1.307256e+01
      vertex   7.474445e+00 1.815988e+01 -1.326668e+01
    endloop
  endfacet
  facet normal 9.164915e-01 1.262115e-01 -3.796236e-01
    outer loop
      vertex   7.479927e+00 1.822892e+01 -1.323049e+01
      vertex   7.474445e+00 1.815988e+01 -1.326668e+01
      vertex   7.399519e+00 1.815988e+01 -1.344756e+01
    endloop
  endfacet
  facet normal 9.367256e-01 9.308290e-03 -3.499408e-01
    outer loop
      vertex   7.479927e+00 1.822892e+01 -1.323049e+01
      vertex   7.399519e+00 1.815988e+01 -1.344756e+01
      vertex   7.421054e+00 1.827572e+01 -1.338684e+01
    endloop
  endfacet
  facet normal 7.819180e-01 1.691687e-01 -5.999885e-01
    outer loop
      vertex   7.421054e+00 1.827572e+01 -1.338684e+01
      vertex   7.399519e+00 1.815988e+01 -1.344756e+01
      vertex   7.280330e+00 1.815988e+01 -1.360289e+01
    endloop
  endfacet
  facet normal 8.342432e-01 1.461029e-02 -5.512030e-01
    outer loop
      vertex   7.421054e+00 1.827572e+01 -1.338684e+01
      vertex   7.280330e+00 1.815988e+01 -1.360289e+01
      vertex   7.326629e+00 1.830735e+01 -1.352891e+01
    endloop
  endfacet
  facet normal 6.947218e-01 1.362076e-01 -7.062642e-01
    outer loop
      vertex   7.326629e+00 1.830735e+01 -1.352891e+01
      vertex   7.280330e+00 1.815988e+01 -1.360289e+01
      vertex   7.201979e+00 1.832201e+01 -1.364869e+01
    endloop
  endfacet
  facet normal 6.072725e-01 6.988946e-02 -7.914137e-01
    outer loop
      vertex   7.201979e+00 1.832201e+01 -1.364869e+01
      vertex   7.280330e+00 1.815988e+01 -1.360289e+01
      vertex   7.125000e+00 1.815988e+01 -1.372208e+01
    endloop
  endfacet
  facet normal 5.159917e-01 1.376912e-01 -8.454547e-01
    outer loop
      vertex   7.201979e+00 1.832201e+01 -1.364869e+01
      vertex   7.125000e+00 1.815988e+01 -1.372208e+01
      vertex   7.054135e+00 1.831888e+01 -1.373943e+01
    endloop
  endfacet
  facet normal 3.817582e-01 6.954974e-02 -9.216418e-01
    outer loop
      vertex   7.054135e+00 1.831888e+01 -1.373943e+01
      vertex   7.125000e+00 1.815988e+01 -1.372208e+01
      vertex   6.944115e+00 1.815988e+01 -1.379701e+01
    endloop
  endfacet
  facet normal 3.115414e-01 1.254754e-01 -9.419118e-01
    outer loop
      vertex   7.054135e+00 1.831888e+01 -1.373943e+01
      vertex   6.944115e+00 1.815988e+01 -1.379701e+01
      vertex   6.891438e+00 1.829814e+01 -1.379601e+01
    endloop
  endfacet
  facet normal 1.303119e-01 5.677383e-02 -9.898462e-01
    outer loop
      vertex   6.891438e+00 1.829814e+01 -1.379601e+01
      vertex   6.944115e+00 1.815988e+01 -1.379701e+01
      vertex   6.750000e+00 1.815988e+01 -1.382256e+01
    endloop
  endfacet
  facet normal 5.842005e-02 1.302995e-01 -9.897521e-01
    outer loop
      vertex   6.891438e+00 1.829814e+01 -1.379601e+01
      vertex   6.750000e+00 1.815988e+01 -1.382256e+01
      vertex   6.750000e+00 1.835400e+01 -1.379701e+01
    endloop
  endfacet
  facet normal 2.285490e-01 3.725550e-01 -8.994265e-01
    outer loop
      vertex   6.750000e+00 1.835400e+01 -1.379701e+01
      vertex   6.750000e+00 1.853488e+01 -1.372208e+01
      vertex   6.813922e+00 1.859215e+01 -1.368211e+01
    endloop
  endfacet
  facet normal -6.288061e-02 4.472795e-01 -8.921811e-01
    outer loop
      vertex   6.750000e+00 1.835400e+01 -1.379701e+01
      vertex   6.813922e+00 1.859215e+01 -1.368211e+01
      vertex   6.855174e+00 1.845208e+01 -1.375525e+01
    endloop
  endfacet
  facet normal 2.261777e-01 5.023271e-01 -8.345724e-01
    outer loop
      vertex   6.855174e+00 1.845208e+01 -1.375525e+01
      vertex   6.813922e+00 1.859215e+01 -1.368211e+01
      vertex   6.977375e+00 1.861299e+01 -1.362527e+01
    endloop
  endfacet
  facet normal 2.261792e-01 5.023261e-01 -8.345726e-01
    outer loop
      vertex   6.855174e+00 1.845208e+01 -1.375525e+01
      vertex   6.977375e+00 1.861299e+01 -1.362527e+01
      vertex   7.022209e+00 1.847337e+01 -1.369716e+01
    endloop
  endfacet
  facet normal 4.392240e-01 5.186998e-01 -7.335072e-01
    outer loop
      vertex   7.022209e+00 1.847337e+01 -1.369716e+01
      vertex   6.977375e+00 1.861299e+01 -1.362527e+01
      vertex   7.125906e+00 1.861613e+01 -1.353411e+01
    endloop
  endfacet
  facet normal 4.392238e-01 5.187000e-01 -7.335072e-01
    outer loop
      vertex   7.022209e+00 1.847337e+01 -1.369716e+01
      vertex   7.125906e+00 1.861613e+01 -1.353411e+01
      vertex   7.173995e+00 1.847658e+01 -1.360400e+01
    endloop
  endfacet
  facet normal 6.261740e-01 5.107853e-01 -5.890709e-01
    outer loop
      vertex   7.173995e+00 1.847658e+01 -1.360400e+01
      vertex   7.125906e+00 1.861613e+01 -1.353411e+01
      vertex   7.251136e+00 1.860140e+01 -1.341377e+01
    endloop
  endfacet
  facet normal 6.261663e-01 5.107928e-01 -5.890726e-01
    outer loop
      vertex   7.173995e+00 1.847658e+01 -1.360400e+01
      vertex   7.251136e+00 1.860140e+01 -1.341377e+01
      vertex   7.301968e+00 1.846153e+01 -1.348102e+01
    endloop
  endfacet
  facet normal 7.761558e-01 4.791436e-01 -4.098825e-01
    outer loop
      vertex   7.301968e+00 1.846153e+01 -1.348102e+01
      vertex   7.251136e+00 1.860140e+01 -1.341377e+01
      vertex   7.280330e+00 1.861916e+01 -1.333773e+01
    endloop
  endfacet
  facet normal 7.885970e-01 4.693684e-01 -3.972507e-01
    outer loop
      vertex   7.301968e+00 1.846153e+01 -1.348102e+01
      vertex   7.280330e+00 1.861916e+01 -1.333773e+01
      vertex   7.399519e+00 1.848464e+01 -1.326006e+01
    endloop
  endfacet
  facet normal 7.607213e-01 5.187640e-01 -3.901116e-01
    outer loop
      vertex   7.301968e+00 1.846153e+01 -1.348102e+01
      vertex   7.399519e+00 1.848464e+01 -1.326006e+01
      vertex   7.398912e+00 1.842906e+01 -1.333516e+01
    endloop
  endfacet
  facet normal 9.227409e-01 3.061903e-01 -2.340870e-01
    outer loop
      vertex   7.398912e+00 1.842906e+01 -1.333516e+01
      vertex   7.399519e+00 1.848464e+01 -1.326006e+01
      vertex   7.474445e+00 1.832799e+01 -1.316962e+01
    endloop
  endfacet
  facet normal 2.465607e-01 5.899684e-01 -7.688596e-01
    outer loop
      vertex   6.750000e+00 1.853488e+01 -1.372208e+01
      vertex   6.750000e+00 1.869021e+01 -1.360289e+01
      vertex   6.769639e+00 1.871174e+01 -1.358008e+01
    endloop
  endfacet
  facet normal -8.082985e-02 6.294854e-01 -7.727966e-01
    outer loop
      vertex   6.750000e+00 1.853488e+01 -1.372208e+01
      vertex   6.769639e+00 1.871174e+01 -1.358008e+01
      vertex   6.813922e+00 1.859215e+01 -1.368211e+01
    endloop
  endfacet
  facet normal 1.641951e-01 6.747706e-01 -7.195308e-01
    outer loop
      vertex   6.813922e+00 1.859215e+01 -1.368211e+01
      vertex   6.769639e+00 1.871174e+01 -1.358008e+01
      vertex   6.921760e+00 1.873113e+01 -1.352718e+01
    endloop
  endfacet
  facet normal 1.641898e-01 6.747733e-01 -7.195295e-01
    outer loop
      vertex   6.813922e+00 1.859215e+01 -1.368211e+01
      vertex   6.921760e+00 1.873113e+01 -1.352718e+01
      vertex   6.977375e+00 1.861299e+01 -1.362527e+01
    endloop
  endfacet
  facet normal 3.677493e-01 6.904172e-01 -6.229644e-01
    outer loop
      vertex   6.977375e+00 1.861299e+01 -1.362527e+01
      vertex   6.921760e+00 1.873113e+01 -1.352718e+01
      vertex   7.059993e+00 1.873405e+01 -1.344234e+01
    endloop
  endfacet
  facet normal 3.677461e-01 6.904191e-01 -6.229642e-01
    outer loop
      vertex   6.977375e+00 1.861299e+01 -1.362527e+01
      vertex   7.059993e+00 1.873405e+01 -1.344234e+01
      vertex   7.125906e+00 1.861613e+01 -1.353411e+01
    endloop
  endfacet
  facet normal 4.920822e-01 6.891006e-01 -5.319732e-01
    outer loop
      vertex   7.125906e+00 1.861613e+01 -1.353411e+01
      vertex   7.059993e+00 1.873405e+01 -1.344234e+01
      vertex   7.125000e+00 1.872238e+01 -1.339732e+01
    endloop
  endfacet
  facet normal 5.622762e-01 6.548919e-01 -5.049377e-01
    outer loop
      vertex   7.125906e+00 1.861613e+01 -1.353411e+01
      vertex   7.125000e+00 1.872238e+01 -1.339732e+01
      vertex   7.251136e+00 1.860140e+01 -1.341377e+01
    endloop
  endfacet
  facet normal 6.087574e-01 6.883342e-01 -3.944751e-01
    outer loop
      vertex   7.251136e+00 1.860140e+01 -1.341377e+01
      vertex   7.125000e+00 1.872238e+01 -1.339732e+01
      vertex   7.280330e+00 1.861916e+01 -1.333773e+01
    endloop
  endfacet
  facet normal -1.602308e-01 7.831020e-01 -6.008971e-01
    outer loop
      vertex   6.750000e+00 1.869021e+01 -1.360289e+01
      vertex   6.750000e+00 1.880940e+01 -1.344756e+01
      vertex   6.769639e+00 1.871174e+01 -1.358008e+01
    endloop
  endfacet
  facet normal 1.299346e-01 8.072680e-01 -5.757043e-01
    outer loop
      vertex   6.769639e+00 1.871174e+01 -1.358008e+01
      vertex   6.750000e+00 1.880940e+01 -1.344756e+01
      vertex   6.944115e+00 1.878727e+01 -1.343478e+01
    endloop
  endfacet
  facet normal 7.721420e-02 8.436516e-01 -5.313097e-01
    outer loop
      vertex   6.769639e+00 1.871174e+01 -1.358008e+01
      vertex   6.944115e+00 1.878727e+01 -1.343478e+01
      vertex   6.921760e+00 1.873113e+01 -1.352718e+01
    endloop
  endfacet
  facet normal 3.195672e-01 7.735074e-01 -5.473235e-01
    outer loop
      vertex   6.921760e+00 1.873113e+01 -1.352718e+01
      vertex   6.944115e+00 1.878727e+01 -1.343478e+01
      vertex   7.059993e+00 1.873405e+01 -1.344234e+01
    endloop
  endfacet
  facet normal 3.779699e-01 8.685069e-01 -3.206782e-01
    outer loop
      vertex   7.059993e+00 1.873405e+01 -1.344234e+01
      vertex   6.944115e+00 1.878727e+01 -1.343478e+01
      vertex   7.125000e+00 1.872238e+01 -1.339732e+01
    endloop
  endfacet
  facet normal 9.308936e-01 2.272360e-01 -2.860087e-01
    outer loop
      vertex   7.398912e+00 1.842906e+01 -1.333516e+01
      vertex   7.474445e+00 1.832799e+01 -1.316962e+01
      vertex   7.479927e+00 1.822892e+01 -1.323049e+01
    endloop
  endfacet
  facet normal 9.315302e-01 2.295647e-01 -2.820489e-01
    outer loop
      vertex   7.398912e+00 1.842906e+01 -1.333516e+01
      vertex   7.479927e+00 1.822892e+01 -1.323049e+01
      vertex   7.421054e+00 1.827572e+01 -1.338684e+01
    endloop
  endfacet
  facet normal 8.265964e-01 2.832510e-01 -4.863202e-01
    outer loop
      vertex   7.398912e+00 1.842906e+01 -1.333516e+01
      vertex   7.421054e+00 1.827572e+01 -1.338684e+01
      vertex   7.326629e+00 1.830735e+01 -1.352891e+01
    endloop
  endfacet
  facet normal 8.265958e-01 2.832519e-01 -4.863206e-01
    outer loop
      vertex   7.398912e+00 1.842906e+01 -1.333516e+01
      vertex   7.326629e+00 1.830735e+01 -1.352891e+01
      vertex   7.301968e+00 1.846153e+01 -1.348102e+01
    endloop
  endfacet
  facet normal 6.766363e-01 3.149369e-01 -6.655660e-01
    outer loop
      vertex   7.301968e+00 1.846153e+01 -1.348102e+01
      vertex   7.326629e+00 1.830735e+01 -1.352891e+01
      vertex   7.201979e+00 1.832201e+01 -1.364869e+01
    endloop
  endfacet
  facet normal 6.766356e-01 3.149377e-01 -6.655663e-01
    outer loop
      vertex   7.301968e+00 1.846153e+01 -1.348102e+01
      vertex   7.201979e+00 1.832201e+01 -1.364869e+01
      vertex   7.173995e+00 1.847658e+01 -1.360400e+01
    endloop
  endfacet
  facet normal 4.901144e-01 3.228347e-01 -8.096700e-01
    outer loop
      vertex   7.173995e+00 1.847658e+01 -1.360400e+01
      vertex   7.201979e+00 1.832201e+01 -1.364869e+01
      vertex   7.054135e+00 1.831888e+01 -1.373943e+01
    endloop
  endfacet
  facet normal 4.901120e-01 3.228370e-01 -8.096706e-01
    outer loop
      vertex   7.173995e+00 1.847658e+01 -1.360400e+01
      vertex   7.054135e+00 1.831888e+01 -1.373943e+01
      vertex   7.022209e+00 1.847337e+01 -1.369716e+01
    endloop
  endfacet
  facet normal 2.775452e-01 3.064994e-01 -9.105091e-01
    outer loop
      vertex   7.022209e+00 1.847337e+01 -1.369716e+01
      vertex   7.054135e+00 1.831888e+01 -1.373943e+01
      vertex   6.891438e+00 1.829814e+01 -1.379601e+01
    endloop
  endfacet
  facet normal 2.775491e-01 3.064964e-01 -9.105089e-01
    outer loop
      vertex   7.022209e+00 1.847337e+01 -1.369716e+01
      vertex   6.891438e+00 1.829814e+01 -1.379601e+01
      vertex   6.855174e+00 1.845208e+01 -1.375525e+01
    endloop
  endfacet
  facet normal 1.172521e-01 2.799394e-01 -9.528305e-01
    outer loop
      vertex   6.855174e+00 1.845208e+01 -1.375525e+01
      vertex   6.891438e+00 1.829814e+01 -1.379601e+01
      vertex   6.750000e+00 1.835400e+01 -1.379701e+01
    endloop
  endfacet
  facet normal 9.913922e-01 -1.031684e-02 1.305188e-01
    outer loop
      vertex   7.474445e+00 1.815988e+01 -7.128447e+00
      vertex   7.500000e+00 1.815988e+01 -7.322561e+00
      vertex   7.479927e+00 1.822892e+01 -7.164633e+00
    endloop
  endfacet
  facet normal 9.912929e-01 1.042648e-01 8.041962e-02
    outer loop
      vertex   7.479927e+00 1.822892e+01 -7.164633e+00
      vertex   7.500000e+00 1.815988e+01 -7.322561e+00
      vertex   7.474445e+00 1.832799e+01 -7.225504e+00
    endloop
  endfacet
  facet normal 9.308933e-01 2.272364e-01 2.860094e-01
    outer loop
      vertex   7.479927e+00 1.822892e+01 -7.164633e+00
      vertex   7.474445e+00 1.832799e+01 -7.225504e+00
      vertex   7.398912e+00 1.842906e+01 -7.059960e+00
    endloop
  endfacet
  facet normal 9.315298e-01 2.295649e-01 2.820498e-01
    outer loop
      vertex   7.479927e+00 1.822892e+01 -7.164633e+00
      vertex   7.398912e+00 1.842906e+01 -7.059960e+00
      vertex   7.421054e+00 1.827572e+01 -7.008286e+00
    endloop
  endfacet
  facet normal 8.265960e-01 2.832511e-01 4.863208e-01
    outer loop
      vertex   7.421054e+00 1.827572e+01 -7.008286e+00
      vertex   7.398912e+00 1.842906e+01 -7.059960e+00
      vertex   7.301968e+00 1.846153e+01 -6.914098e+00
    endloop
  endfacet
  facet normal 8.265963e-01 2.832518e-01 4.863199e-01
    outer loop
      vertex   7.421054e+00 1.827572e+01 -7.008286e+00
      vertex   7.301968e+00 1.846153e+01 -6.914098e+00
      vertex   7.326629e+00 1.830735e+01 -6.866212e+00
    endloop
  endfacet
  facet normal 6.766389e-01 3.149365e-01 6.655635e-01
    outer loop
      vertex   7.326629e+00 1.830735e+01 -6.866212e+00
      vertex   7.301968e+00 1.846153e+01 -6.914098e+00
      vertex   7.173995e+00 1.847658e+01 -6.791118e+00
    endloop
  endfacet
  facet normal 6.766382e-01 3.149352e-01 6.655649e-01
    outer loop
      vertex   7.326629e+00 1.830735e+01 -6.866212e+00
      vertex   7.173995e+00 1.847658e+01 -6.791118e+00
      vertex   7.201979e+00 1.832201e+01 -6.746427e+00
    endloop
  endfacet
  facet normal 4.901107e-01 3.228319e-01 8.096734e-01
    outer loop
      vertex   7.201979e+00 1.832201e+01 -6.746427e+00
      vertex   7.173995e+00 1.847658e+01 -6.791118e+00
      vertex   7.022209e+00 1.847337e+01 -6.697959e+00
    endloop
  endfacet
  facet normal 4.901140e-01 3.228371e-01 8.096694e-01
    outer loop
      vertex   7.201979e+00 1.832201e+01 -6.746427e+00
      vertex   7.022209e+00 1.847337e+01 -6.697959e+00
      vertex   7.054135e+00 1.831888e+01 -6.655687e+00
    endloop
  endfacet
  facet normal 2.775484e-01 3.064997e-01 9.105080e-01
    outer loop
      vertex   7.054135e+00 1.831888e+01 -6.655687e+00
      vertex   7.022209e+00 1.847337e+01 -6.697959e+00
      vertex   6.855174e+00 1.845208e+01 -6.639874e+00
    endloop
  endfacet
  facet normal 2.775460e-01 3.064959e-01 9.105100e-01
    outer loop
      vertex   7.054135e+00 1.831888e+01 -6.655687e+00
      vertex   6.855174e+00 1.845208e+01 -6.639874e+00
      vertex   6.891438e+00 1.829814e+01 -6.599112e+00
    endloop
  endfacet
  facet normal 1.172521e-01 2.799394e-01 9.528305e-01
    outer loop
      vertex   6.891438e+00 1.829814e+01 -6.599112e+00
      vertex   6.855174e+00 1.845208e+01 -6.639874e+00
      vertex   6.750000e+00 1.835400e+01 -6.598116e+00
    endloop
  endfacet
  facet normal -6.288330e-02 4.472818e-01 8.921798e-01
    outer loop
      vertex   6.750000e+00 1.835400e+01 -6.598116e+00
      vertex   6.855174e+00 1.845208e+01 -6.639874e+00
      vertex   6.813922e+00 1.859215e+01 -6.713008e+00
    endloop
  endfacet
  facet normal 2.285569e-01 3.725543e-01 8.994248e-01
    outer loop
      vertex   6.750000e+00 1.835400e+01 -6.598116e+00
      vertex   6.813922e+00 1.859215e+01 -6.713008e+00
      vertex   6.750000e+00 1.853488e+01 -6.673042e+00
    endloop
  endfacet
  facet normal -8.082437e-02 6.294869e-01 7.727960e-01
    outer loop
      vertex   6.750000e+00 1.853488e+01 -6.673042e+00
      vertex   6.813922e+00 1.859215e+01 -6.713008e+00
      vertex   6.769639e+00 1.871174e+01 -6.815045e+00
    endloop
  endfacet
  facet normal 2.465826e-01 5.899650e-01 7.688552e-01
    outer loop
      vertex   6.750000e+00 1.853488e+01 -6.673042e+00
      vertex   6.769639e+00 1.871174e+01 -6.815045e+00
      vertex   6.750000e+00 1.869021e+01 -6.792231e+00
    endloop
  endfacet
  facet normal -1.602158e-01 7.831051e-01 6.008971e-01
    outer loop
      vertex   6.750000e+00 1.869021e+01 -6.792231e+00
      vertex   6.769639e+00 1.871174e+01 -6.815045e+00
      vertex   6.750000e+00 1.880940e+01 -6.947561e+00
    endloop
  endfacet
  facet normal 9.897412e-02 8.079895e-01 5.808245e-01
    outer loop
      vertex   6.750000e+00 1.880940e+01 -6.947561e+00
      vertex   6.769639e+00 1.871174e+01 -6.815045e+00
      vertex   6.921760e+00 1.873113e+01 -6.867943e+00
    endloop
  endfacet
  facet normal 1.303647e-01 8.330008e-01 5.376939e-01
    outer loop
      vertex   6.750000e+00 1.880940e+01 -6.947561e+00
      vertex   6.921760e+00 1.873113e+01 -6.867943e+00
      vertex   6.944115e+00 1.878727e+01 -6.960338e+00
    endloop
  endfacet
  facet normal 3.195680e-01 7.735089e-01 5.473211e-01
    outer loop
      vertex   6.944115e+00 1.878727e+01 -6.960338e+00
      vertex   6.921760e+00 1.873113e+01 -6.867943e+00
      vertex   7.059993e+00 1.873405e+01 -6.952785e+00
    endloop
  endfacet
  facet normal 3.677521e-01 6.904155e-01 6.229645e-01
    outer loop
      vertex   7.059993e+00 1.873405e+01 -6.952785e+00
      vertex   6.921760e+00 1.873113e+01 -6.867943e+00
      vertex   6.977375e+00 1.861299e+01 -6.769847e+00
    endloop
  endfacet
  facet normal 3.677487e-01 6.904175e-01 6.229643e-01
    outer loop
      vertex   7.059993e+00 1.873405e+01 -6.952785e+00
      vertex   6.977375e+00 1.861299e+01 -6.769847e+00
      vertex   7.125906e+00 1.861613e+01 -6.861009e+00
    endloop
  endfacet
  facet normal 4.392261e-01 5.186998e-01 7.335059e-01
    outer loop
      vertex   7.125906e+00 1.861613e+01 -6.861009e+00
      vertex   6.977375e+00 1.861299e+01 -6.769847e+00
      vertex   7.022209e+00 1.847337e+01 -6.697959e+00
    endloop
  endfacet
  facet normal 4.392202e-01 5.187045e-01 7.335062e-01
    outer loop
      vertex   7.125906e+00 1.861613e+01 -6.861009e+00
      vertex   7.022209e+00 1.847337e+01 -6.697959e+00
      vertex   7.173995e+00 1.847658e+01 -6.791118e+00
    endloop
  endfacet
  facet normal 9.227408e-01 3.061895e-01 2.340883e-01
    outer loop
      vertex   7.474445e+00 1.832799e+01 -7.225504e+00
      vertex   7.399519e+00 1.848464e+01 -7.135061e+00
      vertex   7.398912e+00 1.842906e+01 -7.059960e+00
    endloop
  endfacet
  facet normal 7.911549e-01 4.885304e-01 3.679836e-01
    outer loop
      vertex   7.398912e+00 1.842906e+01 -7.059960e+00
      vertex   7.399519e+00 1.848464e+01 -7.135061e+00
      vertex   7.280330e+00 1.861916e+01 -7.057396e+00
    endloop
  endfacet
  facet normal 7.763924e-01 4.787569e-01 4.098862e-01
    outer loop
      vertex   7.398912e+00 1.842906e+01 -7.059960e+00
      vertex   7.280330e+00 1.861916e+01 -7.057396e+00
      vertex   7.251136e+00 1.860140e+01 -6.981351e+00
    endloop
  endfacet
  facet normal 7.764673e-01 4.790332e-01 4.094212e-01
    outer loop
      vertex   7.398912e+00 1.842906e+01 -7.059960e+00
      vertex   7.251136e+00 1.860140e+01 -6.981351e+00
      vertex   7.301968e+00 1.846153e+01 -6.914098e+00
    endloop
  endfacet
  facet normal 6.261708e-01 5.107905e-01 5.890698e-01
    outer loop
      vertex   7.301968e+00 1.846153e+01 -6.914098e+00
      vertex   7.251136e+00 1.860140e+01 -6.981351e+00
      vertex   7.125906e+00 1.861613e+01 -6.861009e+00
    endloop
  endfacet
  facet normal 6.261702e-01 5.107893e-01 5.890714e-01
    outer loop
      vertex   7.301968e+00 1.846153e+01 -6.914098e+00
      vertex   7.125906e+00 1.861613e+01 -6.861009e+00
      vertex   7.173995e+00 1.847658e+01 -6.791118e+00
    endloop
  endfacet
  facet normal 6.087564e-01 6.883335e-01 3.944776e-01
    outer loop
      vertex   7.280330e+00 1.861916e+01 -7.057396e+00
      vertex   7.125000e+00 1.872238e+01 -6.997801e+00
      vertex   7.251136e+00 1.860140e+01 -6.981351e+00
    endloop
  endfacet
  facet normal 5.186233e-01 6.206780e-01 5.880380e-01
    outer loop
      vertex   7.251136e+00 1.860140e+01 -6.981351e+00
      vertex   7.125000e+00 1.872238e+01 -6.997801e+00
      vertex   7.059993e+00 1.873405e+01 -6.952785e+00
    endloop
  endfacet
  facet normal 5.463690e-01 6.828551e-01 4.849638e-01
    outer loop
      vertex   7.251136e+00 1.860140e+01 -6.981351e+00
      vertex   7.059993e+00 1.873405e+01 -6.952785e+00
      vertex   7.125906e+00 1.861613e+01 -6.861009e+00
    endloop
  endfacet
  facet normal 3.779699e-01 8.685069e-01 3.206782e-01
    outer loop
      vertex   7.125000e+00 1.872238e+01 -6.997801e+00
      vertex   6.944115e+00 1.878727e+01 -6.960338e+00
      vertex   7.059993e+00 1.873405e+01 -6.952785e+00
    endloop
  endfacet
  facet normal 1.294275e-01 1.294275e-01 9.831058e-01
    outer loop
      vertex   6.750000e+00 1.835400e+01 -6.598116e+00
      vertex   6.750000e+00 1.815988e+01 -6.572561e+00
      vertex   6.944115e+00 1.815988e+01 -6.598116e+00
    endloop
  endfacet
  facet normal 1.162893e-02 1.162893e-02 9.998648e-01
    outer loop
      vertex   6.750000e+00 1.835400e+01 -6.598116e+00
      vertex   6.944115e+00 1.815988e+01 -6.598116e+00
      vertex   6.891438e+00 1.829814e+01 -6.599112e+00
    endloop
  endfacet
  facet normal 3.783139e-01 1.507093e-01 9.133265e-01
    outer loop
      vertex   6.891438e+00 1.829814e+01 -6.599112e+00
      vertex   6.944115e+00 1.815988e+01 -6.598116e+00
      vertex   7.125000e+00 1.815988e+01 -6.673042e+00
    endloop
  endfacet
  facet normal 3.235019e-01 4.099929e-02 9.453389e-01
    outer loop
      vertex   6.891438e+00 1.829814e+01 -6.599112e+00
      vertex   7.125000e+00 1.815988e+01 -6.673042e+00
      vertex   7.054135e+00 1.831888e+01 -6.655687e+00
    endloop
  endfacet
  facet normal 5.986332e-01 1.816506e-01 7.801547e-01
    outer loop
      vertex   7.054135e+00 1.831888e+01 -6.655687e+00
      vertex   7.125000e+00 1.815988e+01 -6.673042e+00
      vertex   7.280330e+00 1.815988e+01 -6.792231e+00
    endloop
  endfacet
  facet normal 5.228706e-01 1.189064e-02 8.523291e-01
    outer loop
      vertex   7.054135e+00 1.831888e+01 -6.655687e+00
      vertex   7.280330e+00 1.815988e+01 -6.792231e+00
      vertex   7.201979e+00 1.832201e+01 -6.746427e+00
    endloop
  endfacet
  facet normal 6.947235e-01 1.362089e-01 7.062622e-01
    outer loop
      vertex   7.201979e+00 1.832201e+01 -6.746427e+00
      vertex   7.280330e+00 1.815988e+01 -6.792231e+00
      vertex   7.326629e+00 1.830735e+01 -6.866212e+00
    endloop
  endfacet
  facet normal 7.920980e-01 5.623775e-02 6.077977e-01
    outer loop
      vertex   7.326629e+00 1.830735e+01 -6.866212e+00
      vertex   7.280330e+00 1.815988e+01 -6.792231e+00
      vertex   7.399519e+00 1.815988e+01 -6.947561e+00
    endloop
  endfacet
  facet normal 8.389192e-01 1.220849e-01 5.303865e-01
    outer loop
      vertex   7.326629e+00 1.830735e+01 -6.866212e+00
      vertex   7.399519e+00 1.815988e+01 -6.947561e+00
      vertex   7.421054e+00 1.827572e+01 -7.008286e+00
    endloop
  endfacet
  facet normal 9.234949e-01 2.884909e-02 3.825245e-01
    outer loop
      vertex   7.421054e+00 1.827572e+01 -7.008286e+00
      vertex   7.399519e+00 1.815988e+01 -6.947561e+00
      vertex   7.474445e+00 1.815988e+01 -7.128447e+00
    endloop
  endfacet
  facet normal 9.406650e-01 9.591694e-02 3.254985e-01
    outer loop
      vertex   7.421054e+00 1.827572e+01 -7.008286e+00
      vertex   7.474445e+00 1.815988e+01 -7.128447e+00
      vertex   7.479927e+00 1.822892e+01 -7.164633e+00
    endloop
  endfacet
  facet normal 1.641896e-01 6.747712e-01 7.195315e-01
    outer loop
      vertex   6.977375e+00 1.861299e+01 -6.769847e+00
      vertex   6.921760e+00 1.873113e+01 -6.867943e+00
      vertex   6.769639e+00 1.871174e+01 -6.815045e+00
    endloop
  endfacet
  facet normal 1.641888e-01 6.747700e-01 7.195328e-01
    outer loop
      vertex   6.977375e+00 1.861299e+01 -6.769847e+00
      vertex   6.769639e+00 1.871174e+01 -6.815045e+00
      vertex   6.813922e+00 1.859215e+01 -6.713008e+00
    endloop
  endfacet
  facet normal 2.261754e-01 5.023256e-01 8.345740e-01
    outer loop
      vertex   7.022209e+00 1.847337e+01 -6.697959e+00
      vertex   6.977375e+00 1.861299e+01 -6.769847e+00
      vertex   6.813922e+00 1.859215e+01 -6.713008e+00
    endloop
  endfacet
  facet normal 2.261780e-01 5.023298e-01 8.345707e-01
    outer loop
      vertex   7.022209e+00 1.847337e+01 -6.697959e+00
      vertex   6.813922e+00 1.859215e+01 -6.713008e+00
      vertex   6.855174e+00 1.845208e+01 -6.639874e+00
    endloop
  endfacet
  facet normal 9.999995e-01 0.000000e+00 1.034482e-03
    outer loop
      vertex   7.500000e+00 1.498446e+01 -7.322561e+00
      vertex   7.499998e+00 1.499146e+01 -7.320832e+00
      vertex   7.500000e+00 1.484012e+01 -7.322561e+00
    endloop
  endfacet
  facet normal 9.954117e-01 -1.081018e-03 9.567845e-02
    outer loop
      vertex   7.500000e+00 1.484012e+01 -7.322561e+00
      vertex   7.499998e+00 1.499146e+01 -7.320832e+00
      vertex   7.487999e+00 1.569224e+01 -7.188080e+00
    endloop
  endfacet
  facet normal 9.765198e-01 -2.009747e-02 2.144883e-01
    outer loop
      vertex   7.500000e+00 1.484012e+01 -7.322561e+00
      vertex   7.487999e+00 1.569224e+01 -7.188080e+00
      vertex   7.474445e+00 1.567006e+01 -7.128447e+00
    endloop
  endfacet
  facet normal 9.914449e-01 0.000000e+00 1.305258e-01
    outer loop
      vertex   7.500000e+00 1.484012e+01 -7.322561e+00
      vertex   7.474445e+00 1.567006e+01 -7.128447e+00
      vertex   7.474445e+00 1.484012e+01 -7.128447e+00
    endloop
  endfacet
  facet normal 9.238794e-01 -0.000000e+00 3.826838e-01
    outer loop
      vertex   7.474445e+00 1.484012e+01 -7.128447e+00
      vertex   7.474445e+00 1.567006e+01 -7.128447e+00
      vertex   7.399519e+00 1.567006e+01 -6.947561e+00
    endloop
  endfacet
  facet normal 9.238794e-01 0.000000e+00 3.826838e-01
    outer loop
      vertex   7.474445e+00 1.484012e+01 -7.128447e+00
      vertex   7.399519e+00 1.567006e+01 -6.947561e+00
      vertex   7.399519e+00 1.484012e+01 -6.947561e+00
    endloop
  endfacet
  facet normal 7.933536e-01 -0.000000e+00 6.087611e-01
    outer loop
      vertex   7.399519e+00 1.484012e+01 -6.947561e+00
      vertex   7.399519e+00 1.567006e+01 -6.947561e+00
      vertex   7.280330e+00 1.567006e+01 -6.792231e+00
    endloop
  endfacet
  facet normal 7.933536e-01 0.000000e+00 6.087611e-01
    outer loop
      vertex   7.399519e+00 1.484012e+01 -6.947561e+00
      vertex   7.280330e+00 1.567006e+01 -6.792231e+00
      vertex   7.280330e+00 1.484012e+01 -6.792231e+00
    endloop
  endfacet
  facet normal 6.087611e-01 -0.000000e+00 7.933536e-01
    outer loop
      vertex   7.280330e+00 1.484012e+01 -6.792231e+00
      vertex   7.280330e+00 1.567006e+01 -6.792231e+00
      vertex   7.125000e+00 1.567006e+01 -6.673042e+00
    endloop
  endfacet
  facet normal 6.087611e-01 0.000000e+00 7.933536e-01
    outer loop
      vertex   7.280330e+00 1.484012e+01 -6.792231e+00
      vertex   7.125000e+00 1.567006e+01 -6.673042e+00
      vertex   7.125000e+00 1.484012e+01 -6.673042e+00
    endloop
  endfacet
  facet normal 3.826848e-01 -0.000000e+00 9.238790e-01
    outer loop
      vertex   7.125000e+00 1.484012e+01 -6.673042e+00
      vertex   7.125000e+00 1.567006e+01 -6.673042e+00
      vertex   6.944115e+00 1.567006e+01 -6.598116e+00
    endloop
  endfacet
  facet normal 3.826848e-01 0.000000e+00 9.238790e-01
    outer loop
      vertex   7.125000e+00 1.484012e+01 -6.673042e+00
      vertex   6.944115e+00 1.567006e+01 -6.598116e+00
      vertex   6.944115e+00 1.484012e+01 -6.598116e+00
    endloop
  endfacet
  facet normal 1.305254e-01 -0.000000e+00 9.914450e-01
    outer loop
      vertex   6.944115e+00 1.484012e+01 -6.598116e+00
      vertex   6.944115e+00 1.567006e+01 -6.598116e+00
      vertex   6.750000e+00 1.567006e+01 -6.572561e+00
    endloop
  endfacet
  facet normal 1.305254e-01 0.000000e+00 9.914450e-01
    outer loop
      vertex   6.944115e+00 1.484012e+01 -6.598116e+00
      vertex   6.750000e+00 1.567006e+01 -6.572561e+00
      vertex   6.750000e+00 1.484012e+01 -6.572561e+00
    endloop
  endfacet
  facet normal 9.670985e-01 -2.551938e-03 2.543895e-01
    outer loop
      vertex   7.487999e+00 1.569224e+01 -7.188080e+00
      vertex   7.476184e+00 1.650000e+01 -7.135061e+00
      vertex   7.474445e+00 1.650000e+01 -7.128447e+00
    endloop
  endfacet
  facet normal 9.751269e-01 0.000000e+00 2.216472e-01
    outer loop
      vertex   7.487999e+00 1.569224e+01 -7.188080e+00
      vertex   7.474445e+00 1.650000e+01 -7.128447e+00
      vertex   7.474445e+00 1.567006e+01 -7.128447e+00
    endloop
  endfacet
  facet normal 9.238794e-01 -0.000000e+00 3.826838e-01
    outer loop
      vertex   7.474445e+00 1.567006e+01 -7.128447e+00
      vertex   7.474445e+00 1.650000e+01 -7.128447e+00
      vertex   7.399519e+00 1.650000e+01 -6.947561e+00
    endloop
  endfacet
  facet normal 9.238794e-01 0.000000e+00 3.826838e-01
    outer loop
      vertex   7.474445e+00 1.567006e+01 -7.128447e+00
      vertex   7.399519e+00 1.650000e+01 -6.947561e+00
      vertex   7.399519e+00 1.567006e+01 -6.947561e+00
    endloop
  endfacet
  facet normal 7.933536e-01 -0.000000e+00 6.087611e-01
    outer loop
      vertex   7.399519e+00 1.567006e+01 -6.947561e+00
      vertex   7.399519e+00 1.650000e+01 -6.947561e+00
      vertex   7.280330e+00 1.650000e+01 -6.792231e+00
    endloop
  endfacet
  facet normal 7.933536e-01 0.000000e+00 6.087611e-01
    outer loop
      vertex   7.399519e+00 1.567006e+01 -6.947561e+00
      vertex   7.280330e+00 1.650000e+01 -6.792231e+00
      vertex   7.280330e+00 1.567006e+01 -6.792231e+00
    endloop
  endfacet
  facet normal 6.087611e-01 -0.000000e+00 7.933536e-01
    outer loop
      vertex   7.280330e+00 1.567006e+01 -6.792231e+00
      vertex   7.280330e+00 1.650000e+01 -6.792231e+00
      vertex   7.125000e+00 1.650000e+01 -6.673042e+00
    endloop
  endfacet
  facet normal 6.087611e-01 0.000000e+00 7.933536e-01
    outer loop
      vertex   7.280330e+00 1.567006e+01 -6.792231e+00
      vertex   7.125000e+00 1.650000e+01 -6.673042e+00
      vertex   7.125000e+00 1.567006e+01 -6.673042e+00
    endloop
  endfacet
  facet normal 3.826848e-01 -0.000000e+00 9.238790e-01
    outer loop
      vertex   7.125000e+00 1.567006e+01 -6.673042e+00
      vertex   7.125000e+00 1.650000e+01 -6.673042e+00
      vertex   6.944115e+00 1.650000e+01 -6.598116e+00
    endloop
  endfacet
  facet normal 3.826848e-01 0.000000e+00 9.238790e-01
    outer loop
      vertex   7.125000e+00 1.567006e+01 -6.673042e+00
      vertex   6.944115e+00 1.650000e+01 -6.598116e+00
      vertex   6.944115e+00 1.567006e+01 -6.598116e+00
    endloop
  endfacet
  facet normal 1.305254e-01 -0.000000e+00 9.914450e-01
    outer loop
      vertex   6.944115e+00 1.567006e+01 -6.598116e+00
      vertex   6.944115e+00 1.650000e+01 -6.598116e+00
      vertex   6.750000e+00 1.650000e+01 -6.572561e+00
    endloop
  endfacet
  facet normal 1.305254e-01 0.000000e+00 9.914450e-01
    outer loop
      vertex   6.944115e+00 1.567006e+01 -6.598116e+00
      vertex   6.750000e+00 1.650000e+01 -6.572561e+00
      vertex   6.750000e+00 1.567006e+01 -6.572561e+00
    endloop
  endfacet
  facet normal 9.751493e-01 2.786069e-04 2.215487e-01
    outer loop
      vertex   7.476184e+00 1.650000e+01 -7.135061e+00
      vertex   7.487999e+00 1.730776e+01 -7.188080e+00
      vertex   7.474445e+00 1.732994e+01 -7.128447e+00
    endloop
  endfacet
  facet normal 9.671016e-01 0.000000e+00 2.543903e-01
    outer loop
      vertex   7.476184e+00 1.650000e+01 -7.135061e+00
      vertex   7.474445e+00 1.732994e+01 -7.128447e+00
      vertex   7.474445e+00 1.650000e+01 -7.128447e+00
    endloop
  endfacet
  facet normal 9.238794e-01 -0.000000e+00 3.826838e-01
    outer loop
      vertex   7.474445e+00 1.650000e+01 -7.128447e+00
      vertex   7.474445e+00 1.732994e+01 -7.128447e+00
      vertex   7.399519e+00 1.732994e+01 -6.947561e+00
    endloop
  endfacet
  facet normal 9.238794e-01 0.000000e+00 3.826838e-01
    outer loop
      vertex   7.474445e+00 1.650000e+01 -7.128447e+00
      vertex   7.399519e+00 1.732994e+01 -6.947561e+00
      vertex   7.399519e+00 1.650000e+01 -6.947561e+00
    endloop
  endfacet
  facet normal 7.933536e-01 -0.000000e+00 6.087611e-01
    outer loop
      vertex   7.399519e+00 1.650000e+01 -6.947561e+00
      vertex   7.399519e+00 1.732994e+01 -6.947561e+00
      vertex   7.280330e+00 1.732994e+01 -6.792231e+00
    endloop
  endfacet
  facet normal 7.933536e-01 0.000000e+00 6.087611e-01
    outer loop
      vertex   7.399519e+00 1.650000e+01 -6.947561e+00
      vertex   7.280330e+00 1.732994e+01 -6.792231e+00
      vertex   7.280330e+00 1.650000e+01 -6.792231e+00
    endloop
  endfacet
  facet normal 6.087611e-01 -0.000000e+00 7.933536e-01
    outer loop
      vertex   7.280330e+00 1.650000e+01 -6.792231e+00
      vertex   7.280330e+00 1.732994e+01 -6.792231e+00
      vertex   7.125000e+00 1.732994e+01 -6.673042e+00
    endloop
  endfacet
  facet normal 6.087611e-01 0.000000e+00 7.933536e-01
    outer loop
      vertex   7.280330e+00 1.650000e+01 -6.792231e+00
      vertex   7.125000e+00 1.732994e+01 -6.673042e+00
      vertex   7.125000e+00 1.650000e+01 -6.673042e+00
    endloop
  endfacet
  facet normal 3.826848e-01 -0.000000e+00 9.238790e-01
    outer loop
      vertex   7.125000e+00 1.650000e+01 -6.673042e+00
      vertex   7.125000e+00 1.732994e+01 -6.673042e+00
      vertex   6.944115e+00 1.732994e+01 -6.598116e+00
    endloop
  endfacet
  facet normal 3.826848e-01 0.000000e+00 9.238790e-01
    outer loop
      vertex   7.125000e+00 1.650000e+01 -6.673042e+00
      vertex   6.944115e+00 1.732994e+01 -6.598116e+00
      vertex   6.944115e+00 1.650000e+01 -6.598116e+00
    endloop
  endfacet
  facet normal 1.305254e-01 -0.000000e+00 9.914450e-01
    outer loop
      vertex   6.944115e+00 1.650000e+01 -6.598116e+00
      vertex   6.944115e+00 1.732994e+01 -6.598116e+00
      vertex   6.750000e+00 1.732994e+01 -6.572561e+00
    endloop
  endfacet
  facet normal 1.305254e-01 0.000000e+00 9.914450e-01
    outer loop
      vertex   6.944115e+00 1.650000e+01 -6.598116e+00
      vertex   6.750000e+00 1.732994e+01 -6.572561e+00
      vertex   6.750000e+00 1.650000e+01 -6.572561e+00
    endloop
  endfacet
  facet normal 9.919679e-01 6.940566e-03 1.262989e-01
    outer loop
      vertex   7.487999e+00 1.730776e+01 -7.188080e+00
      vertex   7.499998e+00 1.800854e+01 -7.320832e+00
      vertex   7.474445e+00 1.815988e+01 -7.128447e+00
    endloop
  endfacet
  facet normal 9.751269e-01 0.000000e+00 2.216472e-01
    outer loop
      vertex   7.487999e+00 1.730776e+01 -7.188080e+00
      vertex   7.474445e+00 1.815988e+01 -7.128447e+00
      vertex   7.474445e+00 1.732994e+01 -7.128447e+00
    endloop
  endfacet
  facet normal 9.238794e-01 -0.000000e+00 3.826838e-01
    outer loop
      vertex   7.474445e+00 1.732994e+01 -7.128447e+00
      vertex   7.474445e+00 1.815988e+01 -7.128447e+00
      vertex   7.399519e+00 1.815988e+01 -6.947561e+00
    endloop
  endfacet
  facet normal 9.238794e-01 0.000000e+00 3.826838e-01
    outer loop
      vertex   7.474445e+00 1.732994e+01 -7.128447e+00
      vertex   7.399519e+00 1.815988e+01 -6.947561e+00
      vertex   7.399519e+00 1.732994e+01 -6.947561e+00
    endloop
  endfacet
  facet normal 7.933536e-01 -0.000000e+00 6.087611e-01
    outer loop
      vertex   7.399519e+00 1.732994e+01 -6.947561e+00
      vertex   7.399519e+00 1.815988e+01 -6.947561e+00
      vertex   7.280330e+00 1.815988e+01 -6.792231e+00
    endloop
  endfacet
  facet normal 7.933536e-01 0.000000e+00 6.087611e-01
    outer loop
      vertex   7.399519e+00 1.732994e+01 -6.947561e+00
      vertex   7.280330e+00 1.815988e+01 -6.792231e+00
      vertex   7.280330e+00 1.732994e+01 -6.792231e+00
    endloop
  endfacet
  facet normal 6.087611e-01 -0.000000e+00 7.933536e-01
    outer loop
      vertex   7.280330e+00 1.732994e+01 -6.792231e+00
      vertex   7.280330e+00 1.815988e+01 -6.792231e+00
      vertex   7.125000e+00 1.815988e+01 -6.673042e+00
    endloop
  endfacet
  facet normal 6.087611e-01 0.000000e+00 7.933536e-01
    outer loop
      vertex   7.280330e+00 1.732994e+01 -6.792231e+00
      vertex   7.125000e+00 1.815988e+01 -6.673042e+00
      vertex   7.125000e+00 1.732994e+01 -6.673042e+00
    endloop
  endfacet
  facet normal 3.826848e-01 -0.000000e+00 9.238790e-01
    outer loop
      vertex   7.125000e+00 1.732994e+01 -6.673042e+00
      vertex   7.125000e+00 1.815988e+01 -6.673042e+00
      vertex   6.944115e+00 1.815988e+01 -6.598116e+00
    endloop
  endfacet
  facet normal 3.826848e-01 0.000000e+00 9.238790e-01
    outer loop
      vertex   7.125000e+00 1.732994e+01 -6.673042e+00
      vertex   6.944115e+00 1.815988e+01 -6.598116e+00
      vertex   6.944115e+00 1.732994e+01 -6.598116e+00
    endloop
  endfacet
  facet normal 1.305254e-01 -0.000000e+00 9.914450e-01
    outer loop
      vertex   6.944115e+00 1.732994e+01 -6.598116e+00
      vertex   6.944115e+00 1.815988e+01 -6.598116e+00
      vertex   6.750000e+00 1.815988e+01 -6.572561e+00
    endloop
  endfacet
  facet normal 1.305254e-01 0.000000e+00 9.914450e-01
    outer loop
      vertex   6.944115e+00 1.732994e+01 -6.598116e+00
      vertex   6.750000e+00 1.815988e+01 -6.572561e+00
      vertex   6.750000e+00 1.732994e+01 -6.572561e+00
    endloop
  endfacet
  facet normal 9.999995e-01 0.000000e+00 1.034482e-03
    outer loop
      vertex   7.499998e+00 1.800854e+01 -7.320832e+00
      vertex   7.500000e+00 1.801554e+01 -7.322561e+00
      vertex   7.500000e+00 1.815988e+01 -7.322561e+00
    endloop
  endfacet
  facet normal 9.914438e-01 1.479079e-03 1.305256e-01
    outer loop
      vertex   7.499998e+00 1.800854e+01 -7.320832e+00
      vertex   7.500000e+00 1.815988e+01 -7.322561e+00
      vertex   7.474445e+00 1.815988e+01 -7.128447e+00
    endloop
  endfacet
  facet normal 9.908391e-01 1.304456e-01 3.495341e-02
    outer loop
      vertex   7.474445e+00 1.998787e+01 -1.010050e+01
      vertex   7.500000e+00 1.981976e+01 -1.019756e+01
      vertex   7.474445e+00 2.001388e+01 -1.019756e+01
    endloop
  endfacet
  facet normal 9.908391e-01 1.304456e-01 -3.495341e-02
    outer loop
      vertex   7.474445e+00 2.001388e+01 -1.019756e+01
      vertex   7.500000e+00 1.981976e+01 -1.019756e+01
      vertex   7.474445e+00 1.998787e+01 -1.029462e+01
    endloop
  endfacet
  facet normal 9.190615e-01 3.806846e-01 -1.020059e-01
    outer loop
      vertex   7.474445e+00 2.001388e+01 -1.019756e+01
      vertex   7.474445e+00 1.998787e+01 -1.029462e+01
      vertex   7.399519e+00 2.014452e+01 -1.038506e+01
    endloop
  endfacet
  facet normal 9.190605e-01 3.806877e-01 -1.020034e-01
    outer loop
      vertex   7.474445e+00 2.001388e+01 -1.019756e+01
      vertex   7.399519e+00 2.014452e+01 -1.038506e+01
      vertex   7.399519e+00 2.019476e+01 -1.019756e+01
    endloop
  endfacet
  facet normal 8.635361e-01 4.871043e-01 -1.305172e-01
    outer loop
      vertex   7.399519e+00 2.019476e+01 -1.019756e+01
      vertex   7.399519e+00 2.014452e+01 -1.038506e+01
      vertex   7.377387e+00 2.018199e+01 -1.039168e+01
    endloop
  endfacet
  facet normal 7.548513e-01 3.477461e-01 -5.561225e-01
    outer loop
      vertex   7.377387e+00 2.018199e+01 -1.039168e+01
      vertex   7.399519e+00 2.014452e+01 -1.038506e+01
      vertex   7.280330e+00 2.027904e+01 -1.046273e+01
    endloop
  endfacet
  facet normal 7.692709e-01 5.902837e-01 -2.445149e-01
    outer loop
      vertex   7.377387e+00 2.018199e+01 -1.039168e+01
      vertex   7.280330e+00 2.027904e+01 -1.046273e+01
      vertex   7.262260e+00 2.033202e+01 -1.039168e+01
    endloop
  endfacet
  facet normal 6.084567e-01 7.025232e-01 -3.691092e-01
    outer loop
      vertex   7.262260e+00 2.033202e+01 -1.039168e+01
      vertex   7.280330e+00 2.027904e+01 -1.046273e+01
      vertex   7.125000e+00 2.038226e+01 -1.052232e+01
    endloop
  endfacet
  facet normal 5.773189e-01 7.523778e-01 -3.172232e-01
    outer loop
      vertex   7.262260e+00 2.033202e+01 -1.039168e+01
      vertex   7.125000e+00 2.038226e+01 -1.052232e+01
      vertex   7.112222e+00 2.044715e+01 -1.039168e+01
    endloop
  endfacet
  facet normal 3.810952e-01 8.423378e-01 -3.810952e-01
    outer loop
      vertex   7.112222e+00 2.044715e+01 -1.039168e+01
      vertex   7.125000e+00 2.038226e+01 -1.052232e+01
      vertex   6.944115e+00 2.044715e+01 -1.055978e+01
    endloop
  endfacet
  facet normal 3.574057e-01 8.628571e-01 -3.574057e-01
    outer loop
      vertex   7.112222e+00 2.044715e+01 -1.039168e+01
      vertex   6.944115e+00 2.044715e+01 -1.055978e+01
      vertex   6.937500e+00 2.051952e+01 -1.039168e+01
    endloop
  endfacet
  facet normal 1.295786e-01 9.125971e-01 -3.877832e-01
    outer loop
      vertex   6.937500e+00 2.051952e+01 -1.039168e+01
      vertex   6.944115e+00 2.044715e+01 -1.055978e+01
      vertex   6.750000e+00 2.046928e+01 -1.057256e+01
    endloop
  endfacet
  facet normal 1.207460e-01 9.171198e-01 -3.798838e-01
    outer loop
      vertex   6.937500e+00 2.051952e+01 -1.039168e+01
      vertex   6.750000e+00 2.046928e+01 -1.057256e+01
      vertex   6.750000e+00 2.054421e+01 -1.039168e+01
    endloop
  endfacet
  facet normal 1.294188e-01 9.831081e-01 -1.294188e-01
    outer loop
      vertex   6.750000e+00 2.054421e+01 -1.039168e+01
      vertex   6.750000e+00 2.056976e+01 -1.019756e+01
      vertex   6.944115e+00 2.054421e+01 -1.019756e+01
    endloop
  endfacet
  facet normal 1.294334e-01 9.831043e-01 -1.294334e-01
    outer loop
      vertex   6.750000e+00 2.054421e+01 -1.039168e+01
      vertex   6.944115e+00 2.054421e+01 -1.019756e+01
      vertex   6.937500e+00 2.051952e+01 -1.039168e+01
    endloop
  endfacet
  facet normal 3.794658e-01 9.161074e-01 -1.294330e-01
    outer loop
      vertex   6.937500e+00 2.051952e+01 -1.039168e+01
      vertex   6.944115e+00 2.054421e+01 -1.019756e+01
      vertex   7.125000e+00 2.046928e+01 -1.019756e+01
    endloop
  endfacet
  facet normal 3.794632e-01 9.161089e-01 -1.294301e-01
    outer loop
      vertex   6.937500e+00 2.051952e+01 -1.039168e+01
      vertex   7.125000e+00 2.046928e+01 -1.019756e+01
      vertex   7.112222e+00 2.044715e+01 -1.039168e+01
    endloop
  endfacet
  facet normal 6.036444e-01 7.866775e-01 -1.294293e-01
    outer loop
      vertex   7.112222e+00 2.044715e+01 -1.039168e+01
      vertex   7.125000e+00 2.046928e+01 -1.019756e+01
      vertex   7.280330e+00 2.035009e+01 -1.019756e+01
    endloop
  endfacet
  facet normal 6.036407e-01 7.866812e-01 -1.294243e-01
    outer loop
      vertex   7.112222e+00 2.044715e+01 -1.039168e+01
      vertex   7.280330e+00 2.035009e+01 -1.019756e+01
      vertex   7.262260e+00 2.033202e+01 -1.039168e+01
    endloop
  endfacet
  facet normal 7.866798e-01 6.036424e-01 -1.294249e-01
    outer loop
      vertex   7.262260e+00 2.033202e+01 -1.039168e+01
      vertex   7.280330e+00 2.035009e+01 -1.019756e+01
      vertex   7.399519e+00 2.019476e+01 -1.019756e+01
    endloop
  endfacet
  facet normal 7.866799e-01 6.036421e-01 -1.294251e-01
    outer loop
      vertex   7.262260e+00 2.033202e+01 -1.039168e+01
      vertex   7.399519e+00 2.019476e+01 -1.019756e+01
      vertex   7.377387e+00 2.018199e+01 -1.039168e+01
    endloop
  endfacet
  facet normal 1.294336e-01 9.831062e-01 1.294185e-01
    outer loop
      vertex   6.750000e+00 2.056976e+01 -1.019756e+01
      vertex   6.750000e+00 2.054421e+01 -1.000345e+01
      vertex   6.937500e+00 2.051952e+01 -1.000345e+01
    endloop
  endfacet
  facet normal 1.294185e-01 9.831063e-01 1.294331e-01
    outer loop
      vertex   6.750000e+00 2.056976e+01 -1.019756e+01
      vertex   6.937500e+00 2.051952e+01 -1.000345e+01
      vertex   6.944115e+00 2.054421e+01 -1.019756e+01
    endloop
  endfacet
  facet normal 3.794630e-01 9.161086e-01 1.294330e-01
    outer loop
      vertex   6.944115e+00 2.054421e+01 -1.019756e+01
      vertex   6.937500e+00 2.051952e+01 -1.000345e+01
      vertex   7.112222e+00 2.044715e+01 -1.000345e+01
    endloop
  endfacet
  facet normal 3.794659e-01 9.161078e-01 1.294302e-01
    outer loop
      vertex   6.944115e+00 2.054421e+01 -1.019756e+01
      vertex   7.112222e+00 2.044715e+01 -1.000345e+01
      vertex   7.125000e+00 2.046928e+01 -1.019756e+01
    endloop
  endfacet
  facet normal 6.036403e-01 7.866806e-01 1.294294e-01
    outer loop
      vertex   7.125000e+00 2.046928e+01 -1.019756e+01
      vertex   7.112222e+00 2.044715e+01 -1.000345e+01
      vertex   7.262260e+00 2.033202e+01 -1.000345e+01
    endloop
  endfacet
  facet normal 6.036448e-01 7.866780e-01 1.294244e-01
    outer loop
      vertex   7.125000e+00 2.046928e+01 -1.019756e+01
      vertex   7.262260e+00 2.033202e+01 -1.000345e+01
      vertex   7.280330e+00 2.035009e+01 -1.019756e+01
    endloop
  endfacet
  facet normal 7.866800e-01 6.036422e-01 1.294249e-01
    outer loop
      vertex   7.280330e+00 2.035009e+01 -1.019756e+01
      vertex   7.262260e+00 2.033202e+01 -1.000345e+01
      vertex   7.377387e+00 2.018199e+01 -1.000345e+01
    endloop
  endfacet
  facet normal 7.866797e-01 6.036424e-01 1.294251e-01
    outer loop
      vertex   7.280330e+00 2.035009e+01 -1.019756e+01
      vertex   7.377387e+00 2.018199e+01 -1.000345e+01
      vertex   7.399519e+00 2.019476e+01 -1.019756e+01
    endloop
  endfacet
  facet normal 8.635361e-01 4.871043e-01 1.305172e-01
    outer loop
      vertex   7.399519e+00 2.019476e+01 -1.019756e+01
      vertex   7.377387e+00 2.018199e+01 -1.000345e+01
      vertex   7.399519e+00 2.014452e+01 -1.001006e+01
    endloop
  endfacet
  facet normal 7.548490e-01 3.477439e-01 5.561269e-01
    outer loop
      vertex   7.399519e+00 2.014452e+01 -1.001006e+01
      vertex   7.377387e+00 2.018199e+01 -1.000345e+01
      vertex   7.280330e+00 2.027904e+01 -9.932396e+00
    endloop
  endfacet
  facet normal 7.692705e-01 5.902834e-01 2.445168e-01
    outer loop
      vertex   7.280330e+00 2.027904e+01 -9.932396e+00
      vertex   7.377387e+00 2.018199e+01 -1.000345e+01
      vertex   7.262260e+00 2.033202e+01 -1.000345e+01
    endloop
  endfacet
  facet normal 5.578709e-01 7.270327e-01 4.002543e-01
    outer loop
      vertex   7.280330e+00 2.027904e+01 -9.932396e+00
      vertex   7.262260e+00 2.033202e+01 -1.000345e+01
      vertex   7.112222e+00 2.044715e+01 -1.000345e+01
    endloop
  endfacet
  facet normal 6.055476e-01 7.347488e-01 3.057064e-01
    outer loop
      vertex   7.280330e+00 2.027904e+01 -9.932396e+00
      vertex   7.112222e+00 2.044715e+01 -1.000345e+01
      vertex   7.125000e+00 2.038226e+01 -9.872801e+00
    endloop
  endfacet
  facet normal 3.526445e-01 8.513626e-01 3.883601e-01
    outer loop
      vertex   7.125000e+00 2.038226e+01 -9.872801e+00
      vertex   7.112222e+00 2.044715e+01 -1.000345e+01
      vertex   6.937500e+00 2.051952e+01 -1.000345e+01
    endloop
  endfacet
  facet normal 3.798444e-01 8.549926e-01 3.531371e-01
    outer loop
      vertex   7.125000e+00 2.038226e+01 -9.872801e+00
      vertex   6.937500e+00 2.051952e+01 -1.000345e+01
      vertex   6.944115e+00 2.044715e+01 -9.835339e+00
    endloop
  endfacet
  facet normal 1.202749e-01 9.135416e-01 3.885559e-01
    outer loop
      vertex   6.944115e+00 2.044715e+01 -9.835339e+00
      vertex   6.937500e+00 2.051952e+01 -1.000345e+01
      vertex   6.750000e+00 2.054421e+01 -1.000345e+01
    endloop
  endfacet
  facet normal 1.294313e-01 9.161081e-01 3.794648e-01
    outer loop
      vertex   6.944115e+00 2.044715e+01 -9.835339e+00
      vertex   6.750000e+00 2.054421e+01 -1.000345e+01
      vertex   6.750000e+00 2.046928e+01 -9.822561e+00
    endloop
  endfacet
  facet normal 9.190615e-01 3.806846e-01 1.020059e-01
    outer loop
      vertex   7.399519e+00 2.014452e+01 -1.001006e+01
      vertex   7.474445e+00 1.998787e+01 -1.010050e+01
      vertex   7.474445e+00 2.001388e+01 -1.019756e+01
    endloop
  endfacet
  facet normal 9.190605e-01 3.806877e-01 1.020034e-01
    outer loop
      vertex   7.399519e+00 2.014452e+01 -1.001006e+01
      vertex   7.474445e+00 2.001388e+01 -1.019756e+01
      vertex   7.399519e+00 2.019476e+01 -1.019756e+01
    endloop
  endfacet
  facet normal 0.000000e+00 -8.660256e-01 4.999996e-01
    outer loop
      vertex   1.875000e+00 1.419060e+01 -6.947561e+00
      vertex   1.875000e+00 1.377563e+01 -7.666311e+00
      vertex   2.850000e+00 1.377563e+01 -7.666311e+00
    endloop
  endfacet
  facet normal 0.000000e+00 -8.660256e-01 4.999996e-01
    outer loop
      vertex   1.875000e+00 1.419060e+01 -6.947561e+00
      vertex   2.850000e+00 1.377563e+01 -7.666311e+00
      vertex   2.850000e+00 1.419060e+01 -6.947561e+00
    endloop
  endfacet
  facet normal 0.000000e+00 -8.660256e-01 4.999996e-01
    outer loop
      vertex   2.850000e+00 1.419060e+01 -6.947561e+00
      vertex   2.850000e+00 1.377563e+01 -7.666311e+00
      vertex   3.825000e+00 1.377563e+01 -7.666311e+00
    endloop
  endfacet
  facet normal 0.000000e+00 -8.660256e-01 4.999996e-01
    outer loop
      vertex   2.850000e+00 1.419060e+01 -6.947561e+00
      vertex   3.825000e+00 1.377563e+01 -7.666311e+00
      vertex   3.825000e+00 1.419060e+01 -6.947561e+00
    endloop
  endfacet
  facet normal 0.000000e+00 -8.660256e-01 4.999996e-01
    outer loop
      vertex   3.825000e+00 1.419060e+01 -6.947561e+00
      vertex   3.825000e+00 1.377563e+01 -7.666311e+00
      vertex   4.800000e+00 1.377563e+01 -7.666311e+00
    endloop
  endfacet
  facet normal 0.000000e+00 -8.660256e-01 4.999996e-01
    outer loop
      vertex   3.825000e+00 1.419060e+01 -6.947561e+00
      vertex   4.800000e+00 1.377563e+01 -7.666311e+00
      vertex   4.800000e+00 1.419060e+01 -6.947561e+00
    endloop
  endfacet
  facet normal 0.000000e+00 -8.660256e-01 4.999996e-01
    outer loop
      vertex   4.800000e+00 1.419060e+01 -6.947561e+00
      vertex   4.800000e+00 1.377563e+01 -7.666311e+00
      vertex   5.775000e+00 1.377563e+01 -7.666311e+00
    endloop
  endfacet
  facet normal 0.000000e+00 -8.660256e-01 4.999996e-01
    outer loop
      vertex   4.800000e+00 1.419060e+01 -6.947561e+00
      vertex   5.775000e+00 1.377563e+01 -7.666311e+00
      vertex   5.775000e+00 1.419060e+01 -6.947561e+00
    endloop
  endfacet
  facet normal 0.000000e+00 -8.660256e-01 4.999996e-01
    outer loop
      vertex   5.775000e+00 1.419060e+01 -6.947561e+00
      vertex   5.775000e+00 1.377563e+01 -7.666311e+00
      vertex   6.750000e+00 1.377563e+01 -7.666311e+00
    endloop
  endfacet
  facet normal 0.000000e+00 -8.660256e-01 4.999996e-01
    outer loop
      vertex   5.775000e+00 1.419060e+01 -6.947561e+00
      vertex   6.750000e+00 1.377563e+01 -7.666311e+00
      vertex   6.750000e+00 1.419060e+01 -6.947561e+00
    endloop
  endfacet
  facet normal 0.000000e+00 -8.660252e-01 5.000004e-01
    outer loop
      vertex   1.875000e+00 1.377563e+01 -7.666311e+00
      vertex   1.875000e+00 1.336066e+01 -8.385061e+00
      vertex   2.850000e+00 1.336066e+01 -8.385061e+00
    endloop
  endfacet
  facet normal 0.000000e+00 -8.660252e-01 5.000004e-01
    outer loop
      vertex   1.875000e+00 1.377563e+01 -7.666311e+00
      vertex   2.850000e+00 1.336066e+01 -8.385061e+00
      vertex   2.850000e+00 1.377563e+01 -7.666311e+00
    endloop
  endfacet
  facet normal 0.000000e+00 -8.660252e-01 5.000004e-01
    outer loop
      vertex   2.850000e+00 1.377563e+01 -7.666311e+00
      vertex   2.850000e+00 1.336066e+01 -8.385061e+00
      vertex   3.825000e+00 1.336066e+01 -8.385061e+00
    endloop
  endfacet
  facet normal 0.000000e+00 -8.660252e-01 5.000004e-01
    outer loop
      vertex   2.850000e+00 1.377563e+01 -7.666311e+00
      vertex   3.825000e+00 1.336066e+01 -8.385061e+00
      vertex   3.825000e+00 1.377563e+01 -7.666311e+00
    endloop
  endfacet
  facet normal 0.000000e+00 -8.660252e-01 5.000004e-01
    outer loop
      vertex   3.825000e+00 1.377563e+01 -7.666311e+00
      vertex   3.825000e+00 1.336066e+01 -8.385061e+00
      vertex   4.800000e+00 1.336066e+01 -8.385061e+00
    endloop
  endfacet
  facet normal 0.000000e+00 -8.660252e-01 5.000004e-01
    outer loop
      vertex   3.825000e+00 1.377563e+01 -7.666311e+00
      vertex   4.800000e+00 1.336066e+01 -8.385061e+00
      vertex   4.800000e+00 1.377563e+01 -7.666311e+00
    endloop
  endfacet
  facet normal 0.000000e+00 -8.660252e-01 5.000004e-01
    outer loop
      vertex   4.800000e+00 1.377563e+01 -7.666311e+00
      vertex   4.800000e+00 1.336066e+01 -8.385061e+00
      vertex   5.775000e+00 1.336066e+01 -8.385061e+00
    endloop
  endfacet
  facet normal 0.000000e+00 -8.660252e-01 5.000004e-01
    outer loop
      vertex   4.800000e+00 1.377563e+01 -7.666311e+00
      vertex   5.775000e+00 1.336066e+01 -8.385061e+00
      vertex   5.775000e+00 1.377563e+01 -7.666311e+00
    endloop
  endfacet
  facet normal 0.000000e+00 -8.660252e-01 5.000004e-01
    outer loop
      vertex   5.775000e+00 1.377563e+01 -7.666311e+00
      vertex   5.775000e+00 1.336066e+01 -8.385061e+00
      vertex   6.750000e+00 1.336066e+01 -8.385061e+00
    endloop
  endfacet
  facet normal 0.000000e+00 -8.660252e-01 5.000004e-01
    outer loop
      vertex   5.775000e+00 1.377563e+01 -7.666311e+00
      vertex   6.750000e+00 1.336066e+01 -8.385061e+00
      vertex   6.750000e+00 1.377563e+01 -7.666311e+00
    endloop
  endfacet
  facet normal 0.000000e+00 -8.660256e-01 4.999996e-01
    outer loop
      vertex   1.875000e+00 1.336066e+01 -8.385061e+00
      vertex   1.875000e+00 1.294569e+01 -9.103811e+00
      vertex   2.850000e+00 1.294569e+01 -9.103811e+00
    endloop
  endfacet
  facet normal 0.000000e+00 -8.660256e-01 4.999996e-01
    outer loop
      vertex   1.875000e+00 1.336066e+01 -8.385061e+00
      vertex   2.850000e+00 1.294569e+01 -9.103811e+00
      vertex   2.850000e+00 1.336066e+01 -8.385061e+00
    endloop
  endfacet
  facet normal 0.000000e+00 -8.660256e-01 4.999996e-01
    outer loop
      vertex   2.850000e+00 1.336066e+01 -8.385061e+00
      vertex   2.850000e+00 1.294569e+01 -9.103811e+00
      vertex   3.825000e+00 1.294569e+01 -9.103811e+00
    endloop
  endfacet
  facet normal 0.000000e+00 -8.660256e-01 4.999996e-01
    outer loop
      vertex   2.850000e+00 1.336066e+01 -8.385061e+00
      vertex   3.825000e+00 1.294569e+01 -9.103811e+00
      vertex   3.825000e+00 1.336066e+01 -8.385061e+00
    endloop
  endfacet
  facet normal 0.000000e+00 -8.660256e-01 4.999996e-01
    outer loop
      vertex   3.825000e+00 1.336066e+01 -8.385061e+00
      vertex   3.825000e+00 1.294569e+01 -9.103811e+00
      vertex   4.800000e+00 1.294569e+01 -9.103811e+00
    endloop
  endfacet
  facet normal 0.000000e+00 -8.660256e-01 4.999996e-01
    outer loop
      vertex   3.825000e+00 1.336066e+01 -8.385061e+00
      vertex   4.800000e+00 1.294569e+01 -9.103811e+00
      vertex   4.800000e+00 1.336066e+01 -8.385061e+00
    endloop
  endfacet
  facet normal 0.000000e+00 -8.660256e-01 4.999996e-01
    outer loop
      vertex   4.800000e+00 1.336066e+01 -8.385061e+00
      vertex   4.800000e+00 1.294569e+01 -9.103811e+00
      vertex   5.775000e+00 1.294569e+01 -9.103811e+00
    endloop
  endfacet
  facet normal 0.000000e+00 -8.660256e-01 4.999996e-01
    outer loop
      vertex   4.800000e+00 1.336066e+01 -8.385061e+00
      vertex   5.775000e+00 1.294569e+01 -9.103811e+00
      vertex   5.775000e+00 1.336066e+01 -8.385061e+00
    endloop
  endfacet
  facet normal 0.000000e+00 -8.660256e-01 4.999996e-01
    outer loop
      vertex   5.775000e+00 1.336066e+01 -8.385061e+00
      vertex   5.775000e+00 1.294569e+01 -9.103811e+00
      vertex   6.750000e+00 1.294569e+01 -9.103811e+00
    endloop
  endfacet
  facet normal 0.000000e+00 -8.660256e-01 4.999996e-01
    outer loop
      vertex   5.775000e+00 1.336066e+01 -8.385061e+00
      vertex   6.750000e+00 1.294569e+01 -9.103811e+00
      vertex   6.750000e+00 1.336066e+01 -8.385061e+00
    endloop
  endfacet
  facet normal 0.000000e+00 -8.660250e-01 5.000007e-01
    outer loop
      vertex   1.875000e+00 1.294569e+01 -9.103811e+00
      vertex   1.875000e+00 1.253072e+01 -9.822561e+00
      vertex   2.850000e+00 1.253072e+01 -9.822561e+00
    endloop
  endfacet
  facet normal 0.000000e+00 -8.660250e-01 5.000007e-01
    outer loop
      vertex   1.875000e+00 1.294569e+01 -9.103811e+00
      vertex   2.850000e+00 1.253072e+01 -9.822561e+00
      vertex   2.850000e+00 1.294569e+01 -9.103811e+00
    endloop
  endfacet
  facet normal 0.000000e+00 -8.660250e-01 5.000007e-01
    outer loop
      vertex   2.850000e+00 1.294569e+01 -9.103811e+00
      vertex   2.850000e+00 1.253072e+01 -9.822561e+00
      vertex   3.825000e+00 1.253072e+01 -9.822561e+00
    endloop
  endfacet
  facet normal 0.000000e+00 -8.660250e-01 5.000007e-01
    outer loop
      vertex   2.850000e+00 1.294569e+01 -9.103811e+00
      vertex   3.825000e+00 1.253072e+01 -9.822561e+00
      vertex   3.825000e+00 1.294569e+01 -9.103811e+00
    endloop
  endfacet
  facet normal 0.000000e+00 -8.660250e-01 5.000007e-01
    outer loop
      vertex   3.825000e+00 1.294569e+01 -9.103811e+00
      vertex   3.825000e+00 1.253072e+01 -9.822561e+00
      vertex   4.800000e+00 1.253072e+01 -9.822561e+00
    endloop
  endfacet
  facet normal 0.000000e+00 -8.660250e-01 5.000007e-01
    outer loop
      vertex   3.825000e+00 1.294569e+01 -9.103811e+00
      vertex   4.800000e+00 1.253072e+01 -9.822561e+00
      vertex   4.800000e+00 1.294569e+01 -9.103811e+00
    endloop
  endfacet
  facet normal 0.000000e+00 -8.660250e-01 5.000007e-01
    outer loop
      vertex   4.800000e+00 1.294569e+01 -9.103811e+00
      vertex   4.800000e+00 1.253072e+01 -9.822561e+00
      vertex   5.775000e+00 1.253072e+01 -9.822561e+00
    endloop
  endfacet
  facet normal 0.000000e+00 -8.660250e-01 5.000007e-01
    outer loop
      vertex   4.800000e+00 1.294569e+01 -9.103811e+00
      vertex   5.775000e+00 1.253072e+01 -9.822561e+00
      vertex   5.775000e+00 1.294569e+01 -9.103811e+00
    endloop
  endfacet
  facet normal 0.000000e+00 -8.660250e-01 5.000007e-01
    outer loop
      vertex   5.775000e+00 1.294569e+01 -9.103811e+00
      vertex   5.775000e+00 1.253072e+01 -9.822561e+00
      vertex   6.750000e+00 1.253072e+01 -9.822561e+00
    endloop
  endfacet
  facet normal 0.000000e+00 -8.660250e-01 5.000007e-01
    outer loop
      vertex   5.775000e+00 1.294569e+01 -9.103811e+00
      vertex   6.750000e+00 1.253072e+01 -9.822561e+00
      vertex   6.750000e+00 1.294569e+01 -9.103811e+00
    endloop
  endfacet
  facet normal 0.000000e+00 0.000000e+00 1.000000e+00
    outer loop
      vertex   1.875000e+00 1.815988e+01 -6.572561e+00
      vertex   1.875000e+00 1.732994e+01 -6.572561e+00
      vertex   2.850000e+00 1.732994e+01 -6.572561e+00
    endloop
  endfacet
  facet normal -0.000000e+00 0.000000e+00 1.000000e+00
    outer loop
      vertex   1.875000e+00 1.815988e+01 -6.572561e+00
      vertex   2.850000e+00 1.732994e+01 -6.572561e+00
      vertex   2.850000e+00 1.815988e+01 -6.572561e+00
    endloop
  endfacet
  facet normal 0.000000e+00 0.000000e+00 1.000000e+00
    outer loop
      vertex   2.850000e+00 1.815988e+01 -6.572561e+00
      vertex   2.850000e+00 1.732994e+01 -6.572561e+00
      vertex   3.825000e+00 1.732994e+01 -6.572561e+00
    endloop
  endfacet
  facet normal -0.000000e+00 0.000000e+00 1.000000e+00
    outer loop
      vertex   2.850000e+00 1.815988e+01 -6.572561e+00
      vertex   3.825000e+00 1.732994e+01 -6.572561e+00
      vertex   3.825000e+00 1.815988e+01 -6.572561e+00
    endloop
  endfacet
  facet normal 0.000000e+00 0.000000e+00 1.000000e+00
    outer loop
      vertex   3.825000e+00 1.815988e+01 -6.572561e+00
      vertex   3.825000e+00 1.732994e+01 -6.572561e+00
      vertex   4.800000e+00 1.732994e+01 -6.572561e+00
    endloop
  endfacet
  facet normal -0.000000e+00 0.000000e+00 1.000000e+00
    outer loop
      vertex   3.825000e+00 1.815988e+01 -6.572561e+00
      vertex   4.800000e+00 1.732994e+01 -6.572561e+00
      vertex   4.800000e+00 1.815988e+01 -6.572561e+00
    endloop
  endfacet
  facet normal 0.000000e+00 0.000000e+00 1.000000e+00
    outer loop
      vertex   4.800000e+00 1.815988e+01 -6.572561e+00
      vertex   4.800000e+00 1.732994e+01 -6.572561e+00
      vertex   5.775000e+00 1.732994e+01 -6.572561e+00
    endloop
  endfacet
  facet normal -0.000000e+00 0.000000e+00 1.000000e+00
    outer loop
      vertex   4.800000e+00 1.815988e+01 -6.572561e+00
      vertex   5.775000e+00 1.732994e+01 -6.572561e+00
      vertex   5.775000e+00 1.815988e+01 -6.572561e+00
    endloop
  endfacet
  facet normal 0.000000e+00 0.000000e+00 1.000000e+00
    outer loop
      vertex   5.775000e+00 1.815988e+01 -6.572561e+00
      vertex   5.775000e+00 1.732994e+01 -6.572561e+00
      vertex   6.750000e+00 1.732994e+01 -6.572561e+00
    endloop
  endfacet
  facet normal -0.000000e+00 0.000000e+00 1.000000e+00
    outer loop
      vertex   5.775000e+00 1.815988e+01 -6.572561e+00
      vertex   6.750000e+00 1.732994e+01 -6.572561e+00
      vertex   6.750000e+00 1.815988e+01 -6.572561e+00
    endloop
  endfacet
  facet normal 0.000000e+00 0.000000e+00 1.000000e+00
    outer loop
      vertex   1.875000e+00 1.732994e+01 -6.572561e+00
      vertex   1.875000e+00 1.650000e+01 -6.572561e+00
      vertex   2.850000e+00 1.650000e+01 -6.572561e+00
    endloop
  endfacet
  facet normal -0.000000e+00 0.000000e+00 1.000000e+00
    outer loop
      vertex   1.875000e+00 1.732994e+01 -6.572561e+00
      vertex   2.850000e+00 1.650000e+01 -6.572561e+00
      vertex   2.850000e+00 1.732994e+01 -6.572561e+00
    endloop
  endfacet
  facet normal 0.000000e+00 0.000000e+00 1.000000e+00
    outer loop
      vertex   2.850000e+00 1.732994e+01 -6.572561e+00
      vertex   2.850000e+00 1.650000e+01 -6.572561e+00
      vertex   3.825000e+00 1.650000e+01 -6.572561e+00
    endloop
  endfacet
  facet normal -0.000000e+00 0.000000e+00 1.000000e+00
    outer loop
      vertex   2.850000e+00 1.732994e+01 -6.572561e+00
      vertex   3.825000e+00 1.650000e+01 -6.572561e+00
      vertex   3.825000e+00 1.732994e+01 -6.572561e+00
    endloop
  endfacet
  facet normal 0.000000e+00 0.000000e+00 1.000000e+00
    outer loop
      vertex   3.825000e+00 1.732994e+01 -6.572561e+00
      vertex   3.825000e+00 1.650000e+01 -6.572561e+00
      vertex   4.800000e+00 1.650000e+01 -6.572561e+00
    endloop
  endfacet
  facet normal -0.000000e+00 0.000000e+00 1.000000e+00
    outer loop
      vertex   3.825000e+00 1.732994e+01 -6.572561e+00
      vertex   4.800000e+00 1.650000e+01 -6.572561e+00
      vertex   4.800000e+00 1.732994e+01 -6.572561e+00
    endloop
  endfacet
  facet normal 0.000000e+00 0.000000e+00 1.000000e+00
    outer loop
      vertex   4.800000e+00 1.732994e+01 -6.572561e+00
      vertex   4.800000e+00 1.650000e+01 -6.572561e+00
      vertex   5.775000e+00 1.650000e+01 -6.572561e+00
    endloop
  endfacet
  facet normal -0.000000e+00 0.000000e+00 1.000000e+00
    outer loop
      vertex   4.800000e+00 1.732994e+01 -6.572561e+00
      vertex   5.775000e+00 1.650000e+01 -6.572561e+00
      vertex   5.775000e+00 1.732994e+01 -6.572561e+00
    endloop
  endfacet
  facet normal 0.000000e+00 0.000000e+00 1.000000e+00
    outer loop
      vertex   5.775000e+00 1.732994e+01 -6.572561e+00
      vertex   5.775000e+00 1.650000e+01 -6.572561e+00
      vertex   6.750000e+00 1.650000e+01 -6.572561e+00
    endloop
  endfacet
  facet normal -0.000000e+00 0.000000e+00 1.000000e+00
    outer loop
      vertex   5.775000e+00 1.732994e+01 -6.572561e+00
      vertex   6.750000e+00 1.650000e+01 -6.572561e+00
      vertex   6.750000e+00 1.732994e+01 -6.572561e+00
    endloop
  endfacet
  facet normal 0.000000e+00 0.000000e+00 1.000000e+00
    outer loop
      vertex   1.875000e+00 1.650000e+01 -6.572561e+00
      vertex   1.875000e+00 1.567006e+01 -6.572561e+00
      vertex   2.850000e+00 1.567006e+01 -6.572561e+00
    endloop
  endfacet
  facet normal -0.000000e+00 0.000000e+00 1.000000e+00
    outer loop
      vertex   1.875000e+00 1.650000e+01 -6.572561e+00
      vertex   2.850000e+00 1.567006e+01 -6.572561e+00
      vertex   2.850000e+00 1.650000e+01 -6.572561e+00
    endloop
  endfacet
  facet normal 0.000000e+00 0.000000e+00 1.000000e+00
    outer loop
      vertex   2.850000e+00 1.650000e+01 -6.572561e+00
      vertex   2.850000e+00 1.567006e+01 -6.572561e+00
      vertex   3.825000e+00 1.567006e+01 -6.572561e+00
    endloop
  endfacet
  facet normal -0.000000e+00 0.000000e+00 1.000000e+00
    outer loop
      vertex   2.850000e+00 1.650000e+01 -6.572561e+00
      vertex   3.825000e+00 1.567006e+01 -6.572561e+00
      vertex   3.825000e+00 1.650000e+01 -6.572561e+00
    endloop
  endfacet
  facet normal 0.000000e+00 0.000000e+00 1.000000e+00
    outer loop
      vertex   3.825000e+00 1.650000e+01 -6.572561e+00
      vertex   3.825000e+00 1.567006e+01 -6.572561e+00
      vertex   4.800000e+00 1.567006e+01 -6.572561e+00
    endloop
  endfacet
  facet normal -0.000000e+00 0.000000e+00 1.000000e+00
    outer loop
      vertex   3.825000e+00 1.650000e+01 -6.572561e+00
      vertex   4.800000e+00 1.567006e+01 -6.572561e+00
      vertex   4.800000e+00 1.650000e+01 -6.572561e+00
    endloop
  endfacet
  facet normal 0.000000e+00 0.000000e+00 1.000000e+00
    outer loop
      vertex   4.800000e+00 1.650000e+01 -6.572561e+00
      vertex   4.800000e+00 1.567006e+01 -6.572561e+00
      vertex   5.775000e+00 1.567006e+01 -6.572561e+00
    endloop
  endfacet
  facet normal -0.000000e+00 0.000000e+00 1.000000e+00
    outer loop
      vertex   4.800000e+00 1.650000e+01 -6.572561e+00
      vertex   5.775000e+00 1.567006e+01 -6.572561e+00
      vertex   5.775000e+00 1.650000e+01 -6.572561e+00
    endloop
  endfacet
  facet normal 0.000000e+00 0.000000e+00 1.000000e+00
    outer loop
      vertex   5.775000e+00 1.650000e+01 -6.572561e+00
      vertex   5.775000e+00 1.567006e+01 -6.572561e+00
      vertex   6.750000e+00 1.567006e+01 -6.572561e+00
    endloop
  endfacet
  facet normal -0.000000e+00 0.000000e+00 1.000000e+00
    outer loop
      vertex   5.775000e+00 1.650000e+01 -6.572561e+00
      vertex   6.750000e+00 1.567006e+01 -6.572561e+00
      vertex   6.750000e+00 1.650000e+01 -6.572561e+00
    endloop
  endfacet
  facet normal 0.000000e+00 0.000000e+00 1.000000e+00
    outer loop
      vertex   1.875000e+00 1.567006e+01 -6.572561e+00
      vertex   1.875000e+00 1.484012e+01 -6.572561e+00
      vertex   2.850000e+00 1.484012e+01 -6.572561e+00
    endloop
  endfacet
  facet normal -0.000000e+00 0.000000e+00 1.000000e+00
    outer loop
      vertex   1.875000e+00 1.567006e+01 -6.572561e+00
      vertex   2.850000e+00 1.484012e+01 -6.572561e+00
      vertex   2.850000e+00 1.567006e+01 -6.572561e+00
    endloop
  endfacet
  facet normal 0.000000e+00 0.000000e+00 1.000000e+00
    outer loop
      vertex   2.850000e+00 1.567006e+01 -6.572561e+00
      vertex   2.850000e+00 1.484012e+01 -6.572561e+00
      vertex   3.825000e+00 1.484012e+01 -6.572561e+00
    endloop
  endfacet
  facet normal -0.000000e+00 0.000000e+00 1.000000e+00
    outer loop
      vertex   2.850000e+00 1.567006e+01 -6.572561e+00
      vertex   3.825000e+00 1.484012e+01 -6.572561e+00
      vertex   3.825000e+00 1.567006e+01 -6.572561e+00
    endloop
  endfacet
  facet normal 0.000000e+00 0.000000e+00 1.000000e+00
    outer loop
      vertex   3.825000e+00 1.567006e+01 -6.572561e+00
      vertex   3.825000e+00 1.484012e+01 -6.572561e+00
      vertex   4.800000e+00 1.484012e+01 -6.572561e+00
    endloop
  endfacet
  facet normal -0.000000e+00 0.000000e+00 1.000000e+00
    outer loop
      vertex   3.825000e+00 1.567006e+01 -6.572561e+00
      vertex   4.800000e+00 1.484012e+01 -6.572561e+00
      vertex   4.800000e+00 1.567006e+01 -6.572561e+00
    endloop
  endfacet
  facet normal 0.000000e+00 0.000000e+00 1.000000e+00
    outer loop
      vertex   4.800000e+00 1.567006e+01 -6.572561e+00
      vertex   4.800000e+00 1.484012e+01 -6.572561e+00
      vertex   5.775000e+00 1.484012e+01 -6.572561e+00
    endloop
  endfacet
  facet normal -0.000000e+00 0.000000e+00 1.000000e+00
    outer loop
      vertex   4.800000e+00 1.567006e+01 -6.572561e+00
      vertex   5.775000e+00 1.484012e+01 -6.572561e+00
      vertex   5.775000e+00 1.567006e+01 -6.572561e+00
    endloop
  endfacet
  facet normal 0.000000e+00 0.000000e+00 1.000000e+00
    outer loop
      vertex   5.775000e+00 1.567006e+01 -6.572561e+00
      vertex   5.775000e+00 1.484012e+01 -6.572561e+00
      vertex   6.750000e+00 1.484012e+01 -6.572561e+00
    endloop
  endfacet
  facet normal -0.000000e+00 0.000000e+00 1.000000e+00
    outer loop
      vertex   5.775000e+00 1.567006e+01 -6.572561e+00
      vertex   6.750000e+00 1.484012e+01 -6.572561e+00
      vertex   6.750000e+00 1.567006e+01 -6.572561e+00
    endloop
  endfacet
  facet normal 1.000000e+00 -0.000000e+00 0.000000e+00
    outer loop
      vertex   7.500000e+00 1.801554e+01 -7.322561e+00
      vertex   7.500000e+00 1.808877e+01 -7.362372e+00
      vertex   7.500000e+00 1.815988e+01 -7.322561e+00
    endloop
  endfacet
  facet normal 1.000000e+00 0.000000e+00 0.000000e+00
    outer loop
      vertex   7.500000e+00 1.815988e+01 -7.322561e+00
      vertex   7.500000e+00 1.808877e+01 -7.362372e+00
      vertex   7.500000e+00 1.816096e+01 -7.404048e+00
    endloop
  endfacet
  facet normal 1.000000e+00 0.000000e+00 0.000000e+00
    outer loop
      vertex   7.500000e+00 1.815988e+01 -7.322561e+00
      vertex   7.500000e+00 1.816096e+01 -7.404048e+00
      vertex   7.500000e+00 1.823205e+01 -7.447561e+00
    endloop
  endfacet
  facet normal 1.000000e+00 0.000000e+00 0.000000e+00
    outer loop
      vertex   3.750000e+00 1.400000e+01 -1.019756e+01
      vertex   3.750000e+00 1.408519e+01 -1.084461e+01
      vertex   3.750000e+00 1.500000e+01 -1.069756e+01
    endloop
  endfacet
  facet normal 1.000000e+00 -0.000000e+00 0.000000e+00
    outer loop
      vertex   3.750000e+00 1.400000e+01 -1.019756e+01
      vertex   3.750000e+00 1.500000e+01 -1.069756e+01
      vertex   3.750000e+00 1.500000e+01 -9.697561e+00
    endloop
  endfacet
  facet normal 1.000000e+00 0.000000e+00 0.000000e+00
    outer loop
      vertex   3.750000e+00 1.500000e+01 -9.697561e+00
      vertex   3.750000e+00 1.500000e+01 -1.069756e+01
      vertex   3.750000e+00 1.600000e+01 -1.069756e+01
    endloop
  endfacet
  facet normal 1.000000e+00 -0.000000e+00 0.000000e+00
    outer loop
      vertex   3.750000e+00 1.500000e+01 -9.697561e+00
      vertex   3.750000e+00 1.600000e+01 -1.069756e+01
      vertex   3.750000e+00 1.600000e+01 -9.697561e+00
    endloop
  endfacet
  facet normal 1.000000e+00 0.000000e+00 0.000000e+00
    outer loop
      vertex   3.750000e+00 1.600000e+01 -9.697561e+00
      vertex   3.750000e+00 1.600000e+01 -1.069756e+01
      vertex   3.750000e+00 1.700000e+01 -1.069756e+01
    endloop
  endfacet
  facet normal 1.000000e+00 -0.000000e+00 0.000000e+00
    outer loop
      vertex   3.750000e+00 1.600000e+01 -9.697561e+00
      vertex   3.750000e+00 1.700000e+01 -1.069756e+01
      vertex   3.750000e+00 1.700000e+01 -9.697561e+00
    endloop
  endfacet
  facet normal 1.000000e+00 0.000000e+00 0.000000e+00
    outer loop
      vertex   3.750000e+00 1.700000e+01 -9.697561e+00
      vertex   3.750000e+00 1.700000e+01 -1.069756e+01
      vertex   3.750000e+00 1.800000e+01 -1.069756e+01
    endloop
  endfacet
  facet normal 1.000000e+00 -0.000000e+00 0.000000e+00
    outer loop
      vertex   3.750000e+00 1.700000e+01 -9.697561e+00
      vertex   3.750000e+00 1.800000e+01 -1.069756e+01
      vertex   3.750000e+00 1.800000e+01 -9.697561e+00
    endloop
  endfacet
  facet normal 1.000000e+00 0.000000e+00 0.000000e+00
    outer loop
      vertex   3.750000e+00 1.800000e+01 -9.697561e+00
      vertex   3.750000e+00 1.800000e+01 -1.069756e+01
      vertex   3.750000e+00 1.891481e+01 -1.084461e+01
    endloop
  endfacet
  facet normal 1.000000e+00 0.000000e+00 0.000000e+00
    outer loop
      vertex   3.750000e+00 1.800000e+01 -9.697561e+00
      vertex   3.750000e+00 1.891481e+01 -1.084461e+01
      vertex   3.750000e+00 1.900000e+01 -1.019756e+01
    endloop
  endfacet
  facet normal 1.000000e+00 -0.000000e+00 0.000000e+00
    outer loop
      vertex   3.750000e+00 1.408519e+01 -1.084461e+01
      vertex   3.750000e+00 1.433494e+01 -1.144756e+01
      vertex   3.750000e+00 1.500000e+01 -1.069756e+01
    endloop
  endfacet
  facet normal 1.000000e+00 0.000000e+00 0.000000e+00
    outer loop
      vertex   3.750000e+00 1.500000e+01 -1.069756e+01
      vertex   3.750000e+00 1.433494e+01 -1.144756e+01
      vertex   3.750000e+00 1.473223e+01 -1.196533e+01
    endloop
  endfacet
  facet normal 1.000000e+00 0.000000e+00 0.000000e+00
    outer loop
      vertex   3.750000e+00 1.500000e+01 -1.069756e+01
      vertex   3.750000e+00 1.473223e+01 -1.196533e+01
      vertex   3.750000e+00 1.500000e+01 -1.169756e+01
    endloop
  endfacet
  facet normal 1.000000e+00 0.000000e+00 0.000000e+00
    outer loop
      vertex   3.750000e+00 1.500000e+01 -1.169756e+01
      vertex   3.750000e+00 1.473223e+01 -1.196533e+01
      vertex   3.750000e+00 1.525000e+01 -1.236262e+01
    endloop
  endfacet
  facet normal 1.000000e+00 -0.000000e+00 0.000000e+00
    outer loop
      vertex   3.750000e+00 1.525000e+01 -1.236262e+01
      vertex   3.750000e+00 1.585295e+01 -1.261238e+01
      vertex   3.750000e+00 1.600000e+01 -1.169756e+01
    endloop
  endfacet
  facet normal 1.000000e+00 0.000000e+00 -0.000000e+00
    outer loop
      vertex   3.750000e+00 1.525000e+01 -1.236262e+01
      vertex   3.750000e+00 1.600000e+01 -1.169756e+01
      vertex   3.750000e+00 1.500000e+01 -1.169756e+01
    endloop
  endfacet
  facet normal 1.000000e+00 0.000000e+00 0.000000e+00
    outer loop
      vertex   3.750000e+00 1.500000e+01 -1.169756e+01
      vertex   3.750000e+00 1.600000e+01 -1.169756e+01
      vertex   3.750000e+00 1.600000e+01 -1.069756e+01
    endloop
  endfacet
  facet normal 1.000000e+00 0.000000e+00 0.000000e+00
    outer loop
      vertex   3.750000e+00 1.500000e+01 -1.169756e+01
      vertex   3.750000e+00 1.600000e+01 -1.069756e+01
      vertex   3.750000e+00 1.500000e+01 -1.069756e+01
    endloop
  endfacet
  facet normal 1.000000e+00 -0.000000e+00 0.000000e+00
    outer loop
      vertex   3.750000e+00 1.585295e+01 -1.261238e+01
      vertex   3.750000e+00 1.650000e+01 -1.269756e+01
      vertex   3.750000e+00 1.600000e+01 -1.169756e+01
    endloop
  endfacet
  facet normal 1.000000e+00 0.000000e+00 0.000000e+00
    outer loop
      vertex   3.750000e+00 1.600000e+01 -1.169756e+01
      vertex   3.750000e+00 1.650000e+01 -1.269756e+01
      vertex   3.750000e+00 1.714705e+01 -1.261238e+01
    endloop
  endfacet
  facet normal 1.000000e+00 -0.000000e+00 0.000000e+00
    outer loop
      vertex   3.750000e+00 1.600000e+01 -1.169756e+01
      vertex   3.750000e+00 1.714705e+01 -1.261238e+01
      vertex   3.750000e+00 1.700000e+01 -1.169756e+01
    endloop
  endfacet
  facet normal 1.000000e+00 0.000000e+00 0.000000e+00
    outer loop
      vertex   3.750000e+00 1.700000e+01 -1.169756e+01
      vertex   3.750000e+00 1.714705e+01 -1.261238e+01
      vertex   3.750000e+00 1.775000e+01 -1.236262e+01
    endloop
  endfacet
  facet normal 1.000000e+00 0.000000e+00 0.000000e+00
    outer loop
      vertex   3.750000e+00 1.775000e+01 -1.236262e+01
      vertex   3.750000e+00 1.826777e+01 -1.196533e+01
      vertex   3.750000e+00 1.800000e+01 -1.169756e+01
    endloop
  endfacet
  facet normal 1.000000e+00 0.000000e+00 -0.000000e+00
    outer loop
      vertex   3.750000e+00 1.775000e+01 -1.236262e+01
      vertex   3.750000e+00 1.800000e+01 -1.169756e+01
      vertex   3.750000e+00 1.700000e+01 -1.169756e+01
    endloop
  endfacet
  facet normal 1.000000e+00 0.000000e+00 0.000000e+00
    outer loop
      vertex   3.750000e+00 1.700000e+01 -1.169756e+01
      vertex   3.750000e+00 1.800000e+01 -1.169756e+01
      vertex   3.750000e+00 1.800000e+01 -1.069756e+01
    endloop
  endfacet
  facet normal 1.000000e+00 0.000000e+00 0.000000e+00
    outer loop
      vertex   3.750000e+00 1.700000e+01 -1.169756e+01
      vertex   3.750000e+00 1.800000e+01 -1.069756e+01
      vertex   3.750000e+00 1.700000e+01 -1.069756e+01
    endloop
  endfacet
  facet normal 1.000000e+00 0.000000e+00 -0.000000e+00
    outer loop
      vertex   3.750000e+00 1.826777e+01 -1.196533e+01
      vertex   3.750000e+00 1.866506e+01 -1.144756e+01
      vertex   3.750000e+00 1.800000e+01 -1.169756e+01
    endloop
  endfacet
  facet normal 1.000000e+00 0.000000e+00 0.000000e+00
    outer loop
      vertex   3.750000e+00 1.800000e+01 -1.169756e+01
      vertex   3.750000e+00 1.866506e+01 -1.144756e+01
      vertex   3.750000e+00 1.891481e+01 -1.084461e+01
    endloop
  endfacet
  facet normal 1.000000e+00 0.000000e+00 0.000000e+00
    outer loop
      vertex   3.750000e+00 1.800000e+01 -1.169756e+01
      vertex   3.750000e+00 1.891481e+01 -1.084461e+01
      vertex   3.750000e+00 1.800000e+01 -1.069756e+01
    endloop
  endfacet
  facet normal 1.000000e+00 0.000000e+00 0.000000e+00
    outer loop
      vertex   3.750000e+00 1.900000e+01 -1.019756e+01
      vertex   3.750000e+00 1.891481e+01 -9.550513e+00
      vertex   3.750000e+00 1.800000e+01 -9.697561e+00
    endloop
  endfacet
  facet normal 1.000000e+00 0.000000e+00 0.000000e+00
    outer loop
      vertex   3.750000e+00 1.800000e+01 -9.697561e+00
      vertex   3.750000e+00 1.891481e+01 -9.550513e+00
      vertex   3.750000e+00 1.866506e+01 -8.947561e+00
    endloop
  endfacet
  facet normal 1.000000e+00 0.000000e+00 0.000000e+00
    outer loop
      vertex   3.750000e+00 1.800000e+01 -9.697561e+00
      vertex   3.750000e+00 1.866506e+01 -8.947561e+00
      vertex   3.750000e+00 1.826777e+01 -8.429794e+00
    endloop
  endfacet
  facet normal 1.000000e+00 0.000000e+00 0.000000e+00
    outer loop
      vertex   3.750000e+00 1.800000e+01 -9.697561e+00
      vertex   3.750000e+00 1.826777e+01 -8.429794e+00
      vertex   3.750000e+00 1.800000e+01 -8.697561e+00
    endloop
  endfacet
  facet normal 1.000000e+00 0.000000e+00 -0.000000e+00
    outer loop
      vertex   3.750000e+00 1.800000e+01 -8.697561e+00
      vertex   3.750000e+00 1.826777e+01 -8.429794e+00
      vertex   3.750000e+00 1.775000e+01 -8.032497e+00
    endloop
  endfacet
  facet normal 1.000000e+00 0.000000e+00 0.000000e+00
    outer loop
      vertex   3.750000e+00 1.775000e+01 -8.032497e+00
      vertex   3.750000e+00 1.714705e+01 -7.782746e+00
      vertex   3.750000e+00 1.700000e+01 -8.697561e+00
    endloop
  endfacet
  facet normal 1.000000e+00 0.000000e+00 0.000000e+00
    outer loop
      vertex   3.750000e+00 1.775000e+01 -8.032497e+00
      vertex   3.750000e+00 1.700000e+01 -8.697561e+00
      vertex   3.750000e+00 1.800000e+01 -8.697561e+00
    endloop
  endfacet
  facet normal 1.000000e+00 0.000000e+00 0.000000e+00
    outer loop
      vertex   3.750000e+00 1.800000e+01 -8.697561e+00
      vertex   3.750000e+00 1.700000e+01 -8.697561e+00
      vertex   3.750000e+00 1.700000e+01 -9.697561e+00
    endloop
  endfacet
  facet normal 1.000000e+00 0.000000e+00 0.000000e+00
    outer loop
      vertex   3.750000e+00 1.800000e+01 -8.697561e+00
      vertex   3.750000e+00 1.700000e+01 -9.697561e+00
      vertex   3.750000e+00 1.800000e+01 -9.697561e+00
    endloop
  endfacet
  facet normal 1.000000e+00 0.000000e+00 0.000000e+00
    outer loop
      vertex   3.750000e+00 1.714705e+01 -7.782746e+00
      vertex   3.750000e+00 1.650000e+01 -7.697561e+00
      vertex   3.750000e+00 1.700000e+01 -8.697561e+00
    endloop
  endfacet
  facet normal 1.000000e+00 0.000000e+00 0.000000e+00
    outer loop
      vertex   3.750000e+00 1.700000e+01 -8.697561e+00
      vertex   3.750000e+00 1.650000e+01 -7.697561e+00
      vertex   3.750000e+00 1.585295e+01 -7.782746e+00
    endloop
  endfacet
  facet normal 1.000000e+00 0.000000e+00 0.000000e+00
    outer loop
      vertex   3.750000e+00 1.700000e+01 -8.697561e+00
      vertex   3.750000e+00 1.585295e+01 -7.782746e+00
      vertex   3.750000e+00 1.600000e+01 -8.697561e+00
    endloop
  endfacet
  facet normal 1.000000e+00 0.000000e+00 0.000000e+00
    outer loop
      vertex   3.750000e+00 1.600000e+01 -8.697561e+00
      vertex   3.750000e+00 1.585295e+01 -7.782746e+00
      vertex   3.750000e+00 1.525000e+01 -8.032497e+00
    endloop
  endfacet
  facet normal 1.000000e+00 0.000000e+00 0.000000e+00
    outer loop
      vertex   3.750000e+00 1.525000e+01 -8.032497e+00
      vertex   3.750000e+00 1.473223e+01 -8.429794e+00
      vertex   3.750000e+00 1.500000e+01 -8.697561e+00
    endloop
  endfacet
  facet normal 1.000000e+00 0.000000e+00 0.000000e+00
    outer loop
      vertex   3.750000e+00 1.525000e+01 -8.032497e+00
      vertex   3.750000e+00 1.500000e+01 -8.697561e+00
      vertex   3.750000e+00 1.600000e+01 -8.697561e+00
    endloop
  endfacet
  facet normal 1.000000e+00 0.000000e+00 0.000000e+00
    outer loop
      vertex   3.750000e+00 1.600000e+01 -8.697561e+00
      vertex   3.750000e+00 1.500000e+01 -8.697561e+00
      vertex   3.750000e+00 1.500000e+01 -9.697561e+00
    endloop
  endfacet
  facet normal 1.000000e+00 0.000000e+00 0.000000e+00
    outer loop
      vertex   3.750000e+00 1.600000e+01 -8.697561e+00
      vertex   3.750000e+00 1.500000e+01 -9.697561e+00
      vertex   3.750000e+00 1.600000e+01 -9.697561e+00
    endloop
  endfacet
  facet normal 1.000000e+00 0.000000e+00 0.000000e+00
    outer loop
      vertex   3.750000e+00 1.473223e+01 -8.429794e+00
      vertex   3.750000e+00 1.433494e+01 -8.947561e+00
      vertex   3.750000e+00 1.500000e+01 -8.697561e+00
    endloop
  endfacet
  facet normal 1.000000e+00 0.000000e+00 0.000000e+00
    outer loop
      vertex   3.750000e+00 1.500000e+01 -8.697561e+00
      vertex   3.750000e+00 1.433494e+01 -8.947561e+00
      vertex   3.750000e+00 1.408519e+01 -9.550513e+00
    endloop
  endfacet
  facet normal 1.000000e+00 0.000000e+00 0.000000e+00
    outer loop
      vertex   3.750000e+00 1.500000e+01 -8.697561e+00
      vertex   3.750000e+00 1.408519e+01 -9.550513e+00
      vertex   3.750000e+00 1.500000e+01 -9.697561e+00
    endloop
  endfacet
  facet normal 1.000000e+00 0.000000e+00 0.000000e+00
    outer loop
      vertex   3.750000e+00 1.500000e+01 -9.697561e+00
      vertex   3.750000e+00 1.408519e+01 -9.550513e+00
      vertex   3.750000e+00 1.400000e+01 -1.019756e+01
    endloop
  endfacet
  facet normal 1.000000e+00 0.000000e+00 0.000000e+00
    outer loop
      vertex   3.750000e+00 1.600000e+01 -9.697561e+00
      vertex   3.750000e+00 1.700000e+01 -9.697561e+00
      vertex   3.750000e+00 1.700000e+01 -8.697561e+00
    endloop
  endfacet
  facet normal 1.000000e+00 0.000000e+00 0.000000e+00
    outer loop
      vertex   3.750000e+00 1.600000e+01 -9.697561e+00
      vertex   3.750000e+00 1.700000e+01 -8.697561e+00
      vertex   3.750000e+00 1.600000e+01 -8.697561e+00
    endloop
  endfacet
  facet normal 1.000000e+00 0.000000e+00 0.000000e+00
    outer loop
      vertex   3.750000e+00 1.700000e+01 -1.069756e+01
      vertex   3.750000e+00 1.600000e+01 -1.069756e+01
      vertex   3.750000e+00 1.600000e+01 -1.169756e+01
    endloop
  endfacet
  facet normal 1.000000e+00 0.000000e+00 0.000000e+00
    outer loop
      vertex   3.750000e+00 1.700000e+01 -1.069756e+01
      vertex   3.750000e+00 1.600000e+01 -1.169756e+01
      vertex   3.750000e+00 1.700000e+01 -1.169756e+01
    endloop
  endfacet
  facet normal 0.000000e+00 -8.660250e-01 -5.000007e-01
    outer loop
      vertex   1.875000e+00 1.253072e+01 -1.057256e+01
      vertex   1.875000e+00 1.294569e+01 -1.129131e+01
      vertex   2.850000e+00 1.294569e+01 -1.129131e+01
    endloop
  endfacet
  facet normal 0.000000e+00 -8.660250e-01 -5.000007e-01
    outer loop
      vertex   1.875000e+00 1.253072e+01 -1.057256e+01
      vertex   2.850000e+00 1.294569e+01 -1.129131e+01
      vertex   2.850000e+00 1.253072e+01 -1.057256e+01
    endloop
  endfacet
  facet normal 0.000000e+00 -8.660250e-01 -5.000007e-01
    outer loop
      vertex   2.850000e+00 1.253072e+01 -1.057256e+01
      vertex   2.850000e+00 1.294569e+01 -1.129131e+01
      vertex   3.825000e+00 1.294569e+01 -1.129131e+01
    endloop
  endfacet
  facet normal 0.000000e+00 -8.660250e-01 -5.000007e-01
    outer loop
      vertex   2.850000e+00 1.253072e+01 -1.057256e+01
      vertex   3.825000e+00 1.294569e+01 -1.129131e+01
      vertex   3.825000e+00 1.253072e+01 -1.057256e+01
    endloop
  endfacet
  facet normal 0.000000e+00 -8.660250e-01 -5.000007e-01
    outer loop
      vertex   3.825000e+00 1.253072e+01 -1.057256e+01
      vertex   3.825000e+00 1.294569e+01 -1.129131e+01
      vertex   4.800000e+00 1.294569e+01 -1.129131e+01
    endloop
  endfacet
  facet normal 0.000000e+00 -8.660250e-01 -5.000007e-01
    outer loop
      vertex   3.825000e+00 1.253072e+01 -1.057256e+01
      vertex   4.800000e+00 1.294569e+01 -1.129131e+01
      vertex   4.800000e+00 1.253072e+01 -1.057256e+01
    endloop
  endfacet
  facet normal 0.000000e+00 -8.660250e-01 -5.000007e-01
    outer loop
      vertex   4.800000e+00 1.253072e+01 -1.057256e+01
      vertex   4.800000e+00 1.294569e+01 -1.129131e+01
      vertex   5.775000e+00 1.294569e+01 -1.129131e+01
    endloop
  endfacet
  facet normal 0.000000e+00 -8.660250e-01 -5.000007e-01
    outer loop
      vertex   4.800000e+00 1.253072e+01 -1.057256e+01
      vertex   5.775000e+00 1.294569e+01 -1.129131e+01
      vertex   5.775000e+00 1.253072e+01 -1.057256e+01
    endloop
  endfacet
  facet normal 0.000000e+00 -8.660250e-01 -5.000007e-01
    outer loop
      vertex   5.775000e+00 1.253072e+01 -1.057256e+01
      vertex   5.775000e+00 1.294569e+01 -1.129131e+01
      vertex   6.750000e+00 1.294569e+01 -1.129131e+01
    endloop
  endfacet
  facet normal 0.000000e+00 -8.660250e-01 -5.000007e-01
    outer loop
      vertex   5.775000e+00 1.253072e+01 -1.057256e+01
      vertex   6.750000e+00 1.294569e+01 -1.129131e+01
      vertex   6.750000e+00 1.253072e+01 -1.057256e+01
    endloop
  endfacet
  facet normal 0.000000e+00 -8.660256e-01 -4.999996e-01
    outer loop
      vertex   1.875000e+00 1.294569e+01 -1.129131e+01
      vertex   1.875000e+00 1.336066e+01 -1.201006e+01
      vertex   2.850000e+00 1.336066e+01 -1.201006e+01
    endloop
  endfacet
  facet normal 0.000000e+00 -8.660256e-01 -4.999996e-01
    outer loop
      vertex   1.875000e+00 1.294569e+01 -1.129131e+01
      vertex   2.850000e+00 1.336066e+01 -1.201006e+01
      vertex   2.850000e+00 1.294569e+01 -1.129131e+01
    endloop
  endfacet
  facet normal 0.000000e+00 -8.660256e-01 -4.999996e-01
    outer loop
      vertex   2.850000e+00 1.294569e+01 -1.129131e+01
      vertex   2.850000e+00 1.336066e+01 -1.201006e+01
      vertex   3.825000e+00 1.336066e+01 -1.201006e+01
    endloop
  endfacet
  facet normal 0.000000e+00 -8.660256e-01 -4.999996e-01
    outer loop
      vertex   2.850000e+00 1.294569e+01 -1.129131e+01
      vertex   3.825000e+00 1.336066e+01 -1.201006e+01
      vertex   3.825000e+00 1.294569e+01 -1.129131e+01
    endloop
  endfacet
  facet normal 0.000000e+00 -8.660256e-01 -4.999996e-01
    outer loop
      vertex   3.825000e+00 1.294569e+01 -1.129131e+01
      vertex   3.825000e+00 1.336066e+01 -1.201006e+01
      vertex   4.800000e+00 1.336066e+01 -1.201006e+01
    endloop
  endfacet
  facet normal 0.000000e+00 -8.660256e-01 -4.999996e-01
    outer loop
      vertex   3.825000e+00 1.294569e+01 -1.129131e+01
      vertex   4.800000e+00 1.336066e+01 -1.201006e+01
      vertex   4.800000e+00 1.294569e+01 -1.129131e+01
    endloop
  endfacet
  facet normal 0.000000e+00 -8.660256e-01 -4.999996e-01
    outer loop
      vertex   4.800000e+00 1.294569e+01 -1.129131e+01
      vertex   4.800000e+00 1.336066e+01 -1.201006e+01
      vertex   5.775000e+00 1.336066e+01 -1.201006e+01
    endloop
  endfacet
  facet normal 0.000000e+00 -8.660256e-01 -4.999996e-01
    outer loop
      vertex   4.800000e+00 1.294569e+01 -1.129131e+01
      vertex   5.775000e+00 1.336066e+01 -1.201006e+01
      vertex   5.775000e+00 1.294569e+01 -1.129131e+01
    endloop
  endfacet
  facet normal 0.000000e+00 -8.660256e-01 -4.999996e-01
    outer loop
      vertex   5.775000e+00 1.294569e+01 -1.129131e+01
      vertex   5.775000e+00 1.336066e+01 -1.201006e+01
      vertex   6.750000e+00 1.336066e+01 -1.201006e+01
    endloop
  endfacet
  facet normal 0.000000e+00 -8.660256e-01 -4.999996e-01
    outer loop
      vertex   5.775000e+00 1.294569e+01 -1.129131e+01
      vertex   6.750000e+00 1.336066e+01 -1.201006e+01
      vertex   6.750000e+00 1.294569e+01 -1.129131e+01
    endloop
  endfacet
  facet normal 0.000000e+00 -8.660250e-01 -5.000007e-01
    outer loop
      vertex   1.875000e+00 1.336066e+01 -1.201006e+01
      vertex   1.875000e+00 1.377563e+01 -1.272881e+01
      vertex   2.850000e+00 1.377563e+01 -1.272881e+01
    endloop
  endfacet
  facet normal 0.000000e+00 -8.660250e-01 -5.000007e-01
    outer loop
      vertex   1.875000e+00 1.336066e+01 -1.201006e+01
      vertex   2.850000e+00 1.377563e+01 -1.272881e+01
      vertex   2.850000e+00 1.336066e+01 -1.201006e+01
    endloop
  endfacet
  facet normal 0.000000e+00 -8.660250e-01 -5.000007e-01
    outer loop
      vertex   2.850000e+00 1.336066e+01 -1.201006e+01
      vertex   2.850000e+00 1.377563e+01 -1.272881e+01
      vertex   3.825000e+00 1.377563e+01 -1.272881e+01
    endloop
  endfacet
  facet normal 0.000000e+00 -8.660250e-01 -5.000007e-01
    outer loop
      vertex   2.850000e+00 1.336066e+01 -1.201006e+01
      vertex   3.825000e+00 1.377563e+01 -1.272881e+01
      vertex   3.825000e+00 1.336066e+01 -1.201006e+01
    endloop
  endfacet
  facet normal 0.000000e+00 -8.660250e-01 -5.000007e-01
    outer loop
      vertex   3.825000e+00 1.336066e+01 -1.201006e+01
      vertex   3.825000e+00 1.377563e+01 -1.272881e+01
      vertex   4.800000e+00 1.377563e+01 -1.272881e+01
    endloop
  endfacet
  facet normal 0.000000e+00 -8.660250e-01 -5.000007e-01
    outer loop
      vertex   3.825000e+00 1.336066e+01 -1.201006e+01
      vertex   4.800000e+00 1.377563e+01 -1.272881e+01
      vertex   4.800000e+00 1.336066e+01 -1.201006e+01
    endloop
  endfacet
  facet normal 0.000000e+00 -8.660250e-01 -5.000007e-01
    outer loop
      vertex   4.800000e+00 1.336066e+01 -1.201006e+01
      vertex   4.800000e+00 1.377563e+01 -1.272881e+01
      vertex   5.775000e+00 1.377563e+01 -1.272881e+01
    endloop
  endfacet
  facet normal 0.000000e+00 -8.660250e-01 -5.000007e-01
    outer loop
      vertex   4.800000e+00 1.336066e+01 -1.201006e+01
      vertex   5.775000e+00 1.377563e+01 -1.272881e+01
      vertex   5.775000e+00 1.336066e+01 -1.201006e+01
    endloop
  endfacet
  facet normal 0.000000e+00 -8.660250e-01 -5.000007e-01
    outer loop
      vertex   5.775000e+00 1.336066e+01 -1.201006e+01
      vertex   5.775000e+00 1.377563e+01 -1.272881e+01
      vertex   6.750000e+00 1.377563e+01 -1.272881e+01
    endloop
  endfacet
  facet normal 0.000000e+00 -8.660250e-01 -5.000007e-01
    outer loop
      vertex   5.775000e+00 1.336066e+01 -1.201006e+01
      vertex   6.750000e+00 1.377563e+01 -1.272881e+01
      vertex   6.750000e+00 1.336066e+01 -1.201006e+01
    endloop
  endfacet
  facet normal 0.000000e+00 -8.660260e-01 -4.999990e-01
    outer loop
      vertex   1.875000e+00 1.377563e+01 -1.272881e+01
      vertex   1.875000e+00 1.419060e+01 -1.344756e+01
      vertex   2.850000e+00 1.419060e+01 -1.344756e+01
    endloop
  endfacet
  facet normal 0.000000e+00 -8.660260e-01 -4.999990e-01
    outer loop
      vertex   1.875000e+00 1.377563e+01 -1.272881e+01
      vertex   2.850000e+00 1.419060e+01 -1.344756e+01
      vertex   2.850000e+00 1.377563e+01 -1.272881e+01
    endloop
  endfacet
  facet normal 0.000000e+00 -8.660260e-01 -4.999990e-01
    outer loop
      vertex   2.850000e+00 1.377563e+01 -1.272881e+01
      vertex   2.850000e+00 1.419060e+01 -1.344756e+01
      vertex   3.825000e+00 1.419060e+01 -1.344756e+01
    endloop
  endfacet
  facet normal 0.000000e+00 -8.660260e-01 -4.999990e-01
    outer loop
      vertex   2.850000e+00 1.377563e+01 -1.272881e+01
      vertex   3.825000e+00 1.419060e+01 -1.344756e+01
      vertex   3.825000e+00 1.377563e+01 -1.272881e+01
    endloop
  endfacet
  facet normal 0.000000e+00 -8.660260e-01 -4.999990e-01
    outer loop
      vertex   3.825000e+00 1.377563e+01 -1.272881e+01
      vertex   3.825000e+00 1.419060e+01 -1.344756e+01
      vertex   4.800000e+00 1.419060e+01 -1.344756e+01
    endloop
  endfacet
  facet normal 0.000000e+00 -8.660260e-01 -4.999990e-01
    outer loop
      vertex   3.825000e+00 1.377563e+01 -1.272881e+01
      vertex   4.800000e+00 1.419060e+01 -1.344756e+01
      vertex   4.800000e+00 1.377563e+01 -1.272881e+01
    endloop
  endfacet
  facet normal 0.000000e+00 -8.660260e-01 -4.999990e-01
    outer loop
      vertex   4.800000e+00 1.377563e+01 -1.272881e+01
      vertex   4.800000e+00 1.419060e+01 -1.344756e+01
      vertex   5.775000e+00 1.419060e+01 -1.344756e+01
    endloop
  endfacet
  facet normal 0.000000e+00 -8.660260e-01 -4.999990e-01
    outer loop
      vertex   4.800000e+00 1.377563e+01 -1.272881e+01
      vertex   5.775000e+00 1.419060e+01 -1.344756e+01
      vertex   5.775000e+00 1.377563e+01 -1.272881e+01
    endloop
  endfacet
  facet normal 0.000000e+00 -8.660260e-01 -4.999990e-01
    outer loop
      vertex   5.775000e+00 1.377563e+01 -1.272881e+01
      vertex   5.775000e+00 1.419060e+01 -1.344756e+01
      vertex   6.750000e+00 1.419060e+01 -1.344756e+01
    endloop
  endfacet
  facet normal 0.000000e+00 -8.660260e-01 -4.999990e-01
    outer loop
      vertex   5.775000e+00 1.377563e+01 -1.272881e+01
      vertex   6.750000e+00 1.419060e+01 -1.344756e+01
      vertex   6.750000e+00 1.377563e+01 -1.272881e+01
    endloop
  endfacet
endsolid
